<?xml version="1.0"?>
<COLLADA xmlns="http://www.collada.org/2005/11/COLLADASchema" version="1.4.1">
	<asset>
		<contributor>
			<author>Assimp</author>
			<authoring_tool>Assimp Exporter</authoring_tool>
		</contributor>
		<created>2026-03-09T13:27:23</created>
		<modified>2026-03-09T13:27:23</modified>
		<unit name="meter" meter="0.010000" />
		<up_axis>Y_UP</up_axis>
	</asset>
	<library_effects>
		<effect id="Liquido-fx" name="Liquido">
			<profile_COMMON>
				<technique sid="standard">
					<phong>
						<diffuse>
							<color sid="diffuse">0.800000   0.800000   0.800000   1.000000</color>
						</diffuse>
					</phong>
				</technique>
			</profile_COMMON>
		</effect>
		<effect id="Frasco-fx" name="Frasco">
			<profile_COMMON>
				<technique sid="standard">
					<phong>
						<diffuse>
							<color sid="diffuse">0.800000   0.800000   0.800000   1.000000</color>
						</diffuse>
					</phong>
				</technique>
			</profile_COMMON>
		</effect>
		<effect id="Tapa-fx" name="Tapa">
			<profile_COMMON>
				<technique sid="standard">
					<phong>
						<diffuse>
							<color sid="diffuse">0.800000   0.800000   0.800000   1.000000</color>
						</diffuse>
					</phong>
				</technique>
			</profile_COMMON>
		</effect>
	</library_effects>
	<library_materials>
		<material id="Liquido" name="Liquido">
			<instance_effect url="#Liquido-fx"/>
		</material>
		<material id="Frasco" name="Frasco">
			<instance_effect url="#Frasco-fx"/>
		</material>
		<material id="Tapa" name="Tapa">
			<instance_effect url="#Tapa-fx"/>
		</material>
	</library_materials>
	<library_geometries>
		<geometry id="meshId0" name="meshId0_name" >
			<mesh>
				<source id="meshId0-positions" name="meshId0-positions">
					<float_array id="meshId0-positions-array" count="3411"> 
						-0.981390 1.163210 1.163210 -1.376167 1.162257 1.162258 -1.376167 0.631809 1.503502 -0.981390 0.632326 1.504734 -1.638928 1.156105 1.156105 -1.638928 0.628464 1.495543 -1.638928 0.000000 1.613170 -1.376167 0.000000 1.621754 -0.981390 0.000000 1.623084 2.081622 0.939839 -0.000000 2.081622 0.871309 -0.366146 2.034488 0.936457 -0.393523 2.034488 1.010111 -0.000000 2.081622 0.673552 -0.673551 2.034488 0.723913 -0.723913 1.987716 0.789330 -0.789329 1.987716 1.021080 -0.429083 1.987716 1.101390 -0.000000 -1.925285 0.000000 1.449467 -1.925285 -0.564688 1.343777 -1.913070 -0.589852 1.403659 -1.913070 0.000000 1.514059 -1.925285 -1.038785 1.038785 -1.913070 -1.085075 1.085076 -1.873271 -1.119813 1.119813 -1.873272 -0.608735 1.448595 -1.873272 0.000000 1.562530 -1.873271 1.119813 1.119813 -1.873272 0.608736 1.448595 -1.792918 0.621229 1.478325 -1.792918 1.142795 1.142795 -1.873272 0.000000 1.562530 -1.792918 0.000000 1.594598 -1.804551 -1.023338 0.000000 -1.805191 -0.951641 0.403700 -1.761865 -0.795690 0.349940 -1.760104 -0.848755 0.000000 -1.805830 -0.739936 0.739936 -1.764012 -0.631210 0.631210 -1.737273 -0.528569 0.528569 -1.728369 -0.591490 0.312946 -1.724370 -0.620343 -0.000000 -1.873271 -1.119813 1.119813 -1.792918 -1.142795 1.142795 -1.792918 -0.621228 1.478325 -1.873272 -0.608735 1.448595 -1.638928 -1.156105 1.156105 -1.638928 -0.628464 1.495543 -1.376167 -0.631808 1.503502 -1.376167 -1.162258 1.162258 -0.981390 -1.163210 1.163210 -0.981390 -0.632326 1.504734 -1.805830 0.739936 0.739936 -1.805191 0.951641 0.403700 -1.761865 0.795690 0.349940 -1.764012 0.631210 0.631210 -1.804551 1.023338 -0.000000 -1.760104 0.848755 -0.000000 -1.724370 0.620342 0.000000 -1.728369 0.591491 0.312946 -1.737273 0.528569 0.528569 0.149923 0.000000 1.601549 -0.451249 0.000000 1.618123 -0.451249 -0.630394 1.500135 
						0.149923 -0.623937 1.484769 -0.451249 -1.159655 1.159655 0.149923 -1.147776 1.147777 -1.638928 -1.156105 -1.156105 -1.376167 -1.162258 -1.162257 -1.376167 -1.503502 -0.631808 -1.638928 -1.495544 -0.628464 -0.981390 -1.163210 -1.163210 -0.981390 -1.504734 -0.632326 -0.981390 -1.623084 0.000000 -1.376167 -1.621755 0.000000 -1.638928 -1.613170 -0.000000 2.484383 0.897584 -0.000000 2.484383 0.832135 -0.349684 2.440041 0.843534 -0.354474 2.440041 0.909879 -0.000000 2.484383 0.643269 -0.643269 2.440041 0.652080 -0.652080 2.396007 0.654753 -0.654753 2.396007 0.846992 -0.355927 2.396007 0.913609 -0.000000 -1.728369 -0.591491 -0.312946 -1.761865 -0.795690 -0.349940 -1.737273 -0.528569 -0.528569 -1.764012 -0.631210 -0.631210 -1.805830 -0.739936 -0.739936 -1.805191 -0.951641 -0.403700 0.149923 1.601549 -0.000000 0.149923 1.484769 -0.623937 -0.451249 1.500135 -0.630394 -0.451249 1.618123 0.000000 0.149923 1.147777 -1.147777 -0.451249 1.159655 -1.159655 -0.981390 1.163210 -1.163210 -0.981390 1.504734 -0.632326 -0.981390 1.623084 0.000000 3.389495 0.285184 0.000000 3.391093 0.265465 0.112952 3.276599 0.204452 0.090480 3.272184 0.217443 0.000000 3.392692 0.206790 0.206790 3.281999 0.163093 0.163093 3.213304 0.129243 0.129242 3.190737 0.141650 0.075355 3.180676 0.147352 0.000000 -1.873272 -1.448595 0.608735 -1.792918 -1.478325 0.621229 -1.873272 -1.562530 0.000000 -1.792918 -1.594598 0.000000 -1.638928 -1.495543 0.628464 -1.792918 -1.478325 -0.621229 -1.873272 -1.448596 -0.608735 -1.873272 -1.119813 -1.119813 -1.792918 -1.142796 -1.142795 -1.925285 -1.343777 0.564688 -1.913070 -1.403659 0.589852 -1.925285 -1.449467 0.000000 -1.913070 -1.514059 0.000000 -1.873272 -1.562530 0.000000 -1.873272 -1.448595 0.608735 3.518898 0.350545 0.000000 3.519366 0.325271 0.137059 3.643009 0.410016 0.000000 3.643123 0.380183 0.159845 
						3.643236 0.293988 0.293988 3.519835 0.251865 0.251865 -1.724370 0.000000 -0.620343 -1.728369 -0.312946 -0.591491 -1.708826 -0.318531 -0.318531 -1.702517 0.000000 -0.328368 -1.702517 -0.328368 0.000000 -1.695308 0.000000 0.000000 -1.708826 -0.318531 0.318531 -1.728369 -0.312946 0.591491 -1.724370 0.000000 0.620343 -1.702517 0.000000 0.328368 3.730278 -0.788058 -0.000000 3.643834 -0.808733 0.000000 3.643834 -0.749762 -0.315069 3.730278 -0.730595 -0.307014 3.559828 -0.831987 -0.000000 3.559828 -0.771321 -0.324128 3.559828 -0.596257 -0.596257 3.643834 -0.579592 -0.579592 3.730278 -0.564775 -0.564775 1.812564 1.319445 -0.000000 1.812564 1.223235 -0.514034 1.596073 1.319283 -0.554395 1.596072 1.423046 -0.000000 1.812564 0.945602 -0.945602 1.596072 1.019850 -1.019850 1.243459 1.080816 -1.080816 1.243459 1.398149 -0.587536 1.243460 1.508115 0.000000 -1.708826 0.318531 0.318531 -1.728370 0.312946 0.591491 -1.702517 0.328368 0.000000 -1.728369 0.591490 -0.312946 -1.708826 0.318531 -0.318531 -1.737273 0.528569 -0.528569 -1.728369 0.312947 -0.591491 -0.451249 0.630394 -1.500135 -0.981390 0.632326 -1.504734 0.149923 0.623936 -1.484770 0.149923 -0.000000 -1.601549 -0.451249 -0.000000 -1.618123 -0.981390 -0.000000 -1.623084 3.826586 -0.361161 -0.361160 3.826586 -0.467199 -0.196328 3.883616 -0.504048 -0.211813 3.883616 -0.389646 -0.389646 3.826586 -0.503945 0.000000 3.883616 -0.543692 0.000000 3.920534 -0.583255 -0.000000 3.920535 -0.540727 -0.227227 3.920534 -0.418000 -0.418000 0.741262 -0.610373 1.452492 0.741262 0.000000 1.566733 0.741262 -1.122825 1.122825 1.243459 -1.080816 1.080816 1.243460 -0.587536 1.398148 1.243459 0.000000 1.508115 1.812564 -0.000000 -1.319445 1.812564 -0.514034 -1.223235 1.596073 -0.554395 -1.319283 1.596072 -0.000000 -1.423046 1.812564 -0.945602 -0.945602 1.596072 -1.019850 -1.019850 
						1.243460 -1.080816 -1.080816 1.243459 -0.587536 -1.398148 1.243460 -0.000000 -1.508115 1.243459 0.587537 -1.398149 0.741262 0.610373 -1.452492 0.741262 1.122825 -1.122825 0.741262 -0.000000 -1.566733 0.741262 -1.122825 -1.122825 0.741262 -0.610373 -1.452492 0.149923 -1.147777 -1.147777 0.149923 -0.623937 -1.484769 -0.451249 -0.630394 -1.500135 -0.451249 -1.159655 -1.159655 -0.981390 -0.632326 -1.504734 3.826586 0.503945 0.000000 3.883616 0.543692 0.000000 3.883616 0.504048 0.211813 3.826586 0.467199 0.196328 3.920534 0.583255 0.000000 3.920534 0.540726 0.227227 3.920534 0.418000 0.418000 3.883616 0.389646 0.389646 3.826586 0.361161 0.361160 3.559828 0.000000 -0.831987 3.559828 -0.324128 -0.771321 3.484916 -0.334803 -0.796723 3.484917 0.000000 -0.859387 3.484917 -0.615894 -0.615894 3.418276 -0.634799 -0.634799 3.418276 -0.345079 -0.821179 3.418275 0.000000 -0.885766 3.643834 -0.315068 -0.749762 3.730278 -0.307014 -0.730595 3.643834 0.000000 -0.808732 3.730278 0.000000 -0.788058 3.940111 0.667276 -0.000000 3.919299 0.706715 -0.000000 3.919298 0.655184 0.275324 3.940111 0.618621 0.259960 3.875972 0.740423 -0.000000 3.875972 0.686434 0.288456 3.875972 0.530637 0.530637 3.919299 0.506479 0.506479 3.940111 0.478215 0.478215 3.559828 0.596257 -0.596257 3.643834 0.579591 -0.579592 3.643834 0.315068 -0.749762 3.559828 0.324128 -0.771321 3.730278 0.564775 -0.564775 3.730278 0.307014 -0.730595 -0.451249 0.630394 1.500135 0.149923 0.623937 1.484769 0.149923 1.147776 1.147777 -0.451249 1.159655 1.159655 3.875972 0.530637 -0.530637 3.875972 0.288456 -0.686434 3.810583 0.298649 -0.710689 3.810582 0.549386 -0.549387 3.875972 0.000000 -0.740423 3.810582 0.000000 -0.766586 3.810583 -0.298649 -0.710689 3.875972 -0.288456 -0.686434 3.875972 -0.530637 -0.530636 3.810583 -0.549387 -0.549387 
						3.940111 0.478215 -0.478215 3.940111 0.259960 -0.618621 3.919298 0.275324 -0.655183 3.919298 0.506479 -0.506479 3.940111 0.000000 -0.667276 3.919299 0.000000 -0.706715 -0.981390 1.163210 1.163210 -0.451249 1.159655 1.159655 -0.451249 1.500135 0.630394 -0.981390 1.504734 0.632326 0.149923 1.147776 1.147777 0.149923 1.484769 0.623937 3.730278 0.788058 -0.000000 3.643834 0.808732 -0.000000 3.643834 0.749762 0.315069 3.730278 0.730595 0.307014 3.559828 0.831987 -0.000000 3.559827 0.771321 0.324128 3.559827 0.596257 0.596257 3.643834 0.579592 0.579592 3.730278 0.564775 0.564775 1.243460 1.080816 1.080816 1.243460 1.398148 0.587537 0.741262 1.452492 0.610373 0.741262 1.122825 1.122825 0.741262 1.566732 -0.000000 0.741262 1.452492 -0.610373 1.987716 0.789330 0.789329 1.987716 1.021080 0.429083 1.927720 1.120088 0.470688 1.927720 0.865865 0.865865 1.927720 1.208184 -0.000000 1.812564 1.223235 0.514034 1.812564 0.945602 0.945602 2.081622 -0.673551 0.673551 2.081622 -0.366146 0.871309 2.034488 -0.393523 0.936458 2.034488 -0.723913 0.723913 2.081622 -0.000000 0.939839 2.034488 -0.000000 1.010111 1.987716 0.000000 1.101390 1.987716 -0.429083 1.021080 1.987716 -0.789329 0.789330 1.927720 1.120087 -0.470688 1.927720 0.865865 -0.865865 3.389495 0.000000 0.285184 3.391093 -0.112952 0.265464 3.276599 -0.090481 0.204452 3.272184 0.000000 0.217443 3.392692 -0.206790 0.206790 3.281999 -0.163093 0.163093 3.213304 -0.129242 0.129242 3.190737 -0.075355 0.141650 3.180676 0.000000 0.147351 0.741262 0.610373 1.452492 0.741262 1.122825 1.122825 1.243460 0.587536 1.398148 1.243460 1.080816 1.080816 -1.376167 -1.503501 0.631809 -0.981390 -1.504734 0.632326 1.987716 -0.789330 -0.789329 1.987716 -1.021080 -0.429083 1.927720 -1.120088 -0.470688 1.927720 -0.865866 -0.865865 
						1.987716 -1.101390 0.000000 1.927720 -1.208184 0.000000 1.812564 -1.319445 0.000000 1.812564 -1.223236 -0.514034 2.081622 0.366146 -0.871309 2.034488 0.393523 -0.936458 2.081622 0.000000 -0.939839 2.034488 0.000000 -1.010111 1.987716 -0.000000 -1.101390 1.987716 0.429083 -1.021080 1.987716 -1.021080 0.429083 1.927720 -1.120088 0.470688 1.927720 -0.865865 0.865865 1.812564 -0.945602 0.945602 1.812564 -1.223235 0.514034 1.243460 -1.398148 0.587537 1.596073 -1.319283 0.554395 1.596073 -1.019850 1.019850 1.243459 -1.508115 0.000000 1.596073 -1.423047 0.000000 1.596073 -1.319283 -0.554395 1.243460 -1.398149 -0.587537 0.149923 -1.484769 0.623937 0.741262 -1.452492 0.610373 0.149923 -1.601549 0.000000 0.741262 -1.566733 0.000000 -1.925285 1.038785 1.038785 -1.925285 0.564688 1.343777 -1.913070 0.589852 1.403659 -1.913070 1.085076 1.085076 -1.873272 0.608736 1.448595 -1.873271 1.119813 1.119813 1.927720 -0.470689 1.120087 1.927720 0.000000 1.208184 1.812564 0.000000 1.319445 1.812564 -0.514034 1.223235 1.987716 0.429083 1.021080 1.927720 0.470688 1.120087 1.987716 0.789330 0.789329 1.927720 0.865865 0.865865 1.812564 0.945602 0.945602 1.812564 0.514034 1.223235 3.826586 -0.361160 0.361160 3.826586 -0.196328 0.467199 3.883616 -0.211813 0.504048 3.883616 -0.389646 0.389646 3.826586 0.000000 0.503945 3.883616 0.000000 0.543692 3.920534 0.000000 0.583255 3.920535 -0.227226 0.540726 3.920534 -0.418000 0.418000 2.081622 0.366146 0.871309 2.034488 0.393523 0.936457 2.081622 0.673551 0.673551 2.034488 0.723913 0.723913 2.189488 0.000000 -0.872505 2.133932 0.000000 -0.893897 2.133932 0.348248 -0.828717 2.189488 0.339913 -0.808884 2.133932 0.640626 -0.640626 2.189488 0.625295 -0.625295 1.596073 0.554395 1.319283 1.596073 1.019850 1.019850 1.596073 0.000000 1.423046 
						1.596073 -0.554395 1.319282 1.927720 0.470689 -1.120088 1.927720 -0.000000 -1.208184 1.812564 0.514034 -1.223235 3.730278 0.000000 0.788058 3.643834 0.000000 0.808732 3.643834 -0.315069 0.749762 3.730278 -0.307014 0.730595 3.559828 0.000000 0.831987 3.559827 -0.324128 0.771321 3.559828 -0.596257 0.596257 3.643834 -0.579592 0.579592 3.730278 -0.564775 0.564775 1.987716 -0.429083 -1.021080 1.927720 -0.470689 -1.120087 2.081622 -0.366146 -0.871309 2.034488 -0.393523 -0.936457 2.081622 -0.673552 -0.673551 2.034488 -0.723913 -0.723913 -1.376167 -0.000000 -1.621755 -1.376167 0.631809 -1.503502 -1.638928 -0.000000 -1.613170 -1.638928 0.628464 -1.495543 -1.638928 1.156105 -1.156105 -1.376167 1.162257 -1.162258 3.389495 -0.285184 0.000000 3.391093 -0.265465 -0.112952 3.276599 -0.204452 -0.090480 3.272184 -0.217443 -0.000000 3.392692 -0.206790 -0.206790 3.281999 -0.163093 -0.163093 3.213304 -0.129243 -0.129242 3.190737 -0.141650 -0.075355 3.180676 -0.147352 -0.000000 0.149923 -1.484770 -0.623937 0.741262 -1.452492 -0.610373 3.643009 -0.410016 -0.000000 3.518898 -0.350545 0.000000 3.519366 -0.325271 0.137059 3.643123 -0.380183 0.159845 3.391093 -0.265465 0.112952 3.519835 -0.251865 0.251865 3.643236 -0.293988 0.293988 3.213304 0.129242 -0.129242 3.190737 0.141650 -0.075355 3.141252 0.073229 -0.073229 3.190737 0.075355 -0.141650 3.125393 0.074474 0.000000 3.107282 0.000000 0.000000 3.125393 0.000000 -0.074474 3.180676 0.000000 -0.147351 3.141252 0.073229 0.073229 3.190737 0.075355 0.141650 3.125393 0.000000 0.074474 3.276598 0.090481 0.204452 3.391093 0.112952 0.265464 3.190737 -0.141650 0.075355 3.141252 -0.073229 0.073229 3.125393 -0.074474 0.000000 3.141252 -0.073229 -0.073229 3.190737 -0.075355 -0.141650 3.559828 -0.771321 0.324128 3.484916 -0.796723 0.334803 3.484918 -0.859387 -0.000000 
						3.484917 -0.615894 0.615894 3.418275 -0.634799 0.634799 3.418276 -0.821178 0.345080 3.418276 -0.885766 -0.000000 3.276598 -0.204452 0.090480 3.643834 -0.749762 0.315069 3.730278 -0.730595 0.307014 3.643009 0.000000 -0.410016 3.746582 0.000000 -0.460488 3.746596 0.179412 -0.426919 3.643123 0.159845 -0.380183 3.826586 0.000000 -0.503945 3.826586 0.196328 -0.467199 3.826586 0.361160 -0.361160 3.746610 0.330034 -0.330035 3.643236 0.293988 -0.293988 3.940111 -0.259960 -0.618621 3.919299 -0.275324 -0.655184 3.940111 -0.478215 -0.478215 3.919298 -0.506479 -0.506479 3.391093 -0.112952 -0.265464 3.276598 -0.090481 -0.204452 3.389495 0.000000 -0.285184 3.272184 0.000000 -0.217443 3.875973 -0.686434 -0.288456 3.810583 -0.710689 -0.298649 3.875972 -0.740423 0.000000 3.810582 -0.766586 -0.000000 -1.804551 0.000000 1.023338 -1.805191 0.403700 0.951641 -1.761865 0.349940 0.795689 -1.760104 0.000000 0.848755 3.810583 -0.710689 0.298649 3.875972 -0.686434 0.288456 3.875972 -0.530636 0.530636 3.810582 -0.549387 0.549387 3.940111 -0.618621 -0.259960 3.919299 -0.655183 -0.275324 3.940111 -0.667276 0.000000 3.919298 -0.706715 0.000000 3.730278 0.564775 0.564775 3.643834 0.579592 0.579592 3.643834 0.315069 0.749762 3.730278 0.307014 0.730595 3.559827 0.596257 0.596257 3.559827 0.324128 0.771321 3.875972 -0.288456 0.686434 3.810583 -0.298649 0.710689 3.875972 0.000000 0.740423 3.810582 0.000000 0.766586 3.484917 0.334803 0.796723 3.484917 0.000000 0.859387 3.484917 0.615894 0.615894 3.418276 0.634799 0.634799 3.418276 0.345080 0.821179 3.418275 -0.000000 0.885766 3.810583 0.298649 0.710689 3.875972 0.288457 0.686434 3.875972 0.530637 0.530637 3.810582 0.549387 0.549386 3.940111 -0.478215 0.478215 3.940111 -0.259960 0.618621 3.919298 -0.275324 0.655183 3.919298 -0.506479 0.506479 
						3.940111 0.000000 0.667276 3.919299 0.000000 0.706715 3.174982 0.878966 0.000000 3.174982 0.814875 -0.342431 3.115588 0.797229 -0.335015 3.115588 0.859932 0.000000 3.174981 0.629926 -0.629926 3.115588 0.616285 -0.616285 3.060194 0.609991 -0.609991 3.060194 0.789087 -0.331594 3.060194 0.851150 0.000000 3.940111 0.618621 -0.259960 3.919299 0.655184 -0.275324 3.875972 0.686434 -0.288456 3.810583 0.710689 0.298649 3.810582 0.549387 0.549386 3.810582 0.766586 -0.000000 3.883616 0.211813 -0.504048 3.883616 0.389646 -0.389646 3.883616 0.000000 -0.543692 3.920534 0.000000 -0.583255 3.920535 0.227226 -0.540726 3.920534 0.418000 -0.418000 3.810583 0.710689 -0.298649 3.730278 0.730595 -0.307014 2.484383 0.349684 -0.832136 2.440042 0.354474 -0.843534 2.484383 0.000000 -0.897584 2.440042 0.000000 -0.909879 2.396007 0.000000 -0.913609 2.396007 0.355927 -0.846992 2.081622 0.673551 0.673551 2.133931 0.640626 0.640626 2.133932 0.828717 0.348247 2.081622 0.871309 0.366146 2.189488 0.625295 0.625295 2.189488 0.808884 0.339913 2.189488 0.872504 -0.000000 2.133932 0.893897 0.000000 2.081622 -0.939839 -0.000000 2.133932 -0.893897 -0.000000 2.133932 -0.828717 0.348247 2.081622 -0.871309 0.366146 2.189488 -0.872505 -0.000000 2.189488 -0.808885 0.339913 2.189488 -0.625295 0.625295 2.133932 -0.640626 0.640626 2.189488 0.808884 -0.339913 2.133931 0.828717 -0.348247 -1.925285 -0.000000 -1.449467 -1.925285 0.564688 -1.343777 -1.913070 0.589852 -1.403659 -1.913070 -0.000000 -1.514060 -1.925285 1.038785 -1.038785 -1.913070 1.085076 -1.085076 -1.873272 1.119813 -1.119813 -1.873272 0.608736 -1.448595 -1.873272 -0.000000 -1.562530 2.133932 -0.348247 0.828717 2.189488 -0.339913 0.808885 2.189488 0.000000 0.872505 2.133932 -0.000000 0.893897 2.133932 -0.348248 -0.828717 2.189488 -0.339913 -0.808884 
						2.189488 -0.625295 -0.625295 2.133932 -0.640626 -0.640626 3.297310 0.909847 -0.000000 3.236266 0.898880 0.000000 3.236265 0.833337 0.350189 3.297310 0.843504 0.354461 3.174982 0.814875 0.342431 3.174981 0.629926 0.629926 3.236265 0.644198 0.644198 3.297309 0.652057 0.652057 2.721088 0.000000 -0.896097 2.721088 -0.349104 -0.830756 2.652095 -0.344284 -0.819285 2.652095 0.000000 -0.883723 2.721088 -0.642203 -0.642203 2.652095 -0.633335 -0.633335 2.588100 -0.629243 -0.629243 2.588100 -0.342059 -0.813991 2.588100 0.000000 -0.878013 2.721088 -0.896097 0.000000 2.721088 -0.830756 0.349104 2.652095 -0.819285 0.344284 2.652095 -0.883723 0.000000 2.721088 -0.642202 0.642203 2.652095 -0.633335 0.633335 2.588100 -0.629243 0.629243 2.588100 -0.813992 0.342059 2.588100 -0.878014 0.000000 2.133932 -0.828717 -0.348247 2.081622 -0.871309 -0.366146 2.189488 -0.808885 -0.339913 -1.925285 1.449467 -0.000000 -1.925285 1.343777 0.564688 -1.913070 1.403659 0.589852 -1.913070 1.514059 -0.000000 -1.873272 1.448595 0.608735 -1.873272 1.562530 0.000000 2.034488 -0.936458 -0.393523 2.034488 -1.010111 0.000000 -1.925285 -1.343777 -0.564688 -1.913070 -1.403659 -0.589852 -1.925285 -1.038785 -1.038785 -1.913070 -1.085076 -1.085076 -1.873272 -1.119813 -1.119813 -1.873272 -1.448596 -0.608735 2.298650 -0.000000 0.887406 2.349077 -0.000000 0.903978 2.349077 0.352175 0.838063 2.298650 0.345718 0.822699 2.396007 -0.000000 0.913609 2.396007 0.355927 0.846992 2.396007 0.654753 0.654753 2.349077 0.647851 0.647851 2.298650 0.635974 0.635974 -1.925285 -0.564688 -1.343777 -1.913070 -0.589852 -1.403659 -1.873272 -0.608735 -1.448595 2.854597 0.000000 -0.909045 2.790187 0.000000 -0.907139 2.790187 0.353406 -0.840994 2.854597 0.354149 -0.842761 2.721088 0.349104 -0.830756 2.721088 0.642203 -0.642203 2.790187 0.650117 -0.650117 
						2.854597 0.651483 -0.651482 -1.792918 1.142795 -1.142795 -1.792918 1.478325 -0.621229 -1.638928 1.495543 -0.628464 -1.873272 1.119813 -1.119813 -1.873272 1.448595 -0.608736 -1.873272 1.562530 0.000000 -1.792918 1.594598 0.000000 -1.638928 1.613170 -0.000000 -1.873272 1.448595 0.608735 -1.792918 1.478325 0.621229 -1.873271 1.119813 1.119813 -1.792918 1.142795 1.142795 -1.638928 1.156105 1.156105 -1.638928 1.495543 0.628464 -1.376167 1.503502 -0.631809 -1.376167 1.621755 0.000000 1.596073 1.319283 0.554395 1.596073 1.019850 1.019850 -1.873272 -0.000000 -1.562530 -1.873272 0.608736 -1.448595 -1.792918 0.621229 -1.478325 -1.792918 -0.000000 -1.594598 -1.805830 0.739936 -0.739936 -1.805191 0.403700 -0.951641 -1.761865 0.349940 -0.795690 -1.764012 0.631210 -0.631210 -1.804551 -0.000000 -1.023338 -1.760104 0.000000 -0.848755 -1.792918 -0.621229 -1.478325 -1.638929 -0.628464 -1.495543 -1.873272 -0.608735 -1.448595 -0.451249 -1.500135 0.630394 -0.451249 -1.618123 0.000000 3.297309 -0.909847 -0.000000 3.236265 -0.898880 -0.000000 3.236265 -0.833338 -0.350189 3.297310 -0.843504 -0.354461 3.174981 -0.878966 -0.000000 3.174982 -0.814875 -0.342431 3.174981 -0.629926 -0.629926 3.236266 -0.644198 -0.644198 3.297309 -0.652057 -0.652057 2.034488 -0.936457 0.393523 3.826586 -0.467199 0.196328 3.883616 -0.504048 0.211813 3.920534 -0.540726 0.227227 -1.376167 -0.631808 -1.503502 3.939815 0.579524 0.243530 3.939816 0.447991 0.447991 3.939816 0.625104 0.000000 3.940111 0.667276 -0.000000 3.940111 0.618621 0.259960 3.940111 0.478215 0.478215 3.920534 0.540726 -0.227226 3.939816 0.579524 -0.243530 3.939816 0.447991 -0.447991 3.940111 0.478215 -0.478215 3.940111 0.618621 -0.259960 3.746582 0.000000 0.460488 3.746596 0.179412 0.426919 3.826586 0.196329 0.467199 3.643009 0.000000 0.410016 3.643123 0.159845 0.380183 
						3.746610 0.330034 0.330035 2.298650 -0.887405 -0.000000 2.298651 -0.822699 0.345718 2.245023 -0.809702 0.340257 2.245023 -0.873387 -0.000000 2.298651 -0.635974 0.635974 2.245023 -0.625927 0.625927 3.939815 -0.579524 -0.243530 3.939816 -0.447991 -0.447991 3.939816 -0.625104 0.000000 3.940111 -0.667276 0.000000 3.940111 -0.618621 -0.259960 3.940111 -0.478215 -0.478215 3.484917 0.334803 -0.796723 3.418276 0.345080 -0.821179 3.418275 0.634799 -0.634799 3.484917 0.615894 -0.615894 3.939816 -0.579524 0.243530 3.939816 -0.447991 0.447991 3.940111 -0.478215 0.478215 3.940111 -0.618621 0.259960 3.939815 -0.243530 0.579524 3.939816 0.000000 0.625104 3.940111 0.000000 0.667276 3.940111 -0.259960 0.618621 3.920534 0.227227 0.540726 3.939816 0.243530 0.579524 3.940111 0.259960 0.618621 3.883616 0.211813 0.504048 2.298650 0.887405 -0.000000 2.298650 0.822699 -0.345718 2.245023 0.809702 -0.340257 2.245023 0.873387 -0.000000 2.298650 0.635974 -0.635974 2.245023 0.625927 -0.625927 3.939815 0.243530 -0.579524 3.939816 0.000000 -0.625104 3.940111 0.000000 -0.667276 3.940111 0.259960 -0.618621 3.920534 -0.227227 -0.540726 3.939816 -0.243530 -0.579524 3.940111 -0.259960 -0.618621 3.826586 -0.196329 -0.467199 3.883616 -0.211813 -0.504048 3.746596 -0.179413 -0.426919 3.643123 -0.159845 -0.380183 3.643236 -0.293988 -0.293988 3.746610 -0.330034 -0.330035 3.746596 0.426919 0.179412 3.746582 0.460489 0.000000 3.746596 0.426919 -0.179412 3.643123 0.380183 -0.159845 3.826586 0.467199 -0.196328 2.961464 0.877088 0.000000 2.961465 0.813133 -0.341699 2.910948 0.831491 -0.349413 2.910949 0.896889 0.000000 2.961465 0.628580 -0.628580 2.910948 0.642771 -0.642771 2.854597 0.842760 -0.354149 2.854597 0.909045 0.000000 3.746596 -0.426919 -0.179412 3.643122 -0.380183 -0.159845 3.746582 -0.460489 0.000000 
						3.746610 -0.330034 0.330035 3.746596 -0.426919 0.179412 2.349077 0.000000 -0.903978 2.349077 0.352175 -0.838063 2.298650 0.000000 -0.887406 2.298651 0.345718 -0.822699 2.349077 0.647851 -0.647851 2.484383 -0.000000 0.897584 2.440041 -0.000000 0.909879 2.440041 -0.354474 0.843534 2.484383 -0.349684 0.832136 2.396007 -0.355927 0.846992 2.396007 -0.654753 0.654753 2.440041 -0.652080 0.652080 2.484383 -0.643269 0.643269 2.349077 -0.903978 -0.000000 2.349077 -0.838063 0.352175 2.396007 -0.913609 -0.000000 2.396007 -0.846992 0.355927 2.349077 -0.647851 0.647851 2.245023 0.340257 0.809702 2.245023 0.000000 0.873387 2.245023 0.625927 0.625927 2.189488 0.625295 0.625295 2.189488 0.339913 0.808884 2.588100 0.878013 0.000000 2.532722 0.884363 -0.000000 2.532722 0.819879 0.344533 2.588100 0.813992 0.342059 2.484383 0.832135 0.349684 2.484383 0.643269 0.643269 2.532722 0.633794 0.633794 2.588100 0.629243 0.629243 2.910948 0.831491 0.349413 2.961465 0.813133 0.341699 2.854597 0.842761 0.354149 2.854597 0.651482 0.651482 2.910948 0.642771 0.642771 2.961464 0.628580 0.628580 2.721088 -0.000000 0.896097 2.721088 0.349104 0.830756 2.652095 0.344284 0.819285 2.652095 -0.000000 0.883723 2.721088 0.642203 0.642203 2.652095 0.633335 0.633335 2.588100 0.629243 0.629243 2.588100 0.342060 0.813991 2.588100 -0.000000 0.878013 2.245023 0.625927 0.625927 2.245023 0.809703 0.340257 2.298650 0.635974 0.635974 2.298650 0.822699 0.345718 2.652095 0.344284 -0.819285 2.588100 0.342059 -0.813992 2.588100 0.629243 -0.629243 2.652095 0.633335 -0.633335 2.349077 0.647851 0.647851 2.349077 0.838063 0.352175 2.396007 0.654753 0.654753 2.396007 0.846992 0.355927 2.349077 0.903978 -0.000000 -1.851195 1.077333 0.453441 -1.851007 1.161470 -0.000000 -1.851382 0.833627 0.833627 
						-1.891129 0.913371 0.913371 -1.891084 1.181391 0.496553 -1.891039 1.274224 -0.000000 3.060194 -0.851151 0.000000 3.009857 -0.858841 0.000000 3.009857 -0.796217 -0.334590 3.060194 -0.789087 -0.331594 2.961465 -0.877088 0.000000 2.961465 -0.813134 -0.341699 2.961465 -0.628580 -0.628580 3.009858 -0.615503 -0.615503 3.060194 -0.609991 -0.609991 2.349077 0.838063 -0.352175 3.356994 0.352377 0.838544 3.356994 -0.000000 0.904497 3.356994 0.648223 0.648223 3.297309 0.652057 0.652057 3.297309 0.354461 0.843504 3.297309 -0.000000 0.909847 2.652095 0.819285 -0.344284 2.721088 0.830756 -0.349104 2.588100 0.813991 -0.342059 2.652095 0.883723 0.000000 2.721088 0.896096 0.000000 3.009857 0.858841 0.000000 3.009857 0.796217 0.334590 3.060194 0.789087 0.331594 3.009857 0.615503 0.615503 3.060194 0.609991 0.609991 2.652095 0.633335 0.633335 2.652095 0.819285 0.344284 2.721088 0.642203 0.642203 2.721088 0.830756 0.349104 2.532722 -0.884364 -0.000000 2.532723 -0.819879 -0.344533 2.588100 -0.813992 -0.342059 2.484383 -0.897584 -0.000000 2.484383 -0.832136 -0.349684 2.484383 -0.643269 -0.643269 2.532722 -0.633794 -0.633794 2.790187 0.840994 0.353406 2.790187 0.650116 0.650117 2.790186 0.907139 0.000000 2.790187 0.840994 -0.353406 3.060194 0.000000 0.851150 3.009857 0.000000 0.858841 3.009857 -0.334590 0.796217 3.060194 -0.331594 0.789088 2.961465 0.000000 0.877088 2.961465 -0.341699 0.813134 2.961465 -0.628580 0.628580 3.009858 -0.615503 0.615503 3.060194 -0.609991 0.609991 3.356994 0.648223 -0.648223 3.356994 0.838544 -0.352377 3.418276 0.821179 -0.345080 3.297309 0.652057 -0.652057 3.297310 0.843504 -0.354461 3.356994 0.904497 -0.000000 3.418275 0.885766 -0.000000 3.356994 0.648223 0.648223 3.356994 0.838544 0.352377 3.418276 0.634799 0.634799 3.418276 0.821179 0.345080 
						2.298651 -0.345718 -0.822699 2.245023 -0.340257 -0.809702 2.245023 0.000000 -0.873387 2.298650 -0.635974 -0.635974 2.245023 -0.625927 -0.625927 3.484917 0.796723 -0.334803 3.559827 0.771321 -0.324128 3.484917 0.859387 -0.000000 2.245023 -0.340257 0.809702 2.298650 -0.345718 0.822699 2.349077 -0.352175 0.838063 2.652095 -0.344284 0.819285 2.588100 -0.342059 0.813992 2.721089 -0.349104 0.830756 3.356994 -0.838544 0.352377 3.356994 -0.904497 -0.000000 3.356994 -0.648223 0.648223 3.297309 -0.652057 0.652057 3.297310 -0.843504 0.354461 2.854597 -0.651482 0.651482 2.854598 -0.354149 0.842761 2.790186 -0.353406 0.840994 2.790188 -0.650116 0.650117 2.854597 -0.000000 0.909045 2.790187 -0.000000 0.907139 3.940111 0.259960 0.618621 3.919299 0.275324 0.655183 3.940111 0.478215 0.478215 3.919299 0.506479 0.506479 2.854597 0.354149 0.842761 2.790187 0.353406 0.840994 2.854597 0.651482 0.651482 2.790187 0.650116 0.650117 3.115588 0.797229 0.335015 3.115588 0.616285 0.616285 2.961465 0.341699 -0.813134 2.910948 0.349413 -0.831491 2.961464 0.000000 -0.877088 2.910949 0.000000 -0.896889 3.356994 -0.352377 0.838544 3.297309 -0.354461 0.843504 3.418276 -0.345079 0.821179 2.440042 0.843534 0.354474 2.440042 0.652080 0.652080 2.245023 -0.809702 -0.340257 2.298650 -0.822699 -0.345718 2.349077 -0.647851 -0.647851 2.349077 -0.838063 -0.352175 2.396007 -0.654753 -0.654753 2.396007 -0.846992 -0.355927 2.652095 -0.819285 -0.344284 2.721088 -0.830757 -0.349104 3.356994 -0.352377 -0.838544 3.356994 0.000000 -0.904497 3.356994 -0.648223 -0.648223 3.297310 -0.354461 -0.843504 3.297309 0.000000 -0.909847 2.854597 -0.651482 -0.651482 2.854597 -0.842761 -0.354149 2.790187 -0.840994 -0.353406 2.790187 -0.650116 -0.650117 2.854597 -0.909045 0.000000 2.790187 -0.907139 0.000000 3.940111 -0.618621 0.259960 
						3.919299 -0.655183 0.275324 2.854597 -0.842760 0.354149 2.790187 -0.840994 0.353406 2.349077 -0.352175 -0.838063 2.396007 -0.355927 -0.846992 3.356994 -0.838544 -0.352377 3.418276 -0.821178 -0.345080 2.910948 -0.896889 0.000000 2.910948 -0.831491 -0.349413 2.910948 -0.642771 -0.642771 3.484917 -0.796723 -0.334803 3.009857 0.796217 -0.334590 3.009857 0.615503 -0.615503 3.115589 -0.859932 -0.000000 3.115588 -0.797229 -0.335015 3.115589 -0.616285 -0.616285 2.440042 -0.909879 -0.000000 2.440042 -0.843534 -0.354474 2.440042 -0.652080 -0.652080 2.854597 -0.354149 -0.842761 2.790187 -0.353406 -0.840994 2.532723 0.819879 -0.344533 2.532722 0.633794 -0.633794 2.440041 -0.354474 -0.843534 2.484383 -0.349684 -0.832135 2.532722 0.344533 -0.819879 2.532723 0.000000 -0.884364 2.532723 -0.344533 -0.819879 3.484917 -0.334803 0.796723 2.440041 -0.843534 0.354474 2.484383 -0.832136 0.349684 3.236265 -0.000000 0.898881 3.236265 -0.350189 0.833337 3.174982 -0.000000 0.878966 3.174981 -0.342430 0.814875 3.174981 -0.629926 0.629926 3.236265 -0.644197 0.644198 2.532722 -0.633794 0.633794 2.532722 -0.819879 0.344533 3.484916 0.796723 0.334803 3.484917 0.615894 0.615894 2.484383 0.643269 0.643269 2.440042 0.652080 0.652080 2.440042 0.354474 0.843534 2.484383 0.349684 0.832135 3.236265 0.833337 -0.350189 3.236266 0.644198 -0.644198 2.532722 0.633794 0.633794 2.532722 0.344533 0.819879 2.532722 -0.000000 0.884364 2.910948 -0.349413 -0.831491 2.961465 -0.341699 -0.813133 3.009857 0.334590 -0.796217 3.060194 0.331594 -0.789087 3.060194 0.000000 -0.851150 3.009857 0.000000 -0.858841 2.910948 -0.000000 0.896889 2.910948 -0.349413 0.831491 2.910949 -0.642771 0.642771 3.060194 -0.331594 -0.789087 3.009857 -0.334590 -0.796217 2.910948 -0.831491 0.349413 2.961465 -0.813133 0.341699 3.060194 -0.789087 0.331594 
						3.009857 -0.796217 0.334590 3.356994 0.352377 -0.838544 3.297310 0.354461 -0.843504 2.961464 0.628580 0.628580 2.910948 0.642771 0.642771 2.910948 0.349413 0.831491 2.961464 0.341699 0.813133 3.060194 0.331594 0.789087 3.009857 0.334590 0.796217 3.060194 0.609991 0.609991 3.009857 0.615503 0.615503 -1.805190 0.951641 -0.403700 -1.851195 1.077333 -0.453441 -1.851382 0.833627 -0.833627 -1.891084 1.181391 -0.496553 -1.891129 0.913371 -0.913372 3.115588 -0.335015 -0.797229 3.174982 -0.342430 -0.814875 3.115589 0.000000 -0.859933 3.174982 0.000000 -0.878966 3.174982 0.342430 -0.814875 3.236265 0.350189 -0.833337 3.236266 0.000000 -0.898881 3.236266 -0.350189 -0.833337 3.115589 -0.616285 0.616285 3.115588 -0.797229 0.335015 3.174982 -0.814875 0.342431 -1.851195 -1.077333 0.453441 -1.851382 -0.833627 0.833627 -1.851007 -1.161470 -0.000000 -1.891039 -1.274224 -0.000000 -1.891084 -1.181391 0.496553 -1.891129 -0.913371 0.913371 3.236265 -0.833337 0.350189 3.174981 0.629926 0.629926 3.115588 0.616285 0.616285 3.115588 0.335015 0.797229 3.174981 0.342431 0.814875 3.115588 0.000000 0.859932 3.236265 0.644198 0.644198 3.236266 0.350189 0.833337 -1.891129 -0.913372 -0.913371 -1.891084 -0.496553 -1.181391 -1.916901 -0.533582 -1.269724 -1.916907 -0.981554 -0.981554 -1.891039 -0.000000 -1.274224 -1.916895 -0.000000 -1.369579 -1.891084 0.496553 -1.181391 -1.916901 0.533582 -1.269724 -1.916907 0.981554 -0.981554 -1.851195 0.453441 1.077333 -1.851007 0.000000 1.161470 -1.891039 0.000000 1.274224 -1.891084 0.496553 1.181391 -1.916901 -1.269724 0.533582 -1.916907 -0.981554 0.981554 -1.916895 -1.369579 -0.000000 -1.891084 -1.181391 -0.496553 -1.916901 -1.269724 -0.533582 -1.851195 -1.077333 -0.453441 -1.851382 -0.833627 -0.833627 -1.916901 1.269724 -0.533582 -1.916895 1.369579 -0.000000 -1.925285 1.343777 -0.564688 
						-1.916901 1.269724 0.533582 -1.916907 0.981554 0.981554 -1.761865 -0.349940 0.795689 -1.805191 -0.403700 0.951641 -1.761865 0.795689 -0.349940 -1.916901 0.533582 1.269724 -1.916895 0.000000 1.369579 -1.891084 -0.496553 1.181391 -1.916901 -0.533582 1.269724 -1.851195 -0.453442 1.077333 3.519366 -0.325271 -0.137059 3.519835 -0.251865 -0.251865 2.133931 0.348248 0.828717 2.133931 0.640626 0.640626 -1.376167 1.503502 0.631809 -1.376167 1.162257 1.162258 -0.451249 -1.500135 -0.630394 -1.805190 -0.403700 -0.951641 -1.851195 -0.453441 -1.077333 -1.851007 -0.000000 -1.161471 3.519366 -0.137059 -0.325271 3.518898 0.000000 -0.350545 3.519835 0.251865 -0.251865 3.519366 0.137059 -0.325271 3.392692 0.206790 -0.206790 3.391093 0.112952 -0.265464 -1.761865 -0.349940 -0.795689 3.519366 0.137059 0.325271 3.518898 0.000000 0.350545 3.519366 -0.137059 0.325271 3.643122 -0.159845 0.380183 -1.913070 1.403660 -0.589852 -1.873272 1.448595 -0.608736 2.532722 -0.344533 0.819879 3.115588 0.335016 -0.797229 3.883616 0.504048 -0.211813 3.746596 -0.179412 0.426919 1.596073 0.554395 -1.319283 3.276599 0.090481 -0.204452 3.281999 0.163093 -0.163093 2.245023 0.340257 -0.809702 3.643834 0.749762 -0.315069 3.391093 0.265465 -0.112952 3.276598 0.204452 -0.090480 3.115588 -0.335015 0.797229 2.034488 0.936458 0.393523 2.034488 0.723913 0.723913 -1.851195 0.453441 -1.077333 3.519366 0.325271 -0.137059 
					</float_array>
					<technique_common>
						<accessor count="1137" offset="0" source="#meshId0-positions-array" stride="3">
							<param name="X" type="float" />
							<param name="Y" type="float" />
							<param name="Z" type="float" />
						</accessor>
					</technique_common>
				</source>
				<source id="meshId0-normals" name="meshId0-normals">
					<float_array id="meshId0-normals-array" count="3411"> 
						0.003033 0.707103 0.707104 -0.018218 0.706989 0.706989 -0.018077 0.369352 0.929114 0.003009 0.369393 0.929268 -0.076834 0.705017 0.705016 -0.076272 0.368396 0.926535 -0.075883 0.000000 0.997117 -0.017981 0.000000 0.999838 0.002993 -0.000000 0.999996 0.759091 0.650985 0.000000 0.761124 0.602821 -0.239368 0.866026 0.464714 -0.184496 0.864723 0.502249 0.000000 0.764467 0.455846 -0.455845 0.868078 0.351027 -0.351028 0.882617 0.332406 -0.332406 0.881147 0.439511 -0.174383 0.880125 0.474743 0.000000 -0.998306 0.000000 0.058178 -0.998278 -0.021303 0.054650 -0.895002 -0.164205 0.414738 -0.894674 -0.000000 0.446719 -0.998195 -0.042469 0.042469 -0.895009 -0.315404 0.315404 -0.579223 -0.576412 0.576412 -0.578032 -0.301427 0.758302 -0.576835 -0.000000 0.816861 -0.579224 0.576411 0.576411 -0.578032 0.301426 0.758302 -0.244754 0.358356 0.900931 -0.246127 0.685354 0.685355 -0.576835 -0.000000 0.816861 -0.243724 -0.000000 0.969845 -0.957236 0.289308 0.000000 -0.956276 0.272364 -0.106557 -0.976677 0.200563 -0.076654 -0.978255 0.207406 -0.000000 -0.955457 0.208688 -0.208688 -0.975003 0.157114 -0.157114 -0.989290 0.103213 -0.103213 -0.992084 0.114817 -0.050864 -0.993139 0.116943 0.000000 -0.579223 -0.576412 0.576412 -0.246126 -0.685355 0.685354 -0.244754 -0.358357 0.900931 -0.578032 -0.301427 0.758302 -0.076834 -0.705017 0.705016 -0.076272 -0.368396 0.926535 -0.018077 -0.369352 0.929114 -0.018219 -0.706989 0.706989 0.003033 -0.707104 0.707103 0.003009 -0.369393 0.929268 -0.955458 -0.208687 -0.208687 -0.956276 -0.272363 -0.106557 -0.976677 -0.200563 -0.076655 -0.975003 -0.157114 -0.157114 -0.957236 -0.289307 -0.000000 -0.978255 -0.207406 -0.000000 -0.993138 -0.116944 -0.000000 -0.992084 -0.114817 -0.050864 -0.989290 -0.103213 -0.103214 0.043094 0.000000 0.999071 0.018439 0.000000 0.999830 0.018538 -0.369337 0.929111 
						0.043323 -0.369067 0.928393 0.018685 -0.706983 0.706983 0.043662 -0.706432 0.706433 -0.076833 -0.705016 -0.705017 -0.018218 -0.706989 -0.706989 -0.018077 -0.929114 -0.369352 -0.076272 -0.926535 -0.368396 0.003033 -0.707104 -0.707103 0.003009 -0.929268 -0.369393 0.002993 -0.999996 -0.000000 -0.017981 -0.999838 0.000000 -0.075883 -0.997117 0.000000 0.265554 0.964096 0.000000 0.266893 0.895589 -0.355932 0.175510 0.914786 -0.363818 0.174699 0.984622 0.000000 0.268895 0.681064 -0.681064 0.176635 0.695988 -0.695989 -0.058552 0.705894 -0.705893 -0.058217 0.927581 -0.369059 -0.057962 0.998319 0.000000 -0.992084 0.114817 0.050864 -0.976677 0.200563 0.076655 -0.989290 0.103214 0.103214 -0.975003 0.157113 0.157113 -0.955457 0.208687 0.208687 -0.956276 0.272364 0.106557 0.043094 0.999071 0.000000 0.043323 0.928393 -0.369067 0.018538 0.929111 -0.369337 0.018439 0.999830 0.000000 0.043662 0.706433 -0.706432 0.018685 0.706983 -0.706983 0.003033 0.707104 -0.707103 0.003009 0.929268 -0.369393 0.002993 0.999996 0.000000 0.472279 -0.881449 -0.000000 0.470165 -0.822371 -0.320392 0.541726 -0.786075 -0.297691 0.552056 -0.833807 -0.000001 0.469167 -0.624453 -0.624453 0.532774 -0.598395 -0.598394 0.632908 -0.547461 -0.547462 0.695755 -0.652433 -0.300426 0.715361 -0.698755 -0.000001 -0.578032 -0.758302 0.301426 -0.244754 -0.900931 0.358357 -0.576835 -0.816861 0.000000 -0.243725 -0.969844 0.000000 -0.076272 -0.926535 0.368396 -0.244755 -0.900931 -0.358356 -0.578033 -0.758301 -0.301426 -0.579224 -0.576411 -0.576411 -0.246127 -0.685354 -0.685355 -0.998278 -0.054651 0.021303 -0.895002 -0.414739 0.164205 -0.998306 -0.058179 -0.000000 -0.894674 -0.446719 -0.000000 -0.576835 -0.816861 0.000000 -0.578032 -0.758302 0.301426 0.440119 -0.897940 -0.000000 0.440604 -0.834884 -0.329905 0.435004 -0.900428 -0.000000 0.436521 -0.836242 -0.331886 
						0.438994 -0.635328 -0.635329 0.442054 -0.634267 -0.634267 -0.993139 0.000000 0.116943 -0.992084 0.050864 0.114817 -0.997923 0.045554 0.045554 -0.998859 0.000000 0.047760 -0.998859 0.047760 0.000000 -1.000000 0.000000 -0.000000 -0.997923 0.045554 -0.045554 -0.992084 0.050863 -0.114817 -0.993139 -0.000000 -0.116943 -0.998859 -0.000000 -0.047761 0.245111 -0.969495 0.000000 0.250235 -0.968185 0.000000 0.251530 -0.899432 -0.357429 0.246340 -0.900646 -0.357984 0.306777 -0.951781 0.000001 0.308345 -0.884052 -0.351247 0.310749 -0.672100 -0.672099 0.253485 -0.684012 -0.684012 0.248158 -0.684988 -0.684988 0.561984 0.827148 0.000000 0.563550 0.767677 -0.305096 0.332507 0.876359 -0.348473 0.331128 0.943586 0.000000 0.565496 0.583187 -0.583187 0.334388 0.666403 -0.666402 0.176406 0.696018 -0.696017 0.175193 0.914865 -0.363772 0.174342 0.984685 -0.000000 -0.997923 -0.045554 -0.045554 -0.992084 -0.050864 -0.114817 -0.998859 -0.047760 -0.000000 -0.992084 -0.114818 0.050864 -0.997923 -0.045554 0.045554 -0.989289 -0.103214 0.103214 -0.992084 -0.050864 0.114818 0.018538 0.369337 -0.929111 0.003009 0.369393 -0.929268 0.043323 0.369067 -0.928393 0.043094 -0.000000 -0.999071 0.018439 -0.000000 -0.999830 0.002993 -0.000000 -0.999996 0.533832 0.597923 0.597922 0.530457 0.787849 0.312904 0.663555 0.695320 0.276088 0.667186 0.526718 0.526718 0.528281 0.849069 0.000000 0.661297 0.750124 0.000000 0.838899 0.544287 -0.000000 0.840570 0.503439 0.199978 0.843410 0.379907 0.379908 0.087554 -0.368019 0.925687 0.087101 0.000000 0.996199 0.088218 -0.704350 0.704350 0.176407 -0.696018 0.696018 0.175193 -0.363772 0.914865 0.174342 -0.000000 0.984685 0.561984 0.000000 -0.827148 0.563550 -0.305096 -0.767677 0.332507 -0.348473 -0.876359 0.331128 -0.000000 -0.943586 0.565496 -0.583187 -0.583187 0.334388 -0.666403 -0.666403 
						0.176406 -0.696018 -0.696017 0.175193 -0.363772 -0.914864 0.174342 0.000000 -0.984685 0.175193 0.363772 -0.914865 0.087554 0.368019 -0.925687 0.088217 0.704350 -0.704350 0.087100 0.000000 -0.996199 0.088217 -0.704350 -0.704350 0.087554 -0.368019 -0.925687 0.043662 -0.706432 -0.706432 0.043323 -0.369067 -0.928393 0.018538 -0.369337 -0.929111 0.018685 -0.706983 -0.706983 0.003009 -0.369393 -0.929268 0.528282 -0.849069 0.000000 0.661298 -0.750124 0.000001 0.663557 -0.695319 -0.276087 0.530458 -0.787849 -0.312904 0.838897 -0.544290 0.000001 0.840568 -0.503443 -0.199978 0.843410 -0.379907 -0.379909 0.667186 -0.526717 -0.526718 0.533832 -0.597923 -0.597922 0.306776 -0.000000 -0.951782 0.308344 -0.351248 -0.884052 0.358034 -0.344792 -0.867715 0.356325 0.000000 -0.934362 0.360604 -0.659533 -0.659531 0.332690 -0.666827 -0.666827 0.330504 -0.348624 -0.877057 0.328991 0.000000 -0.944333 0.251530 -0.357428 -0.899432 0.246340 -0.357984 -0.900646 0.250236 0.000000 -0.968185 0.245111 0.000000 -0.969495 0.964598 0.263724 0.000000 0.754370 0.656449 0.000001 0.755415 0.609029 0.241728 0.964593 0.245339 0.096792 0.490709 0.871324 0.000000 0.492316 0.808851 0.321535 0.494397 0.614643 0.614643 0.756451 0.462483 0.462483 0.964285 0.187289 0.187288 0.310749 0.672099 -0.672099 0.253485 0.684013 -0.684012 0.251530 0.357429 -0.899432 0.308345 0.351247 -0.884052 0.248158 0.684988 -0.684988 0.246341 0.357984 -0.900646 0.018538 0.369337 0.929111 0.043323 0.369067 0.928393 0.043662 0.706433 0.706432 0.018685 0.706983 0.706983 0.494397 0.614644 -0.614642 0.492317 0.321536 -0.808850 0.314803 0.350643 -0.882014 0.316823 0.670680 -0.670680 0.490708 0.000000 -0.871324 0.313383 0.000000 -0.949627 0.314802 -0.350643 -0.882014 0.492316 -0.321535 -0.808851 0.494397 -0.614643 -0.614642 0.316822 -0.670680 -0.670680 
						0.964285 0.187290 -0.187291 0.964593 0.096793 -0.245340 0.755415 0.241728 -0.609029 0.756451 0.462484 -0.462483 0.964598 0.000001 -0.263723 0.754369 0.000001 -0.656450 0.003033 0.707103 0.707104 0.018685 0.706983 0.706983 0.018538 0.929111 0.369337 0.003009 0.929268 0.369393 0.043662 0.706433 0.706432 0.043323 0.928393 0.369067 0.245110 0.969495 -0.000000 0.250235 0.968185 -0.000000 0.251529 0.899432 0.357429 0.246340 0.900646 0.357984 0.306776 0.951782 -0.000000 0.308345 0.884053 0.351248 0.310749 0.672100 0.672099 0.253485 0.684012 0.684013 0.248157 0.684988 0.684989 0.176406 0.696018 0.696018 0.175193 0.914865 0.363772 0.087554 0.925687 0.368019 0.088217 0.704350 0.704350 0.087100 0.996199 0.000000 0.087554 0.925687 -0.368019 0.882617 0.332406 0.332405 0.881148 0.439510 0.174382 0.784697 0.576171 0.228644 0.786100 0.437062 0.437062 0.783512 0.621377 0.000000 0.563549 0.767677 0.305096 0.565495 0.583188 0.583187 0.764466 -0.455847 0.455846 0.761123 -0.239369 0.602821 0.866026 -0.184496 0.464715 0.868078 -0.351027 0.351028 0.759090 0.000000 0.650985 0.864722 0.000000 0.502250 0.880125 -0.000000 0.474743 0.881147 -0.174383 0.439511 0.882617 -0.332406 0.332406 0.784697 0.576171 -0.228644 0.786100 0.437063 -0.437062 0.472279 -0.000000 -0.881449 0.470165 0.320392 -0.822371 0.541726 0.297691 -0.786075 0.552056 -0.000000 -0.833807 0.469168 0.624452 -0.624452 0.532774 0.598395 -0.598395 0.632907 0.547461 -0.547462 0.695755 0.300425 -0.652433 0.715362 0.000001 -0.698754 0.087554 0.368019 0.925687 0.088217 0.704350 0.704350 0.175193 0.363772 0.914865 0.176406 0.696018 0.696018 -0.018077 -0.929114 0.369352 0.003009 -0.929268 0.369393 0.882617 -0.332407 -0.332406 0.881147 -0.439512 -0.174383 0.784697 -0.576171 -0.228644 0.786100 -0.437063 -0.437062 
						0.880124 -0.474744 -0.000000 0.783512 -0.621377 0.000000 0.561984 -0.827148 0.000000 0.563550 -0.767677 -0.305096 0.761123 0.239369 -0.602821 0.866026 0.184496 -0.464715 0.759090 -0.000000 -0.650985 0.864722 0.000000 -0.502250 0.880125 -0.000000 -0.474743 0.881147 0.174383 -0.439511 0.881147 -0.439511 0.174383 0.784697 -0.576171 0.228644 0.786100 -0.437063 0.437062 0.565496 -0.583187 0.583187 0.563550 -0.767677 0.305096 0.175193 -0.914864 0.363772 0.332507 -0.876359 0.348473 0.334388 -0.666403 0.666403 0.174342 -0.984685 -0.000000 0.331128 -0.943586 -0.000000 0.332507 -0.876359 -0.348473 0.175193 -0.914865 -0.363772 0.043323 -0.928393 0.369067 0.087554 -0.925687 0.368019 0.043094 -0.999071 -0.000000 0.087100 -0.996199 -0.000000 -0.998195 0.042469 0.042469 -0.998278 0.021304 0.054650 -0.895002 0.164205 0.414738 -0.895009 0.315404 0.315404 -0.578032 0.301426 0.758302 -0.579224 0.576411 0.576411 0.784697 -0.228644 0.576171 0.783512 0.000000 0.621376 0.561984 0.000000 0.827148 0.563550 -0.305096 0.767677 0.881148 0.174383 0.439510 0.784697 0.228644 0.576170 0.882617 0.332406 0.332405 0.786100 0.437062 0.437062 0.565495 0.583188 0.583187 0.563550 0.305096 0.767677 0.533833 0.597922 -0.597923 0.530457 0.312904 -0.787849 0.663555 0.276088 -0.695320 0.667186 0.526717 -0.526718 0.528281 0.000000 -0.849069 0.661296 0.000001 -0.750125 0.838898 0.000000 -0.544289 0.840570 0.199978 -0.503440 0.843409 0.379908 -0.379908 0.761124 0.239369 0.602821 0.866026 0.184497 0.464714 0.764466 0.455846 0.455846 0.868078 0.351027 0.351027 0.178903 0.000000 -0.983867 0.526997 -0.000000 -0.849867 0.529386 0.313034 -0.788518 0.179975 0.362916 -0.914276 0.533376 0.598127 -0.598126 0.181768 0.695328 -0.695327 0.332507 0.348473 0.876359 0.334388 0.666403 0.666402 0.331128 -0.000000 0.943586 
						0.332507 -0.348473 0.876359 0.784697 0.228644 -0.576171 0.783512 0.000000 -0.621377 0.563550 0.305096 -0.767677 0.245110 0.000000 0.969495 0.250235 0.000000 0.968185 0.251530 -0.357429 0.899432 0.246341 -0.357983 0.900646 0.306777 0.000000 0.951781 0.308345 -0.351248 0.884052 0.310749 -0.672099 0.672100 0.253485 -0.684012 0.684012 0.248158 -0.684988 0.684988 0.881147 -0.174383 -0.439511 0.784697 -0.228644 -0.576171 0.761123 -0.239369 -0.602821 0.866026 -0.184496 -0.464715 0.764467 -0.455846 -0.455846 0.868078 -0.351027 -0.351028 -0.017981 -0.000000 -0.999838 -0.018077 0.369352 -0.929114 -0.075883 -0.000000 -0.997117 -0.076272 0.368396 -0.926535 -0.076834 0.705016 -0.705017 -0.018218 0.706989 -0.706990 0.472279 0.881449 0.000000 0.470165 0.822371 0.320392 0.541725 0.786075 0.297690 0.552056 0.833807 0.000000 0.469167 0.624453 0.624453 0.532773 0.598395 0.598394 0.632907 0.547462 0.547461 0.695755 0.652433 0.300426 0.715361 0.698755 0.000001 0.043323 -0.928393 -0.369067 0.087554 -0.925687 -0.368019 0.435004 0.900428 -0.000000 0.440119 0.897940 0.000000 0.440605 0.834883 -0.329906 0.436521 0.836242 -0.331886 0.470165 0.822371 -0.320392 0.442054 0.634266 -0.634267 0.438993 0.635329 -0.635329 0.632907 -0.547461 0.547462 0.695755 -0.652433 0.300425 0.853316 -0.368681 0.368681 0.695756 -0.300426 0.652433 0.911851 -0.410521 -0.000001 1.000000 0.000000 -0.000000 0.911851 0.000001 0.410521 0.715362 0.000000 0.698754 0.853316 -0.368681 -0.368682 0.695756 -0.300426 -0.652433 0.911851 0.000001 -0.410521 0.541726 -0.297691 -0.786075 0.470165 -0.320392 -0.822371 0.695756 0.652433 -0.300426 0.853316 0.368681 -0.368681 0.911851 0.410520 0.000001 0.853316 0.368681 0.368682 0.695756 0.300426 0.652433 0.308345 -0.884052 0.351248 0.358034 -0.867715 0.344792 0.356324 -0.934362 0.000001 
						0.360605 -0.659532 0.659532 0.332691 -0.666827 0.666827 0.330503 -0.877057 0.348624 0.328989 -0.944334 -0.000000 0.541726 0.786075 -0.297690 0.251530 -0.899432 0.357429 0.246341 -0.900646 0.357984 0.435005 -0.000000 0.900428 0.458803 -0.000000 0.888538 0.460714 -0.327630 0.824864 0.436521 -0.331886 0.836242 0.528282 0.000000 0.849069 0.530457 -0.312905 0.787849 0.533832 -0.597923 0.597922 0.463659 -0.626506 0.626507 0.438993 -0.635329 0.635329 0.964594 -0.096790 -0.245338 0.755416 -0.241728 -0.609027 0.964285 -0.187288 -0.187289 0.756452 -0.462484 -0.462482 0.470165 0.320392 0.822371 0.541726 0.297691 0.786075 0.472279 0.000000 0.881449 0.552055 -0.000000 0.833808 0.492317 -0.808851 -0.321534 0.314801 -0.882015 -0.350643 0.490709 -0.871324 0.000000 0.313382 -0.949627 0.000000 -0.957236 0.000000 -0.289307 -0.956276 -0.106558 -0.272363 -0.976677 -0.076655 -0.200562 -0.978255 0.000000 -0.207406 0.314803 -0.882014 0.350644 0.492316 -0.808851 0.321535 0.494398 -0.614642 0.614642 0.316823 -0.670680 0.670680 0.964593 -0.245339 -0.096792 0.755417 -0.609026 -0.241727 0.964599 -0.263722 -0.000000 0.754370 -0.656449 0.000000 0.248157 0.684988 0.684989 0.253485 0.684012 0.684013 0.251530 0.357429 0.899432 0.246340 0.357983 0.900647 0.310749 0.672100 0.672099 0.308346 0.351248 0.884052 0.492318 -0.321534 0.808850 0.314803 -0.350643 0.882014 0.490709 0.000000 0.871324 0.313383 -0.000000 0.949627 0.358034 0.344791 0.867716 0.356325 -0.000000 0.934362 0.360605 0.659532 0.659531 0.332692 0.666827 0.666827 0.330504 0.348623 0.877057 0.328990 -0.000000 0.944333 0.314803 0.350643 0.882014 0.492316 0.321536 0.808851 0.494397 0.614643 0.614643 0.316823 0.670680 0.670680 0.964285 -0.187289 0.187291 0.964593 -0.096794 0.245341 0.755415 -0.241728 0.609029 0.756451 -0.462482 0.462484 
						0.964598 -0.000001 0.263723 0.754369 0.000000 0.656451 -0.307183 0.951651 0.000000 -0.308694 0.883919 -0.351276 -0.234881 0.903356 -0.358857 -0.233596 0.972334 -0.000000 -0.310949 0.672053 -0.672053 -0.236895 0.686979 -0.686979 -0.002907 0.707104 -0.707104 -0.002878 0.929414 -0.369026 -0.002861 0.999996 0.000000 0.964593 0.245341 -0.096793 0.755415 0.609028 -0.241728 0.492316 0.808851 -0.321535 0.314803 0.882014 0.350643 0.316823 0.670680 0.670680 0.313382 0.949627 0.000000 0.663555 -0.276089 0.695320 0.667185 -0.526718 0.526718 0.661296 -0.000001 0.750125 0.838898 -0.000000 0.544289 0.840570 -0.199978 0.503440 0.843410 -0.379908 0.379909 0.314802 0.882014 -0.350643 0.246341 0.900646 -0.357984 0.266894 0.355932 -0.895589 0.175510 0.363817 -0.914786 0.265553 0.000000 -0.964096 0.174698 -0.000000 -0.984622 -0.057962 -0.000000 -0.998319 -0.058216 0.369060 -0.927581 0.764466 0.455846 0.455846 0.533376 0.598126 0.598126 0.529386 0.788518 0.313033 0.761123 0.602822 0.239369 0.181768 0.695327 0.695328 0.179974 0.914276 0.362917 0.178903 0.983867 0.000000 0.526997 0.849867 0.000000 0.759090 -0.650985 -0.000000 0.526997 -0.849867 -0.000000 0.529385 -0.788519 0.313033 0.761123 -0.602822 0.239369 0.178903 -0.983867 -0.000000 0.179975 -0.914276 0.362916 0.181769 -0.695328 0.695327 0.533376 -0.598127 0.598125 0.179974 0.914276 -0.362916 0.529386 0.788518 -0.313033 -0.998306 0.000000 -0.058179 -0.998278 0.021304 -0.054651 -0.895002 0.164205 -0.414738 -0.894674 0.000000 -0.446719 -0.998195 0.042469 -0.042469 -0.895009 0.315404 -0.315404 -0.579224 0.576411 -0.576411 -0.578032 0.301426 -0.758301 -0.576835 0.000000 -0.816861 0.529387 -0.313034 0.788517 0.179976 -0.362916 0.914276 0.178904 0.000000 0.983867 0.526998 -0.000000 0.849867 0.529386 -0.313034 -0.788517 0.179975 -0.362916 -0.914276 
						0.181769 -0.695327 -0.695327 0.533376 -0.598127 -0.598126 -0.043491 0.999054 -0.000001 -0.241635 0.970367 -0.000000 -0.242766 0.901441 0.358425 -0.043685 0.928277 0.369315 -0.308693 0.883920 0.351275 -0.310948 0.672054 0.672053 -0.244366 0.685670 0.685669 -0.043945 0.706423 0.706424 -0.166995 -0.000000 -0.985958 -0.167865 -0.364140 -0.916091 -0.134257 -0.365929 -0.920908 -0.133515 -0.000000 -0.991047 -0.169156 -0.696917 -0.696917 -0.135397 -0.700596 -0.700595 0.012943 -0.707047 -0.707048 0.012823 -0.369120 -0.929293 0.012748 -0.000000 -0.999919 -0.166994 -0.985958 -0.000000 -0.167865 -0.916091 0.364140 -0.134256 -0.920908 0.365929 -0.133514 -0.991047 -0.000000 -0.169157 -0.696917 0.696917 -0.135397 -0.700595 0.700595 0.012942 -0.707048 0.707047 0.012823 -0.929294 0.369119 0.012748 -0.999919 -0.000000 0.529386 -0.788518 -0.313033 0.761124 -0.602821 -0.239369 0.179975 -0.914276 -0.362916 -0.998306 0.058180 0.000000 -0.998278 0.054651 0.021303 -0.895002 0.414739 0.164205 -0.894674 0.446720 0.000000 -0.578032 0.758302 0.301426 -0.576835 0.816861 0.000000 0.866026 -0.464714 -0.184496 0.864723 -0.502250 0.000000 -0.998278 -0.054650 -0.021303 -0.895002 -0.414738 -0.164205 -0.998195 -0.042469 -0.042469 -0.895009 -0.315403 -0.315404 -0.579224 -0.576411 -0.576411 -0.578033 -0.758301 -0.301426 -0.283685 -0.000000 0.958918 -0.255392 0.000000 0.966838 -0.256596 0.357081 0.898138 -0.285144 0.353935 0.890743 -0.057962 0.000000 0.998319 -0.058215 0.369059 0.927581 -0.058550 0.705893 0.705894 -0.258316 0.683108 0.683108 -0.287366 0.677282 0.677281 -0.998278 -0.021303 -0.054649 -0.895002 -0.164205 -0.414739 -0.578032 -0.301426 -0.758302 0.090055 -0.000000 -0.995937 -0.093189 0.000000 -0.995648 -0.093653 0.367891 -0.925141 0.090465 0.368119 -0.925367 -0.167865 0.364140 -0.916091 -0.169156 0.696917 -0.696917 -0.094310 0.703955 -0.703955 
						0.091017 0.704172 -0.704171 -0.246127 0.685354 -0.685354 -0.244755 0.900931 -0.358356 -0.076272 0.926535 -0.368396 -0.579224 0.576411 -0.576411 -0.578032 0.758302 -0.301426 -0.576835 0.816861 0.000000 -0.243725 0.969844 0.000000 -0.075883 0.997117 0.000000 -0.578032 0.758302 0.301426 -0.244755 0.900931 0.358356 -0.579224 0.576411 0.576411 -0.246127 0.685354 0.685355 -0.076834 0.705017 0.705016 -0.076272 0.926535 0.368396 -0.018077 0.929114 -0.369352 -0.017981 0.999838 0.000000 0.332507 0.876359 0.348473 0.334388 0.666403 0.666402 -0.576835 0.000000 -0.816861 -0.578032 0.301426 -0.758301 -0.244755 0.358356 -0.900931 -0.243725 0.000000 -0.969844 -0.955457 -0.208688 0.208687 -0.956276 -0.106558 0.272364 -0.976677 -0.076655 0.200563 -0.975003 -0.157113 0.157114 -0.957236 -0.000000 0.289307 -0.978255 -0.000000 0.207406 -0.244754 -0.358356 -0.900931 -0.076272 -0.368396 -0.926535 -0.578032 -0.301426 -0.758302 0.018538 -0.929111 0.369337 0.018439 -0.999830 -0.000000 -0.043489 -0.999054 0.000000 -0.241634 -0.970367 0.000001 -0.242765 -0.901442 -0.358425 -0.043684 -0.928277 -0.369315 -0.307184 -0.951650 -0.000000 -0.308695 -0.883919 -0.351276 -0.310950 -0.672053 -0.672053 -0.244365 -0.685670 -0.685670 -0.043943 -0.706424 -0.706424 0.866027 -0.464714 0.184496 0.530457 0.787849 -0.312904 0.663556 0.695319 -0.276088 0.840569 0.503440 -0.199979 -0.018077 -0.369352 -0.929114 0.981446 -0.178055 -0.071139 0.982215 -0.132765 -0.132767 0.981053 -0.193739 0.000000 0.964598 0.263724 0.000000 0.964593 0.245339 0.096792 0.964285 0.187289 0.187288 0.840569 -0.503440 0.199979 0.981446 -0.178052 0.071138 0.982215 -0.132765 0.132764 0.964285 0.187290 -0.187291 0.964593 0.245341 -0.096793 0.458803 0.000001 -0.888538 0.460714 -0.327630 -0.824864 0.530456 -0.312905 -0.787849 0.435005 -0.000000 -0.900428 0.436521 -0.331885 -0.836242 
						0.463659 -0.626507 -0.626506 -0.283685 -0.958917 0.000000 -0.285144 -0.890743 0.353935 -0.138092 -0.920484 0.365567 -0.137287 -0.990531 -0.000000 -0.287367 -0.677281 0.677282 -0.139388 -0.700204 0.700204 0.981447 0.178049 0.071137 0.982216 0.132765 0.132764 0.981054 0.193736 -0.000000 0.964599 -0.263722 -0.000000 0.964593 -0.245339 -0.096792 0.964285 -0.187288 -0.187289 0.358034 0.344791 -0.867716 0.330503 0.348624 -0.877057 0.332691 0.666827 -0.666827 0.360605 0.659532 -0.659532 0.981446 0.178055 -0.071139 0.982215 0.132765 -0.132764 0.964285 -0.187289 0.187291 0.964594 -0.245337 0.096793 0.981447 0.071136 -0.178051 0.981053 -0.000001 -0.193738 0.964598 -0.000001 0.263723 0.964593 -0.096794 0.245341 0.840569 -0.199977 -0.503441 0.981446 -0.071139 -0.178054 0.964594 0.096790 0.245338 0.663556 -0.276087 -0.695320 -0.283685 0.958918 -0.000000 -0.285144 0.890743 -0.353936 -0.138092 0.920484 -0.365567 -0.137286 0.990531 -0.000000 -0.287367 0.677281 -0.677282 -0.139388 0.700204 -0.700204 0.981447 -0.071136 0.178051 0.981053 0.000000 0.193737 0.964598 0.000001 -0.263723 0.964593 0.096793 -0.245340 0.840569 0.199977 0.503441 0.981446 0.071138 0.178052 0.964594 -0.096790 -0.245338 0.530456 0.312905 0.787849 0.663556 0.276087 0.695320 0.460714 0.327630 0.824864 0.436521 0.331886 0.836242 0.438993 0.635328 0.635329 0.463659 0.626507 0.626506 0.460714 -0.824864 -0.327630 0.458802 -0.888538 0.000000 0.460714 -0.824864 0.327630 0.436520 -0.836243 0.331886 0.530457 -0.787849 0.312904 0.359142 0.933283 0.000000 0.360848 0.866705 -0.344401 0.287550 0.889993 -0.353875 0.286271 0.958149 0.000000 0.363401 0.658763 -0.658764 0.289341 0.676862 -0.676860 0.090464 0.925367 -0.368119 0.090054 0.995937 0.000000 0.460714 0.824864 0.327630 0.436521 0.836242 0.331886 0.458802 0.888539 -0.000000 
						0.463659 0.626507 -0.626506 0.460714 0.824864 -0.327630 -0.255393 -0.000000 -0.966837 -0.256597 0.357081 -0.898138 -0.283686 0.000000 -0.958917 -0.285145 0.353935 -0.890743 -0.258316 0.683107 -0.683108 0.265553 -0.000000 0.964096 0.174697 -0.000000 0.984622 0.175509 -0.363819 0.914785 0.266893 -0.355932 0.895589 -0.058216 -0.369060 0.927580 -0.058551 -0.705894 0.705893 0.176635 -0.695989 0.695988 0.268894 -0.681064 0.681064 -0.255393 -0.966837 0.000000 -0.256597 -0.898138 0.357081 -0.057962 -0.998319 -0.000000 -0.058216 -0.927581 0.369060 -0.258316 -0.683108 0.683108 -0.138093 0.365567 0.920484 -0.137287 0.000000 0.990531 -0.139388 0.700204 0.700204 0.181768 0.695327 0.695328 0.179974 0.362916 0.914276 0.012746 0.999919 -0.000000 0.191103 0.981570 -0.000000 0.192173 0.912031 0.362311 0.012822 0.929293 0.369120 0.266895 0.895589 0.355933 0.268895 0.681063 0.681064 0.193852 0.693693 0.693693 0.012942 0.707048 0.707047 0.287551 0.889992 0.353875 0.360847 0.866705 0.344401 0.090463 0.925367 0.368119 0.091016 0.704172 0.704172 0.289342 0.676861 0.676861 0.363401 0.658765 0.658763 -0.166994 0.000000 0.985958 -0.167865 0.364140 0.916091 -0.134258 0.365929 0.920908 -0.133515 0.000000 0.991047 -0.169157 0.696917 0.696917 -0.135398 0.700596 0.700595 0.012942 0.707048 0.707047 0.012823 0.369121 0.929293 0.012747 0.000000 0.999919 -0.139388 0.700204 0.700204 -0.138093 0.920484 0.365567 -0.287366 0.677282 0.677281 -0.285144 0.890743 0.353934 -0.134257 0.365928 -0.920908 0.012823 0.369120 -0.929293 0.012942 0.707048 -0.707048 -0.135397 0.700595 -0.700596 -0.258316 0.683108 0.683108 -0.256597 0.898138 0.357081 -0.058550 0.705893 0.705894 -0.058216 0.927581 0.369060 -0.255393 0.966837 -0.000000 -0.944419 -0.305711 -0.120883 -0.944463 -0.328617 -0.000000 -0.944647 -0.231994 -0.231994 
						-0.956840 -0.205496 -0.205496 -0.956119 -0.272323 -0.108056 -0.955695 -0.294359 -0.000000 -0.002860 -0.999996 0.000000 0.256344 -0.966586 -0.000001 0.257766 -0.897974 -0.356649 -0.002878 -0.929414 -0.369027 0.359141 -0.933283 -0.000001 0.360847 -0.866705 -0.344401 0.363401 -0.658765 -0.658763 0.260033 -0.682782 -0.682783 -0.002906 -0.707104 -0.707104 -0.256597 0.898137 -0.357081 0.190443 0.362806 0.912197 0.189582 -0.000000 0.981865 0.191625 0.694002 0.694003 -0.043945 0.706423 0.706424 -0.043686 0.369315 0.928277 -0.043491 -0.000000 0.999054 -0.134256 0.920908 -0.365928 -0.167865 0.916091 -0.364140 0.012822 0.929293 -0.369120 -0.133514 0.991047 0.000000 -0.166994 0.985958 -0.000000 0.256344 0.966585 -0.000000 0.257766 0.897975 0.356649 -0.002879 0.929414 0.369028 0.260032 0.682782 0.682783 -0.002907 0.707103 0.707104 -0.135398 0.700596 0.700595 -0.134257 0.920908 0.365929 -0.169157 0.696917 0.696917 -0.167865 0.916091 0.364140 0.191103 -0.981570 0.000000 0.192173 -0.912031 -0.362312 0.012822 -0.929293 -0.369121 0.265553 -0.964096 0.000001 0.266893 -0.895590 -0.355932 0.268894 -0.681064 -0.681064 0.193852 -0.693693 -0.693694 -0.093652 0.925141 0.367890 -0.094310 0.703955 0.703955 -0.093190 0.995648 -0.000000 -0.093653 0.925141 -0.367891 -0.002860 0.000000 0.999996 0.256344 0.000000 0.966586 0.257766 -0.356649 0.897975 -0.002877 -0.369027 0.929414 0.359140 0.000000 0.933284 0.360847 -0.344400 0.866705 0.363402 -0.658763 0.658764 0.260032 -0.682782 0.682782 -0.002906 -0.707104 0.707104 0.191625 0.694002 -0.694004 0.190444 0.912196 -0.362807 0.330504 0.877057 -0.348624 -0.043944 0.706424 -0.706424 -0.043685 0.928277 -0.369315 0.189583 0.981865 0.000000 0.328991 0.944333 0.000000 0.191625 0.694002 0.694003 0.190444 0.912196 0.362807 0.332692 0.666827 0.666827 0.330504 0.877057 0.348624 
						-0.285145 -0.353935 -0.890743 -0.138092 -0.365567 -0.920484 -0.137287 0.000000 -0.990531 -0.287366 -0.677282 -0.677281 -0.139388 -0.700204 -0.700204 0.358034 0.867716 -0.344792 0.308345 0.884052 -0.351248 0.356324 0.934363 0.000000 -0.138092 -0.365567 0.920484 -0.285143 -0.353935 0.890743 -0.256597 -0.357081 0.898138 -0.134256 -0.365929 0.920908 0.012822 -0.369120 0.929293 -0.167865 -0.364141 0.916091 0.190443 -0.912197 0.362807 0.189582 -0.981865 -0.000001 0.191625 -0.694003 0.694003 -0.043944 -0.706425 0.706423 -0.043684 -0.928277 0.369314 0.091017 -0.704172 0.704172 0.090464 -0.368119 0.925367 -0.093653 -0.367890 0.925141 -0.094311 -0.703955 0.703955 0.090054 -0.000000 0.995937 -0.093190 -0.000000 0.995648 0.964594 0.096790 0.245338 0.755415 0.241728 0.609029 0.964285 0.187289 0.187288 0.756451 0.462483 0.462483 0.090463 0.368119 0.925367 -0.093652 0.367890 0.925141 0.091016 0.704172 0.704172 -0.094310 0.703955 0.703955 -0.234880 0.903357 0.358856 -0.236895 0.686980 0.686979 0.360846 0.344401 -0.866706 0.287551 0.353876 -0.889992 0.359140 0.000001 -0.933284 0.286270 0.000000 -0.958149 0.190443 -0.362807 0.912197 -0.043685 -0.369316 0.928277 0.330503 -0.348624 0.877057 0.175511 0.914785 0.363818 0.176636 0.695988 0.695989 -0.138092 -0.920484 -0.365567 -0.285144 -0.890743 -0.353935 -0.258316 -0.683107 -0.683108 -0.256597 -0.898137 -0.357082 -0.058552 -0.705894 -0.705894 -0.058216 -0.927581 -0.369060 -0.134256 -0.920908 -0.365928 -0.167865 -0.916092 -0.364140 0.190444 -0.362807 -0.912197 0.189583 -0.000000 -0.981865 0.191625 -0.694002 -0.694003 -0.043684 -0.369315 -0.928277 -0.043490 -0.000000 -0.999054 0.091016 -0.704171 -0.704172 0.090463 -0.925367 -0.368119 -0.093652 -0.925141 -0.367890 -0.094310 -0.703955 -0.703955 0.090054 -0.995937 0.000000 -0.093190 -0.995648 -0.000000 0.964594 -0.245337 0.096793 
						0.755415 -0.609029 0.241728 0.090464 -0.925367 0.368119 -0.093653 -0.925141 0.367890 -0.256597 -0.357081 -0.898137 -0.058216 -0.369060 -0.927581 0.190444 -0.912196 -0.362807 0.330502 -0.877058 -0.348624 0.286270 -0.958149 0.000000 0.287551 -0.889993 -0.353875 0.289341 -0.676861 -0.676861 0.358033 -0.867716 -0.344791 0.257767 0.897974 -0.356649 0.260033 0.682781 -0.682783 -0.233597 -0.972333 0.000000 -0.234882 -0.903356 -0.358856 -0.236896 -0.686979 -0.686979 0.174699 -0.984622 0.000000 0.175510 -0.914786 -0.363817 0.176635 -0.695988 -0.695988 0.090463 -0.368119 -0.925367 -0.093652 -0.367890 -0.925141 0.192173 0.912031 -0.362312 0.193851 0.693694 -0.693693 0.175510 -0.363817 -0.914786 0.266893 -0.355932 -0.895589 0.192174 0.362312 -0.912030 0.191104 0.000000 -0.981570 0.192174 -0.362311 -0.912031 0.358034 -0.344792 0.867716 0.175511 -0.914785 0.363818 0.266893 -0.895589 0.355933 -0.241635 -0.000000 0.970367 -0.242766 -0.358425 0.901441 -0.307183 -0.000000 0.951651 -0.308694 -0.351276 0.883919 -0.310950 -0.672053 0.672053 -0.244366 -0.685670 0.685669 0.193851 -0.693694 0.693694 0.192173 -0.912031 0.362311 0.358033 0.867716 0.344791 0.360605 0.659532 0.659531 0.268895 0.681063 0.681064 0.176636 0.695988 0.695989 0.175510 0.363818 0.914786 0.266893 0.355932 0.895589 -0.242765 0.901441 -0.358425 -0.244365 0.685670 -0.685669 0.193852 0.693693 0.693693 0.192175 0.362311 0.912030 0.191104 -0.000000 0.981570 0.287550 -0.353876 -0.889993 0.360847 -0.344401 -0.866705 0.257766 0.356649 -0.897975 -0.002878 0.369026 -0.929414 -0.002860 -0.000000 -0.999996 0.256344 0.000000 -0.966586 0.286271 0.000000 0.958149 0.287553 -0.353876 0.889992 0.289343 -0.676861 0.676860 -0.002878 -0.369027 -0.929414 0.257766 -0.356648 -0.897975 0.287552 -0.889992 0.353875 0.360847 -0.866705 0.344401 -0.002877 -0.929414 0.369027 
						0.257766 -0.897975 0.356649 0.190444 0.362806 -0.912197 -0.043685 0.369315 -0.928277 0.363401 0.658765 0.658763 0.289342 0.676861 0.676861 0.287551 0.353876 0.889992 0.360847 0.344401 0.866705 -0.002878 0.369027 0.929414 0.257766 0.356648 0.897975 -0.002907 0.707103 0.707104 0.260032 0.682782 0.682783 -0.956276 -0.272364 0.106557 -0.944419 -0.305712 0.120883 -0.944647 -0.231994 0.231994 -0.956119 -0.272323 0.108056 -0.956840 -0.205496 0.205496 -0.234882 -0.358857 -0.903356 -0.308695 -0.351275 -0.883919 -0.233597 -0.000000 -0.972334 -0.307184 0.000000 -0.951650 -0.308694 0.351276 -0.883919 -0.242765 0.358425 -0.901441 -0.241635 -0.000000 -0.970367 -0.242765 -0.358425 -0.901441 -0.236896 -0.686979 0.686979 -0.234881 -0.903356 0.358856 -0.308694 -0.883919 0.351276 -0.944419 0.305712 -0.120883 -0.944647 0.231994 -0.231994 -0.944463 0.328617 0.000000 -0.955695 0.294359 0.000000 -0.956119 0.272322 -0.108056 -0.956840 0.205496 -0.205496 -0.242766 -0.901441 0.358426 -0.310948 0.672054 0.672053 -0.236895 0.686980 0.686979 -0.234880 0.358857 0.903356 -0.308693 0.351276 0.883920 -0.233596 -0.000000 0.972334 -0.244366 0.685670 0.685669 -0.242765 0.358425 0.901441 -0.956840 0.205496 0.205496 -0.956119 0.108056 0.272323 -0.984896 0.064002 0.160881 -0.985307 0.120769 0.120769 -0.955695 0.000000 0.294359 -0.984661 0.000000 0.174481 -0.956119 -0.108056 0.272323 -0.984896 -0.064002 0.160881 -0.985307 -0.120769 0.120769 -0.944419 -0.120883 -0.305712 -0.944463 -0.000000 -0.328617 -0.955695 -0.000000 -0.294359 -0.956119 -0.108056 -0.272323 -0.984897 0.160880 -0.064002 -0.985307 0.120769 -0.120769 -0.984661 0.174480 -0.000000 -0.956119 0.272322 0.108056 -0.984896 0.160881 0.064002 -0.944419 0.305711 0.120883 -0.944647 0.231994 0.231994 -0.984896 -0.160882 0.064002 -0.984661 -0.174481 0.000000 -0.998278 0.054651 -0.021304 
						-0.984897 -0.160880 -0.064002 -0.985307 -0.120768 -0.120769 -0.976677 0.076655 -0.200563 -0.956276 0.106558 -0.272364 -0.976677 -0.200562 0.076655 -0.984896 -0.064001 -0.160881 -0.984661 0.000000 -0.174481 -0.956119 0.108056 -0.272323 -0.984896 0.064002 -0.160881 -0.944419 0.120883 -0.305712 0.440604 0.834884 0.329905 0.442054 0.634267 0.634267 0.529387 0.313033 0.788518 0.533376 0.598126 0.598126 -0.018077 0.929114 0.369352 -0.018218 0.706989 0.706989 0.018538 -0.929111 -0.369337 -0.956276 0.106557 0.272364 -0.944419 0.120883 0.305712 -0.944463 0.000000 0.328617 0.440605 0.329905 0.834883 0.440119 0.000000 0.897939 0.442054 -0.634267 0.634266 0.440605 -0.329906 0.834883 0.469167 -0.624452 0.624453 0.470165 -0.320392 0.822371 -0.976677 0.076654 0.200562 0.440604 -0.329906 -0.834883 0.440119 -0.000001 -0.897939 0.440605 0.329905 -0.834884 0.436521 0.331886 -0.836242 -0.895001 0.414740 -0.164205 -0.578032 0.758302 -0.301426 0.192173 -0.362311 0.912031 -0.234881 0.358857 -0.903356 0.663556 -0.695319 0.276088 0.460714 0.327631 -0.824864 0.332507 0.348473 -0.876359 0.541725 -0.297691 0.786075 0.532773 -0.598395 0.598395 -0.138093 0.365567 -0.920484 0.251529 0.899432 -0.357429 0.470165 -0.822371 0.320392 0.541726 -0.786075 0.297690 -0.234881 -0.358857 0.903356 0.866027 0.464714 0.184497 0.868078 0.351027 0.351027 -0.944419 -0.120883 0.305711 0.440604 -0.834884 0.329905 
					</float_array>
					<technique_common>
						<accessor count="1137" offset="0" source="#meshId0-normals-array" stride="3">
							<param name="X" type="float" />
							<param name="Y" type="float" />
							<param name="Z" type="float" />
						</accessor>
					</technique_common>
				</source>
				<source id="meshId0-tangents" name="meshId0-tangents">
					<float_array id="meshId0-tangents-array" count="3411"> 
						0.965562 0.181888 -0.186029 0.966571 0.193327 -0.168419 0.968124 0.238652 -0.076036 0.965160 0.242065 -0.099348 0.979605 0.185052 -0.078294 0.972980 0.230598 -0.011592 0.972046 0.222834 0.073975 0.972097 0.233926 0.017482 0.968749 0.248028 -0.002899 0.571485 -0.666389 0.478885 0.597707 -0.508575 0.619756 0.460175 -0.596493 0.657598 0.437566 -0.753358 0.490905 0.618394 -0.318737 0.718328 0.475750 -0.386302 0.790211 0.449766 -0.391433 0.802802 0.433777 -0.604588 0.668065 0.410777 -0.761540 0.501317 0.053365 0.398283 0.915709 0.041562 0.400533 0.915339 0.273167 0.533270 0.800627 0.347599 0.628119 0.696161 0.021927 0.400599 0.915991 0.104099 0.539881 0.835280 0.120526 0.638778 0.759892 0.450939 0.656501 0.604698 0.520780 0.770419 0.367754 0.806517 0.507972 0.302480 0.795706 0.414231 0.441887 0.948950 0.279217 0.146738 0.963479 0.249968 0.096041 0.796027 0.224408 0.562123 0.946186 0.219530 0.237779 0.101881 0.337096 0.935941 -0.003868 0.352531 0.935792 -0.001111 0.352283 0.935893 0.072952 0.344084 0.936100 -0.122136 0.364120 0.923309 -0.091625 0.359888 0.928485 -0.060100 0.356358 0.932414 -0.007137 0.352829 0.935661 0.041136 0.349350 0.936089 0.793199 -0.235475 0.561593 0.949494 -0.028496 0.312489 0.946526 0.113134 0.302141 0.794533 0.003920 0.607208 0.981353 0.071479 0.178429 0.975063 0.166673 0.146537 0.977418 0.189152 0.094211 0.983635 0.114095 0.139443 0.982880 0.132374 0.128159 0.976652 0.200699 0.076617 -0.268909 0.324220 0.906956 -0.195813 0.325613 0.925004 -0.142287 0.337215 0.930613 -0.202281 0.335082 0.920219 -0.101881 0.337096 0.935941 -0.072952 0.344085 0.936100 -0.041134 0.349326 0.936098 -0.087954 0.346200 0.934029 -0.132798 0.342931 0.929926 0.946110 0.321265 -0.040809 0.960663 0.277151 -0.017717 0.970978 0.228273 0.071369 
						0.961062 0.269244 0.062186 0.981080 0.149246 0.123317 0.975868 0.181587 0.121272 0.997044 -0.054867 -0.053792 0.999834 -0.013066 -0.012698 0.998624 -0.034969 0.039091 0.995902 -0.088802 0.017151 0.999981 -0.001696 0.005985 0.998708 -0.015944 0.048246 0.994372 0.002976 0.105901 0.994979 -0.017894 0.098470 0.992451 -0.075528 0.096629 0.871054 -0.239927 0.428603 0.899963 -0.099505 0.424458 0.913226 -0.013249 0.407238 0.883653 -0.156784 0.441108 0.924457 0.015963 0.380953 0.939667 0.091225 0.329703 0.951141 0.254178 0.175283 0.923430 0.190505 0.333145 0.895612 0.051999 0.441786 0.087940 0.346056 0.934083 0.142287 0.337215 0.930613 0.132825 0.343330 0.929775 0.202281 0.335082 0.920219 0.268909 0.324220 0.906956 0.195813 0.325614 0.925004 0.950688 -0.041007 0.307426 0.964003 0.058156 0.259453 0.971349 0.070802 0.226866 0.960415 -0.017712 0.278008 0.978007 0.114129 0.174576 0.981372 0.122260 0.148197 0.983984 0.123917 0.128138 0.976988 0.076050 0.199274 0.968324 -0.002898 0.249679 -0.824141 -0.441573 -0.354690 -0.882223 -0.427615 -0.197045 -0.840147 -0.517410 -0.162606 -0.791353 -0.523947 -0.315022 -0.830123 -0.553092 -0.070601 -0.779380 -0.622465 -0.071447 -0.706294 -0.697909 -0.118622 -0.715453 -0.666550 -0.209375 -0.658890 -0.674549 -0.332939 0.800870 -0.456348 0.387754 0.956641 -0.164195 0.240579 0.807834 -0.570461 0.148250 0.962297 -0.241828 0.124513 0.987655 -0.019504 0.155428 0.968222 -0.246694 -0.041083 0.815097 -0.554051 -0.169246 0.815150 -0.404759 -0.414369 0.969236 -0.175472 -0.172603 0.000445 0.356121 0.934440 -0.010776 0.388117 0.921547 -0.017937 0.307788 0.951286 -0.077274 0.154761 0.984925 -0.078076 0.055134 0.995422 -0.040831 0.395804 0.917427 -0.851227 -0.417222 -0.318337 -0.897661 -0.413249 -0.153070 -0.853112 -0.412145 -0.319901 -0.899644 -0.409616 -0.151180 
						-0.844888 -0.532476 -0.051318 -0.841768 -0.537605 -0.049067 0.109451 0.352189 0.929507 0.125364 0.347642 0.929209 0.058664 0.350332 0.934787 0.044697 0.352356 0.934798 0.016824 0.351856 0.935903 -0.000000 0.352369 0.935861 -0.026544 0.353549 0.935039 -0.089426 0.355764 0.930287 -0.109458 0.352031 0.929566 -0.044691 0.352710 0.934665 0.958314 0.242284 0.151436 0.957342 0.247433 0.149240 0.964815 0.203795 0.166133 0.966141 0.198958 0.164277 0.940605 0.303175 0.152798 0.947938 0.254652 0.191222 0.950486 0.217166 0.222296 0.967339 0.179564 0.178918 0.968719 0.175858 0.175090 0.718499 -0.488165 0.495433 0.758098 -0.333884 0.560186 0.878883 -0.153922 0.451522 0.843939 -0.296159 0.447278 0.787596 -0.172006 0.591697 0.906207 -0.033186 0.421530 0.952475 0.057697 0.299103 0.930236 -0.032809 0.365491 0.901172 -0.159556 0.403027 -0.058672 0.350587 0.934691 -0.125360 0.347163 0.929388 -0.016821 0.351797 0.935925 0.007137 0.352828 0.935661 0.026545 0.353549 0.935039 0.060101 0.356358 0.932414 0.089426 0.355765 0.930287 0.988461 0.132960 0.072576 0.989502 0.133170 0.056140 0.987519 0.125026 0.095784 0.992928 0.110723 0.042829 0.994301 0.105020 0.018337 0.995419 0.095565 0.002979 0.778554 -0.623477 -0.071623 0.847383 -0.503084 -0.169847 0.748108 -0.619333 -0.238246 0.686553 -0.709143 -0.160504 0.803093 -0.499675 -0.324603 0.701137 -0.618110 -0.355454 0.501113 -0.772356 -0.390323 0.541659 -0.785857 -0.298386 0.484169 -0.843952 -0.230923 0.952514 0.302978 0.030361 0.931669 0.354058 -0.081459 0.969788 0.222186 0.100723 0.953661 0.295953 0.054246 0.931920 0.360979 -0.034925 0.903873 0.396740 -0.160034 0.817944 0.148771 0.555730 0.823060 0.286788 0.490229 0.940251 0.194677 0.279338 0.934303 0.139922 0.327871 0.824718 0.406185 0.393515 0.942435 0.235945 0.236951 
						0.984317 0.124235 0.125241 0.982359 0.126316 0.137892 0.976539 0.128366 0.172900 0.967065 0.110686 0.229201 0.980917 0.130089 0.144496 0.969293 0.102244 0.223645 0.989318 0.117337 0.086499 0.996101 0.061865 0.062893 0.994492 0.086048 0.059852 0.999046 0.030348 0.031399 0.996926 0.076692 0.016033 0.998452 0.055579 -0.002172 0.999825 0.012676 0.013748 0.999196 0.038251 -0.011970 -0.800068 -0.497794 -0.334803 -0.700615 -0.617652 -0.357275 -0.748066 -0.621365 -0.233030 -0.847643 -0.497642 -0.183995 -0.501513 -0.772968 -0.388594 -0.541601 -0.788322 -0.291920 -0.483770 -0.844598 -0.229390 -0.687242 -0.708020 -0.162500 -0.782268 -0.617689 -0.080729 0.941407 0.147249 0.303432 0.948493 0.184544 0.257498 0.930658 0.206835 0.301818 0.923953 0.148853 0.352355 0.932719 0.254793 0.255178 0.943034 0.236663 0.233832 0.940565 0.198592 0.275497 0.933337 0.152164 0.325160 0.964751 0.166888 0.203477 0.966055 0.165297 0.198530 0.957247 0.149890 0.247409 0.958145 0.152568 0.242241 0.241879 -0.884698 0.398501 0.578189 -0.664436 0.473521 0.500864 -0.774559 0.386256 0.197281 -0.914749 0.352583 0.750721 -0.422788 0.507610 0.696382 -0.587636 0.411991 0.603034 -0.751798 0.266739 0.399339 -0.886591 0.233420 0.141773 -0.962253 0.232313 0.909054 -0.003644 0.416662 0.925436 0.034387 0.377340 0.945117 0.109522 0.307830 0.928938 0.089028 0.359373 0.925824 0.040382 0.375790 0.945598 0.114986 0.304340 0.950717 0.281153 -0.130732 0.932754 0.317956 -0.169925 0.922361 0.243181 -0.300188 0.938701 0.231042 -0.255851 0.823689 -0.105385 0.557163 0.846291 0.040445 0.531184 0.924799 0.095860 0.368182 0.904022 0.000435 0.427487 0.859150 0.166577 0.483852 0.937847 0.157020 0.309495 0.945903 0.192778 0.260967 0.866322 0.271036 0.419554 0.869226 0.352949 0.346226 0.948485 0.223970 0.224084 
						0.257190 -0.493048 0.831118 0.257632 -0.146700 0.955042 0.636922 -0.052608 0.769132 0.625191 -0.303561 0.719018 0.261980 0.114778 0.958224 0.649097 0.149257 0.745919 0.960534 -0.198740 0.194619 0.946970 -0.239377 0.214350 0.953555 -0.127508 0.272899 0.961913 -0.103660 0.252939 0.926853 -0.292557 0.235273 0.940735 -0.162283 0.297796 0.857373 -0.216763 0.466825 0.858781 -0.221958 0.461768 0.820073 -0.394192 0.414840 0.817966 -0.391325 0.421658 0.844323 -0.272140 0.461581 0.804582 -0.439359 0.399514 0.746234 -0.610470 0.265445 0.765415 -0.574210 0.290558 0.766189 -0.571472 0.293896 0.813527 -0.501163 0.294974 0.865114 -0.319430 0.386707 0.907758 -0.226288 0.353227 0.864888 -0.404948 0.296624 0.931710 -0.081462 0.353950 0.952158 0.030821 0.304048 0.288791 -0.941348 0.174539 0.371523 -0.871666 0.319640 0.484852 -0.800308 0.352740 0.396888 -0.898998 0.185156 0.533374 -0.672547 0.513023 0.659080 -0.640490 0.394190 0.567638 -0.788194 0.237777 0.614587 0.728803 -0.301876 0.593717 0.631309 -0.498948 0.458782 0.662742 -0.591854 0.474787 0.793567 -0.380563 0.565553 0.495225 -0.659471 0.435608 0.497765 -0.749984 0.409202 0.507001 -0.758619 0.432719 0.672098 -0.600865 0.449120 0.805115 -0.387403 0.565524 -0.514366 0.644678 0.589184 -0.316105 0.743599 -0.352936 -0.916339 -0.189102 -0.005574 -0.930686 -0.365778 0.004642 -0.936230 -0.351356 -0.334190 -0.916166 -0.221264 0.380489 -0.781045 -0.495173 0.375710 -0.800853 -0.466344 0.333083 -0.830860 -0.445789 0.061816 -0.930003 -0.362317 -0.262428 -0.926795 -0.268666 0.905491 0.357945 -0.227950 0.874533 0.283754 -0.393287 0.870113 0.377581 -0.316758 0.831342 0.273245 -0.483950 0.989700 0.035841 0.138598 0.988059 0.059666 0.142051 0.470093 0.623042 0.625165 0.470995 0.783268 0.405776 0.617496 0.694247 0.369755 0.618099 0.556175 0.555538 
						0.469750 0.870866 0.144666 0.614492 0.774831 0.148443 0.819344 0.556681 0.137046 0.824180 0.497454 0.270679 0.637131 -0.101864 0.763995 0.490360 -0.131778 0.861500 0.645643 0.127853 0.752861 0.497396 0.138701 0.856364 0.469964 0.141540 0.871264 0.463388 -0.133526 0.876038 0.463023 0.876794 -0.129778 0.606031 0.790603 -0.087595 0.588992 0.744117 -0.315243 0.788878 0.588749 -0.176198 0.808033 0.589045 -0.010394 0.968173 0.227170 0.105045 0.925151 0.374841 0.059907 0.906164 0.421632 -0.033063 0.976859 0.172957 0.125824 0.934800 0.328045 0.136145 0.940145 0.278776 0.195989 0.982264 0.137344 0.127647 0.986024 0.099217 0.133837 0.981429 0.143456 0.127350 0.992252 0.042800 0.116635 0.989340 0.086501 0.117150 0.052966 0.289103 0.955832 0.058645 0.344892 0.936809 0.445519 0.283203 0.849299 0.301927 -0.092105 0.948871 0.815621 0.184569 0.548358 0.414007 -0.401109 0.817135 0.564905 0.646450 -0.512820 0.531897 0.516979 -0.670685 0.720109 0.492006 -0.489258 0.761046 0.553172 -0.338836 0.371176 0.320742 -0.871409 0.481974 0.359459 -0.799056 0.287026 0.178937 -0.941062 0.384238 0.208330 -0.899422 0.565481 0.240570 -0.788897 0.662821 0.387634 -0.640632 0.367824 -0.800903 -0.472504 0.012997 -0.932276 -0.361514 0.013919 -0.933809 -0.357500 0.311329 -0.839563 -0.445206 -0.322197 -0.925204 -0.200468 -0.275399 -0.930167 -0.242787 -0.180859 -0.943179 -0.278754 0.007001 -0.933297 -0.359037 0.204365 -0.880804 -0.427106 0.523160 0.322819 -0.788728 0.397332 0.310265 -0.863633 0.445344 0.137834 -0.884687 0.313860 0.159765 -0.935931 0.973712 0.143303 0.177057 0.840689 0.146567 0.521306 0.829471 0.004165 0.558534 0.961011 0.133483 0.242159 0.808655 -0.153102 0.568011 0.940946 0.082400 0.328377 0.795438 0.395598 -0.459108 0.724686 0.270242 -0.633876 0.843233 0.448770 -0.295912 
						0.878340 0.452824 -0.153199 0.606052 -0.087753 0.790570 0.614444 0.148955 0.774771 0.807455 -0.007212 0.589885 0.856579 0.468373 -0.216562 0.858741 0.461848 -0.221949 0.895587 0.438298 -0.076278 0.894686 0.441285 -0.069311 0.843855 0.462526 -0.271990 0.879476 0.459453 -0.124201 0.908473 0.417937 -0.002101 0.925653 0.376859 0.033825 0.925863 0.375707 0.040284 0.471112 0.403208 0.784523 0.617446 0.370590 0.693847 0.647045 0.344690 0.680090 0.498272 0.395622 0.771497 0.644591 0.529913 0.551084 0.496426 0.611901 0.615742 0.995046 0.097794 -0.017894 0.989812 0.137873 0.035551 0.992020 0.100981 -0.075496 0.985975 0.166211 -0.015079 0.980857 0.180344 0.073449 0.984091 0.137668 0.112309 0.824142 -0.441574 -0.354687 0.882223 -0.427616 -0.197045 0.840147 -0.517409 -0.162608 0.791352 -0.523947 -0.315026 0.830123 -0.553093 -0.070600 0.779381 -0.622463 -0.071448 0.702258 -0.703650 -0.108214 0.714226 -0.672778 -0.193007 0.660537 -0.676235 -0.326185 0.996826 0.015472 0.078093 0.994406 0.059303 0.087410 0.853111 -0.412145 -0.319902 0.851227 -0.417223 -0.318336 0.697587 -0.549731 -0.459530 0.697894 -0.547534 -0.461682 0.668174 -0.568838 -0.479548 0.396546 -0.772443 -0.496069 0.399192 -0.771399 -0.495570 -0.333103 -0.830862 -0.445770 -0.512365 -0.743931 -0.429009 -0.220575 -0.895976 -0.385453 -0.061810 -0.930001 -0.362323 -0.384643 -0.854372 -0.349426 0.000000 -0.933486 -0.358613 0.147286 -0.933423 -0.327151 0.262031 -0.927026 -0.268259 -0.478313 -0.834979 -0.272080 -0.533493 -0.824341 -0.189334 -0.147725 -0.933010 -0.328129 -0.600284 -0.791636 -0.113891 -0.636879 -0.768235 -0.064814 0.512364 -0.743932 -0.429009 0.220576 -0.895976 -0.385451 0.382510 -0.849634 -0.363054 0.481010 -0.829515 -0.283785 0.536641 -0.821171 -0.194150 0.928377 0.360184 0.091561 0.911553 0.404800 0.072171 0.923748 0.352277 0.150301 
						0.891457 0.451696 -0.035715 0.900376 0.434877 -0.014335 0.920526 0.381088 0.086050 0.933505 0.325216 0.151010 0.650013 -0.616317 -0.444563 0.945256 0.307622 0.108901 0.945795 0.304051 0.114123 0.367418 -0.912960 -0.177503 0.353218 -0.917590 -0.182387 -0.005003 -0.930318 -0.366721 0.000357 -0.929410 -0.369049 0.322197 -0.925204 -0.200467 -0.012998 -0.932276 -0.361514 -0.367823 -0.800902 -0.472507 -0.387784 -0.779278 -0.492290 -0.399192 -0.771399 -0.495570 0.262789 0.431646 0.862916 0.652140 0.367748 0.662929 0.264848 0.673561 0.690051 0.654048 0.536475 0.533307 0.636879 -0.768235 -0.064814 0.600283 -0.791637 -0.113889 0.352933 -0.916340 -0.189101 0.334194 -0.916164 -0.221267 0.867077 0.423416 0.262480 0.945889 0.260893 0.192948 0.860411 0.484563 0.157768 0.937807 0.309482 0.157286 -0.270824 0.351703 0.896080 -0.292439 0.335780 0.895394 -0.214707 0.342332 0.914719 -0.194107 0.352321 0.915529 0.924715 0.368297 0.096225 0.847967 0.529050 0.032517 0.825627 0.553210 -0.110898 0.903852 0.427845 0.000874 0.262132 0.851317 0.454474 0.652450 0.665107 0.363238 0.261195 0.955353 0.138121 0.649462 0.746341 0.145513 0.763376 0.297047 -0.573602 0.762834 0.293467 -0.576161 0.819996 0.414966 -0.394220 0.816802 0.423521 -0.391745 0.744584 0.267377 -0.611641 0.804210 0.400132 -0.439477 0.791491 0.552029 -0.262309 0.871378 0.475176 -0.122101 0.750444 0.508149 -0.422632 0.830662 0.484619 -0.274124 0.786438 0.389593 -0.479304 0.828652 0.462031 -0.316011 0.713690 0.260145 -0.650362 0.736853 0.257474 -0.625103 0.797685 0.393501 -0.457007 0.838944 0.459074 -0.292274 0.785600 0.425242 -0.449445 0.695711 0.413085 -0.587662 0.602144 0.267794 -0.752137 0.716245 0.294374 -0.632722 0.255543 0.843816 -0.471881 0.237400 0.723899 -0.647774 0.592846 0.648004 -0.478146 0.625512 0.718146 -0.304961 
						0.238910 0.423466 -0.873841 0.577042 0.476763 -0.663114 0.871040 0.281162 0.402787 0.888656 0.399689 0.224808 0.911208 0.333168 0.242279 0.888894 0.213551 0.405294 0.908521 0.417832 -0.002527 0.931776 0.360873 0.039563 0.957863 0.205058 0.201120 0.932962 0.135333 0.333568 0.905280 0.002590 0.424808 0.239336 -0.660054 0.712072 0.591148 -0.474312 0.652359 0.789614 -0.259591 0.555987 0.786294 -0.449261 0.424154 0.717146 -0.632160 0.293387 0.831177 -0.274293 0.483640 -0.013919 -0.933809 -0.357501 -0.311328 -0.839562 -0.445208 0.275401 -0.930165 -0.242790 0.180860 -0.943178 -0.278755 -0.007001 -0.933297 -0.359037 -0.204366 -0.880805 -0.427104 0.871700 -0.122490 0.474484 0.895047 -0.069726 0.440488 0.942388 0.098080 0.319820 0.959445 0.144997 0.241745 0.954106 0.143587 0.262801 0.973395 0.150581 0.172706 0.986831 0.151265 -0.057295 0.971580 0.234493 0.032321 0.447013 -0.884331 0.134676 0.649772 -0.742444 0.163013 0.708092 -0.613900 0.348902 0.530800 -0.791001 0.304253 0.838677 -0.478801 0.259560 0.851310 -0.329612 0.408200 0.876718 -0.159419 0.453818 0.750030 -0.465089 0.470263 0.642968 0.749742 0.156458 0.841468 0.521788 0.140243 0.830582 0.556893 -0.001844 0.633481 0.770135 -0.074794 0.973701 0.177055 0.143383 0.960585 0.242815 0.135344 0.940840 0.328614 0.082664 0.809929 0.565076 -0.157173 0.911426 -0.016212 0.411143 0.783195 -0.312389 0.537605 -0.053365 0.398282 0.915709 -0.041563 0.400534 0.915339 -0.273167 0.533269 0.800627 -0.347600 0.628118 0.696163 -0.021809 0.402554 0.915137 -0.097215 0.552177 0.828039 -0.099186 0.652018 0.751688 -0.450941 0.656499 0.604699 -0.520782 0.770417 0.367756 0.782718 0.538746 -0.311616 0.910884 0.412366 -0.015622 0.876132 0.454985 -0.159314 0.748773 0.473028 -0.464310 0.845406 0.272415 0.459433 0.981019 0.134429 0.139753 
						0.983340 0.129480 0.127580 0.845874 0.379477 0.374826 0.896153 0.039011 0.442027 0.882977 0.219873 0.414738 0.874780 0.043720 0.482544 0.874108 -0.143488 0.464053 0.868864 0.111779 0.482266 0.884211 -0.054757 0.463867 0.889587 -0.122884 0.439924 0.862391 -0.330138 0.383785 0.975424 0.145786 -0.165211 0.983522 0.001409 -0.180781 0.988801 0.011655 -0.148786 0.980888 0.142816 -0.132146 0.985579 -0.122866 -0.116354 0.990791 -0.096048 -0.095432 0.999916 0.008352 0.009951 0.997714 0.066390 -0.012604 0.989751 0.142247 0.012618 0.974807 -0.165105 0.149969 0.962220 -0.071938 0.262596 0.967822 -0.042546 0.248012 0.980750 -0.132126 0.143780 0.945319 0.085336 0.314785 0.952681 0.102171 0.286286 0.960316 0.205814 0.188237 0.976452 0.091142 0.195537 0.989490 0.012615 0.144047 0.845847 0.462067 0.266528 0.645428 0.667441 0.371409 0.981202 0.140732 0.132052 0.018030 0.309378 0.950768 0.037149 0.308013 0.950657 0.257809 0.180548 0.949177 0.083448 0.167127 0.982398 0.449503 -0.012402 0.893193 0.097484 0.068839 0.992854 0.498045 0.769188 0.400376 0.497004 0.855690 0.144156 -0.037149 0.308012 0.950657 -0.257809 0.180549 0.949177 -0.052966 0.289103 0.955832 -0.301926 -0.092106 0.948871 -0.414003 -0.401112 0.817136 -0.449504 -0.012400 0.893192 0.875708 0.407454 0.259068 0.877250 0.420400 0.231727 0.872234 0.485870 0.056023 0.873546 0.478437 0.089533 0.895065 0.442897 0.051967 0.878423 0.460408 -0.128054 0.875536 0.376016 -0.303394 0.897960 0.430565 -0.091003 0.894846 0.442003 -0.062326 -0.058644 0.344893 0.936808 -0.445519 0.283202 0.849299 -0.815621 0.184564 0.548360 0.983751 0.155956 0.088953 0.984121 0.151729 -0.092110 0.970661 0.240437 -0.002649 0.970191 0.177186 0.165333 0.962440 0.261679 -0.072342 0.947710 0.309166 0.079137 0.953496 0.267200 0.139458 
						0.950656 0.149162 0.272038 0.948921 0.314409 -0.026371 0.947123 0.301250 0.110484 0.976434 0.144218 0.160557 0.793034 0.562113 -0.234791 0.792915 0.609212 0.012064 0.797200 0.562951 0.218077 0.946976 0.237978 0.215879 0.972281 0.073993 0.221800 0.797480 0.446670 0.405601 0.947701 0.144209 0.284722 0.807301 0.307616 0.503624 0.962582 0.090119 0.255567 0.980001 -0.076782 0.183584 0.971749 -0.013689 0.235618 0.977752 0.093640 0.187701 0.972216 0.017484 0.233430 0.796289 -0.458863 0.394168 0.725678 -0.633228 0.269098 0.808386 0.143674 -0.570850 0.803528 0.372190 -0.464561 0.956747 0.239969 -0.164467 0.963030 0.118339 -0.242012 0.122136 0.364120 0.923309 0.217577 0.363121 0.905982 0.160549 0.359508 0.919227 0.091625 0.359888 0.928486 0.270824 0.351704 0.896079 0.194107 0.352321 0.915529 0.968424 -0.044884 -0.245237 0.995977 0.015683 -0.088224 0.814404 -0.154753 -0.559283 0.988226 0.073139 0.134389 0.994133 0.018334 0.106601 0.985213 -0.042887 0.165879 0.958457 -0.238668 0.156199 0.967501 -0.251939 -0.021671 0.995703 -0.070669 0.059852 0.941382 -0.303870 0.146505 0.949099 -0.310555 -0.052597 0.950426 -0.220003 -0.219747 0.969681 -0.174148 -0.171436 0.999024 -0.034180 -0.027964 0.489755 0.862730 -0.125843 0.646872 -0.614758 -0.451253 0.554082 -0.704721 -0.443127 0.384679 -0.814668 -0.433979 0.998651 0.038574 -0.034764 -0.191625 -0.923742 -0.331633 -0.141821 -0.987997 -0.061219 -0.158987 -0.805073 -0.571472 0.189271 -0.692277 -0.696368 0.263742 -0.897747 -0.352833 0.168075 -0.979181 0.113821 -0.384681 -0.814669 -0.433976 -0.120275 -0.860655 -0.494779 -0.050657 -0.868269 -0.493501 0.050312 -0.823753 -0.564712 0.151066 -0.814774 -0.559752 -0.353220 -0.917589 -0.182388 -0.639182 -0.767279 -0.052247 -0.596140 -0.798446 -0.084265 -0.367419 -0.912960 -0.177503 -0.668274 -0.741924 -0.054389 
						-0.823887 -0.564984 -0.044750 0.949841 -0.281000 0.137262 0.937164 -0.181644 0.297875 0.966674 -0.044927 0.252036 0.980454 -0.135890 0.142279 0.920170 0.001095 0.391518 0.949833 0.105385 0.294467 0.191618 -0.923746 -0.331625 0.141822 -0.987997 -0.061226 0.158983 -0.805073 -0.571473 -0.189269 -0.692275 -0.696371 -0.263742 -0.897752 -0.352818 -0.168076 -0.979182 0.113815 0.911679 0.071588 0.404619 0.920667 0.085415 0.380889 0.900486 -0.014628 0.434639 0.891669 -0.036296 0.451231 0.120277 -0.860654 -0.494781 0.050657 -0.868268 -0.493503 -0.050311 -0.823753 -0.564712 -0.151064 -0.814776 -0.559750 -0.004615 -0.919594 -0.392843 -0.039307 -0.979203 -0.199040 0.033643 -0.991829 -0.123056 0.014626 -0.909158 -0.416194 -0.360862 -0.899842 -0.245077 -0.118117 -0.955818 -0.269185 0.152711 -0.963396 -0.220333 -0.520552 -0.837920 -0.164063 0.874941 0.258842 0.409243 0.897842 0.377488 0.226679 0.924833 0.251926 0.284987 0.896553 0.124261 0.425149 0.918297 0.395845 0.006216 0.950083 0.293884 0.104753 0.004615 -0.919594 -0.392842 0.039307 -0.979203 -0.199041 -0.033643 -0.991829 -0.123057 -0.014626 -0.909159 -0.416193 0.360862 -0.899842 -0.245078 0.118115 -0.955820 -0.269180 -0.152708 -0.963399 -0.220325 0.596141 -0.798445 -0.084267 0.520554 -0.837918 -0.164066 0.639182 -0.767279 -0.052246 0.668274 -0.741924 -0.054388 0.844888 -0.532476 -0.051317 0.823888 -0.564984 -0.044751 -0.887488 -0.432470 -0.159171 -0.839318 -0.433387 -0.328208 -0.680582 -0.565271 -0.466131 -0.697895 -0.547533 -0.461682 -0.646870 -0.614758 -0.451255 0.841826 -0.323948 0.431726 0.870254 -0.180138 0.458484 0.889367 -0.110999 0.443516 0.860800 -0.257185 0.439180 0.894081 -0.047871 0.445340 0.914733 0.012829 0.403854 0.923821 0.060090 0.378078 0.896117 -0.081028 0.436359 0.887488 -0.432469 -0.159172 0.899644 -0.409618 -0.151176 0.839318 -0.433387 -0.328208 
						0.387785 -0.779278 -0.492290 0.680581 -0.565271 -0.466131 0.956441 0.146255 -0.252647 0.941445 0.302629 -0.148651 0.948267 0.148623 -0.280536 0.933791 0.312170 -0.174886 0.924084 0.380894 0.031452 0.870058 0.430774 -0.239651 0.882657 0.443161 -0.156606 0.912708 0.408416 -0.012680 0.899080 0.426583 -0.098397 0.922873 0.334415 0.190976 0.949331 0.179340 0.258083 0.939294 0.330513 0.092130 0.923890 0.382258 0.017493 0.955910 -0.252506 0.149922 0.940618 -0.147097 0.305942 0.985741 -0.057231 0.158241 0.969790 0.035178 0.241390 0.922443 0.035662 0.384482 0.887929 0.457421 -0.048454 0.895865 0.426626 0.124166 0.914207 0.362717 -0.180728 0.837365 0.261268 -0.480165 0.851714 0.407512 -0.329418 0.910430 -0.011605 0.413501 0.889374 -0.173153 0.423122 0.862766 -0.332949 0.380498 0.893820 -0.176134 0.412386 0.839602 -0.397392 0.370335 0.796662 -0.554674 0.240138 0.827238 -0.495689 0.264517 0.886327 -0.335444 0.319221 0.826084 -0.417437 0.378592 0.805929 -0.475620 0.352510 0.872321 -0.251963 0.419012 0.849458 -0.423946 0.314151 0.764237 -0.589127 0.262434 0.747621 -0.628120 0.215702 0.901489 0.404975 0.152687 0.895113 0.445646 -0.013120 0.898711 0.436485 -0.042419 0.906781 0.403516 0.122162 0.903716 0.391846 -0.172495 0.908890 0.369333 -0.193680 0.884996 0.321028 -0.337228 0.892918 0.414058 -0.176787 0.909869 0.414734 -0.011599 0.914949 -0.179377 0.361514 0.888721 -0.047753 0.455955 0.895171 -0.061626 0.441442 0.873229 0.089176 0.479081 0.968042 0.247084 -0.042948 0.976679 0.194577 0.090764 0.959667 0.189819 0.207385 0.951922 0.288099 0.104130 0.899864 -0.087103 0.427384 0.874274 0.058171 0.481935 0.876674 -0.301873 0.374588 0.879443 -0.127296 0.458667 0.877168 0.231706 0.420582 -0.221267 0.319172 0.921505 -0.115870 0.333018 0.935774 -0.299125 0.318511 0.899486 
						-0.264759 0.324822 0.907961 -0.197091 0.324964 0.924961 -0.103511 0.336068 0.936132 0.989517 -0.002830 0.144389 0.956248 0.253603 0.145863 0.963488 0.211213 0.164562 0.997585 -0.028279 0.063442 0.923498 0.355376 0.144428 0.929704 0.305087 0.206332 0.931632 0.257899 0.256027 0.965600 0.183616 0.184125 0.999991 0.000145 -0.004255 0.900473 0.356377 0.249288 0.839406 0.421646 -0.342947 0.872636 0.458386 -0.168492 0.794917 0.304996 -0.524485 0.860246 0.386302 -0.332788 0.871338 0.468634 -0.145440 0.893189 0.447998 0.038883 0.930342 0.244295 0.273466 0.927421 0.271991 0.256733 0.936036 0.118675 0.331291 0.908211 0.122355 0.400227 0.905812 0.153420 0.394926 0.871094 -0.231020 0.433387 0.840081 -0.390636 0.376386 0.887167 -0.167912 0.429815 0.793683 -0.553865 0.251597 0.879395 -0.334837 0.338451 0.909606 -0.192430 0.368222 0.899407 -0.041772 0.435111 0.904882 -0.170422 0.390057 0.897285 -0.011000 0.441314 0.971739 0.189189 0.141180 0.978750 0.151207 0.138510 0.997559 -0.013454 0.068524 0.953988 0.262769 0.144429 0.960901 0.219039 0.169383 0.963170 0.189739 0.190535 0.981030 0.137745 0.136403 0.892981 -0.085340 0.441930 0.895018 -0.249687 0.369594 0.905555 0.084757 0.415676 0.929161 0.213944 0.301476 0.905706 0.423899 0.002590 0.871372 0.432789 -0.231093 0.900230 0.426192 -0.089142 0.932310 0.335135 0.135953 0.841192 0.433143 -0.323702 0.869050 0.461411 -0.178474 0.893302 0.447133 -0.045651 0.924760 0.379566 0.027378 0.957519 0.201933 0.205867 0.934596 0.086881 0.344937 0.906551 -0.021605 0.421544 0.872873 -0.143555 0.466352 0.948422 0.251708 0.192711 0.924078 0.178041 0.338203 0.874076 -0.168771 0.455529 0.838938 -0.292273 0.459085 0.795749 -0.523771 0.304052 0.840126 -0.342630 0.420468 0.737567 -0.624611 0.256625 0.799494 -0.456472 0.390439 
						0.956054 -0.038892 -0.290598 0.988442 0.007828 -0.151396 0.981086 0.137772 -0.135977 0.957813 -0.200352 -0.206042 0.990238 -0.098938 -0.098186 0.863742 -0.167544 0.475268 0.879996 -0.124849 0.458278 0.828929 -0.316116 0.461463 0.924319 0.286270 0.252358 0.897365 0.227966 0.377845 0.899967 0.250583 0.356746 0.930504 0.273043 0.244150 0.936832 0.329317 0.117881 0.922319 0.270092 0.276366 0.955199 0.257472 0.145956 0.969310 0.187158 0.159407 0.933823 0.346560 0.088718 0.948063 0.193488 0.252464 0.968391 0.051527 0.244058 0.950661 0.272026 0.149150 0.924833 0.375760 0.059069 0.929790 0.299925 0.213392 0.952880 0.140952 0.268612 0.896962 0.434604 -0.081105 0.906084 0.414511 0.084807 0.197083 0.353637 -0.914385 0.500352 0.387332 -0.774352 0.141480 0.233560 -0.961994 0.398679 0.234509 -0.886601 0.873334 0.417257 -0.251365 0.893561 0.440851 -0.084853 0.849199 0.314468 -0.424229 0.896586 0.367402 -0.247285 0.883987 0.044988 0.465342 0.903985 -0.103198 0.414924 0.912385 0.062201 0.404581 0.934008 0.102075 0.342359 0.923336 0.145614 0.355312 0.946982 0.152229 0.282934 0.904970 0.425009 -0.019896 0.921929 0.343063 0.179875 0.873026 0.466006 -0.143750 0.854497 -0.325081 0.405163 0.813157 -0.501609 0.295236 0.988373 -0.151792 0.008851 0.956574 -0.287766 -0.046437 0.966059 -0.183980 -0.181334 0.964207 -0.263411 -0.030338 0.998280 -0.043504 -0.039301 0.995275 -0.082704 0.050868 0.988741 -0.149112 0.012499 0.982861 -0.184078 0.010010 0.978226 0.148213 0.145281 0.969410 0.158770 0.187178 0.981468 0.135311 0.135687 0.996384 0.051677 -0.067449 0.986146 0.160228 -0.042928 0.995847 0.065780 0.062936 0.992946 0.055361 0.104846 0.993044 -0.113286 0.032087 0.995542 -0.065784 -0.067591 0.984071 0.088981 0.153906 0.984443 -0.092141 0.149608 0.256231 0.958690 -0.123531 
						0.637741 0.768078 -0.057822 0.969958 0.165684 0.178128 0.970434 -0.002261 0.241356 0.964449 -0.033814 -0.262099 0.995719 0.045351 -0.080537 0.978179 0.145062 0.148737 0.940866 0.277039 0.194991 0.946677 0.282843 0.154280 0.954477 0.235692 0.182821 0.957224 0.203195 0.205995 0.930619 0.301607 0.207321 0.899528 -0.088284 0.427850 0.924687 0.027568 0.379729 0.962338 -0.231196 0.143018 0.969993 -0.241686 -0.026487 0.971534 -0.166404 -0.168617 0.972991 0.172635 0.153253 0.981354 0.133152 0.138620 0.984274 0.123455 0.126344 0.992633 0.108531 0.053865 0.992863 0.034405 -0.114189 0.917395 -0.035846 0.396360 0.942440 0.064694 0.328057 0.981666 0.134846 0.134712 0.960985 0.168328 0.219483 0.960303 0.122062 0.250836 0.971684 0.141566 0.189179 0.978616 0.140217 0.150502 0.863399 0.476049 -0.167092 0.959185 0.242126 0.146078 0.942165 0.320161 0.099105 0.881366 0.418360 0.219473 0.902759 0.256670 0.345176 0.872742 0.398698 0.281712 0.891297 0.217650 0.397767 0.910280 -0.007245 0.413930 0.924319 0.049038 0.378456 0.942457 0.328016 0.064648 0.960085 0.251184 0.123057 0.787002 -0.479156 0.388636 0.711224 -0.651901 0.263033 0.796549 0.240283 -0.554773 0.809674 0.299323 -0.504811 0.852816 0.408037 -0.325900 0.839007 0.371414 -0.397641 0.904144 0.344149 0.253149 0.923855 0.379439 0.050187 0.826732 0.265160 -0.496190 0.862690 0.380636 -0.332989 0.889397 0.423072 -0.173159 0.954783 0.179194 0.237233 0.929510 0.208699 0.304065 0.943673 0.106621 0.313230 0.976192 0.202621 0.077428 0.989231 0.146335 -0.002829 0.956360 0.145071 0.253633 0.859723 0.441473 -0.256864 0.888918 0.444552 -0.110444 0.914423 0.404529 0.013634 0.997134 0.069209 -0.030567 0.963541 0.163887 0.211496 0.933799 0.342655 0.102989 0.912205 0.404851 0.063066 0.976002 0.077744 0.203412 
						0.943487 0.313506 0.107450 0.955369 0.145264 0.257232 0.968590 0.243329 0.051227 0.746175 0.217572 -0.629194 0.761375 0.265834 -0.591304 0.825361 0.379865 -0.417710 0.805820 0.352712 -0.475655 0.886882 0.430322 -0.168115 0.839372 0.377655 -0.390937 0.878692 0.339367 -0.335754 0.792863 0.252619 -0.554574 0.003868 0.352531 0.935792 0.005674 0.352499 0.935795 0.136057 0.366436 0.920442 0.005426 0.352298 0.935872 0.119993 0.364661 0.923377 0.969793 -0.023583 -0.242787 0.949121 -0.052931 -0.310430 0.962428 0.142377 -0.231217 0.941774 0.143695 -0.303996 0.926943 0.319473 -0.196759 0.942737 0.306256 -0.132115 0.959117 0.151836 -0.238833 0.967764 -0.025246 -0.250589 0.931510 0.040261 0.361480 0.948274 -0.131843 0.288779 0.926773 -0.196422 0.320172 -0.005674 0.352500 0.935795 -0.136057 0.366436 0.920442 0.115870 0.333017 0.935774 0.103511 0.336068 0.936132 -0.005426 0.352298 0.935872 -0.119993 0.364660 0.923377 0.942554 -0.131785 0.306962 0.882478 0.466713 -0.058406 0.903707 0.415389 -0.103760 0.883866 0.465585 0.044860 0.868555 0.482906 0.111417 0.889989 0.402746 0.213813 0.885532 0.445923 -0.130328 0.872401 0.487044 0.041289 0.264759 0.324821 0.907962 0.292932 0.336305 0.895036 0.173111 0.345769 0.922213 0.155081 0.336366 0.928875 0.275422 0.352886 0.894212 0.162910 0.358104 0.919360 0.216690 0.364770 0.905532 0.126865 0.365590 0.922090 0.069427 0.362839 0.929262 -0.328701 0.332244 0.884065 -0.307645 0.351518 0.884189 -0.275422 0.352886 0.894212 -0.292932 0.336306 0.895036 -0.003290 0.352189 0.935923 -0.069426 0.362840 0.929262 0.060469 0.341252 0.938025 0.197091 0.324964 0.924962 0.115485 0.334973 0.935124 0.221267 0.319172 0.921504 0.299125 0.318511 0.899486 0.003290 0.352189 0.935923 -0.060469 0.341252 0.938025 -0.000758 0.351144 0.936321 
						-0.115484 0.334974 0.935123 -0.155080 0.336367 0.928874 -0.160549 0.359507 0.919227 -0.217577 0.363120 0.905982 0.001112 0.352282 0.935893 -0.173111 0.345771 0.922212 -0.162910 0.358103 0.919360 -0.216690 0.364771 0.905532 -0.126865 0.365589 0.922090 -0.244000 0.365452 0.898281 0.897661 -0.413249 -0.153070 0.841767 -0.537606 -0.049065 0.710732 0.343883 -0.613682 0.661793 0.145317 -0.735468 0.970949 -0.071844 0.228245 0.971791 -0.153775 0.178817 0.998369 -0.002747 0.057021 0.292439 0.335781 0.895394 0.328701 0.332244 0.884064 0.307645 0.351516 0.884189 0.653906 -0.755133 -0.046703 0.356132 -0.917987 -0.174556 -0.396544 -0.772442 -0.496071 0.006244 -0.928875 -0.370342 -0.380483 -0.781045 -0.495178 0.005569 -0.930686 -0.365776 0.214707 0.342331 0.914719 -0.653906 -0.755133 -0.046702 -0.356132 -0.917987 -0.174555 -0.006245 -0.928875 -0.370341 -0.000357 -0.929410 -0.369049 -0.018860 0.332607 0.942877 -0.048120 0.337069 0.940249 0.917701 0.395617 -0.036206 0.948452 0.288039 -0.132183 -0.554080 -0.704721 -0.443128 0.005003 -0.930317 -0.366722 0.924069 0.065357 0.376597 -0.004630 -0.936228 -0.351364 -0.375711 -0.800853 -0.466343 0.967830 0.247172 -0.047032 0.895414 -0.076075 0.438686 -0.668175 -0.568838 -0.479547 -0.650016 -0.616317 -0.444560 0.910820 0.243310 0.333476 0.400651 -0.865734 0.299974 0.324647 -0.936363 0.133523 0.243999 0.365452 0.898281 -0.697588 -0.549731 -0.459529 
					</float_array>
					<technique_common>
						<accessor count="1137" offset="0" source="#meshId0-tangents-array" stride="3">
							<param name="X" type="float" />
							<param name="Y" type="float" />
							<param name="Z" type="float" />
						</accessor>
					</technique_common>
				</source>
				<source id="meshId0-bitangents" name="meshId0-bitangents">
					<float_array id="meshId0-bitangents-array" count="3411"> 
						-0.260155 0.683317 -0.682200 -0.255751 0.680287 -0.686878 -0.249818 0.898123 -0.361893 -0.261642 0.897192 -0.355795 -0.185663 0.684622 -0.704856 -0.217928 0.900616 -0.376030 -0.222191 0.974856 -0.016909 -0.233888 0.972254 -0.004206 -0.248027 0.968753 0.000742 0.311747 -0.363517 -0.877878 0.251865 -0.614784 -0.747399 0.195544 -0.654398 -0.730429 0.246557 -0.424496 -0.871213 0.182152 -0.831030 -0.525557 0.141783 -0.852966 -0.502341 0.136741 -0.858071 -0.494991 0.188192 -0.664307 -0.723381 0.237997 -0.441222 -0.865263 -0.023171 0.917263 -0.397608 -0.041389 0.916035 -0.398958 -0.352634 0.829855 -0.432423 -0.280593 0.778117 -0.561962 -0.055914 0.915269 -0.398945 -0.433731 0.780416 -0.450365 -0.806210 0.509620 -0.300523 -0.680098 0.691482 -0.243553 -0.629325 0.637538 -0.444404 -0.118448 0.640089 -0.759115 -0.180916 0.858810 -0.479286 -0.198970 0.890853 -0.408402 -0.105494 0.683963 -0.721848 -0.183310 0.974495 -0.129446 -0.212910 0.975606 -0.053505 0.270775 0.895917 -0.352156 0.292441 0.895288 -0.336063 0.214710 0.914151 -0.343844 0.194153 0.915745 -0.351733 0.268671 0.907671 -0.322413 0.202421 0.919671 -0.336497 0.133019 0.928631 -0.346339 0.125376 0.928617 -0.349216 0.109469 0.929666 -0.351763 -0.187978 0.782497 0.593602 -0.194636 0.727652 0.657754 -0.210200 0.926705 0.311504 -0.186001 0.953481 0.237228 -0.176189 0.705579 0.686378 -0.208412 0.914606 0.346496 -0.210541 0.909835 0.357592 -0.179249 0.697960 0.693341 -0.184224 0.694609 0.695399 -0.214805 0.907342 0.361372 -0.121610 0.922676 -0.365896 -0.217241 0.905425 -0.364709 -0.160797 0.919816 -0.357887 -0.091933 0.928997 -0.358487 -0.270775 0.895917 -0.352156 -0.194153 0.915745 -0.351734 -0.109471 0.929675 -0.351740 -0.089633 0.931108 -0.353558 -0.060586 0.933673 -0.352964 -0.320967 0.946989 0.013845 -0.277104 0.960826 0.005110 -0.238450 0.900823 0.362850 
						-0.272915 0.889549 0.366361 -0.192697 0.691303 0.696396 -0.213950 0.684090 0.697313 -0.000758 -0.707066 0.707148 -0.000260 -0.707103 0.707110 -0.049235 -0.368137 0.928467 -0.048605 -0.365578 0.929511 -0.005431 -0.707108 0.707085 -0.050724 -0.369061 0.928020 -0.105901 -0.000317 0.994377 -0.098454 0.001771 0.995140 -0.096350 0.007333 0.995320 0.413214 -0.113817 -0.903493 0.344723 -0.433611 -0.832555 0.367716 -0.403722 -0.837731 0.434325 -0.077061 -0.897454 0.270325 -0.732050 -0.625322 0.292961 -0.712235 -0.637884 0.303154 -0.661141 -0.686287 0.379326 -0.321406 -0.867646 0.441043 0.025607 -0.897120 0.089647 0.931162 -0.353414 0.160797 0.919815 -0.357888 0.060529 0.933526 -0.353362 0.091933 0.928997 -0.358487 0.121610 0.922676 -0.365897 0.217241 0.905425 -0.364709 0.307141 -0.013248 -0.951572 0.262338 -0.367022 -0.892454 0.236933 -0.362961 -0.901178 0.277960 -0.005126 -0.960579 0.203951 -0.698518 -0.685913 0.191208 -0.696582 -0.691529 0.178229 -0.696167 -0.695403 0.213272 -0.361492 -0.907655 0.249678 -0.000747 -0.968329 0.312641 0.167513 -0.934984 0.025040 0.375301 -0.926565 -0.026207 0.338192 -0.940712 0.262668 0.173910 -0.949084 -0.301293 0.551496 -0.777865 -0.329726 0.504442 -0.798010 -0.317138 0.461745 -0.828381 -0.063646 0.360615 -0.930541 0.232642 0.238172 -0.942948 -0.156479 0.465538 0.871085 -0.157904 0.401701 0.902055 -0.121100 0.085516 0.988950 -0.120758 0.030347 0.992218 -0.136825 0.375703 0.916584 -0.051391 -0.357024 0.932680 -0.038665 -0.343521 0.938349 0.005539 -0.709874 0.704307 -0.001967 -0.706752 0.707458 -0.058654 0.932840 -0.355484 -0.445932 0.823017 -0.351835 -0.055345 0.949675 -0.308310 -0.439985 0.881187 -0.172981 -0.813121 0.574194 -0.095580 -0.814992 0.517994 -0.259750 0.285847 0.140106 -0.947978 -0.008537 0.363586 -0.931521 0.288047 0.139158 -0.947451 -0.009522 0.364572 -0.931126 
						-0.305694 0.559310 -0.770535 -0.309864 0.555595 -0.771556 -0.041186 0.935929 -0.349773 0.007348 0.936247 -0.351266 0.026624 0.935517 -0.352277 -0.016828 0.935866 -0.351954 0.044699 0.934835 -0.352258 0.000000 0.935861 -0.352369 0.058701 0.934306 -0.351606 0.088166 0.933191 -0.348399 0.041167 0.935988 -0.349616 0.016845 0.935732 -0.352308 -0.146816 -0.037118 0.988467 -0.144492 -0.037345 0.988801 -0.076583 -0.386640 0.919045 -0.076732 -0.386331 0.919163 -0.145431 -0.046874 0.988257 -0.079604 -0.391923 0.916548 -0.003448 -0.707899 0.706305 0.000442 -0.707025 0.707188 0.000526 -0.707011 0.707202 0.409797 -0.278425 -0.868646 0.328175 -0.546986 -0.770135 0.342058 -0.456402 -0.821397 0.422045 -0.148106 -0.894395 0.244758 -0.793918 -0.556585 0.258794 -0.744853 -0.614996 0.248339 -0.715703 -0.652761 0.322440 -0.402426 -0.856788 0.396855 -0.070265 -0.915188 -0.026608 0.935422 -0.352531 -0.007412 0.936425 -0.350791 -0.044700 0.934857 -0.352199 -0.125377 0.928617 -0.349216 -0.058700 0.934306 -0.351606 -0.133020 0.928631 -0.346338 -0.088166 0.933190 -0.348400 0.150340 -0.919735 -0.362610 0.144488 -0.919682 -0.365114 0.151424 -0.920955 -0.359044 0.110620 -0.993851 0.004772 0.105003 -0.994470 0.001937 0.095565 -0.995423 0.000286 0.329966 0.503749 -0.798348 0.023603 0.355246 -0.934475 0.005334 0.364633 -0.931136 0.288978 0.468705 -0.834750 -0.275610 0.171482 -0.945850 -0.266634 0.235060 -0.934694 -0.212447 0.327441 -0.920678 0.006935 0.359134 -0.933260 0.232895 0.378703 -0.895737 -0.291636 0.879071 0.377070 -0.352712 0.935224 0.030839 -0.227441 0.674184 0.702671 -0.243745 0.654195 0.715973 -0.317542 0.858699 0.402248 -0.390664 0.917931 0.069169 0.123056 -0.988872 0.083607 0.070594 -0.908113 0.412732 0.073265 -0.916879 0.392384 0.132029 -0.990162 0.046332 0.007389 -0.703496 0.710661 -0.000670 -0.707275 0.706938 
						-0.000700 -0.707195 0.707018 0.065401 -0.922883 0.379485 0.126400 -0.991727 0.022380 0.184640 -0.924888 -0.332400 0.173599 -0.920673 -0.349607 0.229540 -0.702451 -0.673702 0.116891 -0.993092 0.010220 -0.000724 -0.707152 0.707061 0.057627 -0.925828 0.373526 -0.000742 -0.707130 0.707084 0.065283 -0.926233 0.371255 0.052441 -0.927632 0.369796 -0.000757 -0.707116 0.707097 0.039967 -0.928486 0.369211 0.284271 0.176870 -0.942288 0.268001 0.236265 -0.933999 -0.009521 0.361160 -0.932455 -0.010754 0.362832 -0.931792 0.211508 0.325990 -0.921409 -0.010682 0.353687 -0.935303 -0.233724 0.377258 -0.896130 -0.287335 0.470400 -0.834363 -0.321060 0.510832 -0.797478 0.140149 -0.989099 0.045173 0.072701 -0.917915 0.390060 0.075410 -0.915608 0.394938 0.139082 -0.988859 0.053040 -0.000255 -0.707176 0.707038 0.001888 -0.706634 0.707577 0.078131 -0.915982 0.393539 0.143693 -0.988355 0.050060 0.077376 -0.918909 0.386807 0.077804 -0.918980 0.386552 0.145121 -0.988703 0.037508 0.147914 -0.988293 0.037396 0.105095 -0.384393 -0.917168 0.310843 -0.357210 -0.880783 0.422473 -0.170711 -0.890154 0.175043 -0.321004 -0.930761 0.442293 -0.249089 -0.861587 0.522185 0.021081 -0.852572 0.626036 0.238776 -0.742337 0.517986 0.008116 -0.855350 0.223728 -0.197463 -0.954439 0.277589 -0.740452 -0.612107 0.281627 -0.728659 -0.624293 0.208535 -0.927496 -0.310264 0.204934 -0.932040 -0.298836 0.285073 -0.727434 -0.624158 0.212510 -0.926621 -0.310183 -0.309507 0.885744 -0.345923 -0.357902 0.873323 -0.330474 -0.383853 0.664693 -0.640968 -0.344225 0.668427 -0.659329 0.277683 -0.781733 -0.558377 0.203509 -0.946033 -0.252201 0.213650 -0.931590 -0.294098 0.286999 -0.741747 -0.606171 0.145143 -0.986028 0.081740 0.149110 -0.987595 0.049207 0.078527 -0.916453 0.392361 0.084326 -0.907279 0.411988 0.004132 -0.705436 0.708761 -0.000077 -0.707125 0.707089 
						0.063317 -0.849603 -0.523608 0.056450 -0.984434 -0.166443 0.153881 -0.968917 -0.193703 0.192142 -0.833042 -0.518770 0.030270 -0.993391 0.110714 0.097981 -0.988798 0.112594 0.278146 0.678607 -0.679800 0.320778 0.665487 -0.673965 0.300647 0.347124 -0.888322 0.273339 0.354563 -0.894187 0.372876 0.644487 -0.667533 0.336365 0.334292 -0.880402 0.452585 -0.114424 -0.884350 0.447077 -0.115551 -0.887001 0.514016 0.188774 -0.836751 0.519853 0.188947 -0.833098 0.439325 -0.141602 -0.887098 0.507515 0.159419 -0.846767 0.588701 0.419057 -0.691247 0.591512 0.449901 -0.669106 0.592767 0.451898 -0.666645 0.554125 0.514194 -0.654637 0.469984 0.246956 -0.847424 0.410256 0.303146 -0.860112 0.494153 0.583016 -0.644907 0.352604 -0.030829 -0.935265 0.292796 -0.377033 -0.878702 0.370927 -0.058056 -0.926846 0.292488 -0.216863 -0.931354 0.386224 -0.165935 -0.907357 0.473843 0.027913 -0.880167 0.318781 -0.401960 -0.858375 0.498022 -0.021063 -0.866908 0.598333 0.196577 -0.776759 -0.194613 0.510931 0.837303 -0.261134 0.737666 0.622622 -0.198791 0.725764 0.658596 -0.144976 0.497022 0.855542 -0.322384 0.868765 0.375920 -0.250003 0.867312 0.430428 -0.240695 0.861945 0.446225 -0.190614 0.719635 0.667677 -0.138850 0.491219 0.859898 0.253838 -0.635181 -0.729460 0.186842 -0.842053 -0.506000 -0.807706 0.400404 -0.432768 -0.882561 0.176560 -0.435790 -0.840543 0.186690 -0.508562 -0.763905 0.400800 -0.505774 -0.796938 -0.005278 -0.604039 -0.758284 0.023633 -0.651496 -0.698916 0.099793 -0.708207 -0.715614 0.211753 -0.665626 -0.647602 0.375566 -0.662994 -0.415235 0.858159 -0.301899 -0.476874 0.650672 -0.590946 -0.460663 0.851530 -0.250373 -0.527021 0.664001 -0.530427 -0.142011 0.368053 0.918896 -0.154044 0.364555 0.918352 -0.000706 -0.708043 0.706169 -0.041755 -0.439682 0.897182 -0.054306 -0.431332 0.900557 0.000278 -0.706856 0.707357 
						-0.068679 -0.127324 0.989481 -0.092239 -0.116307 0.988921 -0.113357 -0.077018 0.990565 -0.056023 -0.403995 0.913044 0.121471 -0.965570 -0.230041 0.097704 -0.973959 -0.204592 0.083230 -0.991793 0.097052 0.069663 -0.990334 0.119938 0.067195 -0.989933 0.124573 0.094080 -0.975583 -0.198464 -0.095859 0.195096 0.976088 -0.130297 0.207301 0.969561 -0.187445 0.505238 0.842377 -0.240594 0.559703 0.792999 -0.171736 0.252385 0.952265 -0.178740 0.333791 0.925546 -0.183122 0.302471 0.935402 -0.258944 0.614926 0.744859 -0.123897 -0.021936 0.992053 -0.128465 -0.045081 0.990689 -0.074610 -0.392783 0.916600 -0.066818 -0.379683 0.922700 -0.160871 0.358111 0.919716 -0.170681 0.350035 0.921056 -0.116527 -0.005026 0.993175 -0.116705 -0.010204 0.993114 0.028316 0.956355 -0.290831 0.001109 0.938401 -0.345547 0.022004 0.944898 -0.326624 0.328328 0.944477 -0.012794 0.025331 0.935455 -0.352536 0.702210 0.711942 -0.006306 -0.255212 0.727890 0.636430 -0.321239 0.855998 0.405060 -0.406962 0.870592 0.276499 -0.321280 0.775189 0.543932 -0.292928 0.930976 0.217894 -0.389809 0.904716 0.171866 -0.372294 0.926007 0.062524 -0.484157 0.874971 -0.004168 -0.600372 0.775898 -0.193740 -0.493032 0.869860 0.016227 -0.761399 0.032308 -0.647478 -0.847612 0.181528 -0.498599 -0.747998 0.227543 -0.623477 -0.676711 0.133052 -0.724127 -0.785562 0.379471 -0.488768 -0.697742 0.367138 -0.615115 -0.513362 0.332285 -0.791231 -0.541658 0.298271 -0.785901 -0.496886 0.282585 -0.820518 -0.383399 0.915691 0.120477 -0.303522 0.932575 0.195392 -0.466112 0.879322 -0.097639 -0.384619 0.922635 0.028515 0.140991 -0.989679 0.025637 0.124562 -0.989201 0.077240 0.178124 -0.949733 -0.257448 0.209924 -0.922212 -0.324743 0.248169 -0.786641 -0.565339 0.285625 -0.713953 -0.639288 -0.506673 0.849746 -0.145650 -0.602507 0.694893 -0.392567 -0.423453 0.893647 0.148600 
						-0.343451 0.820681 0.456645 0.130199 -0.969547 -0.207430 0.092557 -0.988844 0.116708 0.174435 -0.952294 -0.250415 -0.454086 0.883531 0.114803 -0.447154 0.886959 0.115570 -0.366955 0.824706 0.430354 -0.372629 0.822870 0.428989 -0.440224 0.886606 0.141892 -0.362555 0.815799 0.450584 -0.279483 0.611238 0.740458 -0.280913 0.624583 0.728686 -0.284949 0.624209 0.727439 0.040407 -0.898339 0.437440 0.054878 -0.900214 0.431976 0.044994 -0.907685 0.417234 0.041513 -0.899692 0.434548 -0.009651 -0.715120 0.698935 -0.001348 -0.708771 0.705437 0.097778 -0.995207 -0.001758 0.141230 -0.919005 -0.368082 0.100690 -0.994888 -0.007663 0.148445 -0.914690 -0.375906 0.178929 -0.685878 -0.705377 0.176731 -0.693696 -0.698250 -0.312639 0.167512 -0.934985 -0.025039 0.375301 -0.926565 0.026205 0.338193 -0.940712 -0.262671 0.173912 -0.949083 0.301294 0.551496 -0.777865 0.329724 0.504443 -0.798010 0.325978 0.452948 -0.829805 0.076196 0.348858 -0.934073 -0.227923 0.233341 -0.945306 -0.066791 -0.371279 0.926116 -0.059090 -0.373614 0.925700 -0.288049 0.139159 -0.947451 -0.285846 0.140106 -0.947978 -0.565014 -0.027667 -0.824618 -0.567797 -0.030088 -0.822618 -0.576618 0.011389 -0.816935 -0.804574 -0.032226 -0.592977 -0.804942 -0.036066 -0.592257 0.698907 0.099770 -0.708219 0.503396 0.144558 -0.851878 0.472438 0.247591 -0.845873 0.715614 0.211761 -0.665623 0.143446 0.318625 -0.936964 -0.000000 0.358613 -0.933486 0.383189 0.358777 -0.851143 0.647763 0.374998 -0.663159 -0.207531 0.408515 -0.888845 -0.480946 0.479799 -0.733815 -0.383020 0.359850 -0.850767 -0.588381 0.533566 -0.607549 -0.611008 0.554224 -0.565248 -0.503396 0.144558 -0.851878 -0.472438 0.247590 -0.845873 -0.149040 0.331051 -0.931768 0.201201 0.419498 -0.885178 0.477431 0.485203 -0.732555 -0.207459 0.297858 0.931795 -0.202196 0.288456 0.935901 -0.140436 -0.053555 0.988640 
						-0.274352 0.600823 0.750828 -0.280428 0.605165 0.745074 -0.208327 0.292478 0.933304 -0.142604 -0.049681 0.988532 -0.532931 0.047329 -0.844834 -0.207902 0.310470 0.927570 -0.211630 0.310467 0.926727 0.822055 0.408048 -0.397142 0.815314 0.397527 -0.420993 0.887534 0.164827 -0.430250 0.899694 0.161396 -0.405588 0.785562 0.379470 -0.488768 0.847612 0.181527 -0.498599 0.761400 0.032310 -0.647477 0.796645 -0.014695 -0.604268 0.804942 -0.036066 -0.592257 0.022377 -0.896835 0.441798 0.063721 -0.897958 0.435443 -0.003088 -0.715009 0.699108 0.001464 -0.705906 0.708304 0.611008 0.554224 -0.565248 0.588382 0.533564 -0.607549 0.807707 0.400401 -0.432768 0.763904 0.400805 -0.505773 -0.076164 -0.408018 0.909791 -0.078703 -0.392409 0.916417 -0.137467 -0.077418 0.987476 -0.149363 -0.049290 0.987553 0.101751 0.936111 -0.336663 -0.003957 0.935894 -0.352260 -0.001459 0.936447 -0.350806 0.073073 0.935879 -0.344659 -0.214013 0.293953 0.931552 -0.196410 0.256642 0.946339 -0.271864 0.562293 0.780971 -0.287533 0.605919 0.741746 -0.029100 -0.463754 0.885486 -0.060447 -0.432111 0.899792 -0.036425 -0.133231 0.990415 -0.095522 -0.109771 0.989356 -0.596385 0.665248 -0.449189 -0.594836 0.667836 -0.447398 -0.514139 0.836689 -0.188714 -0.521682 0.832152 -0.188071 -0.590787 0.690501 -0.417347 -0.508103 0.846475 -0.159098 -0.362168 0.769337 0.526265 -0.376298 0.807005 0.455129 -0.442762 0.861269 0.249353 -0.460207 0.874725 0.151872 -0.503316 0.854012 -0.131669 -0.431704 0.886864 0.164633 -0.600509 0.705225 -0.376892 -0.588526 0.699321 -0.405694 -0.504446 0.850658 -0.148038 -0.433519 0.888398 0.151031 -0.532664 0.834397 -0.141598 -0.523079 0.852042 -0.020328 -0.626893 0.741957 -0.237707 -0.621785 0.680832 -0.387107 -0.069661 0.502889 0.861539 -0.114901 0.683082 0.721246 -0.279072 0.722259 0.632819 -0.191092 0.519978 0.832530 
						-0.111677 0.905912 0.408475 -0.312972 0.879032 0.359654 0.383312 0.123729 -0.915294 0.339113 -0.242767 -0.908882 0.338424 -0.270087 -0.901400 0.394081 0.094675 -0.914186 0.279107 -0.611360 -0.740498 0.275091 -0.630738 -0.725600 0.287210 -0.676724 -0.677905 0.359964 -0.343328 -0.867498 0.424806 0.001215 -0.905284 0.110812 -0.710025 -0.695403 0.282650 -0.635699 -0.718328 0.366244 -0.527610 -0.766481 0.531640 0.142183 -0.834951 0.620746 0.388023 -0.681258 0.459278 -0.151564 -0.875267 0.747998 0.227543 -0.623476 0.676711 0.133054 -0.724126 0.697741 0.367141 -0.615114 0.513362 0.332287 -0.791230 0.541658 0.298271 -0.785901 0.496885 0.282583 -0.820519 0.375552 -0.455024 -0.807412 0.371763 -0.428923 -0.823297 0.201673 -0.929351 -0.309249 0.220592 -0.920116 -0.323614 0.138432 -0.989638 0.038130 0.148265 -0.988598 0.026306 0.151011 -0.988493 -0.008767 0.229440 -0.899337 -0.372222 0.464511 0.100814 -0.879811 0.541577 0.301699 -0.784648 0.467286 0.036953 -0.883333 0.372752 -0.104517 -0.922026 0.513403 0.535976 -0.670185 0.492830 0.235489 -0.837654 0.446496 -0.081189 -0.891095 0.399661 -0.247827 -0.882526 -0.101852 -0.118766 0.987684 -0.119188 -0.073908 0.990117 -0.172872 0.260976 0.949740 -0.139259 0.208563 0.968044 -0.141070 -0.025652 0.989667 -0.211863 0.324253 0.921941 -0.285973 0.639166 0.713924 -0.243977 0.568272 0.785839 0.370015 -0.404766 -0.836214 0.326124 -0.529766 -0.782937 0.023172 0.917263 -0.397608 0.041390 0.916034 -0.398959 0.352634 0.829856 -0.432421 0.280592 0.778118 -0.561961 0.055961 0.914411 -0.400901 0.435326 0.771764 -0.463542 0.809112 0.492567 -0.320493 0.680096 0.691485 -0.243552 0.629323 0.637541 -0.444403 -0.327264 0.782152 0.530223 -0.371347 0.835611 0.404791 -0.447645 0.890499 0.081398 -0.402011 0.881047 0.249285 0.070986 -0.909835 0.408854 0.072187 -0.922074 0.380221 
						0.001321 -0.706933 0.707279 0.002782 -0.705862 0.708344 0.441609 0.019224 -0.897001 0.402448 0.100215 -0.909941 0.419314 0.430688 -0.799177 0.483762 0.343093 -0.805147 0.387019 0.454083 -0.802512 0.348543 0.738475 -0.577211 0.385901 0.717465 -0.579934 0.504332 0.626079 -0.594705 0.143739 -0.989316 -0.024345 0.067120 -0.931343 0.357903 0.065178 -0.930570 0.360266 0.141537 -0.989749 -0.019068 -0.004538 -0.706549 0.707650 -0.000431 -0.707065 0.707149 -0.001131 -0.707117 0.707096 0.066348 -0.927007 0.369128 0.142236 -0.989831 0.001813 -0.147863 0.025044 0.988691 -0.214366 0.394464 0.893558 -0.212827 0.387451 0.896987 -0.142492 0.019196 0.989610 -0.278851 0.712056 0.644374 -0.272151 0.706206 0.653610 -0.278613 0.676553 0.681653 -0.215353 0.357920 0.908579 -0.144035 -0.001837 0.989571 -0.065519 -0.405874 0.911577 -0.064128 -0.437184 0.897083 -0.069657 -0.379860 0.922418 0.055316 0.949158 -0.309902 0.045392 0.949811 -0.309513 0.364014 0.891849 -0.268514 0.438857 0.878925 -0.186802 0.681048 0.651786 -0.333690 0.811023 0.572712 -0.119339 -0.044148 -0.438624 0.897586 -0.072402 -0.124655 0.989555 -0.045392 0.949811 -0.309512 -0.364012 0.891849 -0.268515 -0.028315 0.956356 -0.290830 -0.328328 0.944477 -0.012793 -0.702211 0.711941 -0.006303 -0.681046 0.651786 -0.333692 -0.390714 0.913226 -0.115588 -0.406458 0.907339 -0.107367 -0.416374 0.797761 -0.436131 -0.394475 0.803634 -0.445602 -0.442153 0.896572 -0.025671 -0.474325 0.807353 -0.350993 -0.479591 0.600272 -0.640051 -0.356287 0.589896 -0.724625 -0.341573 0.588152 -0.733080 -0.001109 0.938400 -0.345549 -0.022004 0.944898 -0.326623 -0.025335 0.935456 -0.352533 0.155322 -0.987764 0.014045 0.151069 -0.988422 -0.014140 0.221464 -0.898246 -0.379615 0.224825 -0.912739 -0.341117 0.213379 -0.893826 -0.394390 0.270615 -0.647088 -0.712772 0.286269 -0.658066 -0.696418 
						0.296597 -0.694185 -0.655849 0.197408 -0.656838 -0.727732 0.207493 -0.312366 -0.927024 0.201891 -0.347468 -0.915700 0.188672 -0.593110 -0.782703 0.192781 -0.232032 -0.953413 0.178139 0.125795 -0.975931 0.209369 0.052615 -0.976420 0.221161 0.016831 -0.975092 0.172930 0.474832 -0.862920 0.204836 0.409302 -0.889109 0.112982 0.757049 -0.643516 0.113391 0.722612 -0.681890 0.183563 0.705022 -0.685017 0.223351 0.375959 -0.899316 0.208982 -0.357742 -0.910136 0.233392 0.004197 -0.972374 0.505334 0.146422 -0.850410 0.601312 0.393610 -0.695338 0.117361 -0.989625 -0.082876 0.142201 -0.877848 -0.457342 0.157258 -0.902217 -0.401590 0.114771 -0.992973 -0.028842 -0.268670 0.907671 -0.322413 -0.195440 0.925629 -0.324059 -0.142567 0.929988 -0.338816 -0.202421 0.919672 -0.336496 -0.101751 0.936111 -0.336664 -0.073073 0.935879 -0.344660 0.047444 -0.932505 0.358026 0.047033 -0.929537 0.365718 0.051233 -0.940847 0.334935 -0.151875 0.362497 0.919527 -0.106583 -0.001966 0.994302 -0.165722 0.007214 0.986146 -0.151570 0.037743 0.987726 -0.070766 -0.352037 0.933307 -0.081659 -0.365113 0.927375 -0.139421 0.045004 0.989210 -0.062599 -0.349632 0.934794 -0.000172 -0.707067 0.707146 -0.001859 -0.706774 0.707437 -0.004391 -0.706963 0.707237 -0.100690 0.199341 0.974743 -0.547880 0.036962 -0.835740 -0.502679 0.141064 -0.852886 -0.381399 0.287862 -0.878448 0.048680 -0.928488 0.368157 -0.006666 0.339112 -0.940722 -0.123046 0.078959 -0.989255 0.110717 0.560644 -0.820622 -0.183649 0.671715 -0.717685 0.000331 0.365869 -0.930666 0.204706 -0.078278 -0.975688 0.381397 0.287859 -0.878450 0.149322 0.477043 -0.866102 0.180794 0.477999 -0.859552 -0.260046 0.535120 -0.803755 -0.216194 0.525311 -0.822988 -0.815313 0.397529 -0.420993 -0.615783 0.551309 -0.562911 -0.602688 0.514367 -0.610076 -0.822055 0.408049 -0.397142 -0.602377 0.582581 -0.545656 
						-0.325930 0.536920 -0.778130 -0.131623 0.038940 0.990535 -0.201040 0.416633 0.886566 -0.215571 0.388189 0.896013 -0.140932 0.019533 0.989827 -0.265910 0.735723 0.622899 -0.279978 0.706122 0.650387 0.006667 0.339103 -0.940726 0.123041 0.078966 -0.989255 -0.110715 0.560645 -0.820621 0.183648 0.671719 -0.717681 -0.000335 0.365854 -0.930672 -0.204706 -0.078272 -0.975689 0.201628 -0.935946 -0.288708 0.207701 -0.933363 -0.292737 0.280075 -0.745069 -0.605334 0.273663 -0.750800 -0.601172 -0.149324 0.477044 -0.866101 -0.180795 0.478001 -0.859551 0.260046 0.535120 -0.803755 0.216192 0.525310 -0.822989 -0.191680 0.386376 -0.902204 -0.189709 0.202884 -0.960650 0.261569 0.127573 -0.956717 0.263338 0.405046 -0.875552 -0.404008 0.387677 -0.828543 -0.151038 0.285222 -0.946486 0.215032 0.249998 -0.944067 -0.537326 0.470815 -0.699724 0.392430 0.116096 -0.912426 0.335519 -0.253142 -0.907384 0.354422 -0.298734 -0.886083 0.421123 0.058367 -0.905124 0.272308 -0.620159 -0.735697 0.279128 -0.650651 -0.706216 0.191680 0.386375 -0.902204 0.189708 0.202885 -0.960650 -0.261568 0.127573 -0.956717 -0.263338 0.405045 -0.875552 0.404008 0.387678 -0.828543 0.151037 0.285216 -0.946488 -0.215033 0.249989 -0.944069 0.602687 0.514369 -0.610076 0.537324 0.470818 -0.699724 0.615783 0.551309 -0.562912 0.602378 0.582581 -0.545656 0.305694 0.559310 -0.770535 0.325929 0.536920 -0.778130 -0.010395 0.364100 -0.931302 0.291626 0.150583 -0.944605 0.569694 -0.008226 -0.821816 0.567796 -0.030088 -0.822619 0.547881 0.036963 -0.835739 0.402922 -0.155051 -0.902005 0.335331 -0.465159 -0.819256 0.355446 -0.442257 -0.823448 0.420800 -0.125724 -0.898399 0.261838 -0.750826 -0.606384 0.282037 -0.735998 -0.615436 0.371982 -0.374278 -0.849438 0.434586 -0.039296 -0.899772 0.010394 0.364100 -0.931302 0.009527 0.364570 -0.931127 -0.291626 0.150582 -0.944605 
						-0.796645 -0.014695 -0.604269 -0.569694 -0.008226 -0.821816 0.141405 -0.989247 -0.037352 0.218722 -0.883691 -0.413826 0.142517 -0.988894 -0.042162 0.216165 -0.881635 -0.419515 0.281677 -0.623125 -0.729640 -0.415308 0.902460 0.114394 -0.436346 0.896442 0.077419 -0.369000 0.837157 0.403741 -0.347021 0.831468 0.433864 -0.380678 0.867157 0.321127 -0.308774 0.685238 0.659627 -0.294155 0.637464 0.712118 -0.272256 0.624525 0.732015 -0.144950 0.038289 0.988698 -0.222253 0.414381 0.882549 -0.157975 0.009171 0.987401 -0.236891 0.371963 0.897511 -0.287004 0.729446 0.620916 -0.438762 0.810634 -0.387764 -0.422586 0.904428 -0.058570 -0.380522 0.614940 -0.690690 -0.515539 0.669522 -0.534752 -0.492130 0.837989 -0.235759 0.413467 -0.005271 -0.910504 0.415324 -0.080860 -0.906072 0.467657 0.239468 -0.850853 0.448242 0.324639 -0.832879 0.473113 0.200001 -0.858000 0.541318 0.478006 -0.691726 0.527350 0.522573 -0.669940 0.462879 0.622543 -0.631017 0.484665 0.183466 -0.855243 0.469326 0.150360 -0.870129 0.480492 0.283213 -0.830011 0.519747 0.569571 -0.636750 0.576388 0.441349 -0.687741 0.555879 0.414119 -0.720766 -0.399288 0.914328 -0.067628 -0.413030 0.817803 -0.400755 -0.417485 0.821935 -0.387466 -0.399903 0.914973 -0.053875 -0.393299 0.600636 -0.696098 -0.394444 0.610540 -0.686771 -0.465418 0.630099 -0.621580 -0.450037 0.832049 -0.324285 -0.414701 0.909943 0.005287 0.378734 0.691041 -0.615648 0.437156 0.387851 -0.811459 0.340718 0.733138 -0.588574 0.395176 0.445673 -0.803251 0.211826 -0.897244 -0.387406 0.214322 -0.908785 -0.358017 0.280842 -0.681214 -0.676073 0.274794 -0.652813 -0.705920 0.351450 0.725105 -0.592205 0.412072 0.435850 -0.800145 0.477509 0.640771 -0.601164 0.472431 0.351269 -0.808344 0.406634 0.107413 -0.907255 -0.243132 0.897034 -0.369076 -0.307511 0.883804 -0.352600 -0.134782 0.919092 -0.370276 
						-0.119833 0.923181 -0.365209 -0.216774 0.905670 -0.364377 -0.275559 0.894657 -0.351648 -0.144388 0.000413 0.989521 -0.140989 -0.037392 0.989305 -0.072443 -0.386046 0.919631 -0.069400 -0.367953 0.927251 -0.134792 -0.051871 0.989515 -0.073757 -0.394645 0.915869 0.001232 -0.706765 0.707447 -0.000347 -0.707173 0.707040 0.003112 -0.707110 0.707097 0.351151 -0.257575 -0.900193 -0.509047 0.831015 -0.224242 -0.450073 0.888753 0.086902 -0.575662 0.652179 -0.493230 -0.507983 0.593074 -0.624674 -0.488735 0.802489 -0.342271 -0.447574 0.894035 -0.019484 0.341232 -0.303724 -0.889558 0.334234 -0.294615 -0.895260 0.351672 -0.349758 -0.868330 0.396644 0.053436 -0.916416 0.389380 0.065950 -0.918713 0.418906 -0.111097 -0.901208 0.477305 0.202595 -0.855064 0.461440 0.328626 -0.824062 0.549955 0.476490 -0.685935 0.476084 0.622808 -0.620850 0.392790 0.687122 -0.611211 0.415983 0.387536 -0.822663 0.390607 0.696609 -0.601799 0.408290 0.400819 -0.820148 -0.138578 -0.026980 0.989984 -0.071541 -0.381230 0.921708 -0.068645 -0.369098 0.926852 -0.139244 -0.038353 0.989515 -0.073734 -0.387222 0.919033 -0.000542 -0.707214 0.706999 0.000931 -0.706977 0.707236 0.440243 0.369906 -0.818141 0.435946 0.664909 -0.606504 0.413867 0.038737 -0.909513 0.357616 -0.313595 -0.879641 -0.423897 0.905710 -0.001212 -0.418327 0.901495 0.110943 -0.350917 0.831362 0.430924 -0.361650 0.866893 0.343083 -0.404245 0.901325 0.155559 -0.338440 0.817612 0.465800 -0.264482 0.605065 0.750963 -0.277854 0.624290 0.730109 -0.288357 0.677663 0.676478 0.299683 -0.714712 -0.631963 0.376692 -0.409183 -0.831067 0.358970 -0.458436 -0.813005 0.313949 -0.661519 -0.681049 0.379699 -0.326501 -0.865578 0.447268 -0.086360 -0.890221 0.433529 -0.151035 -0.888392 0.574512 0.493988 -0.652619 0.507858 0.224728 -0.831611 0.587632 0.406452 -0.699632 0.501574 0.149681 -0.852068 
						0.068210 -0.934461 0.349471 0.062551 -0.930752 0.360261 0.136467 -0.990464 -0.018914 0.003854 -0.707919 0.706284 -0.000526 -0.707055 0.707159 0.354630 -0.467973 -0.809469 0.361289 -0.450404 -0.816460 0.431174 -0.164430 -0.887160 -0.355760 0.885670 0.298368 -0.336792 0.907062 0.252605 -0.352445 0.899834 0.257062 -0.340789 0.889687 0.303841 -0.349545 0.869080 0.350026 -0.348065 0.891320 0.290515 -0.226553 0.318756 0.920363 -0.156516 -0.030221 0.987213 -0.302084 0.631075 0.714485 -0.315031 0.680828 0.661233 -0.245583 0.368302 0.896684 -0.296581 0.655853 0.694188 -0.369460 0.850466 0.374442 -0.355978 0.880171 0.313971 -0.288314 0.696118 0.657492 -0.432838 0.900622 0.039138 -0.412708 0.910044 -0.038628 -0.175264 0.930361 0.322040 -0.423079 0.889686 0.171648 -0.223914 0.954135 0.198721 -0.518494 0.855053 -0.006988 -0.478648 0.830894 -0.283744 -0.439066 0.818723 -0.370019 -0.520170 0.636594 -0.569360 -0.432712 0.607835 -0.665806 0.404226 0.426524 -0.809122 0.355939 0.719311 -0.596572 0.193248 -0.936760 -0.291781 0.211999 -0.929706 -0.301171 0.135899 -0.989342 0.052295 0.145858 -0.988345 0.043578 -0.380474 0.829300 0.409270 -0.384888 0.863663 0.325496 -0.358599 0.813203 0.458374 0.488907 0.239771 -0.838737 0.554595 0.513798 -0.654550 -0.063638 -0.360094 0.930743 -0.060487 -0.351807 0.934116 -0.001808 -0.706764 0.707447 -0.066812 -0.352085 0.933580 -0.002967 -0.706981 0.707227 -0.077707 -0.364355 0.928012 -0.066074 -0.360130 0.930559 -0.076200 -0.356218 0.931291 0.082491 -0.920002 0.383133 0.155891 -0.987316 0.030100 -0.000261 -0.707143 0.707070 0.072880 -0.927866 0.365722 0.160076 -0.987080 -0.006968 0.002003 -0.706976 0.707234 -0.076642 -0.375007 0.923848 -0.071362 -0.362326 0.929315 0.001272 -0.707192 0.707021 -0.153281 -0.013859 0.988085 -0.148957 0.013942 0.988745 -0.062487 0.143959 0.987609 
						-0.150451 0.197840 0.968620 -0.225825 0.340946 0.912556 -0.222456 0.379617 0.898000 0.063221 -0.933461 0.353063 0.071790 -0.928298 0.364840 -0.083048 -0.383216 0.919918 -0.074436 -0.392453 0.916755 -0.147823 -0.044166 0.988027 -0.079304 -0.390336 0.917251 -0.001895 -0.707510 0.706701 -0.075904 -0.395097 0.915498 0.352711 -0.431101 -0.830510 0.278095 -0.730102 -0.624190 -0.139061 0.033409 0.989720 -0.062804 -0.354309 0.933017 0.001520 -0.707368 0.706844 -0.150896 -0.026773 0.988187 -0.078365 -0.381363 0.921098 -0.002010 -0.707360 0.706850 0.080603 -0.923423 0.375225 0.073838 -0.929233 0.362042 0.348505 -0.408553 -0.843581 0.272449 -0.717359 -0.641224 0.074345 -0.921658 0.380814 0.072632 -0.919227 0.386971 0.202205 -0.924030 -0.324472 0.138957 -0.989929 0.027054 0.073354 -0.921450 0.381509 -0.355464 0.809009 0.468134 -0.221719 0.323331 0.919944 -0.202713 0.308897 0.929242 -0.405963 0.908281 -0.101090 -0.355092 0.897581 0.261261 -0.379421 0.917082 -0.122473 -0.332111 0.910623 0.245904 -0.273314 0.740468 0.614009 -0.293120 0.726259 0.621794 -0.272389 0.641245 0.717363 -0.203239 0.324201 0.923898 0.502435 0.132206 -0.854448 0.603428 0.374223 -0.704153 -0.541484 0.691677 -0.477889 -0.559668 0.652692 -0.510652 -0.491834 0.837343 -0.238655 -0.474168 0.857534 -0.199501 0.351551 -0.262612 -0.898581 0.294582 -0.621195 -0.726181 -0.528143 0.669686 -0.522097 -0.467797 0.850792 -0.239414 -0.415274 0.906096 0.080851 0.075530 -0.917966 0.389402 0.076160 -0.915332 0.395433 0.207456 -0.928135 -0.309076 0.216891 -0.907064 -0.360824 0.146334 -0.989235 -0.000418 0.140223 -0.989421 0.037188 -0.422996 0.897275 0.126381 -0.356564 0.822888 0.442399 -0.283038 0.614992 0.735985 0.075603 -0.926838 0.367770 0.071736 -0.919752 0.385889 -0.212916 0.300834 0.929605 -0.194090 0.291407 0.936702 -0.217743 0.360756 0.906886 
						-0.208299 0.308797 0.928039 0.225835 -0.920473 -0.318949 0.244796 -0.896882 -0.368344 -0.557819 0.720203 -0.412488 -0.580164 0.686434 -0.438428 -0.485894 0.854678 -0.182845 -0.469513 0.870047 -0.150251 -0.461986 0.823797 -0.328522 -0.478552 0.854505 -0.202014 -0.477380 0.620351 -0.622312 -0.551137 0.685560 -0.475663 -0.292441 0.895288 -0.336063 -0.328695 0.884468 -0.331173 -0.298548 0.901057 -0.314588 -0.292928 0.895392 -0.335361 -0.264687 0.908182 -0.324264 0.065822 -0.933095 0.353556 0.062260 -0.934775 0.349742 0.138438 -0.989812 -0.033259 0.136747 -0.989622 -0.044141 0.213271 -0.880081 -0.424232 0.228718 -0.881895 -0.412249 0.147337 -0.988406 -0.036689 0.067059 -0.933217 0.353000 -0.275988 0.725561 0.630390 -0.213558 0.408123 0.887597 -0.214008 0.424388 0.879827 0.328695 0.884468 -0.331173 0.298548 0.901057 -0.314588 0.307511 0.883804 -0.352600 0.275559 0.894657 -0.351648 0.292927 0.895392 -0.335362 0.264686 0.908182 -0.324264 -0.229473 0.412355 0.881649 -0.352908 0.574911 -0.738196 -0.356644 0.596247 -0.719232 -0.404491 0.808982 -0.426538 -0.387711 0.802127 -0.454172 -0.391604 0.915312 -0.094080 -0.395118 0.575335 -0.716151 -0.424242 0.796442 -0.430928 0.119833 0.923181 -0.365208 0.005130 0.935533 -0.353201 0.003395 0.936134 -0.351626 0.071556 0.933955 -0.350152 -0.103875 0.935667 -0.337251 -0.062482 0.933682 -0.352611 -0.197183 0.924806 -0.325350 -0.117832 0.928573 -0.351948 -0.156046 0.923993 -0.349123 -0.005298 0.935415 -0.353512 0.115515 0.936181 -0.331995 0.103875 0.935666 -0.337251 -0.005130 0.935533 -0.353202 0.173112 0.921998 -0.346340 0.156046 0.923993 -0.349124 0.163667 0.923636 -0.346568 0.216774 0.905671 -0.364376 0.129005 0.928391 -0.348493 0.243132 0.897034 -0.369076 0.134782 0.919092 -0.370276 -0.173114 0.921998 -0.346340 -0.163667 0.923636 -0.346568 0.058651 0.934725 -0.350498 
						-0.129004 0.928391 -0.348494 -0.071556 0.933955 -0.350154 0.142567 0.929988 -0.338816 0.195440 0.925629 -0.324059 -0.214709 0.914151 -0.343843 -0.003395 0.936134 -0.351628 0.062482 0.933682 -0.352610 0.197183 0.924806 -0.325350 0.117832 0.928573 -0.351948 0.220310 0.922948 -0.315644 0.008538 0.363586 -0.931522 0.309865 0.555594 -0.771556 -0.463261 0.885299 -0.040435 -0.526821 0.788117 -0.318327 0.238601 0.362748 -0.900824 0.235139 0.690304 -0.684244 -0.053994 -0.369792 0.927544 0.003956 0.935893 -0.352261 0.005297 0.935415 -0.353512 -0.115514 0.936182 -0.331994 0.615040 0.566513 -0.548442 0.824297 0.396610 -0.404024 0.804576 -0.032224 -0.592975 0.897680 0.168388 -0.407206 0.796941 -0.005273 -0.604035 0.882561 0.176555 -0.435792 0.001459 0.936447 -0.350805 -0.615041 0.566512 -0.548442 -0.824297 0.396610 -0.404024 -0.897680 0.168388 -0.407206 -0.899694 0.161396 -0.405588 0.445664 0.846973 -0.289862 0.814594 0.557999 -0.158347 -0.347697 0.843930 0.408521 0.212767 -0.887837 -0.408014 0.502680 0.141066 -0.852885 -0.887534 0.164828 -0.430249 0.188510 -0.935037 -0.300282 0.840543 0.186702 -0.508556 0.758284 0.023632 -0.651496 0.210325 -0.897366 -0.387939 0.367377 -0.430389 -0.824499 0.576617 0.011388 -0.816936 0.532929 0.047326 -0.844836 -0.339466 0.901123 0.269705 0.299127 -0.185867 -0.935936 0.375559 -0.001948 -0.926796 -0.220310 0.922948 -0.315645 0.565012 -0.027667 -0.824618 
					</float_array>
					<technique_common>
						<accessor count="1137" offset="0" source="#meshId0-bitangents-array" stride="3">
							<param name="X" type="float" />
							<param name="Y" type="float" />
							<param name="Z" type="float" />
						</accessor>
					</technique_common>
				</source>
				<source id="meshId0-tex0" name="meshId0-tex0">
					<float_array id="meshId0-tex0-array" count="2274"> 
						0.167212 0.980500 0.137472 0.988862 0.121610 0.925711 0.156921 0.915295 0.107732 0.997224 0.097198 0.932237 0.081576 0.869627 0.105145 0.863595 0.139756 0.854013 0.409481 0.259706 0.391444 0.296825 0.383288 0.293269 0.402027 0.255198 0.376744 0.336033 0.368271 0.333265 0.358514 0.330090 0.373925 0.289168 0.393498 0.249885 0.871934 0.098919 0.845585 0.055502 0.850461 0.050868 0.878745 0.096356 0.805551 0.025777 0.808669 0.018895 0.817173 0.000123 0.856546 0.045007 0.895918 0.089891 0.089201 0.999878 0.073171 0.937444 0.082850 0.935564 0.098466 0.998551 0.057140 0.875009 0.067113 0.873074 0.720598 0.060786 0.755670 0.054234 0.756053 0.069017 0.726103 0.075409 0.789527 0.061148 0.783827 0.073731 0.778552 0.085376 0.759241 0.086918 0.733145 0.094115 0.027806 0.751556 0.038666 0.749470 0.052202 0.811167 0.042473 0.813283 0.053077 0.746618 0.066542 0.807917 0.089763 0.802472 0.076177 0.741957 0.109680 0.734936 0.123614 0.794079 0.834892 0.181656 0.813999 0.209181 0.804538 0.197815 0.822309 0.175956 0.783313 0.227383 0.777808 0.212760 0.770766 0.194054 0.795130 0.182256 0.810664 0.170681 0.235464 0.823542 0.185231 0.840337 0.167803 0.782391 
						0.216472 0.768393 0.153224 0.725379 0.201098 0.714177 0.026492 0.500128 0.049778 0.500106 0.051368 0.560799 0.028100 0.562090 0.083343 0.500075 0.084975 0.558886 0.089919 0.617606 0.056298 0.621346 0.033085 0.623867 0.450350 0.280473 0.434647 0.314803 0.430303 0.313015 0.446220 0.278355 0.421498 0.350529 0.416997 0.349074 0.412375 0.347580 0.425862 0.311195 0.441993 0.276256 0.708781 0.105913 0.699373 0.090354 0.693247 0.117488 0.681602 0.112213 0.669020 0.106513 0.689912 0.078988 0.234937 0.176270 0.216032 0.231473 0.167322 0.217553 0.184657 0.159556 0.200745 0.285733 0.152837 0.274609 0.109263 0.265125 0.123098 0.205938 0.139142 0.145954 0.670962 0.373501 0.669522 0.366653 0.675937 0.366720 0.677033 0.371148 0.670700 0.360099 0.676447 0.362635 0.679712 0.364076 0.680378 0.366482 0.681387 0.369460 0.017330 0.689137 0.027276 0.687593 0.006853 0.626719 0.018570 0.625432 0.041646 0.685340 0.013603 0.562885 0.003488 0.563438 0.000123 0.500157 0.011852 0.500143 0.756806 0.015283 0.757074 0.008562 0.706791 0.024106 0.704227 0.017295 0.697762 0.000123 0.757468 0.000123 0.663001 0.376587 0.661016 0.366474 0.654070 0.380049 0.651460 0.366261 
						0.654179 0.352808 0.662926 0.356668 0.701986 0.162895 0.694789 0.136799 0.716702 0.128114 0.725571 0.154017 0.742023 0.117700 0.751956 0.144084 0.767926 0.108830 0.790127 0.100910 0.801925 0.125274 0.778340 0.134152 0.519584 0.556635 0.512008 0.557871 0.508591 0.528937 0.516168 0.528310 0.504677 0.559066 0.501241 0.529541 0.500195 0.499796 0.507518 0.499795 0.515046 0.499794 0.370222 0.235728 0.349003 0.278435 0.329500 0.270469 0.351127 0.225303 0.332726 0.321878 0.312951 0.315836 0.284827 0.307717 0.301334 0.259814 0.322743 0.211603 0.787210 0.160055 0.809122 0.151370 0.761888 0.170469 0.744670 0.201251 0.735985 0.179338 0.725360 0.202793 0.713784 0.187259 0.141481 0.331143 0.097970 0.323885 0.189314 0.339540 0.181252 0.393111 0.133312 0.387447 0.089705 0.382521 0.736118 0.388969 0.740382 0.368685 0.747445 0.368840 0.742580 0.391821 0.736635 0.348045 0.743238 0.345485 0.748826 0.343319 0.753447 0.368991 0.748096 0.394255 0.262802 0.753549 0.283281 0.805241 0.246689 0.702563 0.285116 0.692062 0.301694 0.739919 0.323174 0.788074 0.314190 0.410776 0.308679 0.455374 0.288599 0.453948 0.294146 0.407892 0.306426 0.499893 0.286342 0.499907 
						0.258043 0.499929 0.260211 0.451995 0.265694 0.403964 0.273451 0.355803 0.234919 0.348121 0.246370 0.297274 0.227000 0.398853 0.219653 0.499959 0.221664 0.449447 0.174283 0.499996 0.176107 0.446577 0.128351 0.443736 0.126703 0.500037 0.084867 0.441259 0.637346 0.386531 0.630743 0.389090 0.626536 0.365736 0.633599 0.365891 0.625155 0.391256 0.620534 0.365585 0.625885 0.340321 0.631400 0.342755 0.637863 0.345607 0.504655 0.440508 0.501230 0.470047 0.494540 0.469506 0.498010 0.439429 0.493503 0.499797 0.487483 0.499799 0.488540 0.469024 0.492065 0.438463 0.508582 0.470648 0.516162 0.471273 0.511991 0.441700 0.519571 0.442934 0.576023 0.346236 0.573630 0.344578 0.588548 0.321654 0.591886 0.324935 0.569178 0.341809 0.584437 0.318036 0.601845 0.294962 0.604797 0.299298 0.607749 0.303633 0.519385 0.382705 0.526337 0.385081 0.517960 0.413137 0.510791 0.411368 0.533460 0.387522 0.525342 0.414959 0.204868 0.899615 0.257628 0.880188 0.283086 0.939778 0.225149 0.960139 0.546372 0.391962 0.538733 0.418280 0.532423 0.416711 0.540276 0.389863 0.533313 0.445176 0.526850 0.444121 0.523439 0.471875 0.529929 0.472406 0.528746 0.499793 0.522273 0.499793 
						0.554658 0.394782 0.548283 0.420676 0.543934 0.419584 0.551392 0.393692 0.541908 0.446571 0.538530 0.446027 0.166387 0.019370 0.224382 0.039638 0.204199 0.100221 0.156206 0.084618 0.282376 0.059905 0.257012 0.119563 0.557054 0.334748 0.550236 0.330867 0.566175 0.304794 0.572812 0.309435 0.543581 0.327083 0.559685 0.300227 0.576945 0.273612 0.583610 0.279100 0.590274 0.284588 0.386192 0.116287 0.349025 0.162886 0.307064 0.141617 0.334284 0.088096 0.282804 0.194497 0.262404 0.246243 0.441700 0.177538 0.416412 0.212636 0.407734 0.204195 0.434297 0.165765 0.383517 0.243637 0.395726 0.193743 0.426894 0.153993 0.376952 0.663615 0.391702 0.702781 0.383556 0.706348 0.368487 0.666395 0.409788 0.739849 0.402346 0.744367 0.393830 0.749692 0.374206 0.710461 0.358740 0.669582 0.363057 0.284425 0.347198 0.326444 0.680777 0.351260 0.687625 0.349820 0.687559 0.356234 0.683131 0.357330 0.694179 0.350998 0.691643 0.356745 0.690202 0.360010 0.687796 0.360676 0.684819 0.361685 0.307621 0.858057 0.334922 0.911508 0.349527 0.836724 0.386759 0.883238 0.064775 0.681672 0.098287 0.676214 0.332841 0.499875 0.334914 0.542494 0.323427 0.543335 0.321217 0.499882 
						0.340181 0.585105 0.328864 0.586821 0.314314 0.588988 0.308741 0.544406 0.365980 0.376424 0.357427 0.374401 0.358458 0.417423 0.349881 0.416114 0.340069 0.414624 0.347609 0.372089 0.347778 0.627617 0.336429 0.630278 0.347434 0.673244 0.332975 0.677830 0.321883 0.633610 0.273668 0.644008 0.301948 0.638032 0.313217 0.683900 0.265839 0.595872 0.294279 0.591901 0.288665 0.545861 0.260283 0.547857 0.189580 0.660405 0.235160 0.651751 0.181431 0.606860 0.227160 0.601043 0.870263 0.197680 0.880757 0.148935 0.887478 0.149203 0.877145 0.200798 0.895918 0.149597 0.895918 0.209302 0.363350 0.715219 0.383866 0.755952 0.370591 0.763880 0.349312 0.721228 0.416796 0.786881 0.408137 0.795332 0.442131 0.821915 0.434754 0.833696 0.427376 0.845477 0.396154 0.805801 0.708671 0.318160 0.688387 0.313896 0.688542 0.306833 0.711523 0.311698 0.667747 0.317644 0.665188 0.311041 0.663022 0.305453 0.688694 0.300831 0.713957 0.306182 0.430265 0.774151 0.423980 0.779933 0.452215 0.805897 0.447173 0.813906 0.372286 0.419541 0.365803 0.418548 0.373288 0.378154 0.379734 0.379678 0.383972 0.338395 0.390347 0.340469 0.377600 0.819503 0.407068 0.864358 0.351522 0.774332 
						0.329831 0.729222 0.336251 0.369443 0.328746 0.412923 0.321696 0.366131 0.557093 0.664668 0.550290 0.668551 0.537034 0.641841 0.543979 0.638701 0.543649 0.672338 0.530248 0.644894 0.519429 0.616811 0.526371 0.614433 0.533484 0.611989 0.334858 0.457250 0.323368 0.456424 0.353482 0.458614 0.344805 0.457975 0.351639 0.499862 0.342893 0.499868 0.056070 0.378841 0.064439 0.318485 0.032847 0.376362 0.041296 0.314858 0.052621 0.253539 0.075737 0.258161 0.703019 0.361075 0.704458 0.367923 0.698044 0.367856 0.696948 0.363428 0.703280 0.374477 0.697534 0.371941 0.694269 0.370500 0.693603 0.368094 0.692593 0.365116 0.176196 0.553410 0.221744 0.550465 0.719911 0.354527 0.710980 0.357989 0.705630 0.349181 0.712547 0.342583 0.699467 0.355046 0.697610 0.343224 0.701471 0.334476 0.683778 0.374566 0.682649 0.372340 0.685446 0.370788 0.686184 0.373900 0.684506 0.368251 0.686990 0.367288 0.687954 0.369773 0.689162 0.372891 0.683490 0.365743 0.681938 0.362946 0.686027 0.364803 0.679121 0.359505 0.674748 0.354811 0.691332 0.362236 0.688535 0.363788 0.689475 0.366325 0.690491 0.368833 0.692043 0.371630 0.510824 0.588182 0.504303 0.589800 0.498036 0.560148 
						0.513063 0.618984 0.507324 0.620934 0.498449 0.591256 0.492095 0.561116 0.694773 0.359418 0.517986 0.586410 0.525360 0.584585 0.699751 0.400209 0.703161 0.409005 0.685767 0.412216 0.685964 0.402819 0.706234 0.416932 0.685593 0.420680 0.665309 0.416416 0.668720 0.408687 0.672510 0.400099 0.539774 0.473183 0.535285 0.472833 0.537640 0.499795 0.534083 0.499793 0.699232 0.379765 0.694860 0.375071 0.693203 0.383316 0.690850 0.377246 0.529930 0.527174 0.523442 0.527707 0.533315 0.554390 0.526857 0.555446 0.835255 0.112727 0.841806 0.147799 0.827023 0.148182 0.820631 0.118232 0.532434 0.582832 0.538737 0.581262 0.546378 0.607547 0.540290 0.609647 0.539772 0.526398 0.535284 0.526747 0.541904 0.553001 0.538529 0.553539 0.590333 0.714704 0.583687 0.720194 0.566240 0.694564 0.572860 0.689921 0.577041 0.725684 0.559766 0.699133 0.556480 0.633020 0.550599 0.635699 0.569188 0.657604 0.563542 0.660948 0.553947 0.703390 0.537601 0.675798 0.571809 0.730725 0.566577 0.735765 0.548671 0.707248 0.532161 0.678880 0.579065 0.685450 0.584454 0.681318 0.601868 0.704329 0.596101 0.709516 0.554648 0.604733 0.565328 0.628956 0.561320 0.630799 0.551390 0.605817 
						0.576008 0.653180 0.573628 0.654834 0.511713 0.310375 0.497742 0.340649 0.492545 0.338517 0.506563 0.308004 0.486154 0.371533 0.480852 0.369789 0.475855 0.368149 0.487640 0.336499 0.501742 0.305715 0.565341 0.370509 0.561323 0.368665 0.556473 0.366445 0.579033 0.313905 0.596060 0.289775 0.563519 0.338466 0.685438 0.427742 0.662458 0.422878 0.708793 0.423535 0.710959 0.429123 0.685287 0.433745 0.660023 0.428394 0.550581 0.363767 0.543948 0.360767 0.411279 0.387185 0.406699 0.386090 0.403995 0.424452 0.399373 0.423729 0.394646 0.422991 0.402005 0.384966 0.451821 0.193544 0.455913 0.197903 0.435423 0.229793 0.429912 0.225349 0.460006 0.202262 0.440535 0.233337 0.421710 0.266551 0.415930 0.263429 0.358562 0.582282 0.365904 0.581148 0.373439 0.621519 0.366136 0.623258 0.372383 0.580147 0.379880 0.619987 0.390541 0.659163 0.384173 0.661245 0.404610 0.302466 0.398431 0.299841 0.631977 0.189249 0.658326 0.232667 0.653451 0.237301 0.625167 0.191813 0.698360 0.262392 0.695242 0.269274 0.686738 0.288046 0.647366 0.243162 0.607994 0.198278 0.398680 0.699756 0.404852 0.697124 0.421997 0.732989 0.416227 0.736118 0.360901 0.459165 0.367449 0.459652 
						0.365692 0.499854 0.359104 0.499858 0.522167 0.315299 0.516997 0.312817 0.533399 0.283156 0.538768 0.285817 0.527894 0.280663 0.545095 0.251168 0.551186 0.253649 0.557277 0.256130 0.427157 0.428080 0.422929 0.463868 0.416268 0.463351 0.420544 0.427041 0.421519 0.499824 0.414844 0.499827 0.408589 0.499830 0.410030 0.462869 0.414352 0.426072 0.427226 0.571549 0.434269 0.606964 0.427743 0.608528 0.420616 0.572593 0.444119 0.641789 0.437714 0.643863 0.431707 0.645808 0.421629 0.609992 0.414427 0.573569 0.360951 0.540546 0.353534 0.541106 0.367498 0.540050 0.797121 0.264063 0.840538 0.237714 0.845172 0.242590 0.799685 0.270874 0.851033 0.248674 0.806149 0.288046 0.344859 0.541756 0.349989 0.583602 0.663373 0.050455 0.658739 0.045579 0.633648 0.090489 0.626766 0.087371 0.607994 0.078867 0.652878 0.039495 0.432647 0.727775 0.437623 0.725454 0.455842 0.758709 0.450939 0.760948 0.442249 0.723258 0.460422 0.756490 0.480032 0.789009 0.475024 0.790922 0.470015 0.792834 0.623154 0.139234 0.616433 0.138966 0.607994 0.138572 0.440006 0.430108 0.433774 0.429122 0.440694 0.394203 0.446843 0.395679 0.434166 0.392641 0.443982 0.357783 0.450377 0.359848 
						0.456399 0.361796 0.038200 0.250712 0.051631 0.188969 0.065982 0.192195 0.027332 0.248645 0.041895 0.186870 0.056458 0.125095 0.066438 0.127013 0.080912 0.130436 0.072385 0.062609 0.082071 0.064472 0.088311 0.000123 0.097583 0.001433 0.106854 0.002744 0.096431 0.067775 0.089221 0.197601 0.104501 0.136429 0.377140 0.180066 0.406543 0.135140 0.006597 0.373563 0.016964 0.311104 0.026917 0.312631 0.018324 0.374824 0.714384 0.227020 0.686859 0.206128 0.698225 0.196667 0.720084 0.214438 0.668657 0.175442 0.683280 0.169937 0.013478 0.437392 0.027979 0.438159 0.003360 0.436860 0.141774 0.668881 0.133510 0.612604 0.481428 0.562859 0.475955 0.563749 0.472242 0.531883 0.477783 0.531440 0.470410 0.564646 0.466621 0.532328 0.465423 0.499805 0.471091 0.499804 0.476668 0.499802 0.357589 0.625292 0.725492 0.330271 0.730605 0.325397 0.734938 0.321239 0.051253 0.439407 0.614776 0.365409 0.620188 0.337807 0.619510 0.393444 0.607994 0.397909 0.607994 0.365167 0.607994 0.332425 0.639043 0.413336 0.634909 0.417347 0.657509 0.434091 0.652128 0.446284 0.630061 0.422097 0.670820 0.325570 0.655806 0.334921 0.649974 0.328786 0.674230 0.334367 0.662285 0.341731 
						0.645591 0.349018 0.384118 0.578331 0.391566 0.617209 0.385869 0.618564 0.378400 0.579217 0.402112 0.655412 0.396471 0.657238 0.759204 0.369167 0.753793 0.396769 0.754470 0.341131 0.765987 0.336667 0.765987 0.369409 0.765987 0.402150 0.504263 0.409752 0.498403 0.408299 0.507263 0.378587 0.513010 0.380535 0.739072 0.317229 0.716472 0.300485 0.721853 0.288291 0.743920 0.312479 0.688870 0.295074 0.660834 0.299808 0.656370 0.288291 0.689111 0.288291 0.640942 0.319341 0.636932 0.315206 0.632182 0.310358 0.645099 0.323673 0.432376 0.271751 0.415821 0.307099 0.410363 0.304860 0.427161 0.269280 0.401929 0.344205 0.396282 0.342387 0.685111 0.439502 0.713147 0.434768 0.717611 0.446284 0.684869 0.446285 0.733039 0.415235 0.737049 0.419370 0.741799 0.424218 0.724007 0.405790 0.728882 0.410903 0.718175 0.399654 0.711696 0.392845 0.719802 0.381768 0.728389 0.385558 0.642062 0.366064 0.645273 0.383458 0.654624 0.398473 0.661434 0.391993 0.648489 0.404305 0.493037 0.301249 0.478639 0.332755 0.473902 0.330796 0.488481 0.298874 0.466656 0.365129 0.461790 0.363544 0.468661 0.328647 0.483409 0.296324 0.731919 0.368512 0.722521 0.368315 0.728708 0.351117 
						0.705260 0.325889 0.719357 0.336103 0.389510 0.422192 0.396893 0.383743 0.384027 0.421344 0.391429 0.382442 0.407331 0.345949 0.450591 0.719030 0.446469 0.721154 0.430511 0.686543 0.434849 0.684750 0.426077 0.688369 0.412547 0.652026 0.417164 0.650526 0.421660 0.649067 0.389599 0.577476 0.397026 0.615901 0.394732 0.576671 0.402134 0.614672 0.407508 0.653662 0.445930 0.763356 0.427439 0.730253 0.465196 0.795001 0.460377 0.797167 0.440866 0.766148 0.459745 0.285197 0.454760 0.282730 0.472162 0.250405 0.476856 0.253144 0.468034 0.247789 0.486666 0.215984 0.490500 0.219029 0.494334 0.222075 0.505162 0.267786 0.509498 0.270683 0.500285 0.264789 0.518838 0.233521 0.523032 0.237160 0.527225 0.240798 0.471790 0.708735 0.488733 0.740559 0.482698 0.743463 0.465677 0.711583 0.506604 0.771819 0.500619 0.774560 0.494633 0.777301 0.477118 0.746291 0.459971 0.714296 0.464833 0.204420 0.445608 0.236122 0.469660 0.206578 0.450626 0.238523 0.427634 0.391083 0.421515 0.389625 0.431556 0.353776 0.437569 0.355715 0.474677 0.208482 0.455537 0.240755 0.479694 0.210386 0.460125 0.242967 0.437360 0.274066 0.822347 0.218385 0.787788 0.239270 0.845983 0.186681 
						0.855500 0.190992 0.829484 0.226023 0.791481 0.249080 0.459974 0.566321 0.455279 0.567074 0.451266 0.533534 0.456029 0.533160 0.450623 0.567820 0.446552 0.533905 0.445180 0.499813 0.449927 0.499811 0.454731 0.499809 0.421020 0.309220 0.543803 0.710579 0.527183 0.681606 0.562005 0.739469 0.557433 0.743173 0.538902 0.713554 0.522280 0.684134 0.450309 0.321209 0.456571 0.323742 0.444434 0.318823 0.465461 0.287903 0.471584 0.290744 0.497334 0.303495 0.513549 0.273374 0.517772 0.275913 0.530796 0.243855 0.534366 0.246911 0.500331 0.224808 0.482446 0.255966 0.506328 0.227540 0.488493 0.258862 0.408967 0.574429 0.404565 0.537217 0.410068 0.536787 0.404076 0.575200 0.399630 0.537602 0.398115 0.499835 0.403070 0.499833 0.494584 0.261817 0.512583 0.230531 0.477690 0.293587 0.462804 0.326266 0.501894 0.693735 0.497494 0.695959 0.483234 0.664891 0.487766 0.663002 0.493205 0.698209 0.478778 0.666753 0.466768 0.634421 0.471330 0.632920 0.475955 0.631395 0.502035 0.376825 0.513254 0.347130 0.518359 0.349341 0.496928 0.375113 0.508267 0.345013 0.527080 0.317824 0.532068 0.320547 0.561863 0.259831 0.543681 0.288789 0.566448 0.263533 0.548561 0.292117 
						0.379343 0.460536 0.373542 0.460105 0.378306 0.420464 0.377690 0.499847 0.371833 0.499850 0.523967 0.351808 0.530193 0.354579 0.537519 0.323625 0.410598 0.694722 0.416049 0.692476 0.421241 0.690350 0.450489 0.678328 0.444622 0.680720 0.456742 0.675788 0.493124 0.592581 0.486694 0.561999 0.502103 0.622700 0.497002 0.624415 0.487928 0.593873 0.456522 0.637764 0.468816 0.670870 0.462967 0.673258 0.450508 0.639717 0.483595 0.703143 0.477886 0.705885 0.591878 0.674421 0.588552 0.677700 0.607749 0.695662 0.604809 0.699996 0.500503 0.734618 0.494813 0.737597 0.519088 0.765822 0.512846 0.768820 0.522625 0.278290 0.539731 0.249040 0.457283 0.398199 0.452339 0.397003 0.450567 0.431787 0.445571 0.430992 0.513339 0.652352 0.508360 0.654472 0.518435 0.650138 0.464158 0.245319 0.483180 0.213185 0.373589 0.539590 0.379389 0.539152 0.383315 0.499844 0.384955 0.538731 0.388582 0.499841 0.390167 0.538333 0.416305 0.536298 0.422964 0.535774 0.483086 0.468586 0.486660 0.437583 0.482011 0.499800 0.477765 0.468159 0.481391 0.436726 0.434480 0.499818 0.435897 0.534750 0.429623 0.535248 0.428192 0.499821 0.440068 0.569508 0.433839 0.570500 0.548276 0.578867 
						0.543932 0.579958 0.446935 0.603914 0.440792 0.605395 0.384910 0.460952 0.390124 0.461343 0.483103 0.531010 0.488556 0.530569 0.445629 0.568620 0.441507 0.534305 0.440109 0.499815 0.494554 0.530084 0.483101 0.334613 0.471224 0.366627 0.465032 0.565511 0.461163 0.532758 0.459914 0.499807 0.399456 0.575928 0.394957 0.537965 0.393414 0.499838 0.435866 0.464880 0.429590 0.464388 0.439262 0.316705 0.426252 0.352065 0.394915 0.461706 0.399589 0.462064 0.416118 0.388339 0.408889 0.425218 0.404526 0.462444 0.524034 0.647668 0.406825 0.613543 0.411400 0.612443 0.517120 0.686620 0.503158 0.656648 0.511846 0.689066 0.497852 0.658843 0.486242 0.628002 0.491672 0.626198 0.426409 0.647526 0.416236 0.611284 0.553850 0.295973 0.571696 0.268572 0.486986 0.783402 0.483509 0.786206 0.464447 0.754132 0.468315 0.751657 0.503057 0.342841 0.491591 0.373334 0.490810 0.780352 0.472434 0.749036 0.454994 0.716769 0.441478 0.465321 0.446524 0.465716 0.461903 0.399323 0.466570 0.400460 0.459924 0.433278 0.455226 0.432530 0.488658 0.700588 0.474049 0.668717 0.461907 0.636011 0.456003 0.466454 0.451240 0.466084 0.452427 0.602585 0.457366 0.601385 0.466646 0.599116 
						0.461982 0.600257 0.493074 0.406977 0.487872 0.405688 0.527451 0.758537 0.523270 0.762179 0.505369 0.731617 0.509695 0.728716 0.517950 0.723478 0.513736 0.726021 0.534571 0.752418 0.531011 0.755478 0.748241 0.233935 0.748035 0.246359 0.709360 0.238111 0.747706 0.256807 0.705048 0.247629 0.461139 0.466852 0.466599 0.467278 0.464985 0.434085 0.470366 0.434946 0.476949 0.402993 0.482452 0.404348 0.475914 0.435840 0.472222 0.467720 0.480947 0.629751 0.471673 0.597886 0.477015 0.596575 0.755876 0.041810 0.794552 0.050058 0.716124 0.048899 0.712431 0.039089 0.756205 0.031362 0.798864 0.040540 0.482513 0.595217 0.545277 0.748148 0.539924 0.750283 0.522792 0.721096 0.528051 0.718718 0.506706 0.691442 0.551355 0.745661 0.533545 0.716220 0.648411 0.097177 0.639233 0.139835 0.630466 0.139513 0.640369 0.093533 0.646960 0.183609 0.638784 0.186687 0.670018 0.221613 0.663639 0.227636 0.701405 0.255671 0.854230 0.148005 0.847141 0.108252 0.856951 0.104560 0.864678 0.148334 0.756527 0.022595 0.802507 0.032498 0.709353 0.030913 0.674428 0.062146 0.668405 0.055768 0.681565 0.069784 0.657929 0.101488 0.747384 0.265574 0.794558 0.257256 0.747106 0.272886 
						0.835507 0.232401 0.863543 0.194636 0.805686 0.091502 0.817052 0.082041 0.747858 0.219152 0.873445 0.148656 0.865127 0.101482 0.833894 0.066556 0.840272 0.060533 0.826256 0.073693 0.712964 0.368102 0.711054 0.377908 0.435764 0.769700 0.456297 0.801532 0.120863 0.074260 0.136620 0.011057 0.128451 0.556332 0.662105 0.140370 0.649681 0.140164 0.656770 0.179916 0.705098 0.385928 0.696289 0.391278 0.676371 0.391352 0.686176 0.393262 0.679801 0.383578 0.686356 0.384756 0.676888 0.139987 0.668883 0.348648 0.677691 0.343298 0.687804 0.341314 0.688017 0.331757 0.746837 0.279607 0.746444 0.288046 0.439458 0.682844 0.471602 0.401686 0.643375 0.409179 0.688214 0.322359 0.301748 0.361738 0.686422 0.378341 0.682338 0.377831 0.385727 0.381093 0.536990 0.357630 0.674514 0.379530 0.679208 0.375158 0.492663 0.660980 0.423613 0.219575 0.446760 0.185541 0.677655 0.214475 0.668350 0.385395 
					</float_array>
					<technique_common>
						<accessor count="1137" offset="0" source="#meshId0-tex0-array" stride="2">
							<param name="S" type="float" />
							<param name="T" type="float" />
						</accessor>
					</technique_common>
				</source>
				<vertices id="meshId0-vertices">
					<input semantic="POSITION" source="#meshId0-positions" />
				</vertices>
				<polylist count="2112" material="defaultMaterial">
					<input offset="0" semantic="VERTEX" source="#meshId0-vertices" />
					<input offset="0" semantic="NORMAL" source="#meshId0-normals" />
					<input offset="0" semantic="TANGENT" source="#meshId0-tangents" />
					<input offset="0" semantic="BINORMAL" source="#meshId0-bitangents" />
					<input offset="0" semantic="TEXCOORD" source="#meshId0-tex0" set="0" />
					<vcount>
						3 3 3 3 3 3 3 3 3 3 3 3 3 3 3 3 3 3 3 3 3 3 3 3 3 3 3 3 3 3 3 3 3 3 3 3 3 3 3 3 3 3 3 3 3 3 3 3 3 3 3 3 3 3 3 3 3 3 3 3 3 3 3 3 
						3 3 3 3 3 3 3 3 3 3 3 3 3 3 3 3 3 3 3 3 3 3 3 3 3 3 3 3 3 3 3 3 3 3 3 3 3 3 3 3 3 3 3 3 3 3 3 3 3 3 3 3 3 3 3 3 3 3 3 3 3 3 3 3 
						3 3 3 3 3 3 3 3 3 3 3 3 3 3 3 3 3 3 3 3 3 3 3 3 3 3 3 3 3 3 3 3 3 3 3 3 3 3 3 3 3 3 3 3 3 3 3 3 3 3 3 3 3 3 3 3 3 3 3 3 3 3 3 3 
						3 3 3 3 3 3 3 3 3 3 3 3 3 3 3 3 3 3 3 3 3 3 3 3 3 3 3 3 3 3 3 3 3 3 3 3 3 3 3 3 3 3 3 3 3 3 3 3 3 3 3 3 3 3 3 3 3 3 3 3 3 3 3 3 
						3 3 3 3 3 3 3 3 3 3 3 3 3 3 3 3 3 3 3 3 3 3 3 3 3 3 3 3 3 3 3 3 3 3 3 3 3 3 3 3 3 3 3 3 3 3 3 3 3 3 3 3 3 3 3 3 3 3 3 3 3 3 3 3 
						3 3 3 3 3 3 3 3 3 3 3 3 3 3 3 3 3 3 3 3 3 3 3 3 3 3 3 3 3 3 3 3 3 3 3 3 3 3 3 3 3 3 3 3 3 3 3 3 3 3 3 3 3 3 3 3 3 3 3 3 3 3 3 3 
						3 3 3 3 3 3 3 3 3 3 3 3 3 3 3 3 3 3 3 3 3 3 3 3 3 3 3 3 3 3 3 3 3 3 3 3 3 3 3 3 3 3 3 3 3 3 3 3 3 3 3 3 3 3 3 3 3 3 3 3 3 3 3 3 
						3 3 3 3 3 3 3 3 3 3 3 3 3 3 3 3 3 3 3 3 3 3 3 3 3 3 3 3 3 3 3 3 3 3 3 3 3 3 3 3 3 3 3 3 3 3 3 3 3 3 3 3 3 3 3 3 3 3 3 3 3 3 3 3 
						3 3 3 3 3 3 3 3 3 3 3 3 3 3 3 3 3 3 3 3 3 3 3 3 3 3 3 3 3 3 3 3 3 3 3 3 3 3 3 3 3 3 3 3 3 3 3 3 3 3 3 3 3 3 3 3 3 3 3 3 3 3 3 3 
						3 3 3 3 3 3 3 3 3 3 3 3 3 3 3 3 3 3 3 3 3 3 3 3 3 3 3 3 3 3 3 3 3 3 3 3 3 3 3 3 3 3 3 3 3 3 3 3 3 3 3 3 3 3 3 3 3 3 3 3 3 3 3 3 
						3 3 3 3 3 3 3 3 3 3 3 3 3 3 3 3 3 3 3 3 3 3 3 3 3 3 3 3 3 3 3 3 3 3 3 3 3 3 3 3 3 3 3 3 3 3 3 3 3 3 3 3 3 3 3 3 3 3 3 3 3 3 3 3 
						3 3 3 3 3 3 3 3 3 3 3 3 3 3 3 3 3 3 3 3 3 3 3 3 3 3 3 3 3 3 3 3 3 3 3 3 3 3 3 3 3 3 3 3 3 3 3 3 3 3 3 3 3 3 3 3 3 3 3 3 3 3 3 3 
						3 3 3 3 3 3 3 3 3 3 3 3 3 3 3 3 3 3 3 3 3 3 3 3 3 3 3 3 3 3 3 3 3 3 3 3 3 3 3 3 3 3 3 3 3 3 3 3 3 3 3 3 3 3 3 3 3 3 3 3 3 3 3 3 
						3 3 3 3 3 3 3 3 3 3 3 3 3 3 3 3 3 3 3 3 3 3 3 3 3 3 3 3 3 3 3 3 3 3 3 3 3 3 3 3 3 3 3 3 3 3 3 3 3 3 3 3 3 3 3 3 3 3 3 3 3 3 3 3 
						3 3 3 3 3 3 3 3 3 3 3 3 3 3 3 3 3 3 3 3 3 3 3 3 3 3 3 3 3 3 3 3 3 3 3 3 3 3 3 3 3 3 3 3 3 3 3 3 3 3 3 3 3 3 3 3 3 3 3 3 3 3 3 3 
						3 3 3 3 3 3 3 3 3 3 3 3 3 3 3 3 3 3 3 3 3 3 3 3 3 3 3 3 3 3 3 3 3 3 3 3 3 3 3 3 3 3 3 3 3 3 3 3 3 3 3 3 3 3 3 3 3 3 3 3 3 3 3 3 
						3 3 3 3 3 3 3 3 3 3 3 3 3 3 3 3 3 3 3 3 3 3 3 3 3 3 3 3 3 3 3 3 3 3 3 3 3 3 3 3 3 3 3 3 3 3 3 3 3 3 3 3 3 3 3 3 3 3 3 3 3 3 3 3 
						3 3 3 3 3 3 3 3 3 3 3 3 3 3 3 3 3 3 3 3 3 3 3 3 3 3 3 3 3 3 3 3 3 3 3 3 3 3 3 3 3 3 3 3 3 3 3 3 3 3 3 3 3 3 3 3 3 3 3 3 3 3 3 3 
						3 3 3 3 3 3 3 3 3 3 3 3 3 3 3 3 3 3 3 3 3 3 3 3 3 3 3 3 3 3 3 3 3 3 3 3 3 3 3 3 3 3 3 3 3 3 3 3 3 3 3 3 3 3 3 3 3 3 3 3 3 3 3 3 
						3 3 3 3 3 3 3 3 3 3 3 3 3 3 3 3 3 3 3 3 3 3 3 3 3 3 3 3 3 3 3 3 3 3 3 3 3 3 3 3 3 3 3 3 3 3 3 3 3 3 3 3 3 3 3 3 3 3 3 3 3 3 3 3 
						3 3 3 3 3 3 3 3 3 3 3 3 3 3 3 3 3 3 3 3 3 3 3 3 3 3 3 3 3 3 3 3 3 3 3 3 3 3 3 3 3 3 3 3 3 3 3 3 3 3 3 3 3 3 3 3 3 3 3 3 3 3 3 3 
						3 3 3 3 3 3 3 3 3 3 3 3 3 3 3 3 3 3 3 3 3 3 3 3 3 3 3 3 3 3 3 3 3 3 3 3 3 3 3 3 3 3 3 3 3 3 3 3 3 3 3 3 3 3 3 3 3 3 3 3 3 3 3 3 
						3 3 3 3 3 3 3 3 3 3 3 3 3 3 3 3 3 3 3 3 3 3 3 3 3 3 3 3 3 3 3 3 3 3 3 3 3 3 3 3 3 3 3 3 3 3 3 3 3 3 3 3 3 3 3 3 3 3 3 3 3 3 3 3 
						3 3 3 3 3 3 3 3 3 3 3 3 3 3 3 3 3 3 3 3 3 3 3 3 3 3 3 3 3 3 3 3 3 3 3 3 3 3 3 3 3 3 3 3 3 3 3 3 3 3 3 3 3 3 3 3 3 3 3 3 3 3 3 3 
						3 3 3 3 3 3 3 3 3 3 3 3 3 3 3 3 3 3 3 3 3 3 3 3 3 3 3 3 3 3 3 3 3 3 3 3 3 3 3 3 3 3 3 3 3 3 3 3 3 3 3 3 3 3 3 3 3 3 3 3 3 3 3 3 
						3 3 3 3 3 3 3 3 3 3 3 3 3 3 3 3 3 3 3 3 3 3 3 3 3 3 3 3 3 3 3 3 3 3 3 3 3 3 3 3 3 3 3 3 3 3 3 3 3 3 3 3 3 3 3 3 3 3 3 3 3 3 3 3 
						3 3 3 3 3 3 3 3 3 3 3 3 3 3 3 3 3 3 3 3 3 3 3 3 3 3 3 3 3 3 3 3 3 3 3 3 3 3 3 3 3 3 3 3 3 3 3 3 3 3 3 3 3 3 3 3 3 3 3 3 3 3 3 3 
						3 3 3 3 3 3 3 3 3 3 3 3 3 3 3 3 3 3 3 3 3 3 3 3 3 3 3 3 3 3 3 3 3 3 3 3 3 3 3 3 3 3 3 3 3 3 3 3 3 3 3 3 3 3 3 3 3 3 3 3 3 3 3 3 
						3 3 3 3 3 3 3 3 3 3 3 3 3 3 3 3 3 3 3 3 3 3 3 3 3 3 3 3 3 3 3 3 3 3 3 3 3 3 3 3 3 3 3 3 3 3 3 3 3 3 3 3 3 3 3 3 3 3 3 3 3 3 3 3 
						3 3 3 3 3 3 3 3 3 3 3 3 3 3 3 3 3 3 3 3 3 3 3 3 3 3 3 3 3 3 3 3 3 3 3 3 3 3 3 3 3 3 3 3 3 3 3 3 3 3 3 3 3 3 3 3 3 3 3 3 3 3 3 3 
						3 3 3 3 3 3 3 3 3 3 3 3 3 3 3 3 3 3 3 3 3 3 3 3 3 3 3 3 3 3 3 3 3 3 3 3 3 3 3 3 3 3 3 3 3 3 3 3 3 3 3 3 3 3 3 3 3 3 3 3 3 3 3 3 
						3 3 3 3 3 3 3 3 3 3 3 3 3 3 3 3 3 3 3 3 3 3 3 3 3 3 3 3 3 3 3 3 3 3 3 3 3 3 3 3 3 3 3 3 3 3 3 3 3 3 3 3 3 3 3 3 3 3 3 3 3 3 3 3 
						3 3 3 3 3 3 3 3 3 3 3 3 3 3 3 3 3 3 3 3 3 3 3 3 3 3 3 3 3 3 3 3 3 3 3 3 3 3 3 3 3 3 3 3 3 3 3 3 3 3 3 3 3 3 3 3 3 3 3 3 3 3 3 3 
					</vcount>
					<p>
						3 0 1 1 2 3 2 1 4 4 5 2 7 2 5 5 6 7 8 3 2 2 7 8 12 9 10 10 11 12 11 10 13 13 14 11 16 11 14 14 15 16 17 12 11 11 16 17 21 18 19 19 20 21 20 19 22 22 23 20 25 20 23 23 24 25 26 21 20 20 25 26 30 27 28 28 29 30 29 28 31 31 32 29 5 29 32 32 6 5 4 30 29 29 5 4 36 33 34 34 35 36 35 34 37 37 38 35 40 35 38 38 39 40 41 36 35 35 40 41 45 42 43 43 44 45 44 43 46 46 47 44 32 44 47 47 6 32 31 45 44 44 32 31 7 6 47 47 48 7 48 47 46 46 49 48 51 48 49 49 50 51 8 7 48 48 51 8 55 52 53 53 54 55 54 53 56 56 57 54 59 54 57 57 58 59 60 55 54 54 59 60 
						64 61 62 62 63 64 63 62 8 8 51 63 65 63 51 51 50 65 66 64 63 63 65 66 70 67 68 68 69 70 69 68 71 71 72 69 74 69 72 72 73 74 75 70 69 69 74 75 79 76 77 77 78 79 78 77 80 80 81 78 83 78 81 81 82 83 84 79 78 78 83 84 36 41 85 85 86 36 86 85 87 87 88 86 90 86 88 88 89 90 33 36 86 86 90 33 94 91 92 92 93 94 93 92 95 95 96 93 98 93 96 96 97 98 99 94 93 93 98 99 103 100 101 101 102 103 102 101 104 104 105 102 107 102 105 105 106 107 108 103 102 102 107 108 43 42 109 109 110 43 110 109 111 111 112 110 113 110 112 112 75 113 46 43 110 110 113 46 70 75 112 112 114 70 114 112 111 111 115 114 117 114 115 115 116 117 67 70 114 114 117 67 
						23 22 118 118 119 23 119 118 120 120 121 119 123 119 121 121 122 123 24 23 119 119 123 24 101 100 124 124 125 101 125 124 126 126 127 125 129 125 127 127 128 129 104 101 125 125 129 104 133 130 131 131 132 133 132 131 87 87 85 132 134 132 85 85 41 134 135 133 132 132 134 135 134 41 40 40 136 134 136 40 39 39 137 136 139 136 137 137 138 139 135 134 136 136 139 135 143 140 141 141 142 143 142 141 144 144 145 142 147 142 145 145 146 147 148 143 142 142 147 148 152 149 150 150 151 152 151 150 153 153 154 151 156 151 154 154 155 156 157 152 151 151 156 157 159 60 59 59 158 159 158 59 58 58 160 158 139 158 160 160 135 139 138 159 158 158 139 138 160 58 161 161 162 160 162 161 163 163 164 162 133 162 164 164 130 133 135 160 162 162 133 135 
						166 97 96 96 165 166 165 96 95 95 167 165 169 165 167 167 168 169 170 166 165 165 169 170 174 171 172 172 173 174 173 172 175 175 176 173 178 173 176 176 177 178 179 174 173 173 178 179 181 61 64 64 180 181 180 64 66 66 182 180 184 180 182 182 183 184 185 181 180 180 184 185 189 186 187 187 188 189 188 187 190 190 191 188 193 188 191 191 192 193 194 189 188 188 193 194 197 155 195 195 196 197 196 195 194 194 198 196 167 196 198 198 168 167 95 197 196 196 167 95 193 192 199 199 200 193 200 199 201 201 202 200 198 200 202 202 168 198 194 193 200 200 198 194 169 168 202 202 203 169 203 202 201 201 204 203 205 203 204 204 71 205 170 169 203 203 205 170 209 206 207 207 208 209 208 207 210 210 211 208 213 208 211 211 212 213 214 209 208 208 213 214 
						218 215 216 216 217 218 217 216 146 146 219 217 221 217 219 219 220 221 222 218 217 217 221 222 224 148 147 147 223 224 223 147 146 146 216 223 225 223 216 216 215 225 226 224 223 223 225 226 230 227 228 228 229 230 229 228 231 231 232 229 234 229 232 232 233 234 235 230 229 229 234 235 239 236 237 237 238 239 238 237 240 240 241 238 225 238 241 241 226 225 215 239 238 238 225 215 3 8 62 62 242 3 242 62 61 61 243 242 245 242 243 243 244 245 0 3 242 242 245 0 249 246 247 247 248 249 248 247 250 250 251 248 241 248 251 251 226 241 240 249 248 248 241 240 224 226 251 251 252 224 252 251 250 250 253 252 255 252 253 253 254 255 148 224 252 252 255 148 259 256 257 257 258 259 258 257 260 260 261 258 247 258 261 261 250 247 246 259 258 258 247 246 
						265 262 263 263 264 265 264 263 266 266 267 264 94 264 267 267 91 94 99 265 264 264 94 99 271 268 269 269 270 271 270 269 272 272 273 270 275 270 273 273 274 275 276 271 270 270 275 276 280 277 278 278 279 280 279 278 157 157 281 279 267 279 281 281 91 267 266 280 279 279 267 266 281 157 156 156 282 281 282 156 155 155 197 282 92 282 197 197 95 92 91 281 282 282 92 91 286 283 284 284 285 286 285 284 17 17 287 285 288 285 287 287 149 288 289 286 285 285 288 289 293 290 291 291 292 293 292 291 294 294 295 292 297 292 295 295 296 297 298 293 292 292 297 298 287 17 16 16 299 287 299 16 15 15 300 299 150 299 300 300 153 150 149 287 299 299 150 149 304 301 302 302 303 304 303 302 305 305 306 303 308 303 306 306 307 308 309 304 303 303 308 309 
						311 244 243 243 310 311 310 243 61 61 181 310 312 310 181 181 185 312 313 311 310 310 312 313 113 75 74 74 314 113 314 74 73 73 315 314 49 314 315 315 50 49 46 113 314 314 49 46 319 316 317 317 318 319 318 317 320 320 321 318 323 318 321 321 322 323 190 319 318 318 323 190 14 13 324 324 325 14 325 324 326 326 327 325 329 325 327 327 328 329 15 14 325 325 329 15 321 320 330 330 331 321 331 330 298 298 332 331 334 331 332 332 333 334 322 321 331 331 334 322 337 183 335 335 336 337 336 335 338 338 339 336 334 336 339 339 322 334 333 337 336 336 334 333 323 322 339 339 340 323 340 339 338 338 341 340 191 340 341 341 192 191 190 323 340 340 191 190 182 66 342 342 343 182 343 342 344 344 345 343 335 343 345 345 338 335 183 182 343 343 335 183 
						349 346 347 347 348 349 348 347 18 18 21 348 350 348 21 21 26 350 351 349 348 348 350 351 332 298 297 297 352 332 352 297 296 296 353 352 355 352 353 353 354 355 333 332 352 352 355 333 353 296 356 356 357 353 357 356 358 358 359 357 361 357 359 359 360 361 354 353 357 357 361 354 365 362 363 363 364 365 364 363 366 366 367 364 369 364 367 367 368 369 370 365 364 364 369 370 295 294 371 371 372 295 372 371 373 373 374 372 356 372 374 374 358 356 296 295 372 372 356 296 378 375 376 376 377 378 377 376 326 326 324 377 379 377 324 324 13 379 380 378 377 377 379 380 382 313 312 312 381 382 381 312 185 185 383 381 361 381 383 383 354 361 360 382 381 381 361 360 355 354 383 383 384 355 384 383 185 185 184 384 337 384 184 184 183 337 333 355 384 384 337 333 
						300 15 329 329 385 300 385 329 328 328 386 385 387 385 386 386 186 387 153 300 385 385 387 153 391 388 389 389 390 391 390 389 392 392 393 390 395 390 393 393 394 395 396 391 390 390 395 396 386 328 397 397 398 386 398 397 316 316 319 398 187 398 319 319 190 187 186 386 398 398 187 186 327 326 399 399 400 327 400 399 401 401 402 400 397 400 402 402 316 397 328 327 400 400 397 328 166 170 403 403 404 166 404 403 405 405 406 404 408 404 406 406 407 408 97 166 404 404 408 97 412 409 410 410 411 412 411 410 413 413 414 411 416 411 414 414 415 416 417 412 411 411 416 417 345 344 418 418 419 345 419 418 201 201 199 419 341 419 199 199 192 341 338 345 419 419 341 338 423 420 421 421 422 423 422 421 409 409 424 422 425 422 424 424 305 425 426 423 422 422 425 426 
						430 427 428 428 429 430 429 428 108 108 431 429 433 429 431 431 432 433 434 430 429 429 433 434 431 108 107 107 435 431 435 107 106 106 436 435 437 435 436 436 309 437 432 431 435 435 437 432 304 309 436 436 438 304 438 436 106 106 105 438 439 438 105 105 104 439 301 304 438 438 439 301 308 307 440 440 441 308 441 440 417 417 442 441 437 441 442 442 432 437 309 308 441 441 437 309 433 432 442 442 443 433 443 442 417 417 416 443 444 443 416 416 415 444 434 433 443 443 444 434 447 144 445 445 446 447 446 445 394 394 448 446 450 446 448 448 449 450 451 447 446 446 450 451 306 305 424 424 452 306 452 424 409 409 412 452 440 452 412 412 417 440 307 306 452 452 440 307 454 396 395 395 453 454 453 395 394 394 445 453 141 453 445 445 144 141 140 454 453 453 141 140 
						458 455 456 456 457 458 457 456 459 459 460 457 462 457 460 460 461 462 463 458 457 457 462 463 261 260 464 464 465 261 465 464 466 466 467 465 253 465 467 467 254 253 250 261 465 465 253 250 414 413 468 468 469 414 469 468 470 470 471 469 444 469 471 471 434 444 415 414 469 469 444 415 255 254 472 472 473 255 473 472 474 474 475 473 143 473 475 475 140 143 148 255 473 473 143 148 479 476 477 477 478 479 478 477 52 52 55 478 159 478 55 55 60 159 138 479 478 478 159 138 454 140 475 475 480 454 480 475 474 474 481 480 483 480 481 481 482 483 396 454 480 480 483 396 467 466 484 484 485 467 485 484 486 486 487 485 472 485 487 487 474 472 254 467 485 485 472 254 491 488 489 489 490 491 490 489 492 492 493 490 389 490 493 493 392 389 388 491 490 490 389 388 
						483 482 494 494 495 483 495 494 496 496 497 495 391 495 497 497 388 391 396 483 495 495 391 396 499 392 493 493 498 499 498 493 492 492 500 498 502 498 500 500 501 502 503 499 498 498 502 503 491 388 497 497 504 491 504 497 496 496 505 504 507 504 505 505 506 507 488 491 504 504 507 488 511 508 509 509 510 511 510 509 512 512 513 510 494 510 513 513 496 494 482 511 510 510 494 482 517 514 515 515 516 517 516 515 518 518 519 516 521 516 519 519 520 521 522 517 516 516 521 522 228 227 523 523 524 228 524 523 256 256 259 524 525 524 259 259 246 525 231 228 524 524 525 231 527 233 232 232 526 527 526 232 231 231 528 526 271 526 528 528 268 271 276 527 526 526 271 276 530 461 460 460 529 530 529 460 459 459 531 529 533 529 531 531 532 533 534 530 529 529 533 534 
						536 268 528 528 535 536 535 528 231 231 525 535 249 535 525 525 246 249 240 536 535 535 249 240 81 80 537 537 538 81 538 537 539 539 540 538 542 538 540 540 541 542 82 81 538 538 542 82 546 543 544 544 545 546 545 544 547 547 548 545 550 545 548 548 549 550 9 546 545 545 550 9 554 551 552 552 553 554 553 552 555 555 556 553 558 553 556 556 557 558 290 554 553 553 558 290 550 549 559 559 560 550 560 559 380 380 379 560 10 560 379 379 13 10 9 550 560 560 10 9 564 561 562 562 563 564 563 562 565 565 566 563 568 563 566 566 567 568 569 564 563 563 568 569 291 290 558 558 570 291 570 558 557 557 571 570 573 570 571 571 572 573 294 291 570 570 573 294 399 326 376 376 574 399 574 376 375 375 575 574 577 574 575 575 576 577 401 399 574 574 577 401 
						581 578 579 579 580 581 580 579 514 514 582 580 584 580 582 582 583 584 585 581 580 580 584 585 589 586 587 587 588 589 588 587 590 590 591 588 593 588 591 591 592 593 594 589 588 588 593 594 598 595 596 596 597 598 597 596 599 599 600 597 602 597 600 600 601 602 603 598 597 597 602 603 605 401 577 577 604 605 604 577 576 576 606 604 552 604 606 606 555 552 551 605 604 604 552 551 610 607 608 608 609 610 609 608 346 346 349 609 611 609 349 349 351 611 612 610 609 609 611 612 402 401 605 605 613 402 613 605 551 551 614 613 317 613 614 614 320 317 316 402 613 613 317 316 121 120 615 615 616 121 616 615 617 617 618 616 620 616 618 618 619 620 122 121 616 616 620 122 624 621 622 622 623 624 623 622 625 625 626 623 628 623 626 626 627 628 629 624 623 623 628 629 
						618 617 630 630 631 618 631 630 561 561 564 631 632 631 564 564 569 632 619 618 631 631 632 619 636 633 634 634 635 636 635 634 586 586 637 635 639 635 637 637 638 639 640 636 635 635 639 640 643 407 641 641 642 643 642 641 644 644 645 642 647 642 645 645 646 647 648 643 642 642 647 648 647 646 649 649 650 647 650 649 651 651 652 650 654 650 652 652 653 654 648 647 650 650 654 648 98 97 408 408 655 98 655 408 407 407 643 655 656 655 643 643 648 656 99 98 655 655 656 99 288 149 152 152 657 288 657 152 157 157 278 657 658 657 278 278 277 658 289 288 657 657 658 289 662 659 660 660 661 662 661 660 644 644 641 661 406 661 641 641 407 406 405 662 661 661 406 405 666 663 664 664 665 666 665 664 667 667 668 665 164 665 668 668 130 164 163 666 665 665 164 163 
						670 67 117 117 669 670 669 117 116 116 671 669 662 669 671 671 659 662 405 670 669 669 662 405 673 344 342 342 672 673 672 342 66 66 65 672 315 672 65 65 50 315 73 673 672 672 315 73 677 674 675 675 676 677 676 675 678 678 679 676 681 676 679 679 680 681 682 677 676 676 681 682 614 551 554 554 683 614 683 554 290 290 293 683 330 683 293 293 298 330 320 614 683 683 330 320 176 175 684 684 685 176 685 684 362 362 365 685 686 685 365 365 370 686 177 176 685 685 686 177 670 405 403 403 687 670 687 403 170 170 205 687 68 687 205 205 71 68 67 670 687 687 68 67 689 212 211 211 688 689 688 211 210 210 690 688 692 688 690 690 691 692 693 689 688 688 692 693 690 210 694 694 695 690 695 694 534 534 696 695 698 695 696 696 697 698 691 690 695 695 698 691 
						701 366 699 699 700 701 700 699 702 702 703 700 704 700 703 703 128 704 214 701 700 700 704 214 708 705 706 706 707 708 707 706 709 709 710 707 556 707 710 710 557 556 555 708 707 707 556 555 712 179 178 178 711 712 711 178 177 177 713 711 715 711 713 713 714 715 716 712 711 711 715 716 239 215 218 218 717 239 717 218 222 222 718 717 720 717 718 718 719 720 236 239 717 717 720 236 713 177 686 686 721 713 721 686 370 370 722 721 724 721 722 722 723 724 714 713 721 721 724 714 722 370 369 369 725 722 725 369 368 368 726 725 728 725 726 726 727 728 723 722 725 725 728 723 726 368 729 729 730 726 730 729 212 212 689 730 731 730 689 689 693 731 727 726 730 730 731 727 367 366 701 701 732 367 732 701 214 214 213 732 729 732 213 213 212 729 368 367 732 732 729 368 
						736 733 734 734 735 736 735 734 737 737 738 735 559 735 738 738 380 559 549 736 735 735 559 549 696 534 533 533 739 696 739 533 532 532 740 739 742 739 740 740 741 742 697 696 739 739 742 697 740 532 743 743 744 740 744 743 179 179 712 744 745 744 712 712 716 745 741 740 744 744 745 741 531 459 746 746 747 531 747 746 171 171 174 747 743 747 174 174 179 743 532 531 747 747 743 532 746 459 456 456 748 746 748 456 455 455 749 748 751 748 749 749 750 751 171 746 748 748 751 171 209 214 704 704 752 209 752 704 128 128 127 752 753 752 127 127 126 753 206 209 752 752 753 206 755 463 462 462 754 755 754 462 461 461 756 754 753 754 756 756 206 753 126 755 754 754 753 126 760 757 758 758 759 760 759 758 761 761 762 759 763 759 762 762 640 763 764 760 759 759 763 764 
						172 171 751 751 765 172 765 751 750 750 766 765 767 765 766 766 420 767 175 172 765 765 767 175 423 426 768 768 769 423 769 768 362 362 684 769 767 769 684 684 175 767 420 423 769 769 767 420 542 541 770 770 771 542 771 770 772 772 773 771 774 771 773 773 737 774 82 542 771 771 774 82 778 775 776 776 777 778 777 776 625 625 779 777 781 777 779 779 780 781 782 778 777 777 781 782 706 705 783 783 784 706 784 783 785 785 786 784 787 784 786 786 780 787 709 706 784 784 787 709 789 621 624 624 788 789 788 624 629 629 790 788 792 788 790 790 791 792 572 789 788 788 792 572 796 793 794 794 795 796 795 794 76 76 797 795 799 795 797 797 798 799 800 796 795 795 799 800 802 757 760 760 801 802 801 760 764 764 803 801 805 801 803 803 804 805 806 802 801 801 805 806 
						810 807 808 808 809 810 809 808 811 811 812 809 814 809 812 812 813 814 815 810 809 809 814 815 548 547 816 816 817 548 817 816 818 818 819 817 736 817 819 819 733 736 549 548 817 817 736 549 637 586 589 589 820 637 820 589 594 594 821 820 823 820 821 821 822 823 638 637 820 820 823 638 819 818 824 824 825 819 825 824 826 826 827 825 828 825 827 827 84 828 733 819 825 825 828 733 830 56 53 53 829 830 829 53 52 52 831 829 833 829 831 831 832 833 834 830 829 829 833 834 838 835 836 836 837 838 837 836 839 839 840 837 842 837 840 840 841 842 843 838 837 837 842 843 828 84 83 83 844 828 844 83 82 82 774 844 734 844 774 774 737 734 733 828 844 844 734 733 846 503 502 502 845 846 845 502 501 501 847 845 849 845 847 847 848 849 850 846 845 845 849 850 
						852 638 823 823 851 852 851 823 822 822 853 851 854 851 853 853 793 854 855 852 851 851 854 855 858 522 856 856 857 858 857 856 757 757 802 857 859 857 802 802 806 859 860 858 857 857 859 860 796 800 861 861 862 796 862 861 863 863 864 862 854 862 864 864 855 854 793 796 862 862 854 793 867 603 865 865 866 867 866 865 868 868 869 866 871 866 869 869 870 871 592 867 866 866 871 592 873 804 803 803 872 873 872 803 764 764 874 872 864 872 874 874 855 864 863 873 872 872 864 863 874 764 763 763 875 874 875 763 640 640 639 875 852 875 639 639 638 852 855 874 875 875 852 855 879 876 877 877 878 879 878 877 880 880 881 878 883 878 881 881 882 883 884 879 878 878 883 884 887 719 885 885 886 887 886 885 888 888 889 886 890 886 889 889 578 890 891 887 886 886 890 891 
						581 585 892 892 893 581 893 892 894 894 895 893 890 893 895 895 891 890 578 581 893 893 890 578 898 772 896 896 897 898 897 896 899 899 900 897 575 897 900 900 576 575 375 898 897 897 575 375 902 236 720 720 901 902 901 720 719 719 887 901 903 901 887 887 891 903 272 902 901 901 903 272 571 557 710 710 904 571 904 710 709 709 905 904 789 904 905 905 621 789 572 571 904 904 789 572 905 709 787 787 906 905 906 787 780 780 779 906 622 906 779 779 625 622 621 905 906 906 622 621 908 601 600 600 907 908 907 600 599 599 909 907 810 907 909 909 807 810 815 908 907 907 810 815 911 451 450 450 910 911 910 450 449 449 912 910 914 910 912 912 913 914 674 911 910 910 914 674 918 915 916 916 917 918 917 916 919 919 920 917 909 917 920 920 807 909 599 918 917 917 909 599 
						513 512 921 921 922 513 922 921 923 923 924 922 505 922 924 924 506 505 496 513 922 922 505 496 920 919 925 925 926 920 926 925 927 927 928 926 808 926 928 928 811 808 807 920 926 926 808 807 582 514 517 517 929 582 929 517 522 522 858 929 930 929 858 858 860 930 583 582 929 929 930 583 762 761 931 931 932 762 932 931 933 933 934 932 636 932 934 934 633 636 640 762 932 932 636 640 936 913 912 912 935 936 935 912 449 449 937 935 846 935 937 937 503 846 850 936 935 935 846 850 797 76 79 79 938 797 938 79 84 84 827 938 939 938 827 827 826 939 798 797 938 938 939 798 606 576 900 900 940 606 940 900 899 899 941 940 708 940 941 941 705 708 555 606 940 940 708 555 941 899 942 942 943 941 943 942 944 944 945 943 783 943 945 945 785 783 705 941 943 943 783 705 
						867 592 591 591 946 867 946 591 590 590 947 946 598 946 947 947 595 598 603 867 946 946 598 603 949 222 221 221 948 949 948 221 220 220 950 948 951 948 950 950 682 951 952 949 948 948 951 952 956 953 954 954 955 956 955 954 957 957 958 955 947 955 958 958 595 947 590 956 955 955 947 590 487 486 959 959 960 487 960 959 508 508 511 960 481 960 511 511 482 481 474 487 960 960 481 474 958 957 961 961 962 958 962 961 915 915 918 962 596 962 918 918 599 596 595 958 962 962 596 595 896 772 770 770 963 896 963 770 541 541 964 963 942 963 964 964 944 942 899 896 963 963 942 899 677 682 950 950 965 677 965 950 220 220 966 965 911 965 966 966 451 911 674 677 965 965 911 674 840 839 967 967 968 840 968 967 957 957 954 968 969 968 954 954 953 969 841 840 968 968 969 841 
						447 451 966 966 970 447 970 966 220 220 219 970 145 970 219 219 146 145 144 447 970 970 145 144 758 757 856 856 971 758 971 856 522 522 521 971 972 971 521 521 520 972 761 758 971 971 972 761 679 678 973 973 974 679 974 973 835 835 838 974 975 974 838 838 843 975 680 679 974 974 975 680 869 868 976 976 977 869 977 976 785 785 945 977 978 977 945 945 944 978 870 869 977 977 978 870 634 633 979 979 980 634 980 979 953 953 956 980 587 980 956 956 590 587 586 634 980 980 587 586 77 76 794 794 981 77 981 794 793 793 853 981 982 981 853 853 822 982 80 77 981 981 982 80 984 870 978 978 983 984 983 978 944 944 964 983 540 983 964 964 541 540 539 984 983 983 540 539 986 539 537 537 985 986 985 537 80 80 982 985 821 985 982 982 822 821 594 986 985 985 821 594 
						593 592 871 871 987 593 987 871 870 870 984 987 986 987 984 984 539 986 594 593 987 987 986 594 499 503 937 937 988 499 988 937 449 449 448 988 393 988 448 448 394 393 392 499 988 988 393 392 990 782 781 781 989 990 989 781 780 780 786 989 976 989 786 786 785 976 868 990 989 989 976 868 936 850 991 991 992 936 992 991 993 993 994 992 996 992 994 994 995 996 913 936 992 992 996 913 602 601 997 997 998 602 998 997 782 782 990 998 865 998 990 990 868 865 603 602 998 998 865 603 903 891 895 895 999 903 999 895 894 894 1000 999 273 999 1000 1000 274 273 272 903 999 999 273 272 1004 1001 1002 1002 1003 1004 1003 1002 627 627 626 1003 776 1003 626 626 625 776 775 1004 1003 1003 776 775 515 514 579 579 1005 515 1005 579 578 578 889 1005 1006 1005 889 889 888 1006 518 515 1005 1005 1006 518 
						814 813 1007 1007 1008 814 1008 1007 1001 1001 1004 1008 1009 1008 1004 1004 775 1009 815 814 1008 1008 1009 815 1011 841 969 969 1010 1011 1010 969 953 953 979 1010 934 1010 979 979 633 934 933 1011 1010 1010 934 933 931 761 972 972 1012 931 1012 972 520 520 1013 1012 1015 1012 1013 1013 1014 1015 933 931 1012 1012 1015 933 881 880 1016 1016 1017 881 1017 1016 919 919 916 1017 1018 1017 916 916 915 1018 882 881 1017 1017 1018 882 1015 1014 1019 1019 1020 1015 1020 1019 843 843 842 1020 1011 1020 842 842 841 1011 933 1015 1020 1020 1011 933 1022 882 1018 1018 1021 1022 1021 1018 915 915 961 1021 967 1021 961 961 957 967 839 1022 1021 1021 967 839 836 835 1023 1023 1024 836 1024 1023 884 884 883 1024 1022 1024 883 883 882 1022 839 836 1024 1024 1022 839 718 222 949 949 1025 718 1025 949 952 952 1026 1025 885 1025 1026 1026 888 885 719 718 1025 1025 885 719 
						1030 1027 1028 1028 1029 1030 1029 1028 927 927 925 1029 1016 1029 925 925 919 1016 880 1030 1029 1029 1016 880 877 876 1031 1031 1032 877 1032 1031 1033 1033 1034 1032 1030 1032 1034 1034 1027 1030 880 877 1032 1032 1030 880 1037 663 1035 1035 1036 1037 1036 1035 56 56 830 1036 1038 1036 830 830 834 1038 1039 1037 1036 1036 1038 1039 1041 680 975 975 1040 1041 1040 975 843 843 1019 1040 1042 1040 1019 1019 1014 1042 1043 1041 1040 1040 1042 1043 1046 1043 1044 1044 1045 1046 1045 1044 518 518 1006 1045 1026 1045 1006 1006 888 1026 952 1046 1045 1045 1026 952 951 682 681 681 1047 951 1047 681 680 680 1041 1047 1046 1047 1041 1041 1043 1046 952 951 1047 1047 1046 952 1050 995 1048 1048 1049 1050 1049 1048 884 884 1023 1049 973 1049 1023 1023 835 973 678 1050 1049 1049 973 678 1052 37 34 34 1051 1052 1051 34 33 33 1053 1051 1055 1051 1053 1053 1054 1055 1056 1052 1051 1051 1055 1056 
						914 913 996 996 1057 914 1057 996 995 995 1050 1057 675 1057 1050 1050 678 675 674 914 1057 1057 675 674 1061 1058 1059 1059 1060 1061 1060 1059 1033 1033 1031 1060 1062 1060 1031 1031 876 1062 993 1061 1060 1060 1062 993 849 848 1063 1063 1064 849 1064 1063 1058 1058 1061 1064 991 1064 1061 1061 993 991 850 849 1064 1064 991 850 1068 1065 1066 1066 1067 1068 1067 1066 1069 1069 1070 1067 630 1067 1070 1070 561 630 617 1068 1067 1067 630 617 1070 1069 1071 1071 1072 1070 1072 1071 1039 1039 1073 1072 562 1072 1073 1073 565 562 561 1070 1072 1072 562 561 831 52 477 477 1074 831 1074 477 476 476 1075 1074 1077 1074 1075 1075 1076 1077 832 831 1074 1074 1077 832 1079 1056 1055 1055 1078 1079 1078 1055 1054 1054 1080 1078 118 1078 1080 1080 120 118 22 1079 1078 1078 118 22 1080 1054 1081 1081 1082 1080 1082 1081 1065 1065 1068 1082 615 1082 1068 1068 617 615 120 1080 1082 1082 615 120 
						1053 33 90 90 1083 1053 1083 90 89 89 1084 1083 1081 1083 1084 1084 1065 1081 1054 1053 1083 1083 1081 1054 1073 1039 1038 1038 1085 1073 1085 1038 834 834 1086 1085 1087 1085 1086 1086 607 1087 565 1073 1085 1085 1087 565 1086 834 833 833 1088 1086 1088 833 832 832 1089 1088 608 1088 1089 1089 346 608 607 1086 1088 1088 608 607 479 138 137 137 1090 479 1090 137 39 39 38 1090 1091 1090 38 38 37 1091 476 479 1090 1090 1091 476 57 56 1035 1035 1092 57 1092 1035 663 663 666 1092 161 1092 666 666 163 161 58 57 1092 1092 161 58 1089 832 1077 1077 1093 1089 1093 1077 1076 1076 1094 1093 347 1093 1094 1094 18 347 346 1089 1093 1093 347 346 1094 1076 1095 1095 1096 1094 1096 1095 1056 1056 1079 1096 19 1096 1079 1079 22 19 18 1094 1096 1096 19 18 1075 476 1091 1091 1097 1075 1097 1091 37 37 1052 1097 1095 1097 1052 1052 1056 1095 1076 1075 1097 1097 1095 1076 
						410 409 421 421 1098 410 1098 421 420 420 766 1098 1099 1098 766 766 750 1099 413 410 1098 1098 1099 413 371 294 573 573 1100 371 1100 573 572 572 792 1100 1101 1100 792 792 791 1101 373 371 1100 1100 1101 373 265 99 656 656 1102 265 1102 656 648 648 654 1102 1103 1102 654 654 653 1103 262 265 1102 1102 1103 262 418 344 673 673 1104 418 1104 673 73 73 72 1104 204 1104 72 72 71 204 201 418 1104 1104 204 201 1084 89 1105 1105 1106 1084 1106 1105 667 667 1107 1106 1066 1106 1107 1107 1069 1066 1065 1084 1106 1106 1066 1065 1109 470 468 468 1108 1109 1108 468 413 413 1099 1108 749 1108 1099 1099 750 749 455 1109 1108 1108 749 455 458 463 1110 1110 1111 458 1111 1110 1112 1112 1113 1111 1109 1111 1113 1113 470 1109 455 458 1111 1111 1109 455 668 667 1105 1105 1114 668 1114 1105 89 89 88 1114 131 1114 88 88 87 131 130 668 1114 1114 131 130 
						1116 301 439 439 1115 1116 1115 439 104 104 129 1115 703 1115 129 129 128 703 702 1116 1115 1115 703 702 1118 426 425 425 1117 1118 1117 425 305 305 302 1117 1116 1117 302 302 301 1116 702 1118 1117 1117 1116 702 1087 607 610 610 1119 1087 1119 610 612 612 1120 1119 566 1119 1120 1120 567 566 565 1087 1119 1119 566 565 908 815 1009 1009 1121 908 1121 1009 775 775 778 1121 997 1121 778 778 782 997 601 908 1121 1121 997 601 519 518 1044 1044 1122 519 1122 1044 1043 1043 1042 1122 1013 1122 1042 1042 1014 1013 520 519 1122 1122 1013 520 207 206 756 756 1123 207 1123 756 461 461 530 1123 694 1123 530 530 534 694 210 207 1123 1123 694 210 1118 702 699 699 1124 1118 1124 699 366 366 363 1124 768 1124 363 363 362 768 426 1118 1124 1124 768 426 154 153 387 387 1125 154 1125 387 186 186 189 1125 195 1125 189 189 194 195 155 154 1125 1125 195 155 
						471 470 1113 1113 1126 471 1126 1113 1112 1112 1127 1126 430 1126 1127 1127 427 430 434 471 1126 1126 430 434 738 737 773 773 1128 738 1128 773 772 772 898 1128 378 1128 898 898 375 378 380 738 1128 1128 378 380 902 272 269 269 1129 902 1129 269 268 268 536 1129 237 1129 536 536 240 237 236 902 1129 1129 237 236 1127 1112 1130 1130 1131 1127 1131 1130 100 100 103 1131 428 1131 103 103 108 428 427 1127 1131 1131 428 427 994 993 1062 1062 1132 994 1132 1062 876 876 879 1132 1048 1132 879 879 884 1048 995 994 1132 1132 1048 995 1134 543 546 546 1133 1134 1133 546 9 9 12 1133 284 1133 12 12 17 284 283 1134 1133 1133 284 283 1107 667 664 664 1135 1107 1135 664 663 663 1037 1135 1071 1135 1037 1037 1039 1071 1069 1107 1135 1135 1071 1069 755 126 124 124 1136 755 1136 124 100 100 1130 1136 1110 1136 1130 1130 1112 1110 463 755 1136 1136 1110 463 
					</p>
				</polylist>
			</mesh>
		</geometry>
		<geometry id="meshId1" name="meshId1_name" >
			<mesh>
				<source id="meshId1-positions" name="meshId1-positions">
					<float_array id="meshId1-positions-array" count="2988"> 
						-1.010734 0.000000 -0.173120 -1.010734 0.067445 -0.160497 -0.803204 0.074815 -0.178036 -0.803204 -0.000000 -0.192039 -1.010734 0.124070 -0.124070 -0.803204 0.137628 -0.137628 -0.668500 0.154636 -0.154636 -0.668500 0.084061 -0.200038 -0.668500 -0.000000 -0.215771 -4.222123 0.138667 0.138667 -4.202037 0.125881 0.125881 -4.202037 0.162840 0.068429 -4.222123 0.179381 0.075380 -4.175839 0.113660 0.113660 -4.175839 0.147031 0.061786 -4.175839 0.158595 0.000000 -4.202037 0.175647 0.000000 -4.222123 0.193490 -0.000000 -4.300126 -0.140751 -0.140751 -4.300126 -0.076513 -0.182076 -4.281354 -0.081392 -0.193686 -4.281355 -0.149725 -0.149725 -4.300127 0.000000 -0.196397 -4.281355 0.000000 -0.208919 -4.261697 -0.000000 -0.213543 -4.261698 -0.083193 -0.197972 -4.261697 -0.153039 -0.153039 -4.175839 0.113660 -0.113660 -4.202038 0.125881 -0.125881 -4.202038 0.162840 -0.068429 -4.175838 0.147031 -0.061786 -4.222123 0.138668 -0.138668 -4.222123 0.179381 -0.075380 1.251584 -0.835715 0.835715 1.252179 -1.076092 0.455620 1.369648 -0.953452 0.417854 1.367190 -0.753935 0.753935 1.252773 -1.157891 0.000000 1.371441 -1.018764 0.000000 1.432039 -0.778080 0.000000 1.427504 -0.738719 0.389789 1.415280 -0.652674 0.652673 -4.758571 0.000000 -0.238377 -4.875753 0.000000 -0.232865 -4.871144 0.094538 -0.217229 -4.756899 0.093245 -0.221214 -4.969532 0.000000 -0.191213 -4.959064 0.094644 -0.180253 -4.935735 0.156283 -0.156284 -4.865526 0.170714 -0.170714 -4.755226 0.171329 -0.171328 -4.261697 0.153039 -0.153039 -4.261697 0.197972 -0.083193 -4.241772 0.192376 -0.080841 -4.241771 0.148713 -0.148713 -4.261697 0.213543 0.000000 -4.241771 0.207506 -0.000000 -4.300127 0.000000 -0.196397 -4.317733 0.000000 -0.180312 -4.317732 0.070246 -0.167164 -4.300126 0.076513 -0.182076 -4.335343 -0.000000 -0.165849 -4.335343 0.064612 -0.153755 -4.335343 0.118858 -0.118858 
						-4.317733 0.129223 -0.129223 -4.300126 0.140751 -0.140751 -4.241771 0.192376 0.080841 -4.261697 0.197972 0.083193 -4.261697 0.153039 0.153039 -4.241772 0.148713 0.148713 -4.300126 0.182076 -0.076513 -4.281355 0.193686 -0.081391 -4.281356 0.149725 -0.149725 -4.300126 0.196397 0.000000 -4.281356 0.208919 -0.000000 -1.005195 -0.377486 -0.377486 -1.005195 -0.205203 -0.488317 -1.168557 -0.241385 -0.574418 -1.168557 -0.444044 -0.444045 -1.005195 0.000000 -0.526724 -1.168557 0.000000 -0.619597 -1.301085 0.000000 -0.724765 -1.301085 -0.282357 -0.671918 -1.301085 -0.519415 -0.519415 1.251583 0.835715 -0.835715 1.048478 0.878501 -0.878501 1.048652 1.135916 -0.477694 1.252178 1.076092 -0.455620 0.742906 0.894362 -0.894362 0.742948 1.156996 -0.486168 0.742990 1.248021 0.000000 1.048826 1.224963 0.000000 1.252773 1.157890 0.000000 1.252773 -0.000000 1.157891 1.371441 -0.000000 1.018764 1.369648 0.417854 0.953452 1.252178 0.455620 1.076092 1.432039 0.000000 0.778079 1.427504 0.389789 0.738718 1.415280 0.652673 0.652674 1.367190 0.753935 0.753935 1.251584 0.835715 0.835715 0.742907 0.894362 0.894362 1.048478 0.878501 0.878501 1.048652 1.135916 0.477694 0.742949 1.156996 0.486168 1.251584 0.835715 0.835715 1.252178 1.076092 0.455620 1.369648 0.953453 0.417854 1.252178 1.076092 0.455620 1.427504 0.738718 0.389789 1.432039 0.778079 -0.000000 1.371441 1.018764 0.000000 1.252773 1.157890 0.000000 -0.128500 -0.000000 -1.234653 0.334017 0.000000 -1.249972 0.334012 -0.486963 -1.158825 -0.128500 -0.481001 -1.144627 0.742990 0.000000 -1.248021 0.742948 -0.486168 -1.156996 0.742906 -0.894363 -0.894362 0.334007 -0.895806 -0.895806 -0.128500 -0.884835 -0.884835 1.252773 -0.000000 -1.157891 1.252178 0.455620 -1.076092 1.369648 0.417854 -0.953452 1.371441 -0.000000 -1.018764 1.251583 0.835715 -0.835715 
						1.367190 0.753935 -0.753935 1.415280 0.652673 -0.652674 1.427504 0.389789 -0.738718 1.432039 -0.000000 -0.778079 -2.674982 0.000000 0.136771 -2.165070 0.000000 0.140952 -2.165070 0.054913 0.130675 -2.674982 0.053284 0.126798 -1.692044 0.000000 0.147965 -1.692044 0.057645 0.137176 -1.692043 0.106042 0.106042 -2.165070 0.101016 0.101016 -2.674982 0.098019 0.098019 1.369648 0.953452 -0.417854 1.252178 1.076092 -0.455620 1.427504 0.738718 -0.389789 1.460691 -0.000000 0.421897 1.453678 0.406525 0.406525 1.468585 -0.000000 0.000000 1.460692 0.421897 0.000000 1.432039 0.000000 0.778079 1.427504 -0.389789 0.738718 1.453678 -0.406525 0.406525 1.460691 -0.000000 0.421897 1.460691 -0.421897 0.000000 1.468585 -0.000000 0.000000 -1.010734 0.160497 -0.067445 -0.803204 0.178036 -0.074815 -1.010734 0.173120 0.000000 -0.803205 0.192039 -0.000000 -0.668500 0.215772 0.000000 -0.668500 0.200038 -0.084061 1.427504 -0.738718 -0.389789 1.453678 -0.406525 -0.406525 1.415280 -0.652674 -0.652674 1.427504 -0.389789 -0.738718 1.432039 -0.000000 -0.778079 1.460691 -0.000001 -0.421897 0.334012 -1.158825 -0.486963 -0.128500 -1.144627 -0.481000 0.742948 -1.156996 -0.486168 0.742990 -1.248021 0.000000 0.334017 -1.249971 0.000000 -0.128500 -1.234654 0.000000 -0.128500 0.884835 0.884835 -0.128500 1.144626 0.481000 -0.582102 1.112861 0.467652 -0.582102 0.860279 0.860279 -0.128500 1.234654 0.000000 -0.582102 1.200390 0.000000 -0.963718 1.142504 0.000000 -0.963718 1.059196 0.445101 -0.963718 0.818794 0.818795 -0.128500 1.144626 -0.481000 -0.582102 1.112861 -0.467652 -0.128500 0.884835 -0.884835 -0.582102 0.860280 -0.860279 -0.963718 0.818795 -0.818795 -0.963718 1.059196 -0.445101 0.742906 -0.894362 0.894362 0.334006 -0.895806 0.895806 0.334012 -1.158825 0.486963 0.742949 -1.156996 0.486168 -0.128500 -0.884835 0.884835 
						-0.128500 -1.144627 0.481000 1.252773 -1.157891 0.000000 1.048826 -1.224964 0.000000 1.048652 -1.135915 -0.477695 1.252179 -1.076092 -0.455620 1.048478 -0.878501 -0.878501 1.251584 -0.835715 -0.835715 -0.963718 -0.818794 0.818794 -0.963718 -1.059197 0.445101 -0.582102 -1.112861 0.467652 -0.582102 -0.860279 0.860279 -0.963718 -1.142504 0.000000 -0.582102 -1.200390 0.000000 -0.582102 -1.112861 -0.467652 -0.963718 -1.059197 -0.445101 -0.963718 -0.818795 -0.818795 -0.582102 -0.860279 -0.860279 -1.354363 -0.683521 0.683521 -1.354363 -0.884206 0.371565 -1.222156 -0.980872 0.412187 -1.222157 -0.758247 0.758247 -1.354363 -0.953750 0.000000 -1.222156 -1.058019 0.000000 1.252773 -0.000000 1.157891 1.252178 -0.455620 1.076092 1.369649 -0.417854 0.953452 1.371441 -0.000000 1.018764 -1.354363 0.000000 0.953750 -1.354363 -0.371565 0.884206 -1.222157 -0.412187 0.980872 -1.222156 -0.000000 1.058019 -0.963718 -0.445101 1.059196 -0.963718 -0.000000 1.142504 1.252773 -0.000000 -1.157891 1.252179 -0.455620 -1.076092 1.048652 -0.477694 -1.135916 1.048826 -0.000000 -1.224963 0.334006 0.895806 0.895806 0.334012 0.486963 1.158825 0.742948 0.486167 1.156996 -0.128500 0.481000 1.144627 -0.128500 0.000000 1.234653 0.334017 -0.000000 1.249971 0.742990 -0.000000 1.248021 -1.354363 -0.884206 -0.371565 -1.222157 -0.980872 -0.412187 -1.354363 -0.683521 -0.683521 -1.222157 -0.758247 -0.758247 -1.005195 -0.377486 0.377486 -1.005195 -0.488317 0.205203 -1.168557 -0.574418 0.241385 -1.168557 -0.444045 0.444045 -1.005195 -0.526724 0.000000 -1.168557 -0.619597 -0.000000 -1.301085 -0.724765 0.000000 -1.301085 -0.671918 0.282356 -1.301086 -0.519415 0.519415 -0.963718 0.445100 1.059197 -0.582102 0.467652 1.112861 -0.963718 -0.000000 1.142504 -0.582102 -0.000000 1.200390 -0.582102 -0.467652 1.112861 -0.582102 -0.000000 1.200390 -0.128500 -0.481001 1.144627 
						-0.128500 0.000000 1.234653 -0.574540 0.000000 -0.281121 -0.574540 0.109520 -0.260623 -0.611623 0.126915 -0.302017 -0.611623 0.000000 -0.325771 -0.574540 0.201470 -0.201470 -0.611622 0.233469 -0.233469 -0.702514 0.272780 -0.272780 -0.702514 0.148284 -0.352869 -0.702514 -0.000000 -0.380623 -1.372454 -0.326936 -0.778001 -1.372454 -0.601421 -0.601421 -1.372454 -0.000000 -0.839192 -1.354362 0.000000 -0.953750 -1.354363 -0.371565 -0.884206 -1.354363 -0.683521 -0.683521 -1.301085 0.000000 -0.724765 -1.301085 0.282357 -0.671918 -1.372454 0.326935 -0.778001 -1.372454 -0.000000 -0.839192 -1.301086 0.519415 -0.519415 -1.372454 0.601421 -0.601421 -1.354363 0.683521 -0.683521 -1.354363 0.371565 -0.884206 -1.354362 0.000000 -0.953750 -1.005195 0.377486 0.377486 -1.005195 0.205203 0.488317 -1.168557 0.241385 0.574418 -1.168557 0.444045 0.444045 -1.005195 0.000000 0.526724 -1.168557 -0.000000 0.619597 -1.301085 -0.000000 0.724765 -1.301085 0.282357 0.671918 -1.301086 0.519415 0.519415 -0.963718 0.445100 -1.059197 -1.222156 0.412187 -0.980872 -1.222157 0.758247 -0.758247 -0.963718 0.000000 -1.142504 -1.222156 -0.000000 -1.058019 -1.354362 0.000000 -0.953750 -1.354363 0.371565 -0.884206 -1.354363 0.683521 -0.683521 -1.354362 0.000000 -0.953750 -1.222156 -0.000000 -1.058019 -1.222156 -0.412187 -0.980872 -1.354363 -0.371565 -0.884206 -0.963718 0.000000 -1.142504 -0.963718 -0.445101 -1.059196 -0.128500 0.481001 -1.144627 -0.582102 0.467652 -1.112861 -0.128500 -0.000000 -1.234653 -0.582102 -0.000000 -1.200390 -1.372454 -0.778001 0.326935 -1.372454 -0.601421 0.601421 -1.372454 -0.839192 0.000000 -1.354363 -0.953750 0.000000 -1.354363 -0.884206 0.371565 -1.354363 -0.683521 0.683521 -1.301086 -0.671918 -0.282356 -1.372454 -0.778001 -0.326935 -1.354363 -0.884206 -0.371565 -1.005195 -0.488317 -0.205203 -1.168557 -0.574418 -0.241385 -4.523875 0.000000 0.193460 
						-4.634702 0.000000 0.220205 -4.634212 -0.085606 0.204042 -4.523757 -0.075271 0.179297 -4.758572 -0.000000 0.238377 -4.756900 -0.093245 0.221215 -4.755226 -0.171328 0.171328 -4.633722 -0.157575 0.157575 -4.523639 -0.138520 0.138520 -1.372454 0.326935 0.778001 -1.372454 0.601421 0.601421 -1.372454 -0.000000 0.839192 -1.354363 0.000000 0.953750 -1.354363 0.371566 0.884206 -1.354363 0.683521 0.683521 -0.574540 0.201470 0.201470 -0.574540 0.109520 0.260622 -0.611623 0.126915 0.302017 -0.611623 0.233469 0.233469 -0.574541 -0.000000 0.281121 -0.611623 0.000000 0.325771 -0.702514 -0.000000 0.380623 -0.702514 0.148284 0.352869 -0.702514 0.272780 0.272780 -1.301085 -0.000000 0.724765 -1.301086 -0.282357 0.671918 -1.372454 -0.326935 0.778001 -1.372454 -0.000000 0.839192 -1.354363 -0.371565 0.884206 -1.354363 0.000000 0.953750 -1.005195 0.000000 0.526724 -1.005195 -0.205203 0.488317 -1.168557 -0.241385 0.574418 -1.168557 -0.000000 0.619597 -1.301086 0.671918 -0.282357 -1.372454 0.778001 -0.326935 -1.301086 0.724765 0.000000 -1.372454 0.839192 0.000000 -1.354363 0.953750 0.000000 -1.354363 0.884206 -0.371565 -1.301086 0.671918 0.282356 -1.372454 0.778001 0.326935 -1.354363 0.884206 0.371565 -1.005195 0.526724 0.000000 -1.005195 0.488317 0.205203 -1.168557 0.574418 0.241385 -1.168557 0.619597 0.000000 -1.222156 0.980872 0.412187 -1.222156 0.758247 0.758247 -1.222156 1.058019 0.000000 -1.354363 0.953750 0.000000 -1.354363 0.884206 0.371565 -1.354363 0.683521 0.683521 -1.010734 -0.124070 0.124070 -1.010734 -0.160497 0.067445 -0.803204 -0.178037 0.074815 -0.803204 -0.137628 0.137628 -1.010734 -0.173120 0.000000 -0.803204 -0.192039 0.000000 -0.668500 -0.215772 0.000000 -0.668500 -0.200038 0.084061 -0.668500 -0.154636 0.154636 -1.222157 0.980872 -0.412187 -1.354363 0.884206 -0.371565 -4.523875 0.193460 0.000000 
						-4.634702 0.220205 0.000000 -4.634212 0.204042 0.085605 -4.523757 0.179297 0.075272 -4.758572 0.238376 -0.000000 -4.756898 0.221215 0.093245 -4.755226 0.171328 0.171328 -4.633722 0.157575 0.157575 -4.523639 0.138520 0.138520 -0.702514 -0.272780 -0.272780 -0.702514 -0.148284 -0.352869 -0.840984 -0.174240 -0.414636 -0.840984 -0.320527 -0.320527 -0.702514 -0.000000 -0.380623 -0.840984 0.000000 -0.447248 -0.840984 0.174240 -0.414636 -0.840984 0.000000 -0.447248 -0.840984 0.320527 -0.320527 -1.005195 0.377486 -0.377486 -1.005195 0.205203 -0.488317 -1.005195 0.000000 -0.526724 -4.037880 0.138579 0.000000 -3.859988 0.135027 0.000000 -3.859988 0.125181 -0.052604 -4.037880 0.128474 -0.053988 -3.571850 0.134122 0.000000 -3.571850 0.124343 -0.052252 -3.571850 0.096121 -0.096121 -3.859988 0.096770 -0.096770 -4.037880 0.099315 -0.099315 -0.702514 -0.272780 0.272780 -0.702514 -0.352869 0.148284 -0.840984 -0.414636 0.174240 -0.840984 -0.320527 0.320527 -0.702514 -0.380623 0.000000 -0.840984 -0.447248 0.000000 -0.702514 -0.352869 -0.148284 -0.840984 -0.414636 -0.174240 -0.574540 -0.281121 0.000000 -0.574540 -0.260622 -0.109520 -0.611623 -0.302017 -0.126915 -0.611623 -0.325771 0.000000 -0.574540 -0.201470 -0.201470 -0.611622 -0.233469 -0.233469 -0.840984 0.174240 0.414636 -0.840984 0.320527 0.320527 -0.840984 0.000000 0.447248 -0.702514 -0.000000 0.380623 -0.702514 -0.148284 0.352869 -0.840984 -0.174240 0.414636 -0.840984 0.000000 0.447248 -0.574541 -0.000000 0.281121 -0.574540 -0.109520 0.260623 -0.611623 -0.126915 0.302017 -0.611623 0.000000 0.325771 -0.574540 -0.201470 0.201470 -0.611622 -0.233469 0.233469 -4.758571 0.000000 -0.238377 -4.634702 0.000000 -0.220205 -4.634212 -0.085605 -0.204042 -4.756899 -0.093246 -0.221215 -4.523875 0.000000 -0.193460 -4.523757 -0.075272 -0.179297 -4.523639 -0.138520 -0.138520 -4.633722 -0.157575 -0.157575 
						-4.755226 -0.171328 -0.171329 -1.005195 0.488317 -0.205203 -1.168557 0.574418 -0.241385 -1.168557 0.444045 -0.444045 -0.702514 0.352869 -0.148284 -0.840984 0.414636 -0.174240 -0.702514 0.380623 -0.000000 -0.840984 0.447248 -0.000000 -0.702514 0.352869 0.148284 -0.840984 0.414636 0.174240 -0.574540 0.281121 0.000000 -0.574540 0.260623 0.109520 -0.611623 0.302017 0.126915 -0.611623 0.325771 -0.000000 -0.574540 -0.109520 -0.260623 -0.611623 -0.126915 -0.302017 -0.574540 0.000000 -0.281121 -0.611623 0.000000 -0.325771 -1.354363 0.371566 0.884206 -1.222157 0.412187 0.980872 -1.354363 0.000000 0.953750 -1.222156 -0.000000 1.058019 1.048652 -1.135915 0.477694 1.252179 -1.076092 0.455620 1.251584 -0.835715 0.835715 1.048478 -0.878502 0.878501 1.048652 -0.477694 1.135916 0.742949 -0.486168 1.156996 1.252178 -0.455620 1.076092 1.252773 -0.000000 1.157891 1.048826 -0.000000 1.224963 0.742990 -0.000000 1.248021 0.334007 0.895806 -0.895806 0.334012 0.486963 -1.158825 0.742948 0.486168 -1.156996 0.742990 0.000000 -1.248021 0.334017 0.000000 -1.249972 0.334017 1.249972 0.000000 0.334012 1.158825 -0.486963 -0.582102 -0.467652 -1.112861 -0.582102 -0.000000 -1.200390 -1.305037 0.000000 -0.158549 -1.305037 0.061768 -0.146989 -1.692043 -0.000000 -0.147965 -1.692044 0.057645 -0.137176 -1.692043 0.106042 -0.106042 -1.305037 0.113627 -0.113627 -0.668500 -0.154636 -0.154636 -0.668500 -0.084061 -0.200038 -0.593267 -0.095445 -0.227129 -0.593267 -0.175578 -0.175578 -0.668500 -0.000000 -0.215771 -0.593267 -0.000000 -0.244993 -0.574540 0.000000 -0.281121 -0.574540 -0.109520 -0.260623 -0.574540 -0.201470 -0.201470 -0.593267 0.095445 -0.227129 -0.593267 -0.000000 -0.244993 -0.593267 0.175578 -0.175579 -0.574540 0.201470 -0.201470 -0.574540 0.109520 -0.260623 -0.574540 0.000000 -0.281121 -0.593267 -0.227129 0.095445 -0.593267 -0.175578 0.175579 
						-0.593267 -0.244993 0.000000 -0.574540 -0.281121 0.000000 -0.574540 -0.260623 0.109520 -0.574540 -0.201470 0.201470 -1.010734 0.000000 0.173120 -1.305037 0.000000 0.158549 -1.305037 -0.061768 0.146988 -1.010735 -0.067445 0.160497 -1.692044 0.000000 0.147965 -1.692043 -0.057645 0.137176 -1.692043 -0.106042 0.106042 -1.305037 -0.113627 0.113627 -0.668500 -0.200038 -0.084061 -0.593267 -0.227129 -0.095445 -0.574540 -0.260622 -0.109520 -1.010734 -0.160497 -0.067445 -0.803204 -0.178037 -0.074815 -1.010734 -0.124069 -0.124070 -0.803204 -0.137628 -0.137628 -0.668500 0.154636 0.154636 -0.668500 0.084061 0.200038 -0.593267 0.095446 0.227129 -0.593267 0.175578 0.175579 -0.668499 0.000000 0.215771 -0.593267 -0.000000 0.244993 -0.574541 -0.000000 0.281121 -0.574540 0.109520 0.260622 -0.574540 0.201470 0.201470 -0.668499 0.000000 0.215771 -0.668500 -0.084061 0.200038 -0.593267 -0.095445 0.227129 -0.593267 -0.000000 0.244993 -0.574540 -0.109520 0.260623 -0.574541 -0.000000 0.281121 -4.875753 0.232865 0.000000 -4.871144 0.217229 0.094538 -4.969532 0.191213 0.000000 -4.959064 0.180253 0.094644 -4.935735 0.156283 0.156283 -4.865527 0.170714 0.170714 -0.803205 -0.074815 0.178036 -0.803204 -0.000000 0.192039 -0.593267 0.227129 -0.095445 -0.593267 0.244993 0.000000 -0.574540 0.281121 0.000000 -0.574540 0.260623 -0.109520 -0.668499 0.200038 0.084061 -0.593267 0.227129 0.095445 -0.574540 0.260623 0.109520 -1.010735 0.160497 0.067445 -0.803205 0.178036 0.074815 -1.010734 0.124070 0.124070 -0.803204 0.137628 0.137628 -4.634212 -0.204042 -0.085605 -4.756899 -0.221215 -0.093245 -4.523757 -0.179297 -0.075272 -4.523875 -0.193460 0.000000 -4.634702 -0.220205 -0.000000 -4.758572 -0.238376 0.000000 -4.634212 -0.204042 0.085605 -4.523757 -0.179297 0.075272 -4.756898 -0.221214 0.093245 -4.935735 -0.156283 0.156284 -4.959064 -0.180253 0.094644 
						-4.871144 -0.217229 0.094538 -4.865527 -0.170714 0.170714 -4.969532 -0.191213 0.000000 -4.875752 -0.232865 0.000000 -4.758572 -0.000000 0.238377 -4.756899 0.093245 0.221215 -4.871144 0.094539 0.217229 -4.875752 -0.000000 0.232865 -4.959064 0.094644 0.180253 -4.969532 -0.000000 0.191214 -4.871144 -0.217229 -0.094538 -4.959064 -0.180253 -0.094644 -4.935735 -0.156283 -0.156284 -4.865526 -0.170714 -0.170714 -4.969532 -0.000000 0.191214 -5.026779 0.000000 0.107590 -5.010268 -0.102594 0.102594 -4.959064 -0.094644 0.180253 -5.045645 0.000000 -0.000000 -5.026780 -0.107590 0.000000 -4.222123 -0.138668 -0.138668 -4.202037 -0.125881 -0.125881 -4.202037 -0.162840 -0.068429 -4.222123 -0.179381 -0.075380 -4.175839 -0.113660 -0.113660 -4.175839 -0.147031 -0.061786 -4.175839 -0.158595 -0.000000 -4.202037 -0.175647 0.000000 -4.222123 -0.193490 0.000000 -4.300126 0.140751 0.140751 -4.300126 0.076513 0.182076 -4.281354 0.081391 0.193685 -4.281355 0.149725 0.149725 -4.300126 0.000000 0.196397 -4.281355 -0.000000 0.208919 -4.261697 0.000000 0.213543 -4.261697 0.083193 0.197972 -4.175839 -0.113660 0.113660 -4.202038 -0.125881 0.125881 -4.202037 -0.162840 0.068429 -4.175838 -0.147031 0.061786 -4.222123 -0.138668 0.138667 -4.222123 -0.179381 0.075380 -4.261696 -0.153039 0.153039 -4.261697 -0.197972 0.083193 -4.241772 -0.192375 0.080841 -4.241771 -0.148713 0.148713 -4.261697 -0.213543 0.000000 -4.241771 -0.207506 0.000000 -4.241771 -0.192376 -0.080841 -4.261697 -0.197972 -0.083193 -4.241772 -0.148713 -0.148713 -4.300126 -0.140751 0.140751 -4.300126 -0.182076 0.076513 -4.281355 -0.193685 0.081391 -4.281355 -0.149725 0.149725 -4.300126 -0.196397 0.000000 -4.281356 -0.208919 0.000000 -4.756899 0.221214 -0.093245 -4.871144 0.217229 -0.094538 -4.959064 0.180253 -0.094644 -4.300126 0.000000 0.196397 -4.300126 -0.076513 0.182076 -4.281355 -0.081392 0.193685 
						-4.281355 -0.000000 0.208919 -4.261697 -0.083193 0.197972 -4.261697 0.000000 0.213543 -4.300126 -0.182076 -0.076513 -4.281355 -0.193685 -0.081391 -4.241771 0.080841 0.192376 -4.241771 0.000000 0.207506 -4.222123 -0.000000 0.193489 -4.222123 0.075380 0.179381 -4.222123 -0.000000 0.193489 -4.241771 0.000000 0.207506 -4.241771 -0.080841 0.192376 -4.222123 -0.075380 0.179381 -4.281355 0.081392 -0.193685 -4.281355 0.000000 -0.208919 -4.261697 0.083193 -0.197972 -4.261697 -0.000000 -0.213543 -4.300126 0.182076 0.076513 -4.281355 0.193685 0.081391 -4.241771 -0.080841 -0.192376 -4.241771 0.000000 -0.207506 -4.222123 -0.000000 -0.193489 -4.222123 -0.075380 -0.179381 -4.222123 -0.000000 -0.193489 -4.241771 0.000000 -0.207506 -4.241771 0.080841 -0.192376 -4.222123 0.075380 -0.179381 -4.202038 0.000000 -0.175647 -4.202037 -0.068429 -0.162840 -4.175839 -0.000000 -0.158595 -4.175839 -0.061786 -0.147031 -4.969532 0.000000 -0.191213 -4.959064 -0.094644 -0.180253 -5.010268 -0.102594 -0.102594 -5.026780 0.000000 -0.107590 -5.010268 0.102594 0.102594 -5.026779 0.000000 0.107590 -5.026780 0.107590 0.000000 -5.045645 0.000000 -0.000000 -4.634212 0.204042 -0.085605 -4.523757 0.179297 -0.075272 -4.523639 0.138520 -0.138520 -4.633722 0.157575 -0.157575 -4.388393 -0.114171 0.114171 -4.388393 -0.147692 0.062064 -4.355948 -0.146384 0.061514 -4.355948 -0.113160 0.113160 -4.388393 -0.159308 0.000000 -4.355948 -0.157897 -0.000000 -4.335343 -0.165848 0.000000 -4.335344 -0.153756 0.064612 -4.335343 -0.118858 0.118858 -5.010268 0.102594 -0.102594 -5.026780 0.000000 -0.107590 -4.634212 0.085605 0.204042 -4.523757 0.075272 0.179297 -4.634702 0.000000 0.220205 -4.523875 0.000000 0.193460 -4.442215 -0.171658 0.000000 -4.442200 -0.159135 -0.066863 -4.388393 -0.147692 -0.062064 -4.442185 -0.123006 -0.123006 -4.388393 -0.114171 -0.114171 1.252773 -0.000000 -1.157891 
						1.048826 -0.000000 -1.224963 1.048652 0.477695 -1.135916 1.252178 0.455620 -1.076092 1.048826 -0.000000 1.224963 1.048652 0.477694 1.135916 1.252773 -0.000000 1.157891 1.252178 0.455620 1.076092 -4.634212 0.085605 -0.204042 -4.523757 0.075272 -0.179297 -4.523875 0.000000 -0.193460 -4.634702 0.000000 -0.220205 -4.335343 0.000000 0.165848 -4.317733 0.000000 0.180312 -4.317733 0.070246 0.167164 -4.335344 0.064612 0.153755 -4.317733 0.129224 0.129223 -4.335344 0.118858 0.118858 -4.388393 0.114171 0.114171 -4.388393 0.062064 0.147692 -4.355948 0.061514 0.146384 -4.355948 0.113160 0.113160 -4.388393 0.000000 0.159308 -4.355948 -0.000000 0.157897 -4.335343 0.000000 0.165848 -4.335344 0.064612 0.153755 -4.335344 0.118858 0.118858 -4.037879 -0.138579 0.000000 -4.037879 -0.128474 -0.053988 -3.859987 -0.125181 -0.052604 -3.859988 -0.135027 -0.000000 -4.037879 -0.099315 -0.099315 -3.859988 -0.096770 -0.096770 -3.571849 -0.096121 -0.096121 -3.571850 -0.124342 -0.052252 -3.571850 -0.134122 0.000000 -4.317732 0.167164 -0.070246 -4.335343 0.153755 -0.064612 -4.335344 0.165848 -0.000000 -4.317733 0.180312 0.000000 -4.317733 -0.180312 0.000000 -4.317732 -0.167164 -0.070246 -4.335343 -0.165848 0.000000 -4.335343 -0.153755 -0.064612 -4.335344 -0.118858 -0.118858 -4.317733 -0.129223 -0.129223 -4.335344 0.153755 0.064612 -4.317733 0.167164 0.070246 -4.317733 -0.070246 -0.167164 -4.335343 -0.064612 -0.153755 -4.335343 -0.000000 -0.165849 -4.317733 0.000000 -0.180312 -4.175839 -0.000000 -0.158595 -4.202038 0.000000 -0.175647 -4.202038 0.068429 -0.162840 -4.175838 0.061786 -0.147031 -4.175839 0.158595 0.000000 -4.131666 0.146163 0.000000 -4.131665 0.135506 -0.056943 -4.175838 0.147031 -0.061786 -4.131666 0.104750 -0.104750 -4.175839 0.113660 -0.113660 -4.175839 0.147031 0.061786 -4.131665 0.135506 0.056943 -4.175839 0.113660 0.113660 
						-4.131665 0.104750 0.104750 -4.037879 0.099315 0.099315 -4.037879 0.128474 0.053988 -4.335343 0.000000 0.165848 -4.335344 -0.064612 0.153755 -4.317733 -0.070246 0.167164 -4.317733 0.000000 0.180312 -4.335343 -0.118858 0.118858 -4.317733 -0.129223 0.129223 -4.175839 -0.158595 -0.000000 -4.131665 -0.146163 0.000000 -4.131665 -0.135505 0.056943 -4.175838 -0.147031 0.061786 -4.037879 -0.128474 0.053988 -4.037879 -0.099315 0.099315 -4.131665 -0.104750 0.104750 -4.175839 -0.113660 0.113660 -1.168557 0.241385 -0.574418 -1.168557 0.000000 -0.619597 -1.692043 -0.000000 -0.147965 -1.305037 0.000000 -0.158549 -1.305037 -0.061768 -0.146988 -1.692043 -0.057645 -0.137176 -1.010734 0.000000 -0.173120 -1.010734 -0.067445 -0.160497 -1.305037 -0.113627 -0.113627 -1.692043 -0.106042 -0.106042 -2.674982 0.098019 -0.098019 -2.674982 0.126798 -0.053284 -2.165070 0.130675 -0.054913 -2.165070 0.101016 -0.101016 -2.674982 0.136771 0.000000 -2.165070 0.140952 0.000000 -1.692043 0.147965 -0.000000 -1.692044 0.137176 -0.057645 -3.859988 0.052604 -0.125181 -4.037879 0.053988 -0.128474 -3.571850 0.052252 -0.124342 -3.571850 0.000000 -0.134122 -3.859988 -0.000000 -0.135027 -4.037879 0.000000 -0.138579 -3.859987 -0.052604 -0.125181 -3.571850 -0.052252 -0.124343 -4.037879 -0.053988 -0.128474 -4.037879 0.000000 -0.138579 -3.859988 -0.000000 -0.135027 -3.571850 0.000000 -0.134122 -4.037879 0.000000 0.138579 -4.037879 0.053988 0.128474 -4.131666 0.056943 0.135505 -4.131666 0.000000 0.146163 -4.175839 0.061786 0.147031 -4.175839 0.000000 0.158595 -4.131665 0.056943 -0.135505 -4.175838 0.061786 -0.147031 -4.131665 0.000000 -0.146163 -4.175839 -0.000000 -0.158595 -3.859988 -0.096770 0.096769 -3.859987 -0.052604 0.125181 -4.037880 -0.053988 0.128474 -3.571849 -0.096121 0.096121 -3.571849 -0.052252 0.124342 -3.571849 0.000000 0.134122 -3.859988 0.000000 0.135027 
						-4.037879 0.000000 0.138579 -3.571849 0.096121 0.096121 -3.859988 0.096769 0.096769 -3.859988 0.052604 0.125181 -3.571849 0.052252 0.124342 -3.859988 0.000000 0.135027 -3.571849 0.000000 0.134122 -4.131665 -0.056943 -0.135505 -4.131665 0.000000 -0.146163 -4.131666 -0.104750 -0.104750 -4.175839 -0.113660 -0.113660 -4.175839 -0.061786 -0.147031 -4.175839 -0.000000 -0.158595 -4.131665 -0.056943 0.135505 -4.175839 -0.061786 0.147031 -4.131666 0.000000 0.146163 -4.175839 0.000000 0.158595 -2.674982 -0.000000 -0.136771 -3.162706 0.000000 -0.134664 -3.162706 0.052463 -0.124845 -2.674982 0.053284 -0.126798 -3.162706 0.096509 -0.096509 -1.305037 0.000000 0.158549 -1.305037 0.061768 0.146989 -1.010734 0.000000 0.173120 -1.010734 0.067445 0.160497 -1.305037 0.113627 0.113627 -4.388393 0.000000 -0.159308 -4.388392 0.062064 -0.147692 -4.355948 0.061514 -0.146384 -4.355948 0.000000 -0.157897 -4.388393 0.114171 -0.114171 -4.355948 0.113160 -0.113159 -4.335343 0.118858 -0.118858 -4.335343 0.064612 -0.153755 -4.335343 -0.000000 -0.165849 -1.305037 0.146989 -0.061768 -1.305037 0.158549 0.000000 -2.165070 0.054913 -0.130675 -2.165070 0.000000 -0.140952 -3.859988 0.125181 0.052604 -3.571850 0.124342 0.052252 -1.692044 0.137176 0.057645 -1.305037 0.146989 0.061768 -4.442216 0.000000 -0.171658 -4.442200 0.066863 -0.159135 -4.442185 0.123006 -0.123006 -1.305037 -0.146989 0.061768 -1.692044 -0.137176 0.057645 -1.692044 -0.147965 0.000000 -1.305037 -0.158550 0.000000 -1.692044 -0.137176 -0.057645 -1.305037 -0.146988 -0.061768 -4.388393 0.000000 0.159308 -4.388393 -0.062064 0.147692 -4.355949 -0.061514 0.146384 -4.355948 -0.000000 0.157897 -4.335344 -0.064612 0.153755 -4.335343 0.000000 0.165848 -4.875752 -0.000000 0.232865 -4.871144 -0.094538 0.217229 -2.674982 -0.098019 0.098019 -2.674982 -0.126798 0.053284 -2.165070 -0.130675 0.054913 
						-2.165070 -0.101016 0.101016 -2.674983 -0.136771 0.000000 -2.165070 -0.140952 0.000000 -2.674982 0.000000 0.136771 -2.674982 -0.053284 0.126798 -2.165070 -0.054913 0.130675 -2.165070 0.000000 0.140952 -4.175839 0.000000 0.158595 -4.202037 -0.000000 0.175647 -4.202038 -0.068429 0.162840 -4.175839 -0.061786 0.147031 -3.162706 -0.000000 0.134664 -3.162705 -0.052463 0.124845 -3.162705 -0.096510 0.096509 -2.165070 0.130674 0.054913 -2.674982 0.126798 0.053284 -3.162706 0.124845 -0.052463 -3.162706 0.134664 -0.000000 -4.442200 -0.159134 0.066863 -4.442186 -0.123006 0.123006 -3.162706 0.096510 0.096509 -3.162706 0.124845 0.052463 -4.202037 -0.000000 0.175647 -4.202037 0.068429 0.162840 -4.175839 0.000000 0.158595 -4.175839 0.061786 0.147031 -2.674982 -0.098019 -0.098019 -2.165070 -0.101016 -0.101016 -2.165070 -0.130675 -0.054913 -2.674983 -0.126798 -0.053284 -3.162706 -0.124845 0.052463 -3.162706 -0.134664 -0.000000 -3.571850 -0.124342 0.052252 -3.162706 -0.096509 -0.096509 -3.162706 -0.124845 -0.052463 -3.162706 0.000000 -0.134664 -3.162706 -0.052463 -0.124845 -2.674982 -0.000000 -0.136771 -2.674982 -0.053284 -0.126798 1.252179 -1.076092 -0.455620 1.369648 -0.953453 -0.417854 1.251584 -0.835715 -0.835715 1.367190 -0.753935 -0.753935 -4.355948 0.146384 -0.061514 -4.335343 0.153755 -0.064612 -4.388393 0.147692 -0.062064 -4.388393 0.159308 0.000000 -4.355948 0.157897 0.000000 -4.335344 0.165848 -0.000000 -4.442201 0.159135 -0.066863 -4.442215 0.171658 0.000000 -4.442186 0.123006 0.123006 -4.442201 0.159135 0.066863 -4.388393 0.147692 0.062064 -4.871144 -0.094538 -0.217229 -4.875753 0.000000 -0.232865 -4.335344 -0.118858 -0.118858 -4.355948 -0.113160 -0.113160 -4.355948 -0.061514 -0.146384 -4.335343 -0.064612 -0.153755 -4.388393 -0.062064 -0.147692 -4.388393 0.000000 -0.159308 -4.355948 0.000000 -0.157897 -4.335343 -0.000000 -0.165849 
						-4.355948 0.146384 0.061514 -4.335344 0.153755 0.064612 -4.442200 -0.066863 -0.159135 -4.442216 0.000000 -0.171658 -4.355948 -0.146384 -0.061514 -4.335343 -0.153755 -0.064612 -3.162706 -0.000000 0.134664 -3.162705 0.052463 0.124845 -4.175839 -0.147031 -0.061786 -4.131665 -0.135505 -0.056943 -4.442200 -0.066863 0.159135 -4.442215 -0.000000 0.171658 1.252179 -0.455620 -1.076092 1.369648 -0.417854 -0.953452 1.252773 -0.000000 -1.157891 1.371441 -0.000000 -1.018764 -0.574540 -0.260623 0.109520 -0.611622 -0.302017 0.126915 -0.803205 0.074815 0.178036 -0.803204 -0.000000 0.192039 -0.574540 0.260623 -0.109520 -0.611622 0.302017 -0.126915 0.334012 -0.486963 1.158825 0.334017 -0.000000 1.249971 1.460691 -0.000001 -0.421897 1.453678 0.406525 -0.406525 -4.317733 -0.167164 0.070246 -4.335344 -0.153756 0.064612 0.334012 1.158824 0.486963 -3.859988 -0.125181 0.052604 -2.165070 0.000000 -0.140952 -2.165070 -0.054913 -0.130675 -0.803204 -0.074815 -0.178036 -0.803204 -0.000000 -0.192039 -4.442215 -0.000000 0.171658 -4.442200 0.066863 0.159135 
					</float_array>
					<technique_common>
						<accessor count="996" offset="0" source="#meshId1-positions-array" stride="3">
							<param name="X" type="float" />
							<param name="Y" type="float" />
							<param name="Z" type="float" />
						</accessor>
					</technique_common>
				</source>
				<source id="meshId1-normals" name="meshId1-normals">
					<float_array id="meshId1-normals-array" count="2988"> 
						-0.070303 -0.000000 -0.997526 -0.070691 0.368407 -0.926973 -0.133644 0.365965 -0.920983 -0.132907 -0.000000 -0.991129 -0.071277 0.705308 -0.705308 -0.134776 0.700655 -0.700655 -0.275952 0.679651 -0.679651 -0.273586 0.355050 -0.893919 -0.272097 -0.000000 -0.962270 0.624884 0.552051 0.552050 0.616541 0.556720 0.556722 0.613007 0.734300 0.291593 0.622193 0.727568 0.288999 0.425333 0.639957 0.639958 0.421849 0.842678 0.334571 0.419725 0.907651 0.000001 0.610754 0.791820 -0.000000 0.620285 0.784376 -0.000000 -0.616594 -0.556688 -0.556695 -0.614046 -0.291381 -0.733515 -0.392207 -0.339961 -0.854751 -0.393855 -0.649952 -0.649954 -0.612210 -0.000002 -0.790695 -0.390881 -0.000001 -0.920441 0.030653 -0.000001 -0.999530 0.030750 -0.369759 -0.928619 0.030865 -0.706768 -0.706772 0.425324 0.639962 -0.639959 0.616543 0.556719 -0.556721 0.613005 0.734301 -0.291594 0.421841 0.842682 -0.334572 0.624895 0.552042 -0.552047 0.622193 0.727568 -0.288998 0.508918 -0.608688 0.608688 0.521976 -0.795369 0.308105 0.861754 -0.474874 0.178535 0.847290 -0.375566 0.375566 0.534747 -0.845012 0.000000 0.874383 -0.485237 0.000000 0.985359 -0.170494 0.000000 0.982214 -0.173483 0.071822 0.974017 -0.160142 0.160142 0.052292 0.000001 -0.998632 -0.223592 0.000000 -0.974683 -0.193294 0.341055 -0.919956 0.061146 0.361039 -0.930544 -0.638337 -0.000000 -0.769757 -0.595306 0.326438 -0.734200 -0.467893 0.624930 -0.624930 -0.159861 0.698013 -0.698013 0.070217 0.705361 -0.705362 0.030868 0.706770 -0.706770 0.030762 0.928619 -0.369756 0.435283 0.836580 -0.332658 0.437126 0.635975 -0.635969 0.030661 0.999530 -0.000002 0.433827 0.900996 -0.000001 -0.612210 -0.000002 -0.790695 -0.656343 0.000000 -0.754463 -0.658427 0.277782 -0.699508 -0.614056 0.291383 -0.733506 -0.512039 0.000003 -0.858962 -0.514380 0.316439 -0.797044 -0.518257 0.604733 -0.604737 
						-0.661591 0.530234 -0.530235 -0.616599 0.556690 -0.556688 0.435285 0.836579 0.332660 0.030758 0.928618 0.369759 0.030863 0.706766 0.706774 0.437123 0.635972 0.635974 -0.614057 0.733506 -0.291380 -0.392213 0.854748 -0.339963 -0.393859 0.649948 -0.649956 -0.612218 0.790689 -0.000000 -0.390884 0.920440 0.000000 -0.471967 0.623397 0.623397 -0.468844 0.326093 0.820883 -0.566050 0.304263 0.766167 -0.569597 0.581188 0.581188 -0.466796 -0.000000 0.884365 -0.563792 -0.000000 0.825917 -0.756004 -0.000000 0.654567 -0.758122 0.240676 0.606074 -0.761703 0.458153 0.458153 0.508918 0.608688 -0.608688 0.181579 0.695352 -0.695352 0.185178 0.914008 -0.360968 0.521977 0.795369 -0.308105 0.039244 0.706562 -0.706562 0.039348 0.928606 -0.368974 0.039544 0.999218 -0.000000 0.189061 0.981965 -0.000000 0.534747 0.845012 -0.000000 0.534747 0.000000 0.845012 0.874383 0.000000 0.485237 0.861754 0.178535 0.474874 0.521976 0.308106 0.795369 0.985359 -0.000000 0.170494 0.982214 0.071821 0.173483 0.974017 0.160143 0.160142 0.847290 0.375567 0.375566 0.508918 0.608688 0.608688 0.039245 0.706562 0.706562 0.181579 0.695352 0.695352 0.185178 0.914008 0.360968 0.039348 0.928606 0.368974 0.508918 0.608688 0.608688 0.521976 0.795369 0.308105 0.861754 0.474874 0.178535 0.521976 0.795369 0.308105 0.982214 0.173484 0.071821 0.985359 0.170494 0.000000 0.874382 0.485237 0.000000 0.534747 0.845012 -0.000000 -0.054088 -0.000000 -0.998536 -0.014118 -0.000000 -0.999900 -0.014168 -0.369407 -0.929160 -0.054371 -0.368881 -0.927885 0.039544 0.000000 -0.999218 0.039348 -0.368974 -0.928606 0.039244 -0.706562 -0.706562 -0.014252 -0.707035 -0.707035 -0.054788 -0.706045 -0.706045 0.534747 0.000000 -0.845012 0.521976 0.308105 -0.795369 0.861754 0.178535 -0.474874 0.874382 0.000000 -0.485237 0.508918 0.608688 -0.608688 
						0.847290 0.375567 -0.375567 0.974017 0.160142 -0.160142 0.982214 0.071822 -0.173483 0.985359 0.000000 -0.170494 -0.006261 -0.000000 0.999980 -0.011516 -0.000000 0.999934 -0.011579 0.369348 0.929219 -0.006295 0.369369 0.929262 -0.021097 -0.000000 0.999777 -0.021212 0.369283 0.929075 -0.021385 0.706945 0.706945 -0.011673 0.707059 0.707059 -0.006346 0.707093 0.707093 0.861754 0.474874 -0.178535 0.521977 0.795369 -0.308105 0.982214 0.173483 -0.071822 0.998757 -0.000000 0.049850 0.997597 0.048992 0.048992 1.000000 -0.000000 -0.000000 0.998757 0.049850 -0.000000 0.985359 -0.000000 0.170494 0.982214 -0.071822 0.173483 0.997597 -0.048992 0.048993 0.998757 -0.000000 0.049850 0.998757 -0.049850 -0.000000 1.000000 -0.000000 -0.000000 -0.070691 0.926973 -0.368407 -0.133644 0.920983 -0.365965 -0.070303 0.997526 -0.000000 -0.132907 0.991129 -0.000000 -0.272097 0.962270 0.000000 -0.273586 0.893919 -0.355050 0.982214 -0.173483 -0.071822 0.997597 -0.048993 -0.048993 0.974017 -0.160142 -0.160142 0.982214 -0.071822 -0.173483 0.985359 0.000000 -0.170494 0.998757 0.000000 -0.049850 -0.014167 -0.929160 -0.369407 -0.054371 -0.927885 -0.368881 0.039348 -0.928606 -0.368974 0.039544 -0.999218 -0.000000 -0.014118 -0.999900 -0.000000 -0.054088 -0.998536 -0.000000 -0.054788 0.706045 0.706045 -0.054371 0.927885 0.368881 -0.112812 0.923317 0.367095 -0.113648 0.702526 0.702525 -0.054088 0.998536 -0.000000 -0.112237 0.993681 -0.000000 -0.228991 0.973428 0.000000 -0.230047 0.904303 0.359602 -0.231523 0.687894 0.687894 -0.054371 0.927885 -0.368881 -0.112812 0.923317 -0.367095 -0.054788 0.706045 -0.706045 -0.113648 0.702526 -0.702525 -0.231523 0.687894 -0.687894 -0.230047 0.904303 -0.359602 0.039245 -0.706562 0.706562 -0.014252 -0.707035 0.707035 -0.014167 -0.929160 0.369406 0.039349 -0.928606 0.368974 -0.054788 -0.706045 0.706045 
						-0.054371 -0.927885 0.368881 0.534747 -0.845012 0.000000 0.189061 -0.981965 0.000000 0.185178 -0.914008 -0.360968 0.521976 -0.795369 -0.308105 0.181579 -0.695352 -0.695352 0.508918 -0.608688 -0.608688 -0.231523 -0.687894 0.687894 -0.230047 -0.904303 0.359602 -0.112812 -0.923317 0.367095 -0.113648 -0.702525 0.702526 -0.228992 -0.973428 0.000000 -0.112237 -0.993681 -0.000000 -0.112812 -0.923317 -0.367095 -0.230047 -0.904303 -0.359602 -0.231523 -0.687894 -0.687895 -0.113648 -0.702525 -0.702526 -0.843760 -0.379519 0.379519 -0.844371 -0.498097 0.197325 -0.465399 -0.822468 0.327031 -0.467194 -0.625192 0.625192 -0.844253 -0.535945 0.000000 -0.463943 -0.885865 0.000000 0.534747 0.000000 0.845012 0.521976 -0.308106 0.795369 0.861754 -0.178536 0.474874 0.874383 0.000000 0.485237 -0.844252 0.000000 0.535946 -0.844371 -0.197325 0.498097 -0.465399 -0.327031 0.822468 -0.463942 0.000000 0.885865 -0.230047 -0.359602 0.904303 -0.228992 -0.000000 0.973428 0.534747 0.000000 -0.845012 0.521976 -0.308105 -0.795369 0.185178 -0.360968 -0.914008 0.189061 0.000000 -0.981965 -0.014252 0.707035 0.707035 -0.014168 0.369407 0.929160 0.039349 0.368974 0.928606 -0.054371 0.368881 0.927885 -0.054088 -0.000000 0.998536 -0.014118 0.000000 0.999900 0.039544 0.000000 0.999218 -0.844371 -0.498096 -0.197325 -0.465399 -0.822468 -0.327031 -0.843760 -0.379518 -0.379519 -0.467194 -0.625192 -0.625192 -0.471967 0.623397 -0.623397 -0.468845 0.820882 -0.326093 -0.566049 0.766167 -0.304263 -0.569597 0.581188 -0.581188 -0.466796 0.884365 -0.000000 -0.563792 0.825917 0.000000 -0.756004 0.654567 0.000000 -0.758122 0.606074 -0.240676 -0.761703 0.458153 -0.458153 -0.230047 0.359602 0.904303 -0.112812 0.367095 0.923317 -0.228992 -0.000000 0.973428 -0.112237 -0.000000 0.993681 -0.112812 -0.367095 0.923317 -0.112237 -0.000000 0.993681 -0.054371 -0.368881 0.927885 
						-0.054088 -0.000000 0.998536 -0.985367 0.000000 0.170445 -0.984960 -0.062571 0.161057 -0.644074 -0.282418 0.710921 -0.642593 0.000000 0.766208 -0.983881 -0.126449 0.126449 -0.645857 -0.539847 0.539846 -0.477901 -0.621132 0.621133 -0.475227 -0.324929 0.817668 -0.473360 -0.000000 0.880869 -0.987660 0.058503 0.145279 -0.988491 0.106969 0.106969 -0.987270 -0.000000 0.159056 -0.844252 0.000000 -0.535946 -0.844371 -0.197325 -0.498097 -0.843760 -0.379518 -0.379519 -0.756004 -0.000000 0.654567 -0.758122 -0.240676 0.606074 -0.987660 -0.058502 0.145279 -0.987270 -0.000000 0.159056 -0.761703 -0.458153 0.458153 -0.988492 -0.106969 0.106968 -0.843760 0.379519 -0.379519 -0.844371 0.197325 -0.498097 -0.844252 0.000000 -0.535946 -0.471967 -0.623397 -0.623397 -0.468844 -0.326093 -0.820883 -0.566050 -0.304263 -0.766167 -0.569597 -0.581188 -0.581188 -0.466796 0.000000 -0.884365 -0.563792 0.000000 -0.825917 -0.756004 0.000000 -0.654567 -0.758122 -0.240676 -0.606074 -0.761703 -0.458153 -0.458153 -0.230048 0.359602 -0.904303 -0.465399 0.327032 -0.822468 -0.467194 0.625192 -0.625192 -0.228992 -0.000000 -0.973428 -0.463943 0.000000 -0.885865 -0.844252 0.000000 -0.535946 -0.844371 0.197325 -0.498097 -0.843760 0.379519 -0.379519 -0.844252 0.000000 -0.535946 -0.463943 0.000000 -0.885865 -0.465399 -0.327031 -0.822468 -0.844371 -0.197325 -0.498097 -0.228992 -0.000000 -0.973428 -0.230047 -0.359602 -0.904303 -0.054371 0.368881 -0.927885 -0.112812 0.367095 -0.923317 -0.054088 -0.000000 -0.998536 -0.112237 -0.000000 -0.993681 -0.987660 0.145280 -0.058503 -0.988491 0.106969 -0.106969 -0.987270 0.159056 0.000000 -0.844253 -0.535945 0.000000 -0.844371 -0.498097 0.197325 -0.843760 -0.379519 0.379519 -0.758123 0.606074 0.240676 -0.987660 0.145279 0.058502 -0.844371 -0.498096 -0.197325 -0.468845 0.820882 0.326093 -0.566049 0.766167 0.304263 0.245902 0.000001 0.969295 
						0.190125 -0.000000 0.981760 0.192795 -0.361217 0.912333 0.246969 -0.358262 0.900363 0.052292 -0.000000 0.998632 0.061145 -0.361039 0.930544 0.070216 -0.705361 0.705362 0.195912 -0.693404 0.693404 0.248625 -0.684904 0.684904 -0.987660 -0.058502 -0.145279 -0.988491 -0.106969 -0.106969 -0.987270 0.000000 -0.159056 -0.844252 0.000000 0.535946 -0.844371 0.197325 0.498097 -0.843760 0.379519 0.379519 -0.983881 -0.126449 -0.126449 -0.984960 -0.062571 -0.161056 -0.644074 -0.282418 -0.710921 -0.645857 -0.539846 -0.539846 -0.985367 -0.000000 -0.170445 -0.642592 0.000000 -0.766208 -0.473360 0.000000 -0.880869 -0.475227 -0.324929 -0.817668 -0.477900 -0.621133 -0.621132 -0.756004 0.000000 -0.654567 -0.758122 0.240676 -0.606074 -0.987660 0.058503 -0.145279 -0.987270 0.000000 -0.159056 -0.844371 -0.197325 0.498097 -0.844252 0.000000 0.535946 -0.466796 0.000000 -0.884365 -0.468844 0.326093 -0.820882 -0.566049 0.304263 -0.766167 -0.563792 0.000000 -0.825917 -0.758122 -0.606074 0.240676 -0.987660 -0.145280 0.058502 -0.756004 -0.654567 -0.000000 -0.987270 -0.159056 0.000000 -0.844252 0.535946 0.000000 -0.844371 0.498097 -0.197325 -0.758122 -0.606074 -0.240676 -0.987660 -0.145279 -0.058502 -0.844371 0.498097 0.197325 -0.466796 -0.884365 0.000000 -0.468844 -0.820882 -0.326093 -0.566049 -0.766167 -0.304263 -0.563792 -0.825917 0.000000 -0.465399 0.822469 0.327032 -0.467194 0.625192 0.625192 -0.463942 0.885865 0.000000 -0.844252 0.535946 0.000000 -0.844371 0.498097 0.197325 -0.843760 0.379519 0.379519 -0.071277 -0.705308 0.705308 -0.070691 -0.926973 0.368407 -0.133644 -0.920983 0.365965 -0.134776 -0.700655 0.700655 -0.070303 -0.997526 0.000000 -0.132907 -0.991129 -0.000000 -0.272097 -0.962270 0.000000 -0.273586 -0.893919 0.355050 -0.275952 -0.679651 0.679651 -0.465399 0.822468 -0.327032 -0.844371 0.498097 -0.197325 0.245902 0.969295 -0.000000 
						0.190125 0.981760 -0.000000 0.192795 0.912333 0.361218 0.246969 0.900363 0.358264 0.052291 0.998632 -0.000000 0.061146 0.930544 0.361040 0.070216 0.705361 0.705362 0.195911 0.693404 0.693404 0.248624 0.684904 0.684904 -0.477900 0.621133 0.621132 -0.475227 0.324929 0.817667 -0.436573 0.332203 0.836089 -0.439420 0.635181 0.635181 -0.473360 -0.000000 0.880869 -0.434663 -0.000000 0.900593 -0.436573 -0.332203 0.836089 -0.434663 -0.000000 0.900593 -0.439420 -0.635181 0.635181 -0.471967 -0.623397 0.623397 -0.468844 -0.326093 0.820883 -0.466796 -0.000000 0.884365 0.050486 0.998725 -0.000000 0.011563 0.999933 0.000000 0.011626 0.929223 -0.369337 0.050767 0.928107 -0.368835 0.000908 1.000000 0.000000 0.000913 0.929280 -0.369375 0.000920 0.707106 -0.707107 0.011721 0.707058 -0.707058 0.051196 0.706180 -0.706179 -0.477900 0.621132 -0.621133 -0.475227 0.817667 -0.324929 -0.436573 0.836089 -0.332203 -0.439420 0.635181 -0.635181 -0.473360 0.880869 -0.000000 -0.434663 0.900593 0.000000 -0.475227 0.817668 0.324929 -0.436573 0.836089 0.332203 -0.985367 0.170446 -0.000000 -0.984960 0.161057 0.062572 -0.644074 0.710921 0.282418 -0.642592 0.766208 -0.000000 -0.983881 0.126449 0.126449 -0.645857 0.539847 0.539846 -0.436573 -0.332203 -0.836089 -0.439420 -0.635181 -0.635181 -0.434663 0.000000 -0.900593 -0.473360 0.000000 -0.880869 -0.475227 0.324929 -0.817667 -0.436573 0.332203 -0.836089 -0.434663 0.000000 -0.900593 -0.985367 -0.000000 -0.170445 -0.984960 0.062571 -0.161057 -0.644074 0.282418 -0.710921 -0.642592 0.000000 -0.766208 -0.983881 0.126449 -0.126449 -0.645857 0.539846 -0.539846 0.052292 0.000001 -0.998632 0.190125 0.000000 -0.981760 0.192795 -0.361218 -0.912333 0.061146 -0.361039 -0.930544 0.245903 0.000000 -0.969295 0.246970 -0.358262 -0.900363 0.248624 -0.684903 -0.684904 0.195911 -0.693404 -0.693404 
						0.070216 -0.705362 -0.705361 -0.468845 -0.820882 0.326093 -0.566049 -0.766167 0.304263 -0.569597 -0.581188 0.581188 -0.475227 -0.817667 0.324929 -0.436573 -0.836089 0.332203 -0.473360 -0.880869 0.000000 -0.434663 -0.900593 -0.000000 -0.475227 -0.817668 -0.324929 -0.436573 -0.836089 -0.332203 -0.985367 -0.170446 0.000000 -0.984960 -0.161057 -0.062572 -0.644074 -0.710921 -0.282418 -0.642592 -0.766208 0.000000 -0.984960 0.062571 0.161056 -0.644074 0.282418 0.710921 -0.985367 0.000000 0.170445 -0.642593 0.000000 0.766208 -0.844371 0.197325 0.498097 -0.465399 0.327031 0.822468 -0.844252 0.000000 0.535946 -0.463942 0.000000 0.885865 0.185178 -0.914008 0.360968 0.521976 -0.795369 0.308105 0.508918 -0.608688 0.608688 0.181579 -0.695352 0.695352 0.185178 -0.360968 0.914008 0.039348 -0.368974 0.928606 0.521976 -0.308106 0.795369 0.534747 0.000000 0.845012 0.189061 0.000000 0.981965 0.039544 0.000000 0.999218 -0.014252 0.707035 -0.707035 -0.014167 0.369407 -0.929160 0.039348 0.368974 -0.928606 0.039544 0.000000 -0.999218 -0.014118 -0.000000 -0.999900 -0.014118 0.999900 -0.000000 -0.014167 0.929160 -0.369407 -0.112812 -0.367095 -0.923317 -0.112237 -0.000000 -0.993681 -0.038446 -0.000000 -0.999261 -0.038657 0.369079 -0.928594 -0.021097 -0.000000 -0.999777 -0.021212 0.369283 -0.929075 -0.021385 0.706945 -0.706945 -0.038973 0.706569 -0.706570 -0.275952 -0.679651 -0.679651 -0.273586 -0.355050 -0.893919 -0.691796 -0.266453 -0.671134 -0.696474 -0.507407 -0.507407 -0.272097 -0.000000 -0.962270 -0.689304 0.000000 -0.724472 -0.985367 0.000000 0.170445 -0.984960 0.062571 0.161056 -0.983881 0.126449 0.126449 -0.691796 0.266453 -0.671134 -0.689304 0.000000 -0.724472 -0.696474 0.507407 -0.507407 -0.983881 -0.126449 0.126449 -0.984960 -0.062571 0.161057 -0.985367 0.000000 0.170445 -0.691796 -0.671134 0.266453 -0.696474 -0.507407 0.507407 
						-0.689304 -0.724472 0.000000 -0.985367 0.170446 -0.000000 -0.984959 0.161058 -0.062572 -0.983881 0.126449 -0.126449 -0.070303 0.000000 0.997526 -0.038446 0.000000 0.999261 -0.038657 -0.369079 0.928594 -0.070691 -0.368407 0.926973 -0.021097 -0.000000 0.999777 -0.021212 -0.369283 0.929075 -0.021385 -0.706945 0.706945 -0.038973 -0.706569 0.706570 -0.273586 -0.893919 -0.355050 -0.691796 -0.671134 -0.266453 -0.984960 0.161057 0.062572 -0.070691 -0.926973 -0.368407 -0.133644 -0.920983 -0.365965 -0.071277 -0.705308 -0.705308 -0.134776 -0.700655 -0.700655 -0.275952 0.679651 0.679651 -0.273586 0.355050 0.893919 -0.691796 0.266453 0.671134 -0.696474 0.507407 0.507407 -0.272097 0.000000 0.962270 -0.689304 -0.000000 0.724472 -0.985367 -0.000000 -0.170445 -0.984960 -0.062571 -0.161056 -0.983881 -0.126449 -0.126449 -0.272097 0.000000 0.962270 -0.273586 -0.355050 0.893919 -0.691796 -0.266453 0.671134 -0.689304 -0.000000 0.724472 -0.984960 0.062571 -0.161057 -0.985367 -0.000000 -0.170445 -0.223592 0.974683 0.000000 -0.193294 0.919956 0.341055 -0.638335 0.769758 -0.000000 -0.595306 0.734200 0.326436 -0.467893 0.624930 0.624931 -0.159861 0.698013 0.698013 -0.133644 -0.365965 0.920983 -0.132907 0.000000 0.991129 -0.691796 0.671134 -0.266453 -0.689305 0.724472 0.000000 -0.985367 -0.170446 0.000000 -0.984959 -0.161058 0.062572 -0.273586 0.893919 0.355050 -0.691796 0.671134 0.266453 -0.984960 -0.161057 -0.062572 -0.070691 0.926973 0.368407 -0.133644 0.920983 0.365965 -0.071277 0.705308 0.705308 -0.134776 0.700655 0.700655 0.192795 -0.912333 -0.361218 0.061146 -0.930544 -0.361039 0.246969 -0.900363 -0.358263 0.245902 -0.969295 0.000000 0.190125 -0.981760 -0.000000 0.052292 -0.998632 -0.000000 0.192795 -0.912333 0.361217 0.246969 -0.900363 0.358263 0.061146 -0.930544 0.361039 -0.467893 -0.624929 0.624932 -0.595307 -0.734199 0.326437 
						-0.193296 -0.919955 0.341055 -0.159862 -0.698012 0.698014 -0.638337 -0.769757 -0.000001 -0.223591 -0.974683 -0.000000 0.052292 -0.000000 0.998632 0.061146 0.361039 0.930544 -0.193296 0.341054 0.919956 -0.223591 0.000000 0.974683 -0.595307 0.326435 0.734200 -0.638337 0.000001 0.769757 -0.193294 -0.919956 -0.341054 -0.595305 -0.734201 -0.326437 -0.467893 -0.624931 -0.624930 -0.159861 -0.698013 -0.698013 -0.638337 0.000001 0.769757 -0.927673 -0.000001 0.373394 -0.867709 -0.351482 0.351483 -0.595308 -0.326434 0.734200 -1.000000 -0.000002 0.000001 -0.927673 -0.373394 0.000000 0.624884 -0.552051 -0.552050 0.616541 -0.556720 -0.556722 0.613007 -0.734300 -0.291593 0.622193 -0.727568 -0.288999 0.425334 -0.639958 -0.639957 0.421849 -0.842678 -0.334570 0.419725 -0.907651 -0.000000 0.610754 -0.791820 0.000000 0.620285 -0.784376 0.000000 -0.616593 0.556691 0.556694 -0.614048 0.291382 0.733513 -0.392209 0.339961 0.854751 -0.393856 0.649950 0.649955 -0.612209 -0.000002 0.790696 -0.390882 0.000001 0.920441 0.030652 0.000001 0.999530 0.030750 0.369757 0.928619 0.425324 -0.639961 0.639960 0.616545 -0.556717 0.556721 0.613005 -0.734301 0.291594 0.421840 -0.842682 0.334572 0.624895 -0.552042 0.552046 0.622193 -0.727568 0.288998 0.030867 -0.706768 0.706772 0.030762 -0.928619 0.369756 0.435283 -0.836580 0.332658 0.437126 -0.635975 0.635969 0.030662 -0.999530 0.000002 0.433827 -0.900996 0.000001 0.435286 -0.836577 -0.332662 0.030759 -0.928618 -0.369759 0.437123 -0.635972 -0.635974 -0.616596 -0.556691 0.556691 -0.614057 -0.733506 0.291381 -0.392211 -0.854750 0.339962 -0.393856 -0.649948 0.649957 -0.612219 -0.790688 -0.000000 -0.390885 -0.920440 -0.000000 0.061146 0.930544 -0.361039 -0.193295 0.919956 -0.341054 -0.595305 0.734201 -0.326437 -0.612209 -0.000002 0.790696 -0.614052 -0.291383 0.733510 -0.392208 -0.339958 0.854752 
						-0.390882 0.000001 0.920441 0.030754 -0.369754 0.928621 0.030652 0.000001 0.999530 -0.614057 -0.733506 -0.291381 -0.392210 -0.854750 -0.339961 0.435283 0.332660 0.836580 0.433825 -0.000000 0.900997 0.620293 -0.000000 0.784370 0.622195 0.289000 0.727566 0.620293 -0.000000 0.784370 0.433825 -0.000000 0.900997 0.435286 -0.332661 0.836578 0.622203 -0.288993 0.727562 -0.392211 0.339959 -0.854750 -0.390881 -0.000001 -0.920441 0.030756 0.369757 -0.928620 0.030653 -0.000001 -0.999530 -0.614056 0.733507 0.291382 -0.392211 0.854749 0.339963 0.435283 -0.332662 -0.836579 0.433825 0.000000 -0.900997 0.620295 0.000001 -0.784368 0.622196 -0.288999 -0.727566 0.620295 0.000001 -0.784368 0.433825 0.000000 -0.900997 0.435286 0.332661 -0.836578 0.622204 0.288993 -0.727561 0.610760 0.000002 -0.791816 0.613008 -0.291592 -0.734299 0.419719 -0.000001 -0.907654 0.421848 -0.334570 -0.842679 -0.638337 -0.000000 -0.769757 -0.595306 -0.326438 -0.734200 -0.867708 -0.351485 -0.351484 -0.927673 0.000000 -0.373394 -0.867710 0.351481 0.351484 -0.927673 -0.000001 0.373394 -0.927673 0.373394 0.000000 -1.000000 -0.000002 0.000001 0.192795 0.912333 -0.361218 0.246969 0.900363 -0.358263 0.248624 0.684904 -0.684903 0.195911 0.693404 -0.693405 0.137450 -0.700394 0.700396 0.136259 -0.920682 0.365757 -0.166655 -0.916468 0.363747 -0.168343 -0.697018 0.697013 0.135521 -0.990774 -0.000000 -0.165652 -0.986184 -0.000001 -0.512034 -0.858965 -0.000002 -0.514381 -0.797044 0.316438 -0.518257 -0.604737 0.604734 -0.867708 0.351486 -0.351484 -0.927673 0.000000 -0.373394 0.192795 0.361218 0.912333 0.246969 0.358264 0.900363 0.190125 -0.000000 0.981760 0.245902 0.000001 0.969295 0.241197 -0.970476 0.000000 0.242226 -0.901548 -0.358523 0.136259 -0.920682 -0.365757 0.243888 -0.685755 -0.685754 0.137451 -0.700396 -0.700395 0.534747 0.000000 -0.845012 
						0.189061 0.000000 -0.981965 0.185178 0.360968 -0.914008 0.521976 0.308105 -0.795369 0.189061 0.000000 0.981965 0.185178 0.360968 0.914008 0.534747 0.000000 0.845012 0.521976 0.308106 0.795369 0.192795 0.361218 -0.912333 0.246969 0.358263 -0.900363 0.245903 0.000000 -0.969295 0.190125 0.000000 -0.981760 -0.512036 -0.000002 0.858964 -0.656339 -0.000002 0.754466 -0.658424 0.277784 0.699510 -0.514379 0.316438 0.797045 -0.661588 0.530236 0.530237 -0.518255 0.604735 0.604737 0.137449 0.700396 0.700395 0.136257 0.365755 0.920683 -0.166656 0.363748 0.916468 -0.168346 0.697014 0.697016 0.135520 0.000001 0.990775 -0.165654 -0.000001 0.986184 -0.512036 -0.000002 0.858964 -0.514379 0.316438 0.797045 -0.518255 0.604735 0.604737 0.050486 -0.998725 -0.000000 0.050767 -0.928107 -0.368835 0.011626 -0.929223 -0.369337 0.011563 -0.999933 0.000000 0.051196 -0.706179 -0.706180 0.011721 -0.707058 -0.707058 0.000920 -0.707106 -0.707106 0.000913 -0.929280 -0.369375 0.000908 -1.000000 0.000000 -0.658427 0.699508 -0.277781 -0.514379 0.797045 -0.316439 -0.512032 0.858966 -0.000002 -0.656339 0.754467 -0.000001 -0.656341 -0.754465 -0.000001 -0.658430 -0.699504 -0.277783 -0.512034 -0.858965 -0.000002 -0.514380 -0.797044 -0.316440 -0.518260 -0.604736 -0.604732 -0.661593 -0.530232 -0.530234 -0.514378 0.797046 0.316438 -0.658427 0.699507 0.277783 -0.658429 -0.277783 -0.699505 -0.514386 -0.316440 -0.797040 -0.512039 0.000003 -0.858962 -0.656343 0.000000 -0.754463 0.419719 -0.000001 -0.907654 0.610760 0.000002 -0.791816 0.613010 0.291594 -0.734297 0.421838 0.334573 -0.842682 0.419725 0.907651 0.000001 0.178587 0.983924 -0.000000 0.179607 0.914256 -0.363148 0.421841 0.842682 -0.334572 0.181225 0.695398 -0.695399 0.425324 0.639962 -0.639959 0.421849 0.842678 0.334571 0.179605 0.914257 0.363147 0.425333 0.639957 0.639958 
						0.181223 0.695398 0.695399 0.051196 0.706179 0.706180 0.050767 0.928108 0.368835 -0.512036 -0.000002 0.858964 -0.514378 -0.316444 0.797043 -0.658426 -0.277782 0.699509 -0.656339 -0.000002 0.754466 -0.518257 -0.604737 0.604734 -0.661591 -0.530233 0.530237 0.419725 -0.907651 -0.000000 0.178587 -0.983924 -0.000000 0.179606 -0.914257 0.363147 0.421840 -0.842682 0.334572 0.050767 -0.928108 0.368835 0.051196 -0.706179 0.706180 0.181223 -0.695398 0.695399 0.425324 -0.639961 0.639960 -0.566049 -0.304263 0.766167 -0.563792 -0.000000 0.825917 -0.021097 -0.000000 -0.999777 -0.038446 -0.000000 -0.999261 -0.038657 -0.369079 -0.928594 -0.021212 -0.369283 -0.929075 -0.070303 -0.000000 -0.997526 -0.070690 -0.368407 -0.926973 -0.038973 -0.706569 -0.706570 -0.021385 -0.706945 -0.706945 -0.006346 0.707093 -0.707093 -0.006295 0.929262 -0.369369 -0.011579 0.929219 -0.369348 -0.011673 0.707058 -0.707059 -0.006261 0.999980 0.000000 -0.011516 0.999934 0.000000 -0.021097 0.999777 -0.000000 -0.021212 0.929075 -0.369283 0.011626 0.369336 -0.929223 0.050768 0.368835 -0.928107 0.000913 0.369375 -0.929280 0.000908 -0.000000 -1.000000 0.011562 -0.000000 -0.999933 0.050486 0.000000 -0.998725 0.011626 -0.369337 -0.929223 0.000913 -0.369375 -0.929280 0.050768 -0.368834 -0.928108 0.050486 0.000000 -0.998725 0.011562 -0.000000 -0.999933 0.000908 -0.000000 -1.000000 0.050486 -0.000000 0.998725 0.050767 0.368834 0.928108 0.179606 0.363146 0.914258 0.178587 -0.000001 0.983924 0.421849 0.334570 0.842678 0.419723 -0.000000 0.907652 0.179606 0.363146 -0.914257 0.421838 0.334573 -0.842682 0.178586 -0.000002 -0.983924 0.419719 -0.000001 -0.907654 0.011721 -0.707058 0.707058 0.011626 -0.369337 0.929223 0.050768 -0.368835 0.928108 0.000920 -0.707107 0.707106 0.000913 -0.369375 0.929280 0.000908 0.000000 1.000000 0.011562 -0.000000 0.999933 
						0.050486 -0.000000 0.998725 0.000920 0.707107 0.707106 0.011721 0.707058 0.707058 0.011626 0.369337 0.929223 0.000913 0.369375 0.929280 0.011562 -0.000000 0.999933 0.000908 0.000000 1.000000 0.179606 -0.363147 -0.914257 0.178586 -0.000002 -0.983924 0.181225 -0.695398 -0.695399 0.425334 -0.639958 -0.639957 0.421848 -0.334570 -0.842679 0.419719 -0.000001 -0.907654 0.179604 -0.363148 0.914257 0.421843 -0.334573 0.842680 0.178587 -0.000001 0.983924 0.419723 -0.000000 0.907652 -0.006261 -0.000000 -0.999980 -0.002823 -0.000000 -0.999996 -0.002838 0.369376 -0.929276 -0.006295 0.369369 -0.929262 -0.002861 0.707104 -0.707104 -0.038446 0.000000 0.999261 -0.038657 0.369079 0.928594 -0.070303 0.000000 0.997526 -0.070691 0.368407 0.926973 -0.038973 0.706569 0.706570 0.135520 -0.000001 -0.990775 0.136257 0.365752 -0.920684 -0.166655 0.363748 -0.916468 -0.165653 0.000001 -0.986184 0.137450 0.700395 -0.700396 -0.168341 0.697015 -0.697016 -0.518257 0.604733 -0.604737 -0.514380 0.316439 -0.797044 -0.512039 0.000003 -0.858962 -0.038657 0.928594 -0.369079 -0.038446 0.999261 -0.000000 -0.011579 0.369348 -0.929219 -0.011516 -0.000000 -0.999934 0.011626 0.929223 0.369337 0.000913 0.929280 0.369375 -0.021212 0.929075 0.369283 -0.038657 0.928594 0.369079 0.241196 -0.000000 -0.970476 0.242224 0.358522 -0.901548 0.243887 0.685756 -0.685753 -0.038657 -0.928594 0.369079 -0.021212 -0.929075 0.369283 -0.021097 -0.999777 -0.000000 -0.038446 -0.999261 0.000000 -0.021212 -0.929075 -0.369283 -0.038657 -0.928594 -0.369079 0.135520 0.000001 0.990775 0.136258 -0.365754 0.920683 -0.166654 -0.363752 0.916466 -0.165654 -0.000001 0.986184 -0.514378 -0.316444 0.797043 -0.512036 -0.000002 0.858964 -0.223591 0.000000 0.974683 -0.193294 -0.341054 0.919956 -0.006346 -0.707092 0.707093 -0.006295 -0.929262 0.369369 -0.011579 -0.929219 0.369348 
						-0.011673 -0.707058 0.707059 -0.006261 -0.999980 -0.000000 -0.011516 -0.999934 -0.000000 -0.006261 -0.000000 0.999980 -0.006295 -0.369369 0.929262 -0.011579 -0.369348 0.929219 -0.011516 -0.000000 0.999934 0.419723 -0.000000 0.907652 0.610761 0.000001 0.791815 0.613013 -0.291591 0.734295 0.421843 -0.334573 0.842680 -0.002823 0.000000 0.999996 -0.002838 -0.369376 0.929276 -0.002861 -0.707104 0.707104 -0.011579 0.929219 0.369348 -0.006295 0.929262 0.369369 -0.002838 0.929276 -0.369376 -0.002823 0.999996 0.000000 0.242225 -0.901547 0.358524 0.243888 -0.685754 0.685756 -0.002861 0.707104 0.707104 -0.002838 0.929276 0.369376 0.610761 0.000001 0.791815 0.613008 0.291594 0.734299 0.419723 -0.000000 0.907652 0.421849 0.334570 0.842678 -0.006346 -0.707092 -0.707093 -0.011673 -0.707059 -0.707059 -0.011579 -0.929219 -0.369348 -0.006295 -0.929262 -0.369369 -0.002838 -0.929276 0.369375 -0.002823 -0.999996 -0.000000 0.000913 -0.929280 0.369375 -0.002861 -0.707104 -0.707104 -0.002838 -0.929276 -0.369375 -0.002823 -0.000000 -0.999996 -0.002838 -0.369376 -0.929276 -0.006261 -0.000000 -0.999980 -0.006295 -0.369369 -0.929262 0.521976 -0.795369 -0.308105 0.861754 -0.474874 -0.178535 0.508918 -0.608688 -0.608688 0.847290 -0.375566 -0.375566 -0.166651 0.916469 -0.363747 -0.514379 0.797045 -0.316439 0.136258 0.920683 -0.365755 0.135522 0.990774 -0.000001 -0.165653 0.986184 -0.000001 -0.512032 0.858966 -0.000002 0.242225 0.901548 -0.358522 0.241197 0.970476 -0.000000 0.243887 0.685754 0.685755 0.242225 0.901547 0.358524 0.136258 0.920683 0.365755 -0.193296 -0.341054 -0.919956 -0.223592 0.000000 -0.974683 -0.518260 -0.604736 -0.604732 -0.168345 -0.697016 -0.697014 -0.166657 -0.363751 -0.916466 -0.514386 -0.316440 -0.797040 0.136258 -0.365756 -0.920682 0.135520 -0.000001 -0.990775 -0.165653 0.000001 -0.986184 -0.512039 0.000003 -0.858962 
						-0.166655 0.916468 0.363747 -0.514378 0.797046 0.316438 0.242226 -0.358522 -0.901548 0.241196 -0.000000 -0.970476 -0.166653 -0.916467 -0.363750 -0.514380 -0.797044 -0.316440 -0.002823 0.000000 0.999996 -0.002838 0.369376 0.929276 0.421849 -0.842678 -0.334570 0.179606 -0.914257 -0.363147 0.242225 -0.358521 0.901548 0.241196 0.000001 0.970476 0.521976 -0.308105 -0.795369 0.861754 -0.178535 -0.474874 0.534747 0.000000 -0.845012 0.874382 0.000000 -0.485237 -0.984959 0.161058 -0.062572 -0.644074 0.710921 -0.282418 -0.133644 0.365965 0.920983 -0.132907 0.000000 0.991129 -0.984959 -0.161058 0.062572 -0.644074 -0.710921 0.282418 -0.014168 -0.369407 0.929160 -0.014118 0.000000 0.999900 0.998757 0.000000 -0.049850 0.997597 0.048993 -0.048992 -0.658428 -0.699506 0.277783 -0.514381 -0.797044 0.316438 -0.014167 0.929160 0.369407 0.011626 -0.929223 0.369337 -0.011516 -0.000000 -0.999934 -0.011579 -0.369348 -0.929219 -0.133644 -0.365965 -0.920983 -0.132907 -0.000000 -0.991129 0.241196 0.000001 0.970476 0.242225 0.358522 0.901548 
					</float_array>
					<technique_common>
						<accessor count="996" offset="0" source="#meshId1-normals-array" stride="3">
							<param name="X" type="float" />
							<param name="Y" type="float" />
							<param name="Z" type="float" />
						</accessor>
					</technique_common>
				</source>
				<source id="meshId1-tangents" name="meshId1-tangents">
					<float_array id="meshId1-tangents-array" count="2988"> 
						0.993464 0.090147 -0.070017 0.995985 0.077234 -0.045258 0.984744 0.153539 -0.081886 0.976928 0.168672 -0.131003 0.997257 0.064530 -0.036251 0.989248 0.135667 -0.054621 0.955885 0.268114 -0.119994 0.945258 0.271114 -0.181617 0.930276 0.255716 -0.263050 -0.033594 -0.687438 0.725466 -0.057392 -0.673448 0.737004 -0.036613 -0.342271 0.938888 -0.023153 -0.351892 0.935754 -0.086506 -0.675123 0.732616 -0.061924 -0.341372 0.937886 -0.023526 0.010878 0.999664 -0.010340 0.007975 0.999915 -0.001618 0.001280 0.999998 -0.018817 -0.696488 0.717321 -0.018199 -0.923885 0.382237 -0.005925 -0.928249 0.371912 -0.007291 -0.704876 0.709293 -0.107919 -0.990642 0.083560 -0.067620 -0.997298 0.028717 0.023751 -0.999718 0.000729 0.010425 -0.928889 0.370212 0.005197 -0.706986 0.707209 0.081480 0.677158 0.731313 0.055483 0.674628 0.736070 0.039733 0.339950 0.939604 0.071922 0.336748 0.938844 0.033333 0.687599 0.725325 0.022030 0.352736 0.935463 0.469965 0.788891 0.395958 0.762498 0.597003 0.249368 0.465813 0.880047 0.092393 0.330435 0.926337 0.180865 0.844085 0.534160 0.046836 0.485143 0.874213 0.019709 0.170464 0.985187 0.018646 0.172453 0.984807 0.020351 0.160103 0.987012 0.013232 0.986998 0.152198 0.051683 0.887993 0.412278 -0.203705 0.935499 0.346721 -0.068021 0.990349 0.094227 0.101635 0.541343 0.710928 -0.448920 0.681702 0.688870 -0.246455 0.842374 0.529260 -0.101437 0.969154 0.245343 0.023384 0.995115 -0.000341 0.098719 0.006619 0.706947 0.707236 0.007010 0.369722 0.929116 0.015646 0.362415 0.931886 0.017911 0.700808 0.713125 0.001026 -0.000030 0.999999 0.000004 -0.000001 1.000000 -0.105743 0.991017 0.081871 -0.115447 0.988223 0.100433 -0.030900 0.918639 0.393887 -0.019864 0.923357 0.383429 -0.118036 0.990513 0.070366 -0.041010 0.919290 0.391439 -0.040416 0.689000 0.723633 
						-0.028890 0.688559 0.724604 -0.018003 0.696951 0.716893 -0.015649 -0.362416 0.931885 -0.005094 -0.369784 0.929104 -0.005192 -0.706988 0.707207 -0.017918 -0.700810 0.713123 -0.011279 0.360988 0.932502 -0.002135 0.368729 0.929535 -0.005094 0.705556 0.708636 0.001068 0.000827 0.999999 0.002064 0.000877 0.999997 -0.341753 -0.781186 0.522449 -0.167870 -0.945314 0.279645 -0.141924 -0.951487 0.273004 -0.298771 -0.805142 0.512330 -0.022438 -0.999678 -0.011843 -0.007274 -0.999961 -0.004966 0.031293 -0.998857 0.036142 -0.100865 -0.961495 0.255646 -0.208731 -0.842922 0.495896 -0.021770 0.715982 0.697780 -0.033708 0.711092 0.702290 -0.023014 0.371254 0.928246 -0.018752 0.371832 0.928110 -0.050224 0.707608 0.704818 -0.030889 0.370214 0.928433 -0.000770 0.000030 1.000000 0.000292 -0.000056 1.000000 0.000486 -0.000307 1.000000 -0.224427 0.964086 0.142024 -0.125566 0.965938 0.226266 -0.227638 0.972590 0.047436 -0.338631 0.930700 -0.138297 -0.048115 0.959352 0.278079 -0.098627 0.983570 0.151201 -0.166086 0.985810 0.024357 -0.345090 0.926787 -0.148252 -0.494233 0.785558 -0.372334 0.048045 -0.707623 0.704955 0.038133 -0.711554 0.701596 0.019083 -0.370596 0.928598 0.028489 -0.370152 0.928534 0.029214 -0.718912 0.694487 0.013610 -0.368939 0.929354 -0.474214 0.879036 -0.049154 -0.778269 0.591932 -0.209559 -0.175286 0.984323 0.019558 -0.170462 0.985173 0.019401 -0.484967 0.873896 0.033362 -0.844906 0.534680 0.015815 0.985784 -0.159307 -0.053397 0.993853 -0.109814 -0.014033 0.996132 -0.085811 0.018927 0.990638 -0.136465 -0.003797 0.997974 -0.049890 0.039495 0.998028 -0.030977 0.054598 0.998429 -0.000577 0.056033 0.998205 -0.051195 0.031073 0.995145 -0.096511 0.019288 -0.198772 0.971940 -0.125788 -0.308278 0.937593 0.160886 -0.210468 0.977494 -0.014434 -0.108426 0.974716 -0.195380 -0.464227 0.789538 0.401402 
						-0.308753 0.923637 0.227082 -0.160131 0.987009 0.013059 -0.099997 0.982110 -0.159566 -0.037793 0.975123 -0.218420 0.998209 0.059497 0.006250 0.997917 0.063483 0.011493 0.998214 0.058734 -0.010907 0.998504 0.052805 -0.014225 0.996300 0.083333 0.021024 0.997092 0.075854 -0.007385 0.997864 0.058748 -0.028563 0.998514 0.045889 -0.029405 0.998791 0.038947 -0.029983 -0.463193 0.880020 0.104964 -0.786402 0.588640 0.187282 -0.172608 0.984821 0.018265 -0.007224 0.989443 0.144741 -0.052232 0.996371 0.067205 0.000000 0.999260 0.038460 -0.049847 0.998699 0.010792 0.042542 0.968370 -0.245866 0.092892 0.988830 -0.116559 0.050475 0.998290 -0.029498 0.005563 0.993755 -0.111444 0.049840 0.998568 0.019430 0.000000 0.999830 0.018425 0.997433 0.061467 -0.036729 0.991022 0.125608 -0.045800 0.996581 0.070236 -0.043512 0.990031 0.132760 -0.047042 0.960901 0.271710 -0.053311 0.961636 0.261955 -0.081464 0.174927 0.984478 0.014279 0.052233 0.996371 0.067204 0.163608 0.986488 0.008609 0.098348 0.983858 0.149502 0.056567 0.943356 0.326925 0.007224 0.989443 0.144741 0.999430 -0.024484 0.023253 0.997734 -0.065147 0.016811 0.998910 0.027269 0.037898 0.999217 0.039544 0.001284 0.999900 -0.014118 0.000606 0.998532 -0.054088 0.002764 0.101955 -0.699455 0.707367 0.048313 -0.366550 0.929143 0.060260 -0.362416 0.930066 0.136011 -0.689448 0.711451 -0.000011 -0.000001 1.000000 0.000892 0.000101 1.000000 0.000574 0.000135 1.000000 0.066878 -0.353949 0.932871 0.156698 -0.671504 0.724243 -0.048500 0.366537 0.929138 -0.056603 0.362881 0.930115 -0.103681 0.699262 0.707307 -0.128872 0.690709 0.711557 -0.149213 0.673629 0.723850 -0.064744 0.354472 0.932822 0.998489 0.000516 -0.054944 0.998245 -0.050714 -0.030592 0.999459 -0.024125 -0.022350 0.998970 0.028205 -0.035548 0.995621 -0.092266 -0.015007 
						0.997936 -0.063141 -0.011736 0.844905 0.534679 -0.015974 0.981958 0.189059 0.003957 0.982485 0.164427 0.087672 0.852958 0.487571 0.186381 0.983003 0.108863 0.147831 0.860628 0.345065 0.374499 0.963828 -0.258167 0.066226 0.971179 -0.237007 0.025281 0.992298 -0.123715 -0.006226 0.987987 -0.154445 0.005381 0.973419 -0.228989 -0.004403 0.993681 -0.112237 0.000000 0.992298 -0.123715 0.006226 0.971636 -0.234228 -0.032562 0.964387 -0.255244 -0.069337 0.988103 -0.153670 -0.006175 0.526437 -0.722951 0.447444 0.534346 -0.809675 0.242694 0.882213 -0.460878 0.096392 0.870149 -0.450482 0.199764 0.535866 -0.844128 0.017195 0.885856 -0.463938 -0.004484 0.198772 0.971940 -0.125788 0.308279 0.937593 0.160885 0.210468 0.977494 -0.014434 0.108425 0.974716 -0.195379 0.456564 -0.523727 0.719207 0.499001 -0.628084 0.597083 0.843700 -0.444789 0.300555 0.804827 -0.417839 0.421502 0.948926 -0.289048 0.126457 0.926445 -0.306922 0.217939 0.845007 -0.003488 0.534743 0.852276 0.151074 0.500801 0.982387 0.044325 0.181526 0.981930 0.008497 0.189054 0.070172 -0.704656 0.706071 0.069116 -0.926669 0.369470 0.008362 -0.929415 0.368941 0.142558 -0.916872 0.372856 0.170121 -0.985380 0.009215 0.102599 -0.994722 0.001449 -0.048795 -0.998807 0.001931 0.532730 -0.819681 -0.210525 0.882827 -0.457821 -0.104956 0.524089 -0.735089 -0.430086 0.870457 -0.449224 -0.201252 -0.853407 -0.145612 0.500494 -0.783123 -0.215560 0.583311 -0.728663 -0.292396 0.619318 -0.797277 -0.218825 0.562552 -0.673715 -0.355608 0.647804 -0.621423 -0.424199 0.658702 -0.473859 -0.547292 0.689876 -0.568128 -0.432677 0.700015 -0.628769 -0.352002 0.693358 0.285292 -0.863481 0.415944 0.209644 -0.899536 0.383255 0.413624 -0.905234 0.097302 0.206101 -0.978254 0.023279 0.979130 -0.199168 0.040446 0.963424 -0.244894 0.108819 0.991838 -0.127282 0.007517 
						0.987325 -0.149428 0.053481 -0.018294 -0.994224 -0.105758 0.011784 -0.954282 -0.298676 0.094643 -0.951633 -0.292298 -0.000655 -1.000000 -0.000549 0.059556 -0.898437 -0.435044 0.281298 -0.825628 -0.489091 0.337898 -0.782688 -0.522708 0.112706 -0.944137 -0.309682 -0.077102 -0.996162 -0.041433 -0.011701 -0.952585 0.304047 -0.037536 -0.858425 0.511563 0.025128 -0.987442 0.155973 -0.083650 -0.987745 0.131770 0.005500 -0.932847 0.360231 0.109643 -0.814077 0.570313 -0.006299 -0.999954 -0.007275 0.101231 -0.961570 -0.255217 0.014960 -0.958613 -0.284319 -0.017524 -0.993912 -0.108773 0.204872 -0.841133 -0.500523 0.030369 -0.833032 -0.552391 -0.079539 -0.787716 -0.610882 -0.028804 -0.945078 -0.325573 0.066690 -0.992228 -0.105053 0.853786 -0.146933 -0.499460 0.882430 -0.132153 -0.451500 0.824357 -0.203451 -0.528246 0.798372 -0.223168 -0.559283 0.875401 -0.142017 -0.462064 0.807850 -0.208017 -0.551459 0.623759 -0.303178 -0.720422 0.651637 -0.315076 -0.689997 0.629631 -0.356551 -0.690243 -0.267785 0.869964 0.414069 -0.236437 0.849533 0.471583 -0.136038 0.647857 0.749516 -0.383354 0.919188 0.090181 -0.335987 0.925284 0.175962 -0.196453 0.930397 0.309464 -0.115276 0.841014 0.528590 -0.074641 0.617263 0.783208 0.456565 -0.523727 -0.719207 0.804827 -0.417840 -0.421502 0.843699 -0.444791 -0.300554 0.499001 -0.628085 -0.597083 0.929333 -0.297566 -0.218619 0.949978 -0.284674 -0.128464 -0.150272 0.915653 0.372824 -0.192606 0.903545 0.382766 -0.169069 0.985562 0.009158 -0.265370 0.963681 0.029974 -0.131492 -0.566278 0.813658 -0.145040 -0.469209 0.871095 -0.099814 -0.619548 0.778587 0.303047 -0.477378 0.824786 0.436514 -0.426050 0.792425 0.509677 -0.344940 0.788192 -0.352250 -0.691196 0.631005 -0.070823 -0.747462 0.660519 0.224677 -0.663564 0.713584 -0.527215 -0.556283 0.642335 -0.477290 -0.605521 0.636818 0.960159 0.136972 -0.243585 
						0.974343 0.122689 -0.188689 0.980474 0.107617 -0.164586 0.966409 0.159265 -0.201713 0.986997 -0.152201 -0.051683 0.990349 -0.094229 -0.101635 0.995115 0.000341 -0.098720 0.980619 0.136967 -0.140093 0.968214 0.195689 -0.155779 0.156080 -0.444358 -0.882148 0.144879 -0.465954 -0.872867 0.143615 -0.429809 -0.891425 -0.476448 -0.457936 -0.750528 -0.532754 -0.407580 -0.741655 -0.507003 -0.331566 -0.795621 0.168359 -0.416618 -0.893356 0.172713 -0.329748 -0.928136 0.764173 -0.195315 -0.614729 0.730705 -0.232207 -0.641989 0.162310 -0.305263 -0.938334 0.750162 -0.203585 -0.629135 0.873660 -0.127676 -0.469486 0.878219 -0.118382 -0.463376 0.845273 -0.132781 -0.517574 -0.623449 -0.304665 0.720063 -0.651664 -0.314073 0.690429 -0.156053 -0.446190 0.881227 -0.143945 -0.425422 0.893474 0.532630 -0.409499 0.740686 0.475834 -0.460152 0.749561 -0.873859 -0.153680 0.461250 -0.882591 -0.136239 0.449969 -0.824286 -0.195515 0.531344 -0.809770 -0.196768 0.552770 0.353978 -0.692433 -0.628677 0.075942 -0.770928 -0.632379 0.475096 -0.548720 -0.687889 0.096897 -0.601444 -0.793017 -0.287698 -0.453198 -0.843707 -0.254242 -0.696723 -0.670775 0.570073 -0.436746 -0.695895 0.132111 -0.572198 -0.809405 -0.442296 -0.440221 -0.781396 0.673470 -0.355479 -0.648131 0.783787 -0.216420 -0.582100 0.730594 -0.295271 -0.615668 0.622762 -0.425113 -0.656846 0.054550 -0.342129 0.938068 0.146562 -0.642562 0.752086 0.000000 -0.000000 1.000000 0.000000 -0.000000 1.000000 0.024947 -0.331357 0.943176 0.089364 -0.597898 0.796575 -0.030275 -0.705251 -0.708311 -0.007957 -0.368796 -0.929476 -0.037470 -0.364317 -0.930521 -0.104669 -0.693084 -0.713218 0.052226 -0.003681 -0.998628 0.050796 -0.006812 -0.998686 0.047404 -0.013404 -0.998786 -0.051270 -0.355055 -0.933438 -0.136077 -0.672359 -0.727610 -0.054550 0.342129 0.938068 -0.024947 0.331357 0.943175 0.969208 -0.245880 0.013388 
						0.981759 -0.190125 -0.001430 0.981166 -0.174757 -0.082298 0.969001 -0.231970 -0.085010 0.998558 -0.052288 -0.012147 0.996897 -0.038974 -0.068385 0.993652 0.012844 -0.111758 0.980615 -0.135979 -0.141080 0.968152 -0.197237 -0.154208 -0.338777 -0.782731 0.522075 -0.109567 -0.943933 0.311425 -0.159172 -0.943190 0.291644 -0.354898 -0.772339 0.526820 0.095656 -0.994086 0.051403 -0.027843 -0.999522 -0.013438 0.177831 -0.942859 -0.281769 0.002187 -0.999997 0.001056 0.354994 -0.772340 -0.526754 0.340322 -0.781126 -0.523472 0.169420 -0.945300 -0.278754 0.024520 -0.999616 0.012942 0.997700 -0.050434 -0.045283 0.998934 -0.011551 -0.044690 0.998694 -0.029165 -0.041941 0.997241 -0.067137 -0.031676 0.998994 -0.000907 -0.044829 0.998899 -0.018175 -0.043255 0.998877 -0.034147 -0.032847 0.998431 -0.047001 -0.030451 0.996424 -0.083711 -0.011473 -0.846438 -0.136577 0.514674 -0.772138 -0.210502 0.599577 -0.795444 -0.186206 0.576711 -0.867211 -0.115603 0.484335 -0.662909 -0.356233 0.658521 -0.686034 -0.331108 0.647861 -0.522085 -0.559309 0.643895 -0.541530 -0.539079 0.645088 -0.104612 -0.604770 0.789500 -0.078262 -0.738710 0.669464 -0.415792 -0.635243 0.650833 -0.541798 -0.454387 0.707097 -0.045565 -0.861035 0.506500 -0.259886 -0.820337 0.509418 0.898060 -0.105363 -0.427068 0.867001 -0.114917 -0.484875 0.894756 -0.113672 -0.431846 -0.872794 -0.135096 0.469020 -0.878511 -0.123730 0.461421 -0.897898 -0.102604 0.428080 -0.895311 -0.108146 0.432113 -0.161876 -0.313088 0.935827 -0.172696 -0.326634 0.929240 -0.764326 -0.199647 0.613145 -0.750231 -0.203152 0.629193 -0.167969 -0.410836 0.896103 -0.730597 -0.231812 0.642254 0.989373 -0.135856 0.051807 0.977537 0.092649 0.189308 0.980942 0.093810 0.170152 0.990509 -0.093027 0.101180 0.959007 0.145306 0.243293 0.965452 0.170664 0.196915 0.967886 0.202809 0.148540 0.980615 0.135979 0.141080 
						0.993652 -0.012844 0.111759 0.525915 -0.556045 -0.643605 0.476905 -0.605398 -0.637225 0.297596 -0.804960 -0.513299 0.518648 -0.558642 -0.647243 0.539551 -0.538797 -0.646980 0.660065 -0.354704 -0.662193 0.684328 -0.330284 -0.650083 0.769551 -0.207232 -0.604025 0.794716 -0.185314 -0.578001 0.109551 -0.633323 -0.766094 0.129400 -0.447598 -0.884823 0.638655 -0.296526 -0.710065 0.547474 -0.459148 -0.699611 -0.018042 -0.964275 0.264288 -0.123193 -0.955517 0.267976 0.018970 -0.993787 0.109669 0.064095 -0.996495 0.053754 0.107404 -0.848486 0.518205 0.200518 -0.866120 0.457853 0.196113 -0.930646 0.308929 0.362965 -0.912207 0.190091 0.982630 0.167670 -0.079533 0.852565 0.475522 -0.216820 0.860220 0.333318 -0.385903 0.983131 0.112557 -0.144171 0.982387 0.044326 -0.181526 0.998028 -0.030977 -0.054599 0.852276 0.151075 -0.500801 0.845007 -0.003489 -0.534744 0.981930 0.008496 -0.189054 0.997974 -0.049890 -0.039495 -0.076701 0.704250 0.705796 -0.092921 0.924746 0.369068 -0.010732 0.929429 0.368846 0.037947 0.999279 0.001502 -0.047325 0.998879 0.000668 -0.000736 -0.000010 1.000000 -0.040016 0.368621 0.928718 0.979831 -0.195357 -0.042046 0.966385 -0.232776 -0.109154 0.998887 0.027343 -0.038432 0.999201 0.023754 -0.032155 0.999717 -0.011025 -0.021096 0.999607 -0.009187 -0.026474 0.999429 -0.003374 -0.033607 0.999193 0.020692 -0.034422 0.223761 0.642253 -0.733104 0.142223 0.904228 -0.402672 0.187159 0.831503 -0.523043 0.128863 0.607172 -0.784051 0.189256 0.980468 -0.053515 0.368924 0.860629 -0.351015 -0.075430 0.896744 -0.436074 -0.040738 0.821750 -0.568390 -0.021469 0.618468 -0.785517 0.673431 0.573487 -0.466479 0.631218 0.490785 -0.600577 0.697382 0.645214 -0.312023 -0.164718 0.916103 -0.365544 -0.144629 0.808558 -0.570365 -0.120156 0.709253 -0.694638 -0.024081 -0.347353 -0.937425 -0.094774 -0.635868 -0.765957 
						0.022988 -0.021872 -0.999496 -0.003085 -0.017837 -0.999836 0.000603 -0.358926 -0.933366 0.017635 -0.635054 -0.772267 0.606531 -0.793909 0.042747 0.192195 -0.981329 0.007395 0.104288 -0.925704 -0.363588 0.261161 -0.903718 -0.339249 0.671348 -0.741007 0.014167 0.430785 -0.841970 -0.324826 0.064902 -0.706597 -0.704633 0.007274 -0.707289 -0.706887 0.146467 0.326110 -0.933916 0.088243 0.287660 -0.953659 -0.013162 0.291145 -0.956588 0.113294 0.359480 -0.926250 0.139356 0.348144 -0.927025 0.134660 0.693829 -0.707438 0.205756 0.671905 -0.711483 0.940346 0.337296 0.044503 0.922221 0.360842 0.138928 0.638581 0.659635 0.396353 0.668224 0.716324 0.200891 0.900592 0.352255 0.254657 0.589331 0.581617 0.560723 -0.104893 0.788211 0.606400 -0.133532 0.867202 0.479719 -0.154191 0.958018 0.241718 0.088302 -0.995781 0.024969 -0.062345 -0.920876 -0.384838 -0.139668 -0.862502 -0.486398 -0.171851 -0.971459 -0.163509 0.029072 -0.858822 -0.511449 0.059252 -0.937633 -0.342541 0.974683 0.223592 0.000001 0.975886 0.216197 -0.030079 0.769758 0.638335 0.000001 0.788860 0.611250 0.063821 0.842376 0.529257 0.101439 0.969155 0.245341 -0.023383 -0.071438 -0.923344 -0.377270 -0.007118 -0.999974 -0.000954 0.720769 0.664125 -0.198569 0.722483 0.687413 -0.074038 -0.169972 0.982623 -0.074578 -0.171660 0.953388 -0.248163 0.954177 0.298763 -0.016957 0.707694 0.703477 0.065502 -0.167022 0.980233 0.106054 0.994677 0.093263 -0.043805 0.986351 0.159452 -0.041076 0.991771 0.125502 -0.025275 0.979775 0.199784 -0.011317 0.981166 0.174757 0.082298 0.996897 0.038973 0.068386 0.969001 0.231971 0.085009 0.969294 0.245901 -0.001420 0.981759 0.190125 0.001430 0.998558 0.052288 0.012147 0.981194 0.175710 -0.079905 0.969016 0.230950 -0.087584 0.997773 0.047333 -0.046989 0.842375 -0.529259 0.101439 0.788859 -0.611252 0.063820 
						0.975886 -0.216199 -0.030080 0.969154 -0.245343 -0.023382 0.769757 -0.638337 -0.000000 0.974683 -0.223592 -0.000001 0.989373 0.135860 -0.051807 0.990509 0.093027 -0.101179 0.935499 0.346720 0.068022 0.887994 0.412276 0.203704 0.681701 0.688870 0.246458 0.541344 0.710927 0.448920 0.975886 -0.216197 0.030080 0.788861 -0.611249 -0.063820 0.842376 -0.529257 -0.101440 0.969155 -0.245341 0.023382 0.541342 -0.710928 0.448921 0.127403 -0.939991 0.316520 0.427079 -0.888963 0.165373 0.681700 -0.688872 0.246458 0.000002 -1.000000 -0.000002 0.373394 -0.927673 -0.000001 0.033595 -0.687437 0.725467 0.057391 -0.673449 0.737003 0.036615 -0.342269 0.938888 0.023156 -0.351891 0.935755 0.086495 -0.675126 0.732614 0.061928 -0.341370 0.937887 0.023512 0.010873 0.999664 0.010336 0.007972 0.999915 0.001618 0.001280 0.999998 0.016503 -0.697814 0.716089 0.018202 -0.923883 0.382242 0.005924 -0.928249 0.371912 0.007297 -0.704876 0.709293 0.107916 -0.990643 0.083554 0.067614 -0.997298 0.028714 -0.023751 -0.999718 0.000730 -0.010426 -0.928889 0.370210 -0.081485 0.677156 0.731313 -0.055483 0.674628 0.736069 -0.039733 0.339950 0.939604 -0.071914 0.336751 0.938843 -0.033333 0.687599 0.725325 -0.022031 0.352735 0.935464 -0.006620 0.706949 0.707234 -0.007008 0.369722 0.929116 -0.015644 0.362416 0.931885 -0.017912 0.700807 0.713126 -0.001021 -0.000030 0.999999 -0.000001 0.000001 1.000000 0.015649 -0.362418 0.931884 0.005091 -0.369784 0.929104 0.017919 -0.700810 0.713123 0.015530 0.698369 0.715569 0.011283 0.360986 0.932503 0.002137 0.368726 0.929536 0.005094 0.705557 0.708635 0.000330 -0.000256 1.000000 -0.002064 0.000876 0.999997 0.997773 -0.047333 0.046989 0.975886 0.216199 0.030080 0.788860 0.611250 -0.063818 0.112105 0.989898 0.086801 0.019028 0.923622 0.382833 0.007017 0.928071 0.372338 
						0.078634 0.996344 0.033393 -0.010357 0.928892 0.370205 -0.016915 0.999857 0.000517 -0.011922 -0.360519 0.932676 -0.005702 -0.367306 0.930082 -0.028640 -0.923643 0.382182 -0.106163 -0.993034 0.051117 -0.125443 -0.987129 0.099203 -0.042183 -0.915640 0.399779 -0.133999 0.985299 0.105969 -0.106167 0.993033 0.051119 -0.028642 0.923642 0.382185 -0.040825 0.916126 0.398805 -0.007019 0.928069 0.372341 -0.078635 0.996344 0.033392 0.010354 0.928891 0.370208 0.016912 0.999857 0.000518 0.013001 -0.359732 0.932965 0.005703 -0.367308 0.930082 0.028640 -0.923643 0.382183 0.106163 -0.993034 0.051117 0.125448 -0.987128 0.099206 0.042182 -0.915641 0.399778 0.133996 0.985300 0.105968 0.106162 0.993034 0.051117 0.028643 0.923642 0.382185 0.040824 0.916126 0.398805 0.143101 -0.983534 0.110378 0.064063 -0.907997 0.414049 0.155228 -0.985267 0.071781 0.092498 -0.908694 0.407086 0.541344 -0.710927 -0.448921 0.681702 -0.688869 -0.246456 0.427082 -0.888961 -0.165374 0.127403 -0.939989 -0.316525 0.427078 0.888963 0.165375 0.127402 0.939990 0.316524 0.373393 0.927673 0.000002 -0.000002 1.000000 0.000002 0.981194 -0.175710 0.079906 0.968861 -0.222663 0.108302 0.968439 -0.188654 0.162895 0.980619 -0.136967 0.140093 0.990069 0.118212 -0.076085 0.990653 0.128972 -0.044409 0.985763 -0.146515 0.082491 0.985429 -0.101560 0.136441 0.990743 0.135517 -0.007952 0.986153 -0.165646 0.007983 0.858843 -0.511961 -0.016845 0.857562 -0.478366 0.189086 0.855197 -0.372168 0.360734 0.427083 0.888962 -0.165371 0.127403 0.939990 -0.316523 0.980942 -0.093811 -0.170151 0.966521 -0.157806 -0.202324 0.977537 -0.092650 -0.189307 0.960520 -0.134253 -0.243676 0.970467 0.241195 -0.004331 0.970097 0.230943 0.074686 0.990446 0.134510 0.030395 0.968964 0.201717 0.142895 0.989824 0.123414 0.070836 0.045359 0.998558 0.028704 
						-0.008390 0.999963 -0.001615 -0.021173 0.931344 0.363525 -0.030459 0.938619 0.343608 -0.041495 -0.999107 0.007989 0.040142 -0.932096 0.359979 -0.054536 -0.997915 0.034512 0.031639 -0.938833 0.342916 0.980474 -0.107617 0.164586 0.966409 -0.159265 0.201713 0.960159 -0.136973 0.243585 0.974343 -0.122688 0.188689 0.126165 -0.989155 0.075206 0.125814 -0.985998 0.109447 0.029930 -0.919000 0.393119 0.041319 -0.919206 0.391603 0.023748 -0.691937 0.721568 0.034653 -0.691678 0.721374 0.989604 -0.127323 -0.066882 0.988168 -0.116228 -0.100072 0.985983 0.068977 0.151920 0.985674 0.111667 0.126397 0.987025 -0.086912 -0.135007 0.983742 0.070324 0.165244 0.856654 0.073288 0.510659 0.857445 0.205226 0.471880 0.855046 0.351880 0.380890 0.052827 0.002671 -0.998600 0.021991 0.370260 -0.928668 0.032744 0.369517 -0.928647 0.053608 0.000620 -0.998562 0.032577 0.707912 -0.705549 0.049780 0.706642 -0.705818 0.108102 0.703033 -0.702893 0.045280 0.369035 -0.928312 0.053446 0.000048 -0.998571 -0.020991 0.351862 0.935816 -0.033748 0.349898 0.936180 -0.000006 -0.000002 1.000000 -0.000003 -0.000001 1.000000 0.007149 -0.006221 0.999955 -0.022055 -0.350986 0.936121 0.014748 -0.008794 0.999853 -0.039138 -0.346796 0.937124 -0.040572 -0.688923 0.723698 -0.028794 -0.688623 0.724547 0.033750 -0.349896 0.936181 0.020996 -0.351862 0.935816 -0.029930 -0.919000 0.393120 -0.041325 -0.919203 0.391611 -0.126157 -0.989156 0.075201 -0.125812 -0.985998 0.109449 0.167583 0.982807 0.077494 0.158071 0.979871 0.121929 0.062793 0.908480 0.413184 0.093303 0.908471 0.407400 0.906215 -0.419060 -0.056246 0.982662 -0.178358 -0.050640 0.981426 -0.191823 0.002466 0.902089 -0.427137 0.061562 0.978389 -0.199075 0.055900 0.895245 -0.401253 0.193735 0.906635 -0.388981 -0.163423 0.983272 -0.155476 -0.094881 0.904408 -0.326900 -0.274194 
						0.983439 -0.129865 -0.126422 0.998472 -0.021470 -0.050917 0.998087 -0.034105 -0.051559 0.126162 0.989155 0.075209 0.041321 0.919203 0.391611 0.029932 0.919001 0.393118 0.125812 0.985998 0.109452 0.034650 0.691677 0.721376 0.023747 0.691940 0.721565 0.038507 0.017807 -0.999100 0.046796 0.008494 -0.998868 0.074675 -0.355414 -0.931721 0.055732 -0.344213 -0.937236 0.084769 -0.363974 -0.927544 0.075897 -0.702311 -0.707813 0.110519 -0.688227 -0.717028 0.103700 -0.667989 -0.736910 0.149788 -0.951886 -0.267352 -0.001262 -0.999999 -0.000862 -0.683267 0.730026 0.014418 -0.079925 0.996796 0.003075 0.002321 0.929253 -0.369437 -0.358806 0.870188 -0.337685 -0.408482 0.912312 0.028789 -0.206285 0.914608 -0.347762 0.104612 0.700336 -0.706106 0.046226 0.705651 -0.707050 0.999224 -0.023006 -0.031974 0.999103 -0.009624 -0.041239 0.999149 -0.003874 -0.041069 0.999341 -0.016054 -0.032552 0.998976 0.006255 -0.044805 0.998929 0.011505 -0.044814 0.998769 0.021076 -0.044901 0.999126 0.006394 -0.041304 0.998052 -0.061258 -0.011861 0.995623 -0.091710 0.018015 0.998893 -0.044038 -0.016523 0.998927 -0.046315 0.000907 0.997670 -0.067244 0.011536 0.994859 -0.087899 0.050291 0.210806 0.909305 -0.358783 0.528678 0.788972 -0.313086 0.354459 0.875461 -0.328523 0.773897 0.632102 0.039121 0.349641 0.936875 0.004043 0.805594 0.592468 0.000731 0.998565 -0.017904 -0.050478 0.998703 -0.015261 -0.048564 0.982916 -0.104240 -0.151690 0.979969 -0.089578 -0.177869 0.903058 -0.237878 -0.357630 0.897256 -0.150918 -0.414916 0.974788 -0.190781 0.115718 0.889503 -0.332727 0.313172 0.970045 -0.167370 0.176067 0.880084 -0.244596 0.406970 0.062843 -0.705188 -0.706230 -0.090103 -0.925892 -0.366885 -0.310991 -0.888940 -0.336258 0.001114 -0.707106 -0.707107 -0.500305 -0.804785 -0.319399 -0.845367 -0.534185 0.000768 -0.209672 -0.977769 0.002424 
						-0.740450 -0.671068 0.037430 0.999190 0.027803 -0.029103 0.999418 0.014370 -0.030938 0.999648 0.017854 -0.019603 0.998995 0.041315 -0.017404 0.999789 0.017001 -0.011561 0.998811 0.048747 -0.000907 0.004422 0.929658 -0.368396 0.169986 0.984963 0.030852 -0.014905 0.705084 -0.708968 -0.025246 0.698442 -0.715221 -0.049752 0.919483 -0.389970 -0.073128 0.996749 -0.033816 0.095801 -0.918495 -0.383651 0.131340 -0.897071 -0.421917 -0.070168 -0.997454 0.012735 0.163799 -0.983582 -0.075745 0.999294 -0.037040 -0.006257 0.999025 -0.044054 -0.002820 0.999063 -0.039086 -0.018588 0.999261 -0.032914 -0.019852 0.999099 -0.027918 -0.031961 0.993405 0.108101 0.038221 0.994799 0.101856 0.000929 0.983145 0.169187 0.069290 0.987646 0.156141 0.013262 0.996218 0.082428 -0.027478 0.987951 -0.075437 0.135134 0.988967 -0.104741 0.104753 0.985958 0.051440 -0.158875 0.985157 0.045628 -0.165480 0.989824 -0.123414 0.070835 0.985582 0.106831 -0.131205 0.855199 0.360915 -0.371989 0.856902 0.226123 -0.463235 0.855371 0.091347 -0.509898 0.998860 0.025564 -0.040301 0.998249 0.038407 -0.044979 0.999377 -0.026707 -0.023069 0.999397 -0.032767 -0.011510 0.999182 0.003511 -0.040284 0.999129 0.014559 -0.039098 0.998381 0.039185 -0.041236 0.997399 0.058345 -0.042328 0.958687 -0.155395 0.238266 0.966858 -0.166494 0.193561 0.968964 -0.201716 0.142893 0.018562 -0.369958 -0.928863 0.035422 -0.369833 -0.928423 0.053354 -0.001126 -0.998575 0.053242 -0.002049 -0.998580 0.072449 0.366967 -0.927409 0.089062 0.364683 -0.926862 0.987952 0.075436 -0.135134 0.988967 0.104740 -0.104755 0.985958 -0.051437 0.158875 0.985157 -0.045631 0.165481 0.856903 -0.226116 0.463236 0.855373 -0.091345 0.509895 0.887993 -0.412277 0.203705 0.935499 -0.346719 0.068021 0.036310 -0.706803 -0.706477 0.050658 -0.369198 -0.927969 0.045272 -0.369481 -0.928135 
						0.048156 -0.706684 -0.705889 0.053480 -0.000335 -0.998569 0.053466 -0.000616 -0.998569 -0.212929 -0.977067 -0.001333 -0.089079 -0.925378 -0.368429 0.094610 -0.925517 -0.366698 0.100944 -0.994891 0.001162 -0.167567 0.982811 0.077488 -0.158067 0.979872 0.121923 -0.062790 0.908482 0.413181 -0.093294 0.908473 0.407398 -0.140835 -0.990033 -0.000398 -0.076646 -0.926466 -0.368493 0.034001 -0.706767 -0.706629 0.998730 0.028858 -0.041292 0.998888 0.023101 -0.041093 0.999047 -0.013456 -0.041530 0.998989 0.002820 -0.044868 0.970191 0.227915 -0.082362 0.969139 0.198518 -0.146155 0.998975 0.033965 -0.029923 0.998977 0.019302 -0.040884 -0.143095 -0.983535 0.110376 -0.064060 -0.907998 0.414049 -0.155223 -0.985268 0.071779 -0.092497 -0.908695 0.407085 0.072987 0.704893 -0.705548 0.061205 0.705276 -0.706286 0.062862 0.367966 -0.927712 0.057523 0.368428 -0.927875 0.055024 -0.368962 -0.927814 0.053397 -0.000151 -0.998573 0.062855 -0.368592 -0.927464 0.073668 0.705036 -0.705334 0.053045 0.368717 -0.928027 0.274187 0.961676 -0.000774 0.174891 0.914774 -0.364146 0.301676 0.953409 -0.001889 0.190897 0.911746 -0.363700 0.799820 0.581914 -0.147186 0.471198 0.879611 -0.065242 0.457128 0.790264 -0.408064 0.317458 0.924998 -0.208801 0.985991 0.152256 -0.068120 0.857129 0.466096 -0.219282 0.990446 -0.134508 0.030395 0.990774 -0.135522 0.000002 0.986184 0.165653 0.000004 0.858966 0.512032 0.000005 0.970097 -0.230941 0.074686 0.970476 -0.241197 0.000001 0.968846 -0.203704 -0.140864 0.970097 -0.230942 -0.074685 0.990446 -0.134510 -0.030391 0.935499 -0.346721 -0.068022 0.887993 -0.412277 -0.203705 0.855197 -0.360929 -0.371979 0.985582 -0.106838 -0.131202 0.985957 -0.051437 -0.158878 0.856898 -0.226122 -0.463243 0.988967 0.104741 0.104754 0.987952 0.075433 0.135134 0.985157 -0.045632 -0.165480 0.855371 -0.091350 -0.509898 
						0.985990 0.152256 0.068129 0.857129 0.466091 0.219292 0.966857 0.166495 0.193562 0.958687 0.155399 0.238266 0.985990 -0.152257 -0.068123 0.857128 -0.466095 -0.219285 0.998855 0.047753 0.002820 0.998926 0.044018 -0.014446 0.023632 0.379106 -0.925052 0.020606 0.372566 -0.927777 0.966858 0.166493 -0.193563 0.958687 0.155397 -0.238267 0.367872 0.922616 -0.115974 0.234721 0.970133 0.061214 0.215428 0.966957 0.136329 0.130544 0.963132 0.235236 -0.131693 -0.465322 0.875290 -0.644628 -0.305641 0.700741 0.970352 0.237168 0.046566 0.958575 0.254189 0.128541 0.071687 -0.710410 -0.700127 0.399900 -0.627641 -0.667942 0.996132 -0.085810 -0.018927 0.993853 -0.109812 0.014033 -0.001930 0.999250 -0.038671 -0.051999 0.996714 -0.062104 0.020995 0.351862 0.935816 0.033750 0.349896 0.936180 0.037003 -0.368703 0.928810 0.075500 -0.367492 -0.926957 -0.001971 0.999998 0.000023 0.008818 0.929207 -0.369454 0.183286 0.904160 -0.385877 0.185985 0.982236 -0.024940 0.955700 -0.173839 -0.237524 0.965738 -0.178314 -0.188560 
					</float_array>
					<technique_common>
						<accessor count="996" offset="0" source="#meshId1-tangents-array" stride="3">
							<param name="X" type="float" />
							<param name="Y" type="float" />
							<param name="Z" type="float" />
						</accessor>
					</technique_common>
				</source>
				<source id="meshId1-bitangents" name="meshId1-bitangents">
					<float_array id="meshId1-bitangents-array" count="2988"> 
						0.089924 -0.995928 -0.006338 0.054920 -0.926451 -0.372388 0.111439 -0.917876 -0.380901 0.167175 -0.985672 -0.022417 0.019945 -0.705958 -0.707973 0.056785 -0.700483 -0.711406 0.100670 -0.682781 -0.723655 0.177871 -0.894671 -0.409787 0.246068 -0.966752 -0.069579 0.779994 -0.471878 -0.411024 0.785228 -0.486345 -0.383257 0.789229 -0.586221 -0.182930 0.782521 -0.588911 -0.202099 0.900893 -0.366966 -0.231792 0.904549 -0.416364 -0.091826 0.907346 -0.419584 0.025919 0.791753 -0.610702 0.013058 0.784375 -0.620284 0.002063 -0.787056 0.452771 0.418976 -0.789060 0.248060 0.562006 -0.919858 0.150931 0.362052 -0.919143 0.284098 0.272880 -0.783296 0.136487 0.606481 -0.917954 0.073465 0.389825 -0.999248 -0.023762 -0.030644 -0.999473 -0.021065 -0.024708 -0.999510 -0.025501 -0.018148 0.901366 -0.363189 0.235868 0.785364 -0.484707 0.385049 0.789079 -0.587568 0.179215 0.903813 -0.420106 0.081447 0.779996 -0.471654 0.411276 0.782553 -0.588406 0.203442 -0.721204 0.084552 0.687543 -0.382279 0.104766 0.918089 -0.200995 0.003544 0.979586 -0.415828 -0.029145 0.908976 -0.039577 -0.025045 0.998903 -0.009564 -0.017233 0.999806 -0.003179 -0.018373 0.999826 -0.074261 -0.007603 0.997210 -0.160181 0.012751 0.987005 0.151990 -0.988350 0.007958 0.401840 -0.911058 -0.092182 0.295769 -0.873766 -0.386075 0.124376 -0.927778 -0.351794 0.547241 -0.703265 -0.453812 0.425316 -0.647221 -0.632622 0.267359 -0.573887 -0.774062 0.187575 -0.672744 -0.715703 0.069392 -0.708848 -0.701940 0.999502 -0.026509 0.017144 0.999502 -0.031174 0.004864 0.900158 -0.410839 0.144664 0.899222 -0.323117 0.294950 0.999529 -0.030661 -0.001026 0.900996 -0.433827 -0.000004 0.783592 0.133732 -0.606711 0.745578 0.153019 -0.648613 0.752010 0.280961 -0.596274 0.789013 0.250018 -0.561204 0.850814 0.137418 -0.507181 0.856581 0.234035 -0.459887 0.854269 0.399469 -0.332638 
						0.749308 0.494710 -0.440226 0.787072 0.452057 -0.419717 0.900157 -0.410841 -0.144663 0.999514 -0.030460 -0.006643 0.999510 -0.025496 -0.018151 0.899223 -0.323118 -0.294945 0.789181 0.575896 -0.213394 0.919872 0.365301 -0.142795 0.919157 0.282414 -0.274579 0.790688 0.612217 -0.001351 0.920437 0.390884 -0.002243 0.812682 0.033531 0.581742 0.867182 -0.006691 0.497946 0.812062 0.045796 0.581771 0.765699 0.118179 0.632249 0.884080 -0.025372 0.466645 0.825885 -0.008808 0.563770 0.653819 0.047807 0.755139 0.644265 0.132679 0.753206 0.613384 0.282095 0.737688 0.860539 -0.341862 0.377627 0.982798 -0.104083 0.152559 0.982435 -0.163584 0.089783 0.852754 -0.478674 0.209002 0.997967 0.007826 0.063256 0.998748 -0.025135 0.043251 0.999217 -0.039544 0.000770 0.981965 -0.189061 -0.000297 0.845012 -0.534747 -0.000575 -0.814664 -0.265591 0.515542 -0.468709 -0.258772 0.844600 -0.453389 -0.148978 0.878774 -0.782860 -0.197149 0.590138 -0.163564 -0.282211 0.945306 -0.159774 -0.165622 0.973161 -0.153969 -0.050321 0.986793 -0.403748 -0.003992 0.914861 -0.704795 -0.111346 0.700618 0.998074 0.006281 -0.061717 0.982637 -0.100880 -0.155719 0.982520 -0.165068 -0.086068 0.998819 -0.026025 -0.041020 0.860319 -0.335655 -0.383649 0.852851 -0.480908 -0.203402 -0.180281 -0.042306 0.982705 -0.349054 -0.130404 0.927985 -0.067303 -0.031799 0.997226 0.003308 -0.019117 0.999812 0.016188 -0.029171 0.999443 0.013364 -0.008457 0.999875 -0.159074 -0.987229 0.008617 -0.109803 -0.993952 0.001550 -0.086724 -0.925297 0.369193 -0.125223 -0.919404 0.372847 -0.049851 -0.998755 -0.001973 -0.048911 -0.928923 0.367027 -0.039998 -0.707651 0.705429 -0.058166 -0.705323 0.706496 -0.081759 -0.701560 0.707905 0.821301 0.235230 0.519742 0.795302 0.161216 0.584383 0.461610 0.112385 0.879935 0.472968 0.223449 0.852274 0.724911 0.078289 0.684380 
						0.432172 -0.076447 0.898545 0.160153 0.012924 0.987008 0.158919 0.174076 0.971824 0.166252 0.221666 0.960846 -0.059496 0.998228 -0.000372 -0.063479 0.997983 -0.000731 -0.058606 0.927433 -0.369369 -0.054323 0.927781 -0.369148 -0.083314 0.996522 -0.001758 -0.073201 0.926216 -0.369818 -0.061724 0.704824 -0.706691 -0.053238 0.705664 -0.706543 -0.048739 0.706048 -0.706485 0.206959 -0.007756 0.978319 0.330322 0.144538 0.932736 0.073900 -0.005543 0.997250 -0.049323 -0.144921 0.988213 -0.045522 -0.069602 0.996536 0.000000 -0.038460 0.999260 0.000538 -0.010778 0.999942 -0.165101 0.249519 0.954192 -0.163174 0.130601 0.977915 -0.047464 0.031900 0.998363 -0.049538 0.111583 0.992520 -0.000969 -0.019406 0.999811 0.000000 -0.018425 0.999830 -0.011402 -0.370058 -0.928939 0.003787 -0.368800 -0.929501 -0.043404 -0.003059 -0.999053 -0.046625 -0.006252 -0.998893 -0.051300 -0.014506 -0.998578 0.020185 -0.363716 -0.931291 0.068230 -0.026589 0.997315 0.045522 -0.069601 0.996536 0.156600 -0.034585 0.987056 0.159945 -0.163905 0.973423 0.160836 -0.331782 0.929544 0.049323 -0.144921 0.988213 -0.030650 -0.368867 0.928977 -0.039631 -0.367131 0.929325 -0.025131 -0.370063 0.928667 -0.001283 -0.000051 0.999999 -0.000606 0.000008 1.000000 -0.002760 0.000149 0.999996 0.993279 0.110740 -0.033662 0.997351 0.068340 -0.024899 0.991787 0.127044 -0.014755 0.984167 0.176406 -0.017197 0.998536 0.054088 0.000011 0.993681 0.112237 -0.000898 0.973428 0.228991 -0.000589 0.970879 0.238654 0.020947 0.960126 0.275471 0.047677 0.997342 0.068409 0.025073 0.992003 0.125707 0.011326 0.993101 0.111955 0.034892 0.985127 0.171403 0.012039 0.961318 0.270231 -0.053318 0.971023 0.237875 -0.022998 0.038457 0.707651 0.705515 0.057486 0.705358 0.706517 0.029679 0.368890 0.928999 0.022604 0.369993 0.928760 0.075739 0.702131 0.708008 
						0.034182 0.367481 0.929403 0.013498 0.008542 0.999872 -0.003886 -0.000748 0.999992 -0.020780 -0.370881 0.928448 0.001981 -0.360087 0.932916 -0.027096 -0.710376 0.703300 -0.017916 -0.714443 0.699464 0.132035 0.678345 0.722783 0.062367 0.355054 0.932763 0.051163 0.363565 0.930163 0.104721 0.694697 0.711638 0.004286 -0.001008 0.999990 -0.000000 0.000000 1.000000 -0.051164 -0.363565 0.930163 -0.054782 -0.356893 0.932537 -0.127885 -0.679450 0.722491 -0.103619 -0.694869 0.711632 0.104560 0.577328 0.809790 0.038884 0.310363 0.949822 0.071443 0.333372 0.940085 0.156747 0.637339 0.754473 -0.009216 0.014517 0.999852 0.003973 -0.002080 0.999990 -0.821301 0.235230 0.519742 -0.795302 0.161217 0.584384 -0.461609 0.112385 0.879936 -0.472968 0.223448 0.852275 0.280689 0.851886 0.442158 0.195027 0.752710 0.628802 0.267534 0.833794 0.482921 0.370149 0.908521 0.193853 0.215912 0.887208 0.407730 0.298767 0.951735 0.070283 -0.002947 -0.999994 -0.001865 -0.034140 -0.939280 0.341448 -0.025012 -0.931524 0.362818 0.008344 -0.999964 0.001606 0.997433 0.059677 -0.039572 0.997508 0.069455 -0.012403 0.999191 -0.006752 -0.039656 0.988292 0.152551 -0.002736 0.983938 0.170370 0.053298 0.994623 0.102609 0.014044 0.998026 -0.048834 -0.039497 -0.056882 -0.282882 0.957467 -0.063399 -0.337559 0.939167 -0.115755 -0.561792 0.819140 -0.155030 -0.638227 0.754077 0.221232 0.768227 0.600735 0.408537 0.528853 0.743917 0.385536 0.572270 0.723788 0.199770 0.783796 0.588010 0.572896 0.302393 0.761807 0.544033 0.371371 0.752404 0.451570 0.521548 0.723928 0.320126 0.667431 0.672350 0.156393 0.816205 0.556193 0.930423 0.353677 0.096050 0.971248 0.236804 0.024519 0.881180 0.424914 0.207291 0.972073 0.207412 0.109796 0.169048 0.908611 0.381902 0.243346 0.969550 0.027486 0.115330 0.920720 0.372791 
						0.149210 0.988773 0.008082 0.169461 -0.107328 0.979675 0.172382 -0.292285 0.940667 0.759086 -0.120977 0.639650 0.766208 -0.000854 0.642592 0.168618 -0.420501 0.891486 0.709746 -0.164025 0.685096 0.810824 -0.039923 0.583927 0.872615 -0.055013 0.485301 0.877488 -0.087529 0.471543 0.156178 0.298595 0.941514 0.146546 0.501661 0.852561 0.157058 0.157985 0.974871 -0.529378 0.156079 0.833906 -0.535731 0.301429 0.788754 -0.525402 0.439596 0.728497 0.654537 -0.009623 0.755969 0.644207 -0.132133 0.753352 0.155899 -0.278637 0.947659 0.158087 -0.110176 0.981259 0.614684 -0.287387 0.734556 0.148196 -0.542785 0.826694 -0.530794 -0.485251 0.694830 -0.534984 -0.260557 0.803680 -0.531780 -0.124434 0.837691 0.219764 -0.767976 0.601595 0.038749 -0.936055 0.349714 0.004849 -0.930608 0.365985 0.195346 -0.782570 0.591121 -0.125595 -0.989864 0.066293 -0.171805 -0.978125 0.117278 -0.198450 -0.952934 0.229203 -0.024894 -0.918043 0.395699 0.152882 -0.814228 0.560053 0.935612 0.337415 -0.103837 0.852937 0.413936 -0.318050 0.873626 0.435220 -0.217625 0.894764 0.393819 -0.210487 0.819677 0.379275 -0.429279 0.498642 0.366553 -0.785490 0.523211 0.503745 -0.687380 0.531505 0.689167 -0.492494 -0.280689 -0.851886 0.442158 -0.370150 -0.908521 0.193854 -0.267536 -0.833794 0.482921 -0.195028 -0.752710 0.628802 -0.289659 -0.954701 0.068140 -0.211236 -0.888621 0.407102 0.987148 0.159706 0.005647 0.974770 0.221017 -0.031226 0.984119 0.169317 -0.053307 0.957591 0.267058 -0.108160 0.085079 0.811310 0.578393 0.042990 0.876585 0.479324 0.123839 0.768675 0.627537 -0.442040 0.696328 0.565444 -0.310634 0.755236 0.577171 -0.168222 0.858476 0.484479 0.548790 0.393601 0.737501 0.139688 0.648224 0.748527 -0.486372 0.558195 0.672206 0.708682 0.129234 0.693591 0.672147 0.215249 0.708439 -0.132766 0.990575 0.033681 
						-0.120451 0.992445 0.023326 -0.038732 0.926251 0.374912 -0.071131 0.919936 0.385562 0.151993 0.988350 -0.007959 0.124378 0.927778 0.351793 0.069392 0.708848 0.701940 0.002168 0.707411 0.706799 -0.027335 0.701864 0.711787 -0.012948 -0.893937 0.448005 0.043527 -0.878319 0.476089 -0.068364 -0.902920 0.424337 0.245429 -0.888985 0.386614 0.056667 -0.891595 0.449274 -0.176118 -0.863730 0.472179 0.060283 -0.900244 0.431192 0.004967 -0.941993 0.335596 0.034757 -0.939198 0.341613 0.221220 -0.809102 0.544441 -0.052030 -0.952268 0.300796 -0.155988 -0.979057 0.130822 -0.112466 -0.991816 0.060437 0.053767 -0.938300 0.341617 0.239008 -0.772375 0.588482 -0.199424 0.952460 0.230328 -0.024182 0.918386 0.394945 -0.013268 0.893024 0.449814 -0.067666 0.904995 0.420007 0.057814 0.890715 0.450870 0.246616 0.887840 0.388484 -0.135909 0.988121 0.071737 0.034896 0.935469 0.351682 0.011871 0.932308 0.361471 -0.162514 0.980450 0.110937 0.547677 -0.391420 0.739486 0.136973 -0.620132 0.772447 0.450269 -0.520046 0.725816 0.126134 -0.782921 0.609200 -0.452181 -0.712302 0.536804 -0.471592 -0.516214 0.714930 0.316650 -0.664777 0.676613 0.084115 -0.807145 0.584330 -0.302344 -0.747064 0.592017 0.573184 -0.302545 0.761529 0.407262 -0.528502 0.744864 0.381865 -0.570792 0.726895 0.542500 -0.370324 0.754025 0.883419 0.454415 0.114361 0.871923 0.443000 0.208572 0.885865 0.463943 -0.000000 0.535946 0.844252 0.000000 0.535178 0.801313 0.267362 0.529229 0.706033 0.470567 0.996997 -0.071839 0.028915 0.997467 -0.068637 0.018694 0.990321 -0.138071 0.014180 0.985332 -0.169461 0.020074 0.996158 -0.070207 0.052356 0.989826 -0.132732 0.051251 0.961101 -0.271767 0.049262 0.960480 -0.273579 0.051307 0.951490 -0.293270 0.093054 0.883419 0.454416 -0.114361 0.535178 0.801313 -0.267363 0.012976 -0.003292 -0.999910 
						-0.001404 0.000272 -0.999999 -0.011958 0.370281 -0.928843 0.006567 0.368153 -0.929742 -0.012131 0.000635 -0.999926 -0.049564 0.364101 -0.930040 -0.087889 0.708732 -0.699982 -0.003537 0.707602 -0.706603 0.029471 0.701430 -0.712128 0.810457 0.039074 0.584493 0.873014 0.058408 0.484184 0.885476 -0.005758 0.464649 0.825202 0.006071 0.564806 0.875660 0.108593 0.470560 0.900163 -0.030916 0.434455 0.881918 0.025670 0.470703 0.900591 0.002429 0.434662 0.825160 -0.005981 0.564867 0.813282 -0.034906 0.580821 0.866880 0.008382 0.498446 0.884025 0.027726 0.466616 -0.045226 0.002286 -0.998974 -0.044687 0.000517 -0.999001 -0.049744 -0.368367 -0.928349 -0.054161 -0.366209 -0.928955 -0.044829 0.000041 -0.998995 -0.046909 -0.368929 -0.928273 -0.047372 -0.706282 -0.706344 -0.054763 -0.705592 -0.706499 -0.067217 -0.703067 -0.707940 0.234848 0.771713 0.591021 0.421856 0.535825 0.731388 0.420324 0.516026 0.746355 0.234211 0.763663 0.601635 0.580071 0.311717 0.752563 0.583459 0.281601 0.761758 0.708228 0.136356 0.692691 0.718435 0.101731 0.688115 0.134567 0.777947 0.613751 0.154044 0.654498 0.740204 0.642095 0.301757 0.704739 0.541784 0.454375 0.707116 0.172923 0.492574 0.852918 0.717863 0.188713 0.670119 0.053780 -0.937305 0.344337 0.234990 -0.763766 0.601200 -0.102372 -0.993518 0.049409 -0.119002 0.990833 0.063949 0.048759 0.937610 0.344254 0.056423 0.937611 0.343078 -0.097396 0.994135 0.047007 -0.053365 0.949724 0.308507 0.005537 0.943077 0.332527 0.031230 0.938286 0.344447 -0.155657 0.979147 0.130544 0.061362 0.902898 0.425453 0.221576 0.809215 0.544128 -0.135670 -0.990729 -0.007105 0.090959 -0.995699 0.017614 0.024125 -0.927751 0.372420 -0.123096 -0.927899 0.351925 0.140845 -0.989387 0.035731 0.083112 -0.917890 0.388034 0.037170 -0.699840 0.713332 -0.003537 -0.707602 0.706602 
						-0.087891 -0.708731 0.699983 0.709647 -0.130254 0.692413 0.672421 -0.215596 0.708074 0.766156 -0.119414 0.631462 0.710748 -0.139064 0.689564 0.719923 -0.103214 0.686337 0.583305 -0.313455 0.749333 0.585460 -0.282567 0.759864 0.426556 -0.537099 0.727719 0.421698 -0.516347 0.745357 0.130578 -0.754884 0.642728 0.114500 -0.879611 0.461707 0.421056 -0.637702 0.645018 0.536047 -0.449564 0.714524 0.171840 0.257408 0.950901 0.754978 0.085016 0.650216 0.169387 0.111297 0.979245 0.763523 0.083652 0.640340 0.524883 0.491055 0.695243 0.862088 0.378004 0.337515 0.498776 0.365920 0.785700 0.808093 0.409729 0.423212 0.012170 0.369426 0.929180 0.025941 0.375855 0.926315 0.032008 0.719999 0.693237 0.021983 0.709800 0.704060 0.025011 0.931524 0.362819 0.048911 0.928923 0.367027 0.034139 0.939280 0.341449 0.002948 0.999994 -0.001866 -0.008343 0.999964 0.001606 0.049851 0.998755 -0.001973 0.996952 0.064290 0.044194 0.995573 0.091567 0.021224 0.999168 -0.004548 0.040531 0.998497 -0.037977 0.039516 0.998780 0.047330 -0.014102 0.999900 0.014118 0.000736 0.999099 0.027940 0.031959 -0.164941 -0.909438 0.381729 -0.231305 -0.972530 0.026126 0.027322 -0.999626 -0.001051 0.010190 -0.929094 -0.369702 -0.011023 -0.999939 0.000233 -0.018312 -0.929272 -0.368943 -0.026144 -0.707261 -0.706469 -0.009701 -0.707341 -0.706806 0.934763 -0.354381 -0.025152 0.951274 -0.237302 -0.196888 0.697416 -0.487448 -0.525361 0.705916 -0.611458 -0.357494 0.943475 -0.196677 -0.266783 0.623502 -0.509232 -0.593236 -0.152846 -0.442549 -0.883622 -0.167913 -0.566403 -0.806841 -0.177533 -0.775569 -0.605784 0.260592 -0.774671 -0.576174 0.355560 -0.871280 -0.338301 0.169063 -0.571172 -0.803231 -0.069618 -0.380480 -0.922165 -0.094536 -0.585080 -0.805447 -0.120889 -0.704954 -0.698875 0.721691 -0.654924 0.224136 0.711296 -0.581558 0.394777 
						0.724107 -0.688957 0.031731 -0.170418 -0.985206 0.018102 -0.172784 -0.919365 0.353431 -0.177954 -0.762048 0.622587 0.791945 0.608036 0.055814 0.980603 0.192337 0.037728 0.993796 0.082786 0.074275 0.962703 0.218107 0.160098 0.740842 0.671497 0.015633 0.902205 0.393341 0.176942 0.997662 0.030814 0.060993 0.999214 -0.022410 0.032705 0.950630 -0.307509 0.041710 0.716680 -0.683250 -0.139779 -0.172283 -0.943024 -0.284646 0.991044 -0.107215 0.079609 0.981182 -0.174891 0.081817 0.988325 -0.145401 0.045522 0.969278 -0.240055 0.053607 -0.198997 0.651387 -0.732185 -0.273237 0.862399 -0.426156 -0.337094 0.702769 -0.626485 -0.261534 0.478977 -0.837962 -0.338965 0.935904 -0.095848 -0.421365 0.813463 -0.400911 0.134347 0.615405 -0.776677 0.109652 0.494010 -0.862514 0.090575 0.257319 -0.962072 0.958210 0.091765 0.270949 0.959825 -0.161018 0.229803 0.708457 -0.430224 0.559461 0.703795 -0.237209 0.669631 -0.170321 -0.508439 0.844086 -0.159815 -0.347628 0.923912 0.000001 0.000000 -1.000000 -0.101406 0.327017 -0.939562 0.000001 0.000000 -1.000000 -0.152677 0.295506 -0.943062 -0.267356 0.573889 -0.774062 -0.187573 0.672744 -0.715703 0.988451 -0.116213 0.097256 0.991103 -0.007182 0.132903 0.043691 -0.329420 -0.943172 -0.053638 -0.051035 -0.997255 0.012711 -0.073487 -0.997215 -0.019686 -0.255171 -0.966695 -0.121234 0.334141 -0.934694 -0.143483 0.233881 -0.961620 0.044254 0.114910 -0.992390 -0.074965 0.363350 -0.928632 -0.096184 0.355480 -0.929722 -0.106344 0.697703 -0.708450 -0.147909 0.684959 -0.713410 -0.011958 -0.370281 0.928843 -0.049565 -0.364101 0.930040 0.006568 -0.368152 0.929742 0.001376 0.000350 0.999999 -0.001404 -0.000272 0.999999 -0.012131 -0.000636 0.999926 0.009431 0.369829 0.929052 -0.003883 0.368793 0.929503 0.026636 0.363108 0.931366 0.267358 0.573889 0.774061 0.152678 0.295505 0.943062 
						0.101408 0.327016 0.939562 0.187574 0.672745 0.715702 -0.000000 -0.000001 1.000000 0.000000 -0.000001 1.000000 -0.135674 0.990728 0.007104 -0.123095 0.927899 -0.351924 -0.295768 0.873766 -0.386076 -0.401838 0.911059 -0.092181 -0.425316 0.647223 -0.632620 -0.547240 0.703266 -0.453812 -0.101407 -0.327016 0.939562 -0.152677 -0.295506 0.943062 -0.267355 -0.573889 0.774062 -0.187572 -0.672745 0.715703 0.547242 0.703264 0.453811 0.350987 0.341199 0.872004 0.254330 0.293607 0.921472 0.425317 0.647222 0.632621 0.000001 -0.000002 1.000000 0.000000 -0.000001 1.000000 -0.779994 -0.471879 -0.411023 -0.785228 -0.486343 -0.383258 -0.789228 -0.586222 -0.182926 -0.782521 -0.588912 -0.202097 -0.900894 -0.366959 -0.231801 -0.904549 -0.416366 -0.091821 -0.907347 -0.419584 0.025904 -0.791753 -0.610702 0.013053 -0.784375 -0.620284 0.002063 0.787109 0.450723 0.421080 0.789059 0.248067 0.562005 0.919857 0.150931 0.362053 0.919143 0.284102 0.272877 0.783297 0.136481 0.606480 0.917954 0.073458 0.389826 0.999248 -0.023762 -0.030643 0.999473 -0.021066 -0.024709 -0.901366 -0.363192 0.235864 -0.785362 -0.484708 0.385050 -0.789079 -0.587568 0.179216 -0.903814 -0.420102 0.081455 -0.779996 -0.471654 0.411277 -0.782553 -0.588406 0.203440 -0.999502 -0.026509 0.017143 -0.999502 -0.031173 0.004866 -0.900158 -0.410838 0.144666 -0.899222 -0.323117 0.294949 -0.999529 -0.030662 -0.001022 -0.900996 -0.433828 -0.000001 -0.900156 -0.410842 -0.144664 -0.999514 -0.030461 -0.006647 -0.899223 -0.323119 -0.294944 -0.787126 0.449863 -0.421966 -0.789181 0.575897 -0.213390 -0.919873 0.365300 -0.142791 -0.919158 0.282411 -0.274577 -0.790688 0.612219 0.000418 -0.920437 0.390884 -0.002242 0.026636 -0.363109 -0.931366 0.101408 -0.327016 -0.939562 0.152679 -0.295504 -0.943062 -0.782709 0.141782 -0.606024 -0.789036 0.249037 -0.561607 -0.919850 0.152032 -0.361611 
						-0.917076 0.085431 -0.389453 -0.999473 -0.021003 0.024738 -0.999387 -0.016923 0.030648 -0.789172 0.576190 0.212634 -0.919858 0.366726 0.139188 0.899838 -0.190317 -0.392519 0.894721 -0.117829 -0.430803 0.774274 -0.159929 -0.612310 0.781725 -0.279431 -0.557516 -0.772839 -0.170837 0.611175 -0.894720 -0.117833 0.430803 -0.899836 -0.190321 0.392520 -0.781790 -0.277841 0.558219 0.919848 0.152036 -0.361613 0.917076 0.085432 -0.389452 0.999473 -0.021001 0.024741 0.999387 -0.016920 0.030648 0.789156 0.576681 0.211359 0.919858 0.366727 0.139188 -0.899838 -0.190317 -0.392519 -0.894721 -0.117828 -0.430803 -0.774271 -0.159935 -0.612311 -0.781724 -0.279431 -0.557517 0.772838 -0.170833 0.611177 0.894721 -0.117828 0.430803 0.899836 -0.190322 0.392520 0.781790 -0.277840 0.558220 -0.778778 -0.180724 -0.600703 -0.787475 -0.300857 -0.537930 -0.894282 -0.171021 -0.413535 -0.901936 -0.249674 -0.352384 -0.547241 -0.703266 0.453811 -0.425315 -0.647222 0.632622 -0.254329 -0.293608 0.921472 -0.350987 -0.341204 0.872003 -0.254330 0.293609 -0.921472 -0.350987 0.341202 -0.872003 0.000001 0.000002 -1.000000 -0.000001 0.000002 -1.000000 0.009431 -0.369831 -0.929051 0.017739 -0.373855 -0.927318 -0.017642 -0.703787 -0.710192 0.002167 -0.707412 -0.706798 -0.029506 0.703899 0.709687 -0.006286 0.368390 0.929650 -0.022306 0.372316 0.927838 -0.024313 0.709825 0.703958 0.007878 0.001077 0.999968 -0.007873 0.001321 0.999968 0.014468 -0.008627 0.999858 0.000663 0.368628 0.929577 0.006913 0.704119 0.710048 0.254330 -0.293607 -0.921472 0.350987 -0.341201 -0.872003 0.024125 0.927751 -0.372420 0.069597 0.920187 -0.385243 0.090960 0.995699 -0.017615 0.130131 0.990947 -0.033014 0.004203 0.001045 0.999991 0.015465 -0.365892 0.930529 0.021214 -0.366404 0.930214 0.040337 -0.699321 0.713669 0.036826 -0.703004 0.710232 0.843794 -0.053678 0.533976 
						0.981929 0.008544 0.189054 0.982477 -0.047964 0.180107 0.852416 -0.155129 0.499322 0.981088 -0.042257 -0.188892 0.981885 -0.029970 -0.187093 0.843251 -0.064538 -0.533632 0.852373 -0.153829 -0.499797 -0.038731 -0.926251 -0.374913 -0.071130 -0.919936 -0.385562 -0.132767 -0.990575 -0.033682 -0.120450 -0.992445 -0.023326 0.849648 0.146879 0.506483 0.743902 0.166757 0.647149 0.752052 0.279776 0.596778 0.856567 0.234366 0.459745 0.749492 0.489972 0.445185 0.854524 0.394812 0.337510 0.042332 0.702307 -0.710615 0.070407 0.923425 -0.377265 -0.007955 0.928940 -0.370145 0.010267 0.708309 -0.705828 0.086110 0.996216 -0.011779 -0.069352 0.997524 -0.011648 -0.062953 0.997311 -0.037524 -0.014254 0.926147 -0.376892 0.017542 0.714476 -0.699440 0.997327 0.050415 0.052894 0.998468 0.039035 0.039207 0.999396 -0.001297 0.034723 0.998495 0.011546 0.053612 0.998157 0.013116 0.059248 0.998691 -0.026925 0.043480 0.994139 -0.075793 0.077087 0.998974 -0.015878 0.042415 0.998570 0.000907 0.053446 0.752352 0.621997 -0.216992 0.856899 0.492230 -0.153081 0.858966 0.512032 0.000006 0.754467 0.656339 0.000003 -0.754431 0.656311 0.009477 -0.752318 0.622497 0.215672 -0.858839 0.511958 0.017171 -0.856669 0.494422 0.147190 -0.854260 0.399599 0.332506 -0.749310 0.494623 0.440321 0.856899 0.492231 0.153078 0.752352 0.621999 0.216989 -0.752048 0.279778 0.596782 -0.856562 0.234377 0.459748 -0.849647 0.146870 0.506486 -0.743899 0.166756 0.647153 0.892049 -0.184633 0.412503 0.775877 -0.199633 0.598466 0.787576 -0.299394 0.538598 0.901858 -0.250481 0.352011 -0.051051 0.023608 -0.998417 -0.049826 0.009043 -0.998717 -0.067406 -0.356846 -0.931728 -0.091030 -0.327783 -0.940357 -0.099564 -0.690501 -0.716447 -0.132802 -0.655320 -0.743585 -0.007571 0.372273 -0.928092 -0.030285 0.374113 -0.926888 0.033730 0.695407 -0.717824 
						0.002394 0.706793 -0.707416 -0.020795 0.707707 -0.706199 -0.035273 0.370747 -0.928064 -0.849648 0.146878 -0.506482 -0.856567 0.234371 -0.459742 -0.752050 0.279776 -0.596780 -0.743902 0.166758 -0.647148 -0.854523 0.394812 -0.337512 -0.749489 0.489972 -0.445190 0.906834 0.419347 0.042425 0.982811 0.178385 0.047560 0.980900 0.194461 0.004437 0.904956 0.414010 -0.098239 0.995106 0.078355 0.060197 0.995800 0.089834 0.017641 0.977212 0.206797 -0.047868 0.899081 0.379789 -0.217748 0.810649 -0.036571 0.584390 0.825916 -0.001528 0.563791 0.729864 0.683419 -0.015401 0.996059 0.079984 -0.038323 0.999250 -0.016437 -0.035065 0.933171 0.326195 -0.150960 0.910055 0.409496 -0.064138 0.975935 0.166637 -0.140651 0.993749 -0.101435 0.046621 0.998702 -0.047800 0.017589 -0.038876 -0.706747 -0.706398 -0.041877 -0.369297 -0.928367 -0.039593 -0.369509 -0.928383 -0.034367 -0.706973 -0.706405 -0.044804 -0.000280 -0.998996 -0.044811 -0.000516 -0.998995 -0.044891 -0.000947 -0.998991 -0.036013 -0.369837 -0.928399 -0.061303 -0.927274 -0.369329 -0.078472 -0.924959 -0.371877 -0.047027 -0.928236 -0.369007 -0.046315 -0.998927 -0.000042 -0.067239 -0.997737 -0.000777 -0.087787 -0.996129 -0.004438 0.977459 -0.191714 0.088430 0.848822 -0.491004 0.196001 0.933692 -0.312298 0.175182 0.631296 -0.774885 0.031912 0.936812 -0.349664 0.010833 0.592468 -0.805594 0.000538 0.017881 0.999840 -0.000904 -0.003748 0.929370 -0.369131 0.040216 0.925883 -0.375664 0.088138 0.995980 -0.015997 0.080803 0.911853 -0.402485 0.136982 0.988546 -0.063344 -0.132400 -0.911991 -0.388256 -0.175604 -0.881676 -0.437961 -0.164680 -0.985894 -0.029888 -0.222009 -0.969625 -0.102661 0.997955 0.052711 0.036168 0.995865 -0.079460 -0.044042 0.949056 -0.271562 -0.159834 0.999999 0.001439 0.000137 0.865849 -0.464631 -0.185535 0.534185 -0.845367 -0.000485 0.977703 -0.209686 -0.011305 
						0.670212 -0.741396 -0.033880 -0.040239 0.706560 -0.706508 -0.032035 0.707009 -0.706478 -0.023830 0.929124 -0.368999 -0.044822 0.928361 -0.368966 -0.016999 0.999856 0.000197 -0.048747 0.998811 0.000044 0.983729 0.062124 0.168578 0.969129 -0.172763 0.175901 0.983329 0.138848 0.117414 0.904684 0.320364 0.280915 0.905301 0.206433 0.371236 0.904703 0.080568 0.418354 0.979063 0.156493 -0.130176 0.897105 0.288661 -0.334481 0.981419 -0.071314 -0.178133 0.892750 0.180464 -0.412832 -0.037039 -0.999314 0.000232 -0.044054 -0.999029 0.000124 -0.043188 -0.928458 -0.368919 -0.037919 -0.928700 -0.368889 -0.042341 -0.706558 -0.706387 -0.108021 0.994140 -0.004156 -0.094240 0.923800 -0.371096 -0.168768 0.985584 -0.011894 -0.139853 0.916458 -0.374893 -0.077656 0.702827 -0.707110 -0.074741 -0.997151 -0.010222 -0.058119 -0.924800 -0.375989 -0.010647 -0.930076 -0.367213 0.044997 -0.998959 -0.007559 -0.036826 -0.703005 -0.710231 -0.016989 -0.709054 -0.704950 -0.006695 -0.709956 -0.704214 0.033644 -0.921268 -0.387470 0.078462 -0.995819 -0.046775 -0.027988 -0.370216 -0.928524 -0.044945 -0.001729 -0.998988 -0.033337 -0.928907 -0.368809 -0.032765 -0.999463 0.000377 -0.038729 0.369503 -0.928422 -0.041711 0.369089 -0.928457 -0.052781 0.367810 -0.928402 -0.060840 0.366482 -0.928434 -0.150808 -0.987852 -0.037481 -0.080706 -0.918554 -0.386969 -0.040338 -0.699320 -0.713669 0.999080 -0.029056 0.031538 0.999147 -0.006613 0.040754 0.998353 -0.021067 0.053366 0.997841 -0.038391 0.053281 0.997146 -0.046426 0.059526 0.995276 -0.068700 0.068605 -0.074740 0.997151 0.010223 -0.058118 0.924799 0.375991 -0.010651 0.930074 0.367217 0.045001 0.998958 0.007560 0.033636 0.921268 0.387471 0.078461 0.995819 0.046773 0.401839 0.911058 0.092181 0.295768 0.873766 0.386075 0.999320 0.021191 0.030160 0.998696 0.012870 0.049398 0.998908 0.005974 0.046346 
						0.998772 0.025809 0.042298 0.998549 -0.006252 0.053481 0.998503 -0.011500 0.053469 0.977048 -0.212933 0.006117 0.996005 -0.085097 -0.027078 0.995447 0.083667 0.045660 0.994825 0.100950 0.011457 -0.892050 -0.184616 0.412508 -0.775878 -0.199625 0.598468 -0.787574 -0.299392 0.538602 -0.901856 -0.250475 0.352020 0.990029 -0.140836 0.002795 0.997054 -0.072271 -0.025681 0.999418 0.022020 0.026064 -0.049028 0.368401 -0.928373 -0.046718 0.368699 -0.928374 -0.043563 -0.369141 -0.928352 -0.044868 -0.000127 -0.998993 -0.007459 0.367787 0.929880 -0.035908 0.700238 0.713006 -0.045175 0.706294 -0.706476 -0.045122 0.368882 -0.928380 0.778778 -0.180718 -0.600704 0.787475 -0.300854 -0.537931 0.894281 -0.171016 -0.413540 0.901936 -0.249673 -0.352385 0.997313 -0.056086 0.047136 0.998057 -0.051520 0.035043 0.997955 -0.033960 0.054152 0.998324 -0.027088 0.051134 0.998481 0.017691 0.052180 0.998569 -0.002819 0.053397 0.998022 0.024064 0.058073 0.997279 -0.054109 0.050074 0.998588 -0.022228 0.048247 0.961672 -0.274188 -0.002715 0.984584 -0.163555 0.062004 0.953390 -0.301682 -0.005969 0.981590 -0.179682 0.064772 0.296358 -0.169602 0.939898 0.188023 -0.027903 0.981768 0.729408 -0.070578 0.680429 0.425817 0.057689 0.902969 -0.007047 -0.370004 -0.929004 -0.027287 -0.384023 -0.922920 -0.021213 -0.366403 -0.930215 0.000002 -0.000001 -1.000000 0.000004 -0.000000 -1.000000 0.000005 0.000001 -1.000000 -0.015464 -0.365892 -0.930529 0.000001 -0.000001 -1.000000 0.043093 0.698746 -0.714071 0.015467 0.365893 -0.930528 0.021217 0.366402 -0.930215 -0.295769 -0.873766 0.386075 -0.401840 -0.911058 0.092182 0.006684 -0.709946 0.704224 0.016983 -0.709051 0.704952 0.010652 -0.930075 0.367215 -0.033640 -0.921268 0.387471 0.058119 -0.924798 0.375993 0.074737 -0.997151 0.010223 -0.045002 -0.998958 0.007558 -0.078468 -0.995819 0.046773 
						0.007055 0.370005 -0.929003 0.027297 0.384028 -0.922918 0.080707 -0.918554 0.386969 0.150811 -0.987852 0.037482 0.007049 -0.370007 0.929002 0.027289 -0.384025 0.922919 -0.047753 0.998859 -0.000135 -0.046241 0.928237 -0.369104 0.906358 0.382326 0.179839 0.983523 0.159151 0.085754 -0.080705 0.918555 0.386968 -0.150809 0.987852 0.037480 0.769552 -0.232058 0.594927 0.449762 -0.164215 0.877922 0.817090 -0.254941 0.517077 0.467347 -0.269031 0.842145 0.111856 0.870365 0.479533 0.411853 0.633384 0.655135 -0.201386 0.899901 -0.386811 -0.251934 0.967155 -0.033783 0.157212 -0.685111 0.711271 0.652111 -0.317265 0.688545 0.086723 0.925297 0.369193 0.109801 0.993952 0.001550 0.049812 0.038720 0.998008 0.045789 0.064502 0.996866 -0.752351 0.622000 -0.216990 -0.856898 0.492233 -0.153079 0.999215 0.026828 -0.029159 0.997078 0.038661 0.065884 0.999932 0.001972 -0.011516 0.999894 -0.012472 -0.007502 0.973933 -0.220373 -0.053760 0.973522 -0.187650 -0.130546 0.168706 0.984774 -0.041930 0.093156 0.916333 -0.389431 
					</float_array>
					<technique_common>
						<accessor count="996" offset="0" source="#meshId1-bitangents-array" stride="3">
							<param name="X" type="float" />
							<param name="Y" type="float" />
							<param name="Z" type="float" />
						</accessor>
					</technique_common>
				</source>
				<source id="meshId1-tex0" name="meshId1-tex0">
					<float_array id="meshId1-tex0-array" count="1992"> 
						0.750126 0.450805 0.744402 0.442862 0.769085 0.444974 0.768532 0.454648 0.744507 0.434001 0.770245 0.435064 0.787437 0.436595 0.785670 0.447574 0.786939 0.458490 0.501767 0.484024 0.501434 0.487410 0.492319 0.486911 0.492424 0.483656 0.500950 0.490952 0.492183 0.490351 0.483416 0.489751 0.483416 0.486692 0.483416 0.483522 0.383626 0.485245 0.373599 0.485512 0.373192 0.482502 0.383480 0.482415 0.363079 0.485733 0.362410 0.482598 0.361742 0.479463 0.373041 0.479581 0.383448 0.479710 0.465882 0.490952 0.465399 0.487410 0.474514 0.486911 0.474649 0.490351 0.465065 0.484024 0.474409 0.483656 0.313323 0.813804 0.290576 0.755885 0.313844 0.747842 0.338063 0.789282 0.267829 0.697965 0.304402 0.697253 0.336452 0.696630 0.341860 0.743370 0.352312 0.775108 0.936324 0.095748 0.920586 0.088606 0.926317 0.077670 0.940272 0.081023 0.904847 0.081465 0.915777 0.071282 0.922139 0.065701 0.930229 0.067634 0.942493 0.069251 0.464733 0.478229 0.474310 0.478148 0.474342 0.480773 0.464837 0.481000 0.483416 0.478122 0.483416 0.480694 0.444364 0.472206 0.445552 0.468770 0.455472 0.469200 0.454884 0.472427 0.446740 0.465334 0.456146 0.465852 0.465552 0.466371 
						0.465146 0.469606 0.464910 0.472694 0.492491 0.480773 0.492522 0.478148 0.502100 0.478229 0.501995 0.481000 0.474338 0.472894 0.474310 0.475587 0.464765 0.475524 0.483416 0.472971 0.483416 0.475612 0.498304 0.614326 0.472798 0.607848 0.475848 0.585635 0.506475 0.592813 0.447002 0.605092 0.444453 0.582441 0.441904 0.559789 0.478021 0.564577 0.513814 0.572328 0.495048 0.358884 0.495657 0.326065 0.561212 0.328048 0.560642 0.360060 0.497203 0.287246 0.562105 0.289788 0.626237 0.290712 0.626237 0.328832 0.626237 0.361237 0.112386 0.860027 0.110306 0.833790 0.160205 0.812929 0.169379 0.834679 0.108227 0.807553 0.154553 0.785478 0.185907 0.772181 0.200696 0.785790 0.226372 0.809331 0.755271 0.287246 0.756817 0.326065 0.691262 0.328048 0.690369 0.289788 0.757426 0.358884 0.691831 0.360060 0.223285 0.743439 0.246848 0.750570 0.195116 0.740060 0.198701 0.693145 0.230751 0.692521 0.267324 0.691810 0.165455 0.013332 0.227209 0.006899 0.232728 0.073330 0.175662 0.079474 0.288963 0.000465 0.284301 0.069353 0.287246 0.135714 0.237854 0.138486 0.183027 0.142646 0.105958 0.529747 0.163894 0.552859 0.155574 0.574949 0.104901 0.556045 0.221831 0.575970 
						0.197090 0.600493 0.182842 0.614666 0.150994 0.602600 0.103844 0.582343 0.540644 0.398210 0.603745 0.394052 0.603645 0.401150 0.542698 0.404810 0.666846 0.389894 0.660499 0.397228 0.660530 0.404740 0.604010 0.408299 0.543241 0.411727 0.221310 0.641933 0.244577 0.633890 0.193294 0.646405 0.106036 0.751272 0.154836 0.743837 0.103844 0.694991 0.155319 0.693989 0.431309 0.807431 0.384160 0.787175 0.382257 0.745576 0.431309 0.751108 0.379835 0.695785 0.431309 0.694784 0.744803 0.424926 0.770981 0.424855 0.744613 0.415785 0.770910 0.414496 0.788618 0.413628 0.788592 0.425222 0.340037 0.649714 0.380318 0.645938 0.349247 0.617593 0.380601 0.604297 0.426927 0.582221 0.429118 0.638503 0.241128 0.202062 0.187135 0.204138 0.289788 0.200616 0.290712 0.264748 0.242211 0.264748 0.188355 0.264748 0.748338 0.183027 0.686846 0.187135 0.684199 0.134904 0.742898 0.129988 0.626237 0.188355 0.626237 0.136240 0.626237 0.091822 0.681436 0.090347 0.737104 0.084781 0.565627 0.187135 0.568274 0.134904 0.504135 0.183027 0.509576 0.129988 0.515370 0.084781 0.571038 0.090347 0.287246 0.393781 0.237855 0.391009 0.241128 0.327433 0.289789 0.328879 0.183027 0.386849 
						0.187135 0.325357 0.361237 0.264748 0.328832 0.264748 0.328048 0.199722 0.360060 0.199153 0.326065 0.134167 0.358884 0.133559 0.084781 0.375614 0.090347 0.319947 0.134904 0.322710 0.129988 0.381409 0.091823 0.264748 0.136240 0.264748 0.134904 0.206785 0.090347 0.209548 0.084781 0.153881 0.129988 0.148087 0.027483 0.365860 0.031090 0.315304 0.057157 0.317500 0.051346 0.370379 0.034696 0.264748 0.058915 0.264748 0.429195 0.860027 0.371259 0.836916 0.379580 0.814826 0.430252 0.833729 0.000252 0.464613 0.013868 0.415237 0.039952 0.423377 0.024926 0.476444 0.073259 0.432004 0.049600 0.488275 0.353108 0.000252 0.355996 0.066905 0.323351 0.067616 0.321035 0.000359 0.752498 0.237854 0.817654 0.232728 0.821631 0.284301 0.811511 0.175662 0.877652 0.165455 0.884086 0.227209 0.890519 0.288963 0.031090 0.214191 0.057157 0.211995 0.027483 0.163635 0.051346 0.159117 0.568381 0.691421 0.558282 0.666658 0.578851 0.655419 0.590574 0.685334 0.542449 0.644596 0.559915 0.628720 0.576376 0.613757 0.598384 0.644981 0.611664 0.679977 0.793493 0.073259 0.802860 0.120509 0.849764 0.049600 0.863708 0.107528 0.120509 0.441371 0.107528 0.502219 0.175663 0.450022 
						0.165455 0.516163 0.861321 0.666533 0.848109 0.668117 0.846842 0.658736 0.862320 0.657020 0.834897 0.669700 0.832109 0.662530 0.827455 0.650888 0.844869 0.646479 0.863318 0.647506 0.478917 0.546665 0.519820 0.553970 0.436859 0.544768 0.431814 0.529748 0.479321 0.529748 0.526829 0.529748 0.869181 0.559789 0.833064 0.564577 0.832168 0.546665 0.874226 0.544768 0.797271 0.572328 0.791265 0.553970 0.784256 0.529747 0.831764 0.529748 0.879271 0.529748 0.742704 0.691421 0.738682 0.717428 0.716279 0.716505 0.720511 0.685334 0.738393 0.743369 0.716087 0.748061 0.693781 0.752754 0.695111 0.716346 0.699421 0.679977 0.458980 0.073259 0.467607 0.039952 0.520606 0.051346 0.402709 0.049600 0.414540 0.024926 0.426372 0.000252 0.475748 0.013868 0.525124 0.027483 0.000252 0.064882 0.024926 0.053051 0.039952 0.106118 0.013868 0.114259 0.049600 0.041220 0.073259 0.097491 0.440963 0.175662 0.449613 0.120509 0.374821 0.165455 0.388765 0.107528 0.615299 0.636229 0.630511 0.675745 0.590653 0.600780 0.607968 0.585041 0.631629 0.628057 0.655290 0.671074 0.547389 0.588879 0.557710 0.572873 0.567398 0.557394 0.521994 0.626736 0.535139 0.607329 0.975225 0.187736 
						0.955775 0.189742 0.956456 0.177429 0.971911 0.176543 0.936324 0.191748 0.940272 0.177023 0.942493 0.165251 0.957144 0.165722 0.971512 0.165442 0.677195 0.717158 0.680574 0.675745 0.679308 0.759206 0.664836 0.765657 0.660315 0.718365 0.655795 0.671074 0.799931 0.708167 0.799612 0.721470 0.790154 0.721101 0.792528 0.706075 0.799293 0.734773 0.789918 0.736672 0.780542 0.738572 0.777764 0.720304 0.780497 0.702550 0.617304 0.752754 0.615974 0.716346 0.633890 0.717158 0.631777 0.759206 0.650770 0.718365 0.646249 0.765657 0.572692 0.743369 0.572403 0.717428 0.594806 0.716505 0.594998 0.748061 0.763696 0.588879 0.753375 0.572873 0.734709 0.613757 0.720432 0.600780 0.703117 0.585041 0.743687 0.557394 0.712701 0.644980 0.695786 0.636229 0.679456 0.628057 0.768636 0.644596 0.752803 0.666658 0.732234 0.655419 0.751170 0.628720 0.678989 0.057157 0.731868 0.051346 0.626237 0.058915 0.626237 0.034696 0.676793 0.031089 0.727350 0.027483 0.031080 0.912513 0.040155 0.912809 0.040226 0.938987 0.030017 0.938251 0.049296 0.912618 0.050585 0.938915 0.051453 0.956623 0.039859 0.956598 0.028486 0.955443 0.573484 0.057157 0.575680 0.031089 0.971612 0.048000 
						0.957701 0.048000 0.957570 0.037320 0.971555 0.037368 0.943615 0.048000 0.943438 0.037581 0.942493 0.026749 0.957144 0.026278 0.971512 0.026558 0.483630 0.650889 0.466216 0.646479 0.469285 0.628819 0.490331 0.634372 0.447767 0.647506 0.447384 0.626299 0.841800 0.628819 0.863701 0.626299 0.820754 0.634372 0.812781 0.614326 0.838287 0.607848 0.864083 0.605092 0.380220 0.433644 0.401964 0.432578 0.402377 0.439574 0.380680 0.440846 0.436811 0.430870 0.437175 0.437726 0.437588 0.444578 0.402911 0.446541 0.381335 0.447998 0.530588 0.702550 0.523534 0.686077 0.539184 0.677289 0.547667 0.697450 0.512848 0.671502 0.526177 0.659387 0.499357 0.659478 0.509594 0.644735 0.497654 0.685314 0.486921 0.677507 0.492168 0.669874 0.503554 0.679951 0.476188 0.669700 0.478976 0.662530 0.759892 0.718929 0.763418 0.697450 0.759468 0.740970 0.530543 0.738572 0.533321 0.720304 0.551193 0.718929 0.551617 0.740970 0.511792 0.734773 0.511473 0.721470 0.520931 0.721102 0.521168 0.736673 0.511154 0.708168 0.518557 0.706075 0.936324 0.096252 0.955775 0.098258 0.956456 0.110572 0.940272 0.110977 0.975225 0.100264 0.971911 0.111457 0.971512 0.122558 0.957144 0.122278 
						0.942493 0.122749 0.789091 0.626735 0.775946 0.607329 0.804610 0.592813 0.811728 0.659478 0.801491 0.644735 0.798237 0.671502 0.784908 0.659387 0.787551 0.686077 0.771901 0.677289 0.813431 0.685313 0.806681 0.696741 0.798584 0.692244 0.807532 0.679951 0.462976 0.668117 0.464243 0.658736 0.449764 0.666533 0.448765 0.657020 0.776726 0.013868 0.784867 0.039952 0.826102 0.000252 0.837933 0.024926 0.328048 0.329773 0.360060 0.330342 0.358884 0.395936 0.326066 0.395328 0.323351 0.461879 0.284302 0.460142 0.355996 0.462590 0.353108 0.529243 0.321036 0.529136 0.288963 0.529030 0.499976 0.237854 0.434819 0.232728 0.430842 0.284301 0.361954 0.288963 0.368388 0.227209 0.626237 0.242211 0.563551 0.241128 0.120509 0.088124 0.107528 0.027276 0.709938 0.449980 0.708734 0.442066 0.669751 0.449156 0.662717 0.442478 0.662013 0.434999 0.708647 0.433961 0.074194 0.953203 0.084948 0.950370 0.088313 0.959970 0.076725 0.963822 0.095936 0.950565 0.099638 0.955832 0.103339 0.961099 0.091265 0.966600 0.079190 0.972101 0.795553 0.449984 0.792542 0.461660 0.798253 0.438075 0.806733 0.439719 0.802440 0.452274 0.798146 0.464829 0.039389 0.967607 0.027006 0.966259 
						0.051994 0.967675 0.052397 0.975880 0.038880 0.975310 0.025363 0.974739 0.014276 0.918132 0.015100 0.877944 0.023015 0.876739 0.022219 0.912408 0.015924 0.837756 0.022603 0.830722 0.030081 0.830018 0.031120 0.876653 0.062988 0.955464 0.064533 0.966375 0.065793 0.973991 0.058412 0.911914 0.060901 0.937973 0.067414 0.910732 0.070989 0.936243 0.785197 0.390887 0.782365 0.380133 0.791965 0.376768 0.795817 0.388356 0.782560 0.369145 0.787827 0.365443 0.793094 0.361742 0.798595 0.373817 0.804096 0.385892 0.006591 0.954945 0.017507 0.953676 0.015097 0.963559 0.003422 0.960548 0.012807 0.970446 0.000252 0.966152 0.931487 0.048000 0.931420 0.038141 0.920205 0.048000 0.920837 0.037886 0.922139 0.030299 0.930230 0.028366 0.020107 0.937091 0.010433 0.936538 0.799601 0.425692 0.799669 0.413087 0.807875 0.412685 0.807304 0.426202 0.787459 0.402093 0.798369 0.400548 0.805985 0.399288 0.743908 0.406669 0.769968 0.404180 0.742726 0.397667 0.768237 0.394092 0.957570 0.133320 0.943438 0.133581 0.971555 0.133369 0.971612 0.144000 0.957701 0.144000 0.943615 0.144000 0.957570 0.154680 0.971555 0.154632 0.943438 0.154419 0.922139 0.161701 0.920837 0.154114 
						0.931420 0.153859 0.930229 0.163634 0.920205 0.144000 0.931487 0.144000 0.936324 0.000252 0.940272 0.014977 0.926317 0.018330 0.920586 0.007394 0.915777 0.024718 0.904847 0.014535 0.931420 0.134141 0.920837 0.133886 0.922139 0.126299 0.930230 0.124366 0.904847 0.177465 0.898042 0.160732 0.909994 0.156666 0.915777 0.167282 0.891237 0.144000 0.907880 0.144000 0.383781 0.473915 0.384114 0.470529 0.393229 0.471028 0.393124 0.474283 0.384598 0.466987 0.393365 0.467588 0.402132 0.468188 0.402132 0.471247 0.402132 0.474417 0.501922 0.472694 0.511948 0.472427 0.512355 0.475437 0.502067 0.475524 0.522469 0.472206 0.523138 0.475341 0.523806 0.478476 0.512506 0.478358 0.419666 0.466987 0.420149 0.470529 0.411034 0.471028 0.410899 0.467588 0.420482 0.473915 0.411139 0.474283 0.420815 0.479710 0.411238 0.479791 0.411206 0.477166 0.420711 0.476939 0.402132 0.479817 0.402132 0.477245 0.393057 0.477166 0.393026 0.479791 0.383553 0.476939 0.420638 0.485245 0.411210 0.485045 0.411238 0.482352 0.420783 0.482415 0.402132 0.484968 0.402132 0.482327 0.943438 0.058419 0.931420 0.057859 0.920837 0.058114 0.441184 0.485733 0.430664 0.485512 0.431071 0.482502 
						0.441853 0.482598 0.431222 0.479581 0.442521 0.479463 0.393054 0.485045 0.393025 0.482352 0.512232 0.481352 0.522957 0.481754 0.522109 0.485032 0.511687 0.484553 0.440824 0.472907 0.441673 0.476185 0.430947 0.476587 0.430402 0.473386 0.454477 0.475437 0.443695 0.475341 0.454326 0.478358 0.443026 0.478476 0.492494 0.472894 0.492523 0.475587 0.373316 0.476587 0.362590 0.476185 0.363439 0.472907 0.373861 0.473386 0.444724 0.485032 0.443875 0.481754 0.454601 0.481352 0.455146 0.484553 0.364889 0.469120 0.374616 0.469857 0.366338 0.465334 0.375468 0.466160 0.904848 0.110535 0.915777 0.120718 0.909994 0.131334 0.898042 0.127268 0.909994 0.035334 0.898042 0.031268 0.907880 0.048000 0.891237 0.048000 0.957570 0.058680 0.971555 0.058632 0.971512 0.069442 0.957144 0.069722 0.991199 0.164595 0.990987 0.154315 0.995988 0.154234 0.996251 0.164434 0.990896 0.144000 0.995828 0.144000 0.998819 0.144000 0.999283 0.154203 0.999748 0.164407 0.909994 0.060666 0.898042 0.064732 0.956456 0.014572 0.971910 0.015457 0.955775 0.002258 0.975225 0.004264 0.982875 0.144000 0.982897 0.133529 0.990987 0.133685 0.983043 0.123023 0.991199 0.123405 0.361742 0.353108 
						0.361848 0.321036 0.429105 0.323351 0.428395 0.355996 0.890626 0.321035 0.823368 0.323351 0.890732 0.353108 0.824079 0.355996 0.956456 0.081428 0.971911 0.080543 0.975225 0.091736 0.955775 0.093742 0.520092 0.465334 0.521281 0.468770 0.511360 0.469200 0.510687 0.465852 0.501687 0.469606 0.501281 0.466371 0.991199 0.027405 0.991634 0.017238 0.996438 0.017435 0.996251 0.027566 0.993883 0.007644 0.996740 0.007393 0.999597 0.007141 0.999672 0.017367 0.999748 0.027593 0.031437 0.548225 0.038650 0.547979 0.039506 0.569697 0.032503 0.569970 0.045832 0.547932 0.046492 0.569547 0.047929 0.604250 0.041069 0.604509 0.034211 0.604817 0.474397 0.469936 0.474484 0.466841 0.483416 0.467310 0.483416 0.470092 0.402132 0.487848 0.393113 0.488003 0.402132 0.490629 0.393199 0.491098 0.384267 0.491568 0.383861 0.488334 0.492349 0.466841 0.492435 0.469936 0.374188 0.488739 0.374861 0.492087 0.365456 0.492606 0.364267 0.489169 0.447623 0.492606 0.446173 0.488819 0.455901 0.488082 0.456752 0.491779 0.362150 0.434529 0.368587 0.434214 0.369066 0.441630 0.362694 0.442154 0.369777 0.449000 0.363238 0.449779 0.361946 0.426887 0.368339 0.426786 0.361742 0.419246 
						0.368326 0.419382 0.379926 0.419249 0.379973 0.426431 0.438808 0.492606 0.429402 0.492087 0.430076 0.488739 0.439996 0.489169 0.419996 0.491568 0.420402 0.488334 0.030552 0.530156 0.030867 0.536592 0.023451 0.537072 0.022927 0.530700 0.024235 0.548685 0.017083 0.549340 0.016081 0.537782 0.015302 0.531243 0.835237 0.585635 0.866632 0.582441 0.075187 0.834852 0.079937 0.874766 0.071942 0.874341 0.067852 0.828505 0.084687 0.914680 0.076222 0.909761 0.063867 0.875048 0.060341 0.828535 0.544603 0.439515 0.544294 0.432565 0.605148 0.429809 0.605416 0.436984 0.543964 0.425619 0.604824 0.422636 0.661523 0.419857 0.661831 0.427430 0.403169 0.453475 0.381573 0.455093 0.437154 0.451447 0.427895 0.458520 0.402010 0.460421 0.376125 0.462322 0.053417 0.569125 0.054722 0.603146 0.052916 0.547475 0.059578 0.541347 0.060217 0.567293 0.060856 0.593240 0.373341 0.405503 0.379469 0.412165 0.368452 0.412036 0.368131 0.404756 0.362332 0.411627 0.362921 0.404008 0.370621 0.456299 0.364570 0.457304 0.371014 0.463575 0.365902 0.464829 0.018540 0.570917 0.011606 0.571174 0.009988 0.549578 0.020502 0.605594 0.013634 0.605160 0.006561 0.595901 0.004660 0.570016 
						0.002759 0.544131 0.436244 0.417152 0.401542 0.418589 0.401120 0.411664 0.435141 0.410359 0.399288 0.404864 0.425234 0.404224 0.053046 0.536457 0.060326 0.536137 0.045699 0.536331 0.045835 0.529747 0.053454 0.530337 0.061073 0.530927 0.008782 0.538626 0.007777 0.532575 0.001506 0.539019 0.000252 0.533907 0.543340 0.453220 0.485618 0.455870 0.486563 0.449008 0.544739 0.446452 0.486473 0.442154 0.706761 0.385144 0.706336 0.393139 0.746675 0.380394 0.741755 0.388858 0.707042 0.401213 0.993883 0.088356 0.991634 0.078762 0.996438 0.078565 0.996740 0.088607 0.991199 0.068595 0.996251 0.068434 0.999747 0.068407 0.999672 0.078633 0.999597 0.088859 0.708639 0.425771 0.708370 0.417561 0.605752 0.444134 0.606546 0.451188 0.401691 0.425575 0.436503 0.424011 0.661089 0.412290 0.707835 0.409364 0.984554 0.090046 0.983507 0.079525 0.983043 0.068977 0.039310 0.876645 0.037650 0.829837 0.045223 0.829529 0.047520 0.876376 0.052790 0.829095 0.055716 0.875840 0.993883 0.184356 0.991634 0.174763 0.996438 0.174565 0.996740 0.184607 0.999672 0.174633 0.999597 0.184859 0.920586 0.184606 0.926317 0.173670 0.025566 0.712609 0.032516 0.712300 0.035271 0.773153 
						0.028097 0.773421 0.039462 0.711970 0.042445 0.772829 0.011860 0.711346 0.018629 0.712745 0.020946 0.773757 0.013892 0.774551 0.437925 0.465334 0.439375 0.469120 0.429647 0.469857 0.428795 0.466160 0.009210 0.653623 0.016073 0.654568 0.022926 0.654479 0.604445 0.415466 0.543614 0.418674 0.486128 0.435310 0.485790 0.428470 0.982897 0.154471 0.983043 0.164977 0.485132 0.414784 0.485458 0.421630 0.520659 0.488819 0.510932 0.488082 0.519210 0.492606 0.510080 0.491779 0.053354 0.711247 0.056781 0.772015 0.049615 0.772450 0.046407 0.711619 0.029771 0.654134 0.036611 0.653795 0.027355 0.605181 0.050297 0.653137 0.043451 0.653464 0.063863 0.650945 0.057126 0.652556 0.066870 0.708650 0.060271 0.710704 0.288305 0.639204 0.311868 0.646336 0.308782 0.580444 0.334458 0.603985 0.995988 0.058234 0.999283 0.058203 0.990987 0.058315 0.990896 0.048000 0.995828 0.048000 0.998819 0.048000 0.982897 0.058471 0.982875 0.048000 0.983043 0.027023 0.982897 0.037529 0.990987 0.037685 0.926317 0.114330 0.920586 0.103394 0.999748 0.123593 0.996251 0.123566 0.996438 0.113435 0.999672 0.113367 0.991634 0.113238 0.993883 0.103644 0.996740 0.103393 0.999597 0.103141 
						0.995988 0.037766 0.999283 0.037797 0.983508 0.112475 0.984554 0.101954 0.995988 0.133766 0.999283 0.133797 0.482939 0.401218 0.484551 0.407955 0.038194 0.529952 0.038295 0.536345 0.983507 0.175525 0.984554 0.186046 0.365775 0.555096 0.374949 0.576845 0.422768 0.529748 0.424847 0.555984 0.504404 0.696741 0.512501 0.692244 0.766114 0.384343 0.764618 0.374770 0.824164 0.677507 0.818917 0.669874 0.232729 0.456165 0.227209 0.522597 0.103844 0.638667 0.152897 0.644198 0.411151 0.488003 0.411064 0.491098 0.688922 0.241128 0.025507 0.570383 0.071028 0.771751 0.063930 0.771651 0.080738 0.934119 0.090311 0.932623 0.984554 0.005954 0.983507 0.016475 
					</float_array>
					<technique_common>
						<accessor count="996" offset="0" source="#meshId1-tex0-array" stride="2">
							<param name="S" type="float" />
							<param name="T" type="float" />
						</accessor>
					</technique_common>
				</source>
				<vertices id="meshId1-vertices">
					<input semantic="POSITION" source="#meshId1-positions" />
				</vertices>
				<polylist count="1600" material="defaultMaterial">
					<input offset="0" semantic="VERTEX" source="#meshId1-vertices" />
					<input offset="0" semantic="NORMAL" source="#meshId1-normals" />
					<input offset="0" semantic="TANGENT" source="#meshId1-tangents" />
					<input offset="0" semantic="BINORMAL" source="#meshId1-bitangents" />
					<input offset="0" semantic="TEXCOORD" source="#meshId1-tex0" set="0" />
					<vcount>
						3 3 3 3 3 3 3 3 3 3 3 3 3 3 3 3 3 3 3 3 3 3 3 3 3 3 3 3 3 3 3 3 3 3 3 3 3 3 3 3 3 3 3 3 3 3 3 3 3 3 3 3 3 3 3 3 3 3 3 3 3 3 3 3 
						3 3 3 3 3 3 3 3 3 3 3 3 3 3 3 3 3 3 3 3 3 3 3 3 3 3 3 3 3 3 3 3 3 3 3 3 3 3 3 3 3 3 3 3 3 3 3 3 3 3 3 3 3 3 3 3 3 3 3 3 3 3 3 3 
						3 3 3 3 3 3 3 3 3 3 3 3 3 3 3 3 3 3 3 3 3 3 3 3 3 3 3 3 3 3 3 3 3 3 3 3 3 3 3 3 3 3 3 3 3 3 3 3 3 3 3 3 3 3 3 3 3 3 3 3 3 3 3 3 
						3 3 3 3 3 3 3 3 3 3 3 3 3 3 3 3 3 3 3 3 3 3 3 3 3 3 3 3 3 3 3 3 3 3 3 3 3 3 3 3 3 3 3 3 3 3 3 3 3 3 3 3 3 3 3 3 3 3 3 3 3 3 3 3 
						3 3 3 3 3 3 3 3 3 3 3 3 3 3 3 3 3 3 3 3 3 3 3 3 3 3 3 3 3 3 3 3 3 3 3 3 3 3 3 3 3 3 3 3 3 3 3 3 3 3 3 3 3 3 3 3 3 3 3 3 3 3 3 3 
						3 3 3 3 3 3 3 3 3 3 3 3 3 3 3 3 3 3 3 3 3 3 3 3 3 3 3 3 3 3 3 3 3 3 3 3 3 3 3 3 3 3 3 3 3 3 3 3 3 3 3 3 3 3 3 3 3 3 3 3 3 3 3 3 
						3 3 3 3 3 3 3 3 3 3 3 3 3 3 3 3 3 3 3 3 3 3 3 3 3 3 3 3 3 3 3 3 3 3 3 3 3 3 3 3 3 3 3 3 3 3 3 3 3 3 3 3 3 3 3 3 3 3 3 3 3 3 3 3 
						3 3 3 3 3 3 3 3 3 3 3 3 3 3 3 3 3 3 3 3 3 3 3 3 3 3 3 3 3 3 3 3 3 3 3 3 3 3 3 3 3 3 3 3 3 3 3 3 3 3 3 3 3 3 3 3 3 3 3 3 3 3 3 3 
						3 3 3 3 3 3 3 3 3 3 3 3 3 3 3 3 3 3 3 3 3 3 3 3 3 3 3 3 3 3 3 3 3 3 3 3 3 3 3 3 3 3 3 3 3 3 3 3 3 3 3 3 3 3 3 3 3 3 3 3 3 3 3 3 
						3 3 3 3 3 3 3 3 3 3 3 3 3 3 3 3 3 3 3 3 3 3 3 3 3 3 3 3 3 3 3 3 3 3 3 3 3 3 3 3 3 3 3 3 3 3 3 3 3 3 3 3 3 3 3 3 3 3 3 3 3 3 3 3 
						3 3 3 3 3 3 3 3 3 3 3 3 3 3 3 3 3 3 3 3 3 3 3 3 3 3 3 3 3 3 3 3 3 3 3 3 3 3 3 3 3 3 3 3 3 3 3 3 3 3 3 3 3 3 3 3 3 3 3 3 3 3 3 3 
						3 3 3 3 3 3 3 3 3 3 3 3 3 3 3 3 3 3 3 3 3 3 3 3 3 3 3 3 3 3 3 3 3 3 3 3 3 3 3 3 3 3 3 3 3 3 3 3 3 3 3 3 3 3 3 3 3 3 3 3 3 3 3 3 
						3 3 3 3 3 3 3 3 3 3 3 3 3 3 3 3 3 3 3 3 3 3 3 3 3 3 3 3 3 3 3 3 3 3 3 3 3 3 3 3 3 3 3 3 3 3 3 3 3 3 3 3 3 3 3 3 3 3 3 3 3 3 3 3 
						3 3 3 3 3 3 3 3 3 3 3 3 3 3 3 3 3 3 3 3 3 3 3 3 3 3 3 3 3 3 3 3 3 3 3 3 3 3 3 3 3 3 3 3 3 3 3 3 3 3 3 3 3 3 3 3 3 3 3 3 3 3 3 3 
						3 3 3 3 3 3 3 3 3 3 3 3 3 3 3 3 3 3 3 3 3 3 3 3 3 3 3 3 3 3 3 3 3 3 3 3 3 3 3 3 3 3 3 3 3 3 3 3 3 3 3 3 3 3 3 3 3 3 3 3 3 3 3 3 
						3 3 3 3 3 3 3 3 3 3 3 3 3 3 3 3 3 3 3 3 3 3 3 3 3 3 3 3 3 3 3 3 3 3 3 3 3 3 3 3 3 3 3 3 3 3 3 3 3 3 3 3 3 3 3 3 3 3 3 3 3 3 3 3 
						3 3 3 3 3 3 3 3 3 3 3 3 3 3 3 3 3 3 3 3 3 3 3 3 3 3 3 3 3 3 3 3 3 3 3 3 3 3 3 3 3 3 3 3 3 3 3 3 3 3 3 3 3 3 3 3 3 3 3 3 3 3 3 3 
						3 3 3 3 3 3 3 3 3 3 3 3 3 3 3 3 3 3 3 3 3 3 3 3 3 3 3 3 3 3 3 3 3 3 3 3 3 3 3 3 3 3 3 3 3 3 3 3 3 3 3 3 3 3 3 3 3 3 3 3 3 3 3 3 
						3 3 3 3 3 3 3 3 3 3 3 3 3 3 3 3 3 3 3 3 3 3 3 3 3 3 3 3 3 3 3 3 3 3 3 3 3 3 3 3 3 3 3 3 3 3 3 3 3 3 3 3 3 3 3 3 3 3 3 3 3 3 3 3 
						3 3 3 3 3 3 3 3 3 3 3 3 3 3 3 3 3 3 3 3 3 3 3 3 3 3 3 3 3 3 3 3 3 3 3 3 3 3 3 3 3 3 3 3 3 3 3 3 3 3 3 3 3 3 3 3 3 3 3 3 3 3 3 3 
						3 3 3 3 3 3 3 3 3 3 3 3 3 3 3 3 3 3 3 3 3 3 3 3 3 3 3 3 3 3 3 3 3 3 3 3 3 3 3 3 3 3 3 3 3 3 3 3 3 3 3 3 3 3 3 3 3 3 3 3 3 3 3 3 
						3 3 3 3 3 3 3 3 3 3 3 3 3 3 3 3 3 3 3 3 3 3 3 3 3 3 3 3 3 3 3 3 3 3 3 3 3 3 3 3 3 3 3 3 3 3 3 3 3 3 3 3 3 3 3 3 3 3 3 3 3 3 3 3 
						3 3 3 3 3 3 3 3 3 3 3 3 3 3 3 3 3 3 3 3 3 3 3 3 3 3 3 3 3 3 3 3 3 3 3 3 3 3 3 3 3 3 3 3 3 3 3 3 3 3 3 3 3 3 3 3 3 3 3 3 3 3 3 3 
						3 3 3 3 3 3 3 3 3 3 3 3 3 3 3 3 3 3 3 3 3 3 3 3 3 3 3 3 3 3 3 3 3 3 3 3 3 3 3 3 3 3 3 3 3 3 3 3 3 3 3 3 3 3 3 3 3 3 3 3 3 3 3 3 
						3 3 3 3 3 3 3 3 3 3 3 3 3 3 3 3 3 3 3 3 3 3 3 3 3 3 3 3 3 3 3 3 3 3 3 3 3 3 3 3 3 3 3 3 3 3 3 3 3 3 3 3 3 3 3 3 3 3 3 3 3 3 3 3 
					</vcount>
					<p>
						3 0 1 1 2 3 2 1 4 4 5 2 7 2 5 5 6 7 8 3 2 2 7 8 12 9 10 10 11 12 11 10 13 13 14 11 16 11 14 14 15 16 17 12 11 11 16 17 21 18 19 19 20 21 20 19 22 22 23 20 25 20 23 23 24 25 26 21 20 20 25 26 30 27 28 28 29 30 29 28 31 31 32 29 16 29 32 32 17 16 15 30 29 29 16 15 36 33 34 34 35 36 35 34 37 37 38 35 40 35 38 38 39 40 41 36 35 35 40 41 45 42 43 43 44 45 44 43 46 46 47 44 49 44 47 47 48 49 50 45 44 44 49 50 54 51 52 52 53 54 53 52 55 55 56 53 32 53 56 56 17 32 31 54 53 53 32 31 60 57 58 58 59 60 59 58 61 61 62 59 64 59 62 62 63 64 65 60 59 59 64 65 
						12 17 56 56 66 12 66 56 55 55 67 66 69 66 67 67 68 69 9 12 66 66 69 9 72 65 70 70 71 72 71 70 73 73 74 71 52 71 74 74 55 52 51 72 71 71 52 51 78 75 76 76 77 78 77 76 79 79 80 77 82 77 80 80 81 82 83 78 77 77 82 83 87 84 85 85 86 87 86 85 88 88 89 86 91 86 89 89 90 91 92 87 86 86 91 92 96 93 94 94 95 96 95 94 97 97 98 95 100 95 98 98 99 100 101 96 95 95 100 101 105 102 103 103 104 105 104 103 106 106 107 104 91 104 107 107 92 91 90 105 104 104 91 90 109 101 100 100 108 109 108 100 99 99 110 108 112 108 110 110 111 112 113 109 108 108 112 113 117 114 115 115 116 117 116 115 118 118 119 116 121 116 119 119 120 121 122 117 116 116 121 122 
						126 123 124 124 125 126 125 124 127 127 128 125 130 125 128 128 129 130 131 126 125 125 130 131 135 132 133 133 134 135 134 133 136 136 137 134 139 134 137 137 138 139 140 135 134 134 139 140 142 113 112 112 141 142 141 112 111 111 143 141 128 141 143 143 129 128 127 142 141 141 128 127 98 97 144 144 145 98 145 144 146 146 147 145 110 145 147 147 111 110 99 98 145 145 110 99 151 148 149 149 150 151 150 149 41 41 40 150 152 150 40 40 39 152 153 151 150 150 152 153 5 4 154 154 155 5 155 154 156 156 157 155 159 155 157 157 158 159 6 5 155 155 159 6 152 39 160 160 161 152 161 160 162 162 163 161 165 161 163 163 164 165 153 152 161 161 165 153 167 122 121 121 166 167 166 121 120 120 168 166 170 166 168 168 169 170 171 167 166 166 170 171 
						175 172 173 173 174 175 174 173 176 176 177 174 179 174 177 177 178 179 180 175 174 174 179 180 177 176 181 181 182 177 182 181 183 183 184 182 186 182 184 184 185 186 178 177 182 182 186 178 190 187 188 188 189 190 189 188 191 191 192 189 170 189 192 192 171 170 169 190 189 189 170 169 196 193 194 194 195 196 195 194 169 169 168 195 197 195 168 168 120 197 198 196 195 195 197 198 202 199 200 200 201 202 201 200 203 203 204 201 192 201 204 204 171 192 191 202 201 201 192 191 167 171 204 204 205 167 205 204 203 203 206 205 208 205 206 206 207 208 122 167 205 205 208 122 212 209 210 210 211 212 211 210 213 213 214 211 200 211 214 214 203 200 199 212 211 211 200 199 218 215 216 216 217 218 217 216 33 33 36 217 149 217 36 36 41 149 148 218 217 217 149 148 
						222 219 220 220 221 222 221 220 209 209 212 221 223 221 212 212 199 223 224 222 221 221 223 224 228 225 226 226 227 228 227 226 198 198 197 227 119 227 197 197 120 119 118 228 227 227 119 118 231 102 229 229 230 231 230 229 172 172 232 230 234 230 232 232 233 234 235 231 230 230 234 235 214 213 236 236 237 214 237 236 238 238 239 237 206 237 239 239 207 206 203 214 237 237 206 203 243 240 241 241 242 243 242 241 244 244 245 242 247 242 245 245 246 247 248 243 242 242 247 248 175 180 249 249 250 175 250 249 251 251 252 250 232 250 252 252 233 232 172 175 250 250 232 172 254 224 223 223 253 254 253 223 199 199 202 253 255 253 202 202 191 255 256 254 253 253 255 256 260 257 258 258 259 260 259 258 261 261 262 259 264 259 262 262 263 264 265 260 259 259 264 265 
						267 83 82 82 266 267 266 82 81 81 268 266 270 266 268 268 269 270 271 267 266 266 270 271 275 272 273 273 274 275 274 273 276 276 277 274 279 274 277 277 278 279 280 275 274 274 279 280 284 281 282 282 283 284 283 282 285 285 286 283 288 283 286 286 287 288 289 284 283 283 288 289 292 185 290 290 291 292 291 290 293 293 294 291 296 291 294 294 295 296 297 292 291 291 296 297 301 298 299 299 300 301 300 299 302 302 303 300 239 300 303 303 207 239 238 301 300 300 239 238 184 183 304 304 305 184 305 304 306 306 307 305 290 305 307 307 293 290 185 184 305 305 290 185 309 248 247 247 308 309 308 247 246 246 310 308 312 308 310 310 311 312 313 309 308 308 312 313 310 246 314 314 315 310 315 314 83 83 267 315 316 315 267 267 271 316 311 310 315 315 316 311 
						245 244 317 317 318 245 318 317 75 75 78 318 314 318 78 78 83 314 246 245 318 318 314 246 322 319 320 320 321 322 321 320 323 323 324 321 326 321 324 324 325 326 327 322 321 321 326 327 329 289 288 288 328 329 328 288 287 287 330 328 332 328 330 330 331 332 333 329 328 328 332 333 337 334 335 335 336 337 336 335 338 338 339 336 341 336 339 339 340 341 342 337 336 336 341 342 346 343 344 344 345 346 345 344 248 248 309 345 347 345 309 309 313 347 348 346 345 345 347 348 352 349 350 350 351 352 351 350 240 240 243 351 344 351 243 243 248 344 343 352 351 351 344 343 277 276 353 353 354 277 354 353 355 355 356 354 358 354 356 356 357 358 278 277 354 354 358 278 356 355 359 359 360 356 360 359 289 289 329 360 361 360 329 329 333 361 357 356 360 360 361 357 
						365 362 363 363 364 365 364 363 281 281 284 364 359 364 284 284 289 359 355 365 364 364 359 355 367 180 179 179 366 367 366 179 178 178 368 366 370 366 368 368 369 370 371 367 366 366 370 371 375 372 373 373 374 375 374 373 376 376 377 374 379 374 377 377 378 379 380 375 374 374 379 380 382 369 368 368 381 382 381 368 178 178 186 381 292 381 186 186 185 292 297 382 381 381 292 297 386 383 384 384 385 386 385 384 387 387 388 385 390 385 388 388 389 390 391 386 385 385 390 391 395 392 393 393 394 395 394 393 396 396 397 394 76 394 397 397 79 76 75 395 394 394 76 75 399 265 264 264 398 399 398 264 263 263 400 398 402 398 400 400 401 402 403 399 398 398 402 403 407 404 405 405 406 407 406 405 408 408 409 406 411 406 409 409 410 411 412 407 406 406 411 412 
						416 413 414 414 415 416 415 414 417 417 418 415 241 415 418 418 244 241 240 416 415 415 241 240 418 417 419 419 420 418 420 419 392 392 395 420 317 420 395 395 75 317 244 418 420 420 317 244 424 421 422 422 423 424 423 422 425 425 426 423 419 423 426 426 392 419 417 424 423 423 419 417 428 342 341 341 427 428 427 341 340 340 429 427 282 427 429 429 285 282 281 428 427 427 282 281 433 430 431 431 432 433 432 431 413 413 416 432 350 432 416 416 240 350 349 433 432 432 350 349 437 434 435 435 436 437 436 435 438 438 439 436 431 436 439 439 413 431 430 437 436 436 431 430 443 440 441 441 442 443 442 441 444 444 445 442 447 442 445 445 446 447 448 443 442 442 447 448 451 401 449 449 450 451 450 449 362 362 365 450 353 450 365 365 355 353 276 451 450 450 353 276 
						400 263 452 452 453 400 453 452 454 454 455 453 449 453 455 455 362 449 401 400 453 453 449 401 455 454 456 456 457 455 457 456 342 342 428 457 363 457 428 428 281 363 362 455 457 457 363 362 461 458 459 459 460 461 460 459 334 334 337 460 456 460 337 337 342 456 454 461 460 460 456 454 426 425 462 462 463 426 463 462 464 464 465 463 393 463 465 465 396 393 392 426 463 463 393 392 367 371 466 466 467 367 467 466 468 468 469 467 249 467 469 469 251 249 180 367 467 467 249 180 190 169 194 194 470 190 470 194 193 193 471 470 473 470 471 471 472 473 187 190 470 470 473 187 475 187 473 473 474 475 474 473 472 472 476 474 478 474 476 476 477 478 479 475 474 474 478 479 304 183 480 480 481 304 481 480 88 88 482 481 484 481 482 482 483 484 306 304 481 481 484 306 
						181 176 485 485 486 181 486 485 90 90 89 486 480 486 89 89 88 480 183 181 486 486 480 183 488 114 117 117 487 488 487 117 122 122 208 487 303 487 208 208 207 303 302 488 487 487 303 302 1 0 489 489 490 1 490 489 491 491 492 490 494 490 492 492 493 494 4 1 490 490 494 4 498 495 496 496 497 498 497 496 499 499 500 497 502 497 500 500 501 502 503 498 497 497 502 503 505 8 7 7 504 505 504 7 6 6 506 504 508 504 506 506 507 508 509 505 504 504 508 509 511 380 379 379 510 511 510 379 378 378 512 510 514 510 512 512 513 514 515 511 510 510 514 515 519 516 517 517 518 519 518 517 520 520 521 518 523 518 521 521 522 523 372 519 518 518 523 372 512 378 524 524 525 512 525 524 495 495 498 525 526 525 498 498 503 526 513 512 525 525 526 513 
						377 376 527 527 528 377 528 527 529 529 530 528 524 528 530 530 495 524 378 377 528 528 524 378 534 531 532 532 533 534 533 532 535 535 536 533 538 533 536 536 537 538 539 534 533 533 538 539 543 540 541 541 542 543 542 541 380 380 511 542 544 542 511 511 515 544 545 543 542 542 544 545 388 387 546 546 547 388 547 546 548 548 549 547 551 547 549 549 550 551 389 388 547 547 551 389 553 516 519 519 552 553 552 519 372 372 375 552 541 552 375 375 380 541 540 553 552 552 541 540 506 6 159 159 554 506 554 159 158 158 555 554 557 554 555 555 556 557 507 506 554 554 557 507 555 158 558 558 559 555 559 558 531 531 534 559 560 559 534 534 539 560 556 555 559 559 560 556 157 156 561 561 562 157 562 561 563 563 564 562 558 562 564 564 531 558 158 157 562 562 558 158 
						566 448 447 447 565 566 565 447 446 446 567 565 569 565 567 567 568 569 570 566 565 565 569 570 572 327 326 326 571 572 571 326 325 325 573 571 569 571 573 573 570 569 568 572 571 571 569 568 577 574 575 575 576 577 576 575 578 578 579 576 573 576 579 579 570 573 325 577 576 576 573 325 583 580 581 581 582 583 582 581 389 389 551 582 584 582 551 551 550 584 585 583 582 582 584 585 566 570 579 579 586 566 586 579 578 578 587 586 589 586 587 587 588 589 448 566 586 586 589 448 593 590 591 591 592 593 592 591 594 594 595 592 575 592 595 595 578 575 574 593 592 592 575 574 599 596 597 597 598 599 598 597 600 600 601 598 603 598 601 601 602 603 604 599 598 598 603 604 608 605 606 606 607 608 607 606 609 609 610 607 612 607 610 610 611 612 68 608 607 607 612 68 
						616 613 614 614 615 616 615 614 617 617 618 615 603 615 618 618 604 603 602 616 615 615 603 602 622 619 620 620 621 622 621 620 623 623 624 621 618 621 624 624 604 618 617 622 621 621 618 617 599 604 624 624 625 599 625 624 623 623 626 625 627 625 626 626 26 627 596 599 625 625 627 596 631 628 629 629 630 631 630 629 632 632 633 630 620 630 633 633 623 620 619 631 630 630 620 619 546 387 634 634 635 546 635 634 50 50 49 635 636 635 49 49 48 636 548 546 635 635 636 548 640 637 638 638 639 640 639 638 628 628 631 639 641 639 631 631 619 641 642 640 639 639 641 642 633 632 643 643 644 633 644 643 18 18 21 644 626 644 21 21 26 626 623 633 644 644 626 623 69 68 612 612 645 69 645 612 611 611 646 645 648 645 646 646 647 648 9 69 645 645 648 9 
						652 649 650 650 651 652 651 650 642 642 641 651 622 651 641 641 619 622 617 652 651 651 622 617 654 57 60 60 653 654 653 60 65 65 72 653 655 653 72 72 51 655 656 654 653 653 655 656 74 73 657 657 658 74 658 657 605 605 608 658 67 658 608 608 68 67 55 74 658 658 67 55 627 26 25 25 659 627 659 25 24 24 660 659 662 659 660 660 661 662 596 627 659 659 662 596 666 663 664 664 665 666 665 664 656 656 655 665 54 665 655 655 51 54 31 666 665 665 54 31 662 661 667 667 668 662 668 667 669 669 670 668 597 668 670 670 600 597 596 662 668 668 597 596 674 671 672 672 673 674 673 672 588 588 587 673 595 673 587 587 578 595 594 674 673 673 595 594 676 585 584 584 675 676 675 584 550 550 549 675 677 675 549 549 548 677 678 676 675 675 677 678 
						634 387 384 384 679 634 679 384 383 383 680 679 682 679 680 680 681 682 50 634 679 679 682 50 686 683 684 684 685 686 685 684 687 687 688 685 690 685 688 688 689 690 691 686 685 685 690 691 677 548 636 636 692 677 692 636 48 48 47 692 693 692 47 47 46 693 678 677 692 692 693 678 695 391 390 390 694 695 694 390 389 389 581 694 696 694 581 581 580 696 697 695 694 694 696 697 700 687 698 698 699 700 699 698 568 568 567 699 701 699 567 567 446 701 702 700 699 699 701 702 706 703 704 704 705 706 705 704 483 483 482 705 85 705 482 482 88 85 84 706 705 705 85 84 231 235 707 707 708 231 708 707 709 709 710 708 103 708 710 710 106 103 102 231 708 708 103 102 45 50 682 682 711 45 711 682 681 681 712 711 714 711 712 712 713 714 42 45 711 711 714 42 
						718 715 716 716 717 718 717 716 609 609 606 717 719 717 606 606 605 719 720 718 717 717 719 720 724 721 722 722 723 724 723 722 725 725 726 723 728 723 726 726 727 728 729 724 723 723 728 729 733 730 731 731 732 733 732 731 734 734 735 732 737 732 735 735 736 737 738 733 732 732 737 738 70 65 64 64 739 70 739 64 63 63 740 739 742 739 740 740 741 742 73 70 739 739 742 73 643 632 743 743 744 643 744 743 745 745 746 744 748 744 746 746 747 748 18 643 744 744 748 18 742 741 749 749 750 742 750 749 720 720 719 750 657 750 719 719 605 657 73 742 750 750 657 73 19 18 748 748 751 19 751 748 747 747 752 751 754 751 752 752 753 754 22 19 751 751 754 22 758 755 756 756 757 758 757 756 663 663 666 757 28 757 666 666 31 28 27 758 757 757 28 27 
						762 759 760 760 761 762 761 760 404 404 407 761 763 761 407 407 412 763 764 762 761 761 763 764 760 759 765 765 766 760 766 765 767 767 768 766 770 766 768 768 769 770 404 760 766 766 770 404 774 771 772 772 773 774 773 772 775 775 776 773 638 773 776 776 628 638 637 774 773 773 638 637 780 777 778 778 779 780 779 778 730 730 781 779 783 779 781 781 782 783 784 780 779 779 783 784 786 403 402 402 785 786 785 402 401 401 451 785 273 785 451 451 276 273 272 786 785 785 273 272 790 787 788 788 789 790 789 788 791 791 792 789 793 789 792 792 529 793 794 790 789 789 793 794 798 795 796 796 797 798 797 796 799 799 800 797 802 797 800 800 801 802 493 798 797 797 802 493 804 412 411 411 803 804 803 411 410 410 805 803 807 803 805 805 806 807 808 804 803 803 807 808 
						810 736 735 735 809 810 809 735 734 734 811 809 813 809 811 811 812 813 814 810 809 809 813 814 818 815 816 816 817 818 817 816 769 769 768 817 819 817 768 768 767 819 820 818 817 817 819 820 822 764 763 763 821 822 821 763 412 412 804 821 823 821 804 804 808 823 824 822 821 821 823 824 827 782 825 825 826 827 826 825 828 828 829 826 831 826 829 829 830 831 832 827 826 826 831 832 836 833 834 834 835 836 835 834 769 769 816 835 837 835 816 816 815 837 838 836 835 835 837 838 840 812 811 811 839 840 839 811 734 734 841 839 843 839 841 841 842 843 844 840 839 839 843 844 846 784 783 783 845 846 845 783 782 782 827 845 847 845 827 827 832 847 848 846 845 845 847 848 852 849 850 850 851 852 851 850 806 806 805 851 853 851 805 805 410 853 795 852 851 851 853 795 
						137 136 854 854 855 137 855 854 856 856 857 855 858 855 857 857 563 858 138 137 855 855 858 138 862 859 860 860 861 862 861 860 863 863 864 861 866 861 864 864 865 866 867 862 861 861 866 867 154 4 494 494 868 154 868 494 493 493 802 868 869 868 802 802 801 869 156 154 868 868 869 156 871 849 852 852 870 871 870 852 795 795 798 870 492 870 798 798 493 492 491 871 870 870 492 491 405 404 770 770 872 405 872 770 769 769 834 872 873 872 834 834 833 873 408 405 872 872 873 408 869 801 874 874 875 869 875 874 138 138 858 875 561 875 858 858 563 561 156 869 875 875 561 156 860 859 876 876 877 860 877 876 713 713 712 877 878 877 712 712 681 878 863 860 877 877 878 863 373 372 523 523 879 373 879 523 522 522 880 879 882 879 880 880 881 882 376 373 879 879 882 376 
						882 881 883 883 884 882 884 883 794 794 793 884 527 884 793 793 529 527 376 882 884 884 527 376 888 885 886 886 887 888 887 886 683 683 686 887 889 887 686 686 691 889 890 888 887 887 889 890 324 323 891 891 892 324 892 891 590 590 593 892 577 892 593 593 574 577 325 324 892 892 577 325 896 893 894 894 895 896 895 894 897 897 898 895 880 895 898 898 881 880 522 896 895 895 880 522 902 899 900 900 901 902 901 900 893 893 896 901 521 901 896 896 522 521 520 902 901 901 521 520 906 903 904 904 905 906 905 904 649 649 652 905 614 905 652 652 617 614 613 906 905 905 614 613 900 899 907 907 908 900 908 907 830 830 829 908 909 908 829 829 828 909 893 900 908 908 909 893 911 140 139 139 910 911 910 139 138 138 874 910 800 910 874 874 801 800 799 911 910 910 800 799 
						913 799 796 796 912 913 912 796 795 795 853 912 409 912 853 853 410 409 408 913 912 912 409 408 572 568 698 698 914 572 914 698 687 687 684 914 915 914 684 684 683 915 327 572 914 914 915 327 873 833 916 916 917 873 917 916 140 140 911 917 913 917 911 911 799 913 408 873 917 917 913 408 648 647 918 918 919 648 919 918 920 920 921 919 10 919 921 921 13 10 9 648 919 919 10 9 925 922 923 923 924 925 924 923 794 794 883 924 898 924 883 883 881 898 897 925 924 924 898 897 927 897 894 894 926 927 926 894 893 893 909 926 928 926 909 909 828 928 738 927 926 926 928 738 737 736 929 929 930 737 930 929 922 922 925 930 927 930 925 925 897 927 738 737 930 930 927 738 810 814 931 931 932 810 932 931 933 933 934 932 929 932 934 934 922 929 736 810 932 932 929 736 
						38 37 935 935 936 38 936 935 937 937 938 936 160 936 938 938 162 160 39 38 936 936 160 39 940 865 864 864 939 940 939 864 863 863 941 939 943 939 941 941 942 943 944 940 939 939 943 944 946 942 941 941 945 946 945 941 863 863 878 945 680 945 878 878 681 680 383 946 945 945 680 383 386 391 947 947 948 386 948 947 721 721 949 948 946 948 949 949 942 946 383 386 948 948 946 383 951 440 443 443 950 951 950 443 448 448 589 950 672 950 589 589 588 672 671 951 950 950 672 671 955 952 953 953 954 955 954 953 702 702 956 954 958 954 956 956 957 958 959 955 954 954 958 959 943 942 949 949 960 943 960 949 721 721 724 960 961 960 724 724 729 961 944 943 960 960 961 944 963 957 956 956 962 963 962 956 702 702 701 962 445 962 701 701 446 445 444 963 962 962 445 444 
						688 687 700 700 964 688 964 700 702 702 953 964 965 964 953 953 952 965 689 688 964 964 965 689 836 838 966 966 967 836 967 966 132 132 135 967 916 967 135 135 140 916 833 836 967 967 916 833 778 777 968 968 969 778 969 968 842 842 841 969 731 969 841 841 734 731 730 778 969 969 731 730 322 327 915 915 970 322 970 915 683 683 886 970 971 970 886 886 885 971 319 322 970 970 971 319 938 937 972 972 973 938 973 972 974 974 975 973 163 973 975 975 164 163 162 938 973 973 163 162 439 438 976 976 977 439 977 976 421 421 424 977 414 977 424 424 417 414 413 439 977 977 414 413 564 563 857 857 978 564 978 857 856 856 979 978 532 978 979 979 535 532 531 564 978 978 532 531 262 261 980 980 981 262 981 980 458 458 461 981 452 981 461 461 454 452 263 262 981 981 452 263 
						983 256 255 255 982 983 982 255 191 191 188 982 475 982 188 188 187 475 479 983 982 982 475 479 147 146 984 984 985 147 985 984 131 131 130 985 143 985 130 130 129 143 111 147 985 985 143 111 987 745 743 743 986 987 986 743 632 632 629 986 776 986 629 629 628 776 775 987 986 986 776 775 105 90 485 485 988 105 988 485 176 176 173 988 229 988 173 173 172 229 102 105 988 988 229 102 781 730 733 733 989 781 989 733 738 738 928 989 825 989 928 928 828 825 782 781 989 989 825 782 934 933 990 990 991 934 991 990 787 787 790 991 923 991 790 790 794 923 922 934 991 991 923 922 530 529 792 792 992 530 992 792 791 791 993 992 496 992 993 993 499 496 495 530 992 992 496 495 695 697 994 994 995 695 995 994 725 725 722 995 947 995 722 722 721 947 391 695 995 995 947 391 
					</p>
				</polylist>
			</mesh>
		</geometry>
		<geometry id="meshId2" name="meshId2_name" >
			<mesh>
				<source id="meshId2-positions" name="meshId2-positions">
					<float_array id="meshId2-positions-array" count="3132"> 
						-2.492577 1.204531 -0.352574 -2.467022 0.788752 -0.350173 -2.603916 0.765767 -0.329667 -2.645146 1.204531 -0.330697 -2.409672 0.506530 -0.344907 -2.474577 0.406519 -0.328583 -2.519164 0.340801 -0.303356 -2.669172 0.737743 -0.303629 -2.719138 1.204531 -0.303996 -2.519164 0.340801 -0.303356 -2.529158 0.340112 -0.275838 -2.680259 0.738651 -0.275908 -2.669172 0.737743 -0.303629 -2.510581 0.397820 -0.250982 -2.649758 0.769897 -0.250999 -2.697224 1.204531 -0.251025 -2.731613 1.204531 -0.276015 -2.719138 1.204531 -0.303996 -2.697224 1.204531 -0.251025 -2.649758 1.639165 -0.250999 -2.680259 1.670412 -0.275908 -2.731613 1.204531 -0.276015 -2.510580 2.011243 -0.250982 -2.529158 2.068951 -0.275838 -2.519164 2.068262 -0.303355 -2.669172 1.671320 -0.303629 -2.719138 1.204531 -0.303996 -3.141439 0.124447 -0.371824 -3.141440 0.063050 -0.370734 -3.200546 0.065341 -0.369782 -3.202837 0.124447 -0.370734 -3.141440 0.012212 -0.367456 -3.197716 0.017938 -0.366860 -3.235269 0.030619 -0.365540 -3.247950 0.068172 -0.366860 -3.253675 0.124447 -0.367456 -3.029204 0.124447 -0.367456 -3.080042 0.124447 -0.370734 -3.082333 0.183554 -0.369782 -3.034930 0.180724 -0.366860 -3.141439 0.185845 -0.370734 -3.141439 0.236683 -0.367456 -3.085164 0.230957 -0.366860 -3.047611 0.218277 -0.365540 -2.519164 2.068262 -0.303355 -2.474576 2.002544 -0.328583 -2.603916 1.643296 -0.329667 -2.669172 1.671320 -0.303629 -2.409672 1.902533 -0.344907 -2.467022 1.620311 -0.350173 -2.492577 1.204531 -0.352574 -2.645146 1.204531 -0.330697 -2.719138 1.204531 -0.303996 -2.419906 1.778681 -0.217893 -2.364831 1.644282 -0.204606 -2.257305 1.786442 -0.204547 -2.271021 1.964289 -0.217871 -2.312949 1.522796 -0.187382 -2.241698 1.625683 -0.187227 -2.150200 1.687415 -0.187026 -2.119480 1.871738 -0.204470 -2.080402 2.075654 -0.217842 -0.851817 1.204531 -0.217634 -0.483800 1.204531 -0.232150 
						-0.515516 1.583510 -0.232148 -0.876994 1.513879 -0.217639 -0.173796 1.204531 -0.251001 -0.210831 1.639165 -0.250976 -0.320522 2.011243 -0.250962 -0.609394 1.907920 -0.232151 -0.951490 1.778681 -0.217653 -2.454441 1.459929 1.062865 -2.463831 1.337642 1.077244 -2.387377 1.336949 1.048171 -2.384768 1.459822 1.035379 -2.467305 1.202321 1.083171 -2.389080 1.202204 1.053698 -2.336143 1.202111 1.035877 -2.334443 1.334506 1.027625 -2.329093 1.466673 0.997508 -0.441943 2.096450 -0.356128 -0.773746 2.141472 -0.358710 -0.785238 2.432776 -0.334642 -0.452642 2.368626 -0.333112 -1.153197 2.153760 -0.359419 -1.163140 2.449563 -0.335081 -1.191051 2.599038 -0.306021 -0.820010 2.579618 -0.305816 -0.490105 2.503020 -0.305135 -1.233979 2.075654 -0.217704 -1.072723 1.964289 -0.217675 -0.762261 2.135318 -0.232165 -0.965861 2.271762 -0.232186 -0.499323 2.272103 -0.251023 -0.737997 2.428660 -0.251116 -1.344660 2.521454 -0.251203 -1.024923 2.502893 -0.251179 -0.896019 2.594185 -0.276643 -1.248720 2.614040 -0.276717 -0.580445 2.514927 -0.276412 -0.490105 2.503020 -0.305135 -0.820010 2.579618 -0.305816 -1.191051 2.599038 -0.306021 -0.319454 2.347844 -0.276064 -0.125031 2.068951 -0.275835 -0.024034 2.068262 -0.303355 -0.221057 2.341737 -0.304054 -1.928086 1.204531 -0.375498 -1.549306 1.204531 -0.379457 -1.548482 0.697789 -0.374131 -1.924337 0.720867 -0.370594 -1.149887 1.204531 -0.380477 -1.150251 0.691311 -0.375060 -1.153197 0.255303 -0.359419 -1.549633 0.267591 -0.358710 -1.922262 0.312613 -0.356128 -0.431077 1.204531 -0.375498 -0.434759 1.688196 -0.370594 -0.171843 1.648342 -0.363222 -0.162640 1.204531 -0.367153 -0.186394 2.009375 -0.351126 -0.041994 1.902533 -0.344907 0.005914 1.620311 -0.350173 0.026359 1.204531 -0.352574 -0.221057 2.341737 -0.304054 -0.188951 2.235260 -0.330502 -0.024034 2.068262 -0.303355 -0.006660 2.002544 -0.328583 
						0.033644 1.204531 -0.276012 -0.006294 1.670411 -0.275906 0.132598 1.204531 -0.303996 0.093782 1.671320 -0.303629 -0.210831 0.769897 -0.250976 -0.006294 0.738651 -0.275906 -0.320522 0.397820 -0.250962 -0.125031 0.340112 -0.275836 -0.024034 0.340801 -0.303356 0.093782 0.737743 -0.303629 -3.141439 0.124447 -0.339726 -3.141439 0.185845 -0.340817 -3.200546 0.183554 -0.341769 -3.202837 0.124447 -0.340817 -3.141439 0.236683 -0.344095 -3.197716 0.230957 -0.344691 -3.235269 0.218277 -0.346010 -3.247949 0.180724 -0.344691 -3.253675 0.124447 -0.344095 -2.136672 1.412214 0.347277 -2.163857 1.410651 0.336678 -2.172808 1.443320 0.491115 -2.142132 1.443686 0.503058 -2.190473 1.402175 0.327187 -2.204133 1.437516 0.481112 -2.218289 1.471625 0.625882 -2.183872 1.473421 0.634904 -2.150831 1.472167 0.646313 -0.024034 0.340801 -0.303356 -0.006660 0.406519 -0.328583 0.095437 0.765767 -0.329667 0.093782 0.737743 -0.303629 -0.041994 0.506530 -0.344907 0.005914 0.788752 -0.350173 0.127597 1.204531 -0.330697 0.132598 1.204531 -0.303996 -1.558128 -0.023713 -0.334642 -1.932217 0.040437 -0.333113 -1.163140 -0.040500 -0.335081 -1.191051 -0.189975 -0.306021 -1.579100 -0.170556 -0.305816 -1.950958 -0.093957 -0.305135 -1.233979 0.333408 -0.217704 -0.965861 0.137302 -0.232186 -0.762261 0.273746 -0.232165 -1.072723 0.444774 -0.217675 -0.737997 -0.019598 -0.251116 -0.499323 0.136960 -0.251024 -0.609394 0.501143 -0.232151 -0.951490 0.630382 -0.217653 -1.344660 -0.112391 -0.251203 -1.678977 -0.093830 -0.251185 -1.617647 -0.185121 -0.276644 -1.248720 -0.204977 -0.276717 -2.002302 -0.019598 -0.251127 -1.973601 -0.105864 -0.276414 -1.950958 -0.093957 -0.305135 -1.579100 -0.170556 -0.305816 -1.191051 -0.189975 -0.306021 -2.080402 0.333408 -0.217842 -2.271021 0.444774 -0.217871 -2.281815 0.273746 -0.232229 -2.039335 0.137302 -0.232231 -2.419906 0.630382 -0.217893 
						-2.471293 0.501143 -0.232229 -2.287760 0.136960 -0.251040 -0.876994 0.895184 -0.217639 -0.515516 0.825552 -0.232148 -2.238087 1.045176 -0.117022 -2.255199 1.118672 -0.117556 -2.297719 1.083810 -0.160741 -2.269922 0.980473 -0.160511 -2.261024 1.204532 -0.117738 -2.307189 1.204531 -0.160819 -2.372567 1.204531 -0.187510 -2.357411 1.033053 -0.187478 -2.312949 0.886267 -0.187382 -0.431077 1.204531 -0.375498 -0.434759 0.720867 -0.370594 -0.769162 0.697789 -0.374131 -0.767760 1.204531 -0.379457 -0.441943 0.312613 -0.356128 -0.773746 0.267591 -0.358710 -2.451263 0.965747 0.689295 -2.376272 0.964067 0.657735 -2.380031 0.874949 0.685706 -2.438919 0.877428 0.697061 -2.306719 0.952509 0.630748 -2.338163 0.861510 0.706596 -2.352981 0.798628 0.737376 -2.385105 0.808239 0.709774 -2.428103 0.810530 0.707928 -2.195871 1.490750 0.755152 -2.162873 1.487813 0.763823 -2.229609 1.493408 0.748366 -2.239439 1.494060 0.846590 -2.208135 1.487417 0.849682 -2.176811 1.483082 0.853885 -2.329123 1.625310 0.857607 -2.335996 1.630416 0.922099 -2.322968 1.574894 0.926471 -2.314301 1.577302 0.852771 -2.355169 1.631767 0.974456 -2.345632 1.563691 0.985042 -2.305045 1.520310 0.928277 -2.295331 1.534417 0.848001 -2.306598 1.453986 0.630748 -2.295080 1.518192 0.752387 -2.263666 1.499143 0.745774 -2.255265 1.466462 0.621923 -2.269567 1.507675 0.845858 -2.278890 1.485025 0.924986 -2.289309 1.424711 0.982073 -2.258215 1.405546 0.973283 -2.249486 1.466159 0.921341 -1.951897 1.363887 -0.107654 -1.936360 1.290391 -0.107119 -1.791180 1.325253 -0.156242 -1.815252 1.428590 -0.156472 -1.931093 1.204531 -0.106938 -1.783028 1.204532 -0.156164 -1.548118 1.204531 -0.185572 -1.560678 1.376010 -0.185604 -1.597802 1.522796 -0.185700 -2.219918 1.456964 0.919379 -2.229677 1.396326 0.966688 -2.202440 1.391462 0.960656 -2.190737 1.451860 0.918212 
						-2.464191 1.065453 1.077244 -2.387708 1.066074 1.048171 -2.455265 0.938549 1.062865 -2.385537 0.938934 1.035379 -2.329678 0.933564 0.997508 -2.334692 1.068760 1.027625 -1.579100 2.579618 -0.305816 -1.617647 2.594185 -0.276644 -1.950958 2.503020 -0.305135 -1.973601 2.514927 -0.276414 -2.002302 2.428660 -0.251127 -1.678977 2.502892 -0.251185 -2.431983 0.967597 -0.204643 -2.364832 0.764781 -0.204606 -2.454883 1.204531 -0.204656 -2.544664 1.204531 -0.217911 -2.512931 0.895184 -0.217906 -2.225323 1.501023 -0.160139 -2.167895 1.544482 -0.159655 -2.269922 1.428590 -0.160511 -2.238087 1.363887 -0.117022 -2.210589 1.415402 -0.116160 -2.175052 1.446312 -0.115038 -2.372567 1.204531 -0.187510 -2.357411 1.376010 -0.187478 -2.431982 1.441466 -0.204643 -2.454883 1.204531 -0.204656 -2.512931 1.513879 -0.217907 -2.544664 1.204531 -0.217911 -2.091212 0.944434 -0.112338 -2.134247 0.948097 -0.113734 -2.102317 0.843977 -0.159093 -2.033646 0.838826 -0.158491 -2.175052 0.962751 -0.115038 -2.167895 0.864580 -0.159655 -2.150200 0.721648 -0.187025 -2.046142 0.692381 -0.186791 -1.937766 0.685065 -0.186541 -3.200546 0.183554 -0.369782 -3.197716 0.230957 -0.366860 -3.247949 0.180724 -0.366860 -3.235269 0.218277 -0.365540 -2.039335 2.271761 -0.232231 -2.281816 2.135318 -0.232229 -2.287760 2.272103 -0.251040 -2.471293 1.907920 -0.232229 -1.937766 1.723998 -0.186541 -1.833003 1.716681 -0.186290 -1.644972 1.912175 -0.204188 -1.800998 1.922284 -0.204284 -1.737975 1.687415 -0.186056 -1.504051 1.871739 -0.204098 -1.426968 2.128450 -0.217737 -1.641227 2.141649 -0.217773 -1.936360 1.118672 -0.107119 -1.791180 1.083810 -0.156242 -1.951897 1.045176 -0.107654 -1.815252 0.980473 -0.156472 -1.597802 0.886267 -0.185700 -1.560678 1.033053 -0.185604 -1.658104 1.625683 -0.185855 -1.386030 1.786442 -0.204020 -1.297155 1.644282 -0.203961 -1.297155 0.764781 -0.203961 
						-1.386030 0.622621 -0.204020 -1.658104 0.783380 -0.185855 -1.737975 0.721648 -0.186056 -1.504051 0.537324 -0.204098 -0.820010 -0.170556 -0.305816 -0.896020 -0.185121 -0.276643 -0.490105 -0.093957 -0.305135 -0.580445 -0.105864 -0.276412 -1.024923 -0.093830 -0.251179 -1.242502 1.441466 -0.203924 -1.224024 1.204531 -0.203911 -2.118047 0.940713 0.861415 -2.101595 0.938589 0.780793 -2.076461 0.971796 0.787622 -2.093818 0.972517 0.864075 -2.089886 0.954561 0.669143 -2.064935 0.986104 0.678559 -2.045870 1.038853 0.685746 -2.057342 1.027534 0.792843 -2.075670 1.026868 0.866247 -1.242502 0.967597 -0.203924 -2.210589 0.993660 -0.116160 -2.225324 0.908040 -0.160139 -2.241698 0.783380 -0.187227 -2.385227 1.559078 1.022398 -2.441005 1.559685 1.044374 -2.386865 1.633630 1.007842 -2.428746 1.635343 1.023082 -1.963177 0.496888 -0.204380 -1.800998 0.486778 -0.204284 -2.119480 0.537324 -0.204470 -1.864608 0.280613 -0.217808 -1.641227 0.267414 -0.217773 -2.134247 1.460965 -0.113734 -2.102316 1.565085 -0.159093 -2.091212 1.464629 -0.112338 -2.033646 1.570236 -0.158491 -2.046142 1.716681 -0.186792 -2.257305 0.622621 -0.204547 -2.010086 1.446311 -0.109638 -1.977045 1.415403 -0.108515 -1.854291 1.501023 -0.156844 -1.905815 1.544482 -0.157328 -2.464171 1.204114 0.677327 -2.460550 1.329672 0.681326 -2.379430 1.329431 0.632913 -2.381940 1.204136 0.623076 -2.451181 1.440809 0.689295 -2.376177 1.442435 0.657735 -2.320367 1.324830 0.564995 -2.324089 1.204195 0.549577 -2.295154 1.323194 1.013595 -2.296901 1.201849 1.023198 -2.265512 1.201277 1.012831 -2.263678 1.312437 1.003244 -2.295293 1.080123 1.013595 -2.289556 0.978047 0.982073 -2.258310 0.997272 0.973283 -2.263734 1.090127 1.003244 -2.030142 1.202338 0.691752 -2.034114 1.114218 0.690222 -2.032898 1.124632 0.548992 -2.029148 1.203409 0.550584 -2.043955 1.057236 0.544307 
						-2.048263 1.077005 0.383448 -2.038276 1.135597 0.387567 -2.034886 1.204063 0.388966 -2.235919 1.094506 0.994139 -2.238052 1.200329 1.003061 -2.229704 1.005254 0.966688 -2.202447 1.008220 0.960656 -2.209954 1.095705 0.985043 -2.212545 1.199171 0.992948 -2.295789 0.867305 0.848001 -2.269788 0.896408 0.845858 -2.279155 0.918013 0.924986 -2.305614 0.880038 0.928277 -2.239527 0.910666 0.846590 -2.249590 0.937411 0.921341 -2.045719 1.107381 0.796208 -2.065222 1.106002 0.868124 -2.041855 1.200856 0.797403 -2.061970 1.199246 0.868966 0.245089 3.055928 -0.331266 0.245089 3.106351 -0.336865 0.150463 3.091707 -0.337117 0.154995 3.046762 -0.331897 0.245089 3.123124 -0.343627 0.146796 3.106351 -0.343627 0.065407 3.055928 -0.343627 0.074574 3.046762 -0.337429 0.094875 3.026460 -0.333293 -2.045870 1.366102 0.685747 -2.057342 1.374645 0.792843 -2.045719 1.294456 0.796208 -2.034114 1.290531 0.690222 -2.075670 1.372288 0.866247 -2.065223 1.292677 0.868124 -2.163113 1.197150 0.969845 -2.160143 1.100914 0.964466 -2.136299 1.108433 0.952568 -2.138442 1.196732 0.956375 -2.150939 1.020112 0.947023 -2.128454 1.037023 0.939308 -2.112478 1.058259 0.931568 -2.112812 1.114176 0.936781 -2.113029 1.196940 0.938849 -2.136672 0.996353 0.347277 -2.110050 0.999657 0.358033 -2.112469 0.968333 0.515332 -2.142133 0.964181 0.503058 -2.085451 1.011352 0.368125 -2.085170 0.981785 0.526859 -2.119070 0.939540 0.658107 -2.150834 0.934537 0.646313 -2.422210 1.687442 0.998296 -2.456651 1.685145 0.992428 -2.476283 1.635612 1.021579 -2.419898 1.717026 0.964335 -2.449237 1.712706 0.959996 -2.470456 1.702789 0.950212 -2.485500 1.680003 0.969062 -2.518784 1.635567 0.999383 -2.112478 1.336786 0.931568 -2.112812 1.280067 0.936781 -2.088666 1.285561 0.911927 -2.096366 1.357575 0.910774 -2.086746 1.197846 0.912848 
						-2.088666 1.110391 0.911927 -2.096366 1.038973 0.910774 -2.181056 1.376717 0.179549 -2.201537 1.356324 0.173144 -2.215059 1.382582 0.319275 -2.176605 1.370052 0.051716 -2.196522 1.349275 0.047574 -2.211891 1.314231 0.044276 -2.217460 1.320601 0.167714 -2.234516 1.343941 0.311359 -2.379807 1.528942 0.685706 -2.337812 1.541087 0.706596 -2.438734 1.526813 0.697061 -2.427734 1.590372 0.707928 -2.384681 1.592123 0.709774 -2.352380 1.599949 0.737376 -2.552371 1.448722 0.742381 -2.511227 1.533446 0.733027 -2.709571 1.471340 0.846151 -2.582544 1.550012 0.792039 -2.518700 1.603745 0.769647 -2.475957 1.594101 0.728560 -2.043895 1.143789 0.225089 -2.040802 1.204380 0.226137 -2.053003 1.091929 0.222004 -2.048599 1.095666 0.078872 -2.039457 1.145857 0.080840 -2.036353 1.204492 0.081509 -2.555143 1.631135 0.893066 -2.545940 1.635650 0.953871 -2.502875 1.675587 0.926207 -2.508678 1.667923 0.871047 -2.476202 1.703684 0.915117 -2.479107 1.696224 0.863640 -2.470441 1.667469 0.777363 -2.449203 1.671188 0.764756 -2.456530 1.638581 0.738440 -2.485465 1.643713 0.767657 -2.419818 1.672679 0.758754 -2.421895 1.637321 0.726955 -2.388763 1.637970 0.733076 -2.391010 1.671008 0.763294 -2.371541 1.667025 0.774025 -2.363008 1.642517 0.758188 -2.130971 0.922799 0.772662 -2.162878 0.917237 0.763823 -2.146289 0.925640 0.857959 -2.176818 0.920052 0.853885 -2.261024 1.204532 -0.117738 -2.255199 1.290391 -0.117556 -2.297720 1.325253 -0.160741 -2.307189 1.204531 -0.160819 -2.146288 1.476241 0.857959 -2.130971 1.481395 0.772662 -2.118047 1.460013 0.861415 -2.101595 1.464786 0.780793 -2.089886 1.451139 0.669143 -2.119069 1.466656 0.658107 0.245089 2.876246 -0.326644 0.245089 2.974539 -0.327798 0.150463 2.970872 -0.328805 0.146796 2.876246 -0.327798 0.074574 2.966341 -0.331897 0.065407 2.876246 -0.331266 
						-2.135805 0.966709 0.914719 -2.162307 0.954276 0.916730 -2.176000 1.011655 0.954127 -2.190744 0.949388 0.918212 0.074574 2.786152 -0.331897 0.150463 2.781621 -0.328805 0.094875 2.726032 -0.333294 0.154995 2.705731 -0.331897 0.245089 2.696565 -0.331266 0.245089 2.777953 -0.327798 -2.133435 1.020708 0.194954 -2.109295 1.023438 0.203001 -2.129298 1.026830 0.061621 -2.105105 1.029373 0.066757 -2.082628 1.039382 0.071563 -2.086903 1.033786 0.210541 -2.067705 1.055584 0.217028 -2.063356 1.060487 0.075698 -2.064387 1.035956 0.376801 -2.476384 0.806235 0.728559 -2.511457 0.870368 0.733027 -2.519305 0.794823 0.769647 -2.582906 0.852523 0.792039 -2.709727 0.934774 0.846151 -2.552476 0.957648 0.742381 -2.227233 1.267498 0.163420 -2.246051 1.281187 0.302764 -2.221414 1.263736 0.042035 -2.224642 1.204525 0.041201 -2.230502 1.204505 0.161620 -2.249727 1.204440 0.298476 0.245089 3.055928 -0.355987 0.245089 2.974540 -0.359455 0.150463 2.970872 -0.358448 0.154995 3.046762 -0.355356 0.245089 2.876246 -0.360609 0.146796 2.876246 -0.359455 0.065407 2.876246 -0.355987 0.074574 2.966341 -0.355356 0.094875 3.026460 -0.353960 -2.190478 1.006540 0.327187 -2.204146 0.970686 0.481112 -2.235494 0.985728 0.473964 -2.215068 1.026139 0.319274 -2.218319 0.935702 0.625882 -2.255335 0.940663 0.621923 -2.262468 1.024626 0.464673 -2.234527 1.064802 0.311359 -2.211891 1.094812 0.044276 -2.217462 1.088375 0.167714 -2.227235 1.141499 0.163420 -2.221414 1.145311 0.042035 -2.246058 1.127639 0.302764 -2.249727 1.204440 0.298476 -2.230502 1.204505 0.161620 -2.224642 1.204525 0.041201 -3.240990 0.965904 1.158476 -3.242263 1.074847 1.116607 -2.976917 1.070929 0.965418 -2.972443 0.958012 1.000919 -3.243915 1.204465 1.102904 -2.981869 1.204272 0.955865 -2.753157 1.204138 0.829980 -2.744138 1.068670 0.834197 
						-2.276797 1.105076 0.445439 -2.320400 1.083211 0.564995 -2.324089 1.204195 0.549577 -2.280845 1.204317 0.435818 -2.038276 1.272545 0.387567 -2.032898 1.282222 0.548992 -2.048263 1.331181 0.383448 -2.043956 1.349724 0.544307 -2.430840 0.747998 1.023082 -2.388885 0.750423 1.007842 -2.386612 0.832645 1.022398 -2.442455 0.831537 1.044374 -2.356993 0.754221 0.974456 -2.346859 0.829493 0.985041 -2.276777 1.303389 0.445439 -2.280845 1.204317 0.435818 -2.262434 1.383542 0.464673 -2.235903 1.306373 0.994139 -2.209950 1.302980 0.985043 -2.048599 1.313324 0.078872 -2.053003 1.316851 0.222004 -2.043894 1.264976 0.225089 -2.039457 1.263129 0.080840 -2.085451 1.396998 0.368126 -2.086903 1.375047 0.210541 -2.109295 1.385429 0.203001 -2.110050 1.408801 0.358033 -2.082628 1.369621 0.071563 -2.105104 1.379640 0.066757 -2.129298 1.382191 0.061621 -2.133434 1.388194 0.194954 -2.234096 1.204531 -0.051743 -2.230186 1.270629 -0.051348 -2.218685 1.327185 -0.050212 0.245089 2.629370 -0.343627 0.245089 2.646142 -0.336865 0.150463 2.660785 -0.337117 0.146796 2.646142 -0.343627 0.074574 2.705731 -0.337429 0.065407 2.696565 -0.343627 -2.157843 1.386081 0.186958 -2.153665 1.379817 0.056498 -2.235468 1.422437 0.473964 -2.187710 1.198035 0.981888 -2.184729 1.097017 0.975165 -2.985283 0.887911 1.071861 -3.243665 0.895622 1.226724 -2.766363 0.867357 0.942647 -2.781710 0.844213 1.025962 -2.993751 0.863247 1.154522 -3.245963 0.871035 1.307826 -2.330354 0.766663 0.857607 -2.345415 0.720718 0.860117 -2.349511 0.737048 0.803363 -2.335017 0.782321 0.791000 -2.364597 0.686854 0.860904 -2.366907 0.705735 0.809151 -2.372680 0.723963 0.774025 -2.363896 0.751837 0.758188 -2.985396 0.883926 1.229658 -3.243682 0.895054 1.386524 -2.766632 0.858197 1.096120 -2.710322 0.919166 1.142117 -2.972627 0.952096 1.290789 
						-3.241015 0.965065 1.452369 -3.245921 1.537453 1.307826 -3.243636 1.513399 1.386524 -2.985138 1.521766 1.229658 -2.993534 1.542833 1.154522 -3.240974 1.443445 1.452369 -2.972387 1.453825 1.290789 -2.709736 1.482459 1.142117 -2.766062 1.543481 1.096120 -2.781248 1.558505 1.025962 -2.576031 1.073786 0.742240 -2.583003 1.204099 0.740281 -2.464171 1.204114 0.677327 -2.460578 1.078167 0.681326 0.245089 2.777953 -0.359456 0.150463 2.781621 -0.358448 0.245089 2.696565 -0.355987 0.154995 2.705731 -0.355357 0.094875 2.726032 -0.353960 0.074574 2.786152 -0.355357 -2.583003 1.204099 0.740281 -2.575994 1.333994 0.742240 -2.753157 1.204138 0.829980 -2.744093 1.339192 0.834197 -3.243927 1.204349 1.512748 -3.242283 1.074232 1.496642 -2.977069 1.066947 1.335907 -2.981954 1.203694 1.352933 -2.744604 1.060938 1.202922 -2.753490 1.203098 1.219976 -2.744355 1.344167 1.202922 -2.577002 1.341106 1.122600 -2.553307 1.465827 1.093812 -2.584065 1.202622 1.133374 -2.577332 1.062684 1.122600 -2.554076 0.933506 1.093812 -3.242260 1.334399 1.496642 -2.976933 1.339915 1.335907 -2.424791 0.689633 0.998296 -2.391875 0.693464 0.988325 -2.422674 0.656973 0.964335 -2.393855 0.662503 0.958830 -2.374288 0.674941 0.947445 -2.366050 0.701447 0.961443 -2.337549 0.758282 0.922099 -2.350780 0.709191 0.916414 -2.367864 0.675632 0.912534 -2.064386 1.372301 0.376801 -2.067705 1.353219 0.217028 -2.063356 1.348509 0.075698 -2.392106 0.720136 0.763294 -2.389473 0.758125 0.733076 -2.420895 0.718544 0.758754 -2.422552 0.759249 0.726955 -2.457241 0.757509 0.738440 -2.450299 0.719956 0.764756 -2.471580 0.723521 0.777363 -2.486354 0.750643 0.767657 -2.348793 1.673895 0.916414 -2.363771 1.678754 0.961443 -2.343797 1.666059 0.860117 -2.362671 1.695745 0.860904 -2.365557 1.703225 0.912534 -2.371795 1.702314 0.947445 
						-2.391412 0.689602 0.807512 -2.390836 0.666906 0.861123 -2.421268 0.660471 0.861154 -2.420802 0.684939 0.805636 -2.556376 0.761012 0.893066 -2.546823 0.777165 0.827821 -2.504090 0.735418 0.814416 -2.510298 0.718907 0.871047 -2.477676 0.705299 0.812029 -2.481033 0.686389 0.863640 -2.392377 0.655745 0.914710 -2.421801 0.649099 0.916770 -2.472948 0.674488 0.950212 -2.478509 0.675190 0.915117 -2.451515 0.655675 0.915130 -2.451925 0.662317 0.959996 -2.452026 0.666848 0.861465 -2.450576 0.689533 0.807996 -2.295386 0.885578 0.752387 -2.318542 0.837019 0.772318 -2.315118 0.820055 0.852770 -2.324008 0.820115 0.926471 -2.093818 1.427310 0.864075 -2.112873 1.404359 0.912328 -2.135805 1.431477 0.914719 -2.150939 1.375989 0.947023 -2.128453 1.358159 0.939308 -2.389851 1.720305 0.914710 -2.391167 1.712510 0.958830 -2.388723 1.713141 0.861123 -2.419093 1.718736 0.861154 -2.419193 1.725938 0.916770 -2.365431 1.681552 0.809151 -2.389819 1.695918 0.807512 -2.419183 1.700121 0.805636 -2.334126 1.613212 0.791000 -2.348293 1.653868 0.803363 -3.240973 1.442866 1.158476 -3.243636 1.512992 1.226724 -2.985134 1.518906 1.071861 -2.972365 1.449648 1.000919 -2.766046 1.536894 0.942646 -2.379461 1.078449 0.632912 -2.381940 1.204136 0.623076 -2.476199 1.681994 0.812029 -2.448984 1.695988 0.807996 -2.449913 1.713201 0.861465 -2.448989 1.720379 0.915130 -2.502871 1.655524 0.814416 -2.545929 1.618443 0.827821 -2.625386 1.575165 0.865526 -2.638885 1.590917 0.940768 -2.229668 0.912671 0.748366 -2.263811 0.906443 0.745774 -2.625404 1.587265 1.006324 -2.582697 1.572538 1.048648 -3.082333 0.065341 -0.369782 -3.085164 0.017938 -0.366860 -3.034930 0.068172 -0.366860 -3.047611 0.030619 -0.365540 -2.112469 1.439275 0.515332 -2.085171 1.425567 0.526859 -2.064935 1.419174 0.678559 -2.061820 1.397088 0.536746 
						0.424771 2.876246 -0.355987 0.343382 2.876246 -0.359455 0.339715 2.970872 -0.358448 0.415605 2.966341 -0.355356 0.335183 3.046762 -0.355356 0.395303 3.026460 -0.353960 -2.183882 0.933715 0.634904 -2.172812 0.964770 0.491115 -2.163859 0.998010 0.336678 -2.625962 0.825142 0.865526 -2.639706 0.806886 0.940768 -2.208161 0.916817 0.849682 -2.219949 0.945792 0.919379 -2.181057 1.032239 0.179549 -2.157844 1.022853 0.186958 -2.176605 1.038984 0.051716 -2.153665 1.029213 0.056498 -2.136299 1.285474 0.952568 -2.160143 1.293849 0.964466 -2.175999 1.386060 0.954127 -2.184728 1.299477 0.975165 -2.162306 1.445332 0.916730 -3.141440 -0.029761 -0.355775 -3.202837 -0.019284 -0.355775 -3.200546 -0.010137 -0.361927 -3.141440 -0.019284 -0.362165 -3.253675 0.012212 -0.355775 -3.247950 0.017938 -0.361632 -2.062941 1.018598 -0.034980 -2.039867 1.042367 -0.032666 -2.010086 0.962751 -0.109638 -1.977045 0.993660 -0.108515 -2.022232 1.081982 -0.030890 -1.833003 0.692382 -0.186290 -1.644972 0.496888 -0.204187 -1.426968 0.280613 -0.217737 -2.076461 1.430898 0.787622 -1.209956 0.072616 -0.232204 -1.481452 0.056444 -0.232219 -2.547493 0.753276 0.953871 -2.626444 0.808339 1.006324 -2.520608 0.750635 0.999383 -2.583924 0.821214 1.048648 -1.963177 1.912175 -0.204380 -1.864608 2.128450 -0.217808 -0.490105 -0.093957 -0.305135 -0.820010 -0.170556 -0.305816 -0.785238 -0.023713 -0.334642 -0.452642 0.040437 -0.333113 -1.765034 2.336447 -0.232228 -1.481452 2.352619 -0.232219 -2.112873 0.992842 0.912328 -2.048953 0.948098 -0.110942 -1.966809 0.843977 -0.157890 -1.905815 0.864580 -0.157328 -1.854291 0.908040 -0.156844 -3.141440 0.268179 -0.349385 -3.200546 0.259032 -0.349624 -3.141440 0.278656 -0.355775 -3.202837 0.268179 -0.355775 -3.253675 0.236683 -0.355775 -3.247949 0.230957 -0.349919 -1.922261 2.096450 -0.356128 -1.549633 2.141472 -0.358710 
						-1.548482 1.711274 -0.374131 -1.924337 1.688196 -0.370594 -1.150251 1.717752 -0.375060 -1.149887 1.204531 -0.380477 -1.549306 1.204531 -0.379457 -1.928086 1.204531 -0.375498 -1.950958 2.503020 -0.305135 -1.579100 2.579618 -0.305816 -1.558128 2.432776 -0.334642 -1.932217 2.368626 -0.333113 -3.247949 0.068172 -0.344691 -3.200546 0.065341 -0.341769 -3.235269 0.030619 -0.346010 -3.197716 0.017938 -0.344691 -3.141440 0.012212 -0.344095 -3.141440 0.063050 -0.340817 -3.029204 0.124447 -0.344095 -2.997708 0.124447 -0.349385 -3.006855 0.183554 -0.349624 -3.034930 0.180724 -0.344691 -2.987232 0.124447 -0.355775 -2.997708 0.185845 -0.355775 -3.029205 0.236683 -0.355775 -3.034930 0.230957 -0.349919 -3.047611 0.218277 -0.346010 -3.276024 0.065341 -0.361927 -3.285171 0.124447 -0.362165 -3.285171 0.063050 -0.355775 -3.295648 0.124447 -0.355775 -3.253675 0.012212 -0.355775 -3.247950 0.017938 -0.349919 -3.276024 0.065341 -0.349624 -3.285171 0.063050 -0.355775 -3.285171 0.124447 -0.349385 -3.295648 0.124447 -0.355775 -3.276024 0.183554 -0.349624 -3.285171 0.185845 -0.355775 -3.141440 -0.019284 -0.349385 -3.082334 -0.010137 -0.349624 -3.085164 0.017938 -0.344691 -3.141440 -0.029761 -0.355775 -3.080043 -0.019284 -0.355775 -3.029204 0.012212 -0.355775 -3.034930 0.017938 -0.349919 -3.047611 0.030619 -0.346010 -3.253675 0.236683 -0.355775 -3.247950 0.230957 -0.361632 -3.276024 0.183554 -0.361927 -3.285171 0.185845 -0.355775 -2.089923 1.007329 -0.037668 -2.119048 1.004507 -0.040545 -3.085164 0.230957 -0.344691 -3.082334 0.259032 -0.349624 -3.080042 0.268179 -0.355775 -2.176162 1.390512 -0.046106 -2.148459 1.401750 -0.043421 -2.119047 1.404551 -0.040545 -3.029205 0.236683 -0.355775 -3.034930 0.230957 -0.361632 -3.082333 0.259032 -0.361927 -3.080042 0.268179 -0.355775 -3.141439 0.268179 -0.362165 -3.141440 0.278656 -0.355775 -3.034930 0.068172 -0.344691 
						-3.006856 0.065341 -0.349624 -2.997708 0.063050 -0.355775 -3.029204 0.012212 -0.355775 -3.034930 0.017938 -0.361632 -3.006855 0.065341 -0.361927 -2.997708 0.063050 -0.355775 -2.997708 0.124447 -0.362165 -2.987232 0.124447 -0.355775 -3.082334 0.065341 -0.341769 -3.080042 0.124447 -0.340817 -3.082333 0.183554 -0.341769 -2.148459 1.007309 -0.043421 -2.176162 1.018548 -0.046106 -2.218685 1.081875 -0.050212 -2.200170 1.042276 -0.048421 -2.196523 1.059765 0.047574 -2.048953 1.460966 -0.110942 -2.089923 1.401727 -0.037668 -2.062942 1.390458 -0.034980 -2.022232 1.327072 -0.030890 -2.039866 1.366688 -0.032666 0.339715 2.781621 -0.358448 0.335183 2.705731 -0.355357 0.415605 2.786152 -0.355356 0.395303 2.726033 -0.353960 -2.389379 1.684499 0.988325 -2.200170 1.366783 -0.048421 -2.007613 1.204526 -0.029414 -2.011317 1.270553 -0.029788 -2.011317 1.138500 -0.029788 0.424771 2.876246 -0.331266 0.475194 2.876246 -0.336865 0.460550 2.970872 -0.337117 0.415605 2.966341 -0.331897 0.491966 2.876246 -0.343627 0.475194 2.974540 -0.343627 0.424771 3.055929 -0.343627 0.415605 3.046762 -0.337429 0.395303 3.026460 -0.333293 0.029628 2.781621 -0.350136 0.014984 2.876246 -0.350388 0.074574 2.705731 -0.349824 0.065407 2.696565 -0.343627 0.014984 2.777953 -0.343627 -0.001788 2.876247 -0.343627 0.029628 2.781621 -0.337117 0.014984 2.777953 -0.343627 0.014984 2.876246 -0.336865 -0.001788 2.876247 -0.343627 -3.200547 -0.010137 -0.349624 -3.202837 -0.019284 -0.355775 -2.238746 0.760721 -0.363222 -2.249645 1.204531 -0.367153 -2.227030 0.399688 -0.351126 0.029628 2.970872 -0.337117 0.014984 2.974539 -0.343627 0.339715 2.660785 -0.337117 0.335183 2.705731 -0.331897 0.343382 2.646142 -0.343627 0.424771 2.696565 -0.343627 0.415605 2.705731 -0.337429 0.395303 2.726032 -0.333294 0.065407 3.055928 -0.343627 0.074574 3.046762 -0.349824 
						0.029628 2.970872 -0.350136 0.014984 2.974539 -0.343627 0.335183 3.046762 -0.331897 0.339715 3.091707 -0.337117 0.343382 3.106351 -0.343627 -2.589703 1.583510 -0.232235 -2.630099 1.204531 -0.232240 -2.273026 0.067327 -0.304054 -2.247001 0.173803 -0.330502 0.424771 3.055929 -0.343627 0.415605 3.046762 -0.349824 0.339715 3.091707 -0.350136 0.343382 3.106351 -0.343627 0.245089 3.106351 -0.350388 0.245089 3.123124 -0.343627 -0.171843 0.760721 -0.363222 -0.186394 0.399689 -0.351126 -0.162640 1.204531 -0.367153 -2.286267 2.347844 -0.276066 -2.273026 2.341736 -0.304054 -0.188951 0.173803 -0.330502 -0.221057 0.067327 -0.304054 0.415605 2.786152 -0.331897 0.460550 2.781621 -0.337117 0.475194 2.777953 -0.343627 0.424771 2.696565 -0.343627 0.415605 2.705731 -0.349824 0.460550 2.781621 -0.350136 0.475194 2.777953 -0.343627 0.475194 2.876246 -0.350388 0.491966 2.876246 -0.343627 -2.478302 0.748569 1.021579 -2.513273 0.828574 1.055975 0.339715 2.781621 -0.328805 0.343382 2.876246 -0.327798 -1.209956 2.336447 -0.232205 -2.195890 0.915031 0.755153 0.339715 2.970872 -0.328805 0.245089 2.629370 -0.343627 0.146796 2.646142 -0.343627 0.150463 2.660785 -0.350136 0.245089 2.646142 -0.350388 -2.238746 1.648342 -0.363222 -2.227031 2.009375 -0.351126 -2.249645 1.204531 -0.367153 -0.767760 1.204531 -0.379457 -0.769162 1.711274 -0.374131 -0.319453 0.061220 -0.276064 -0.221057 0.067327 -0.304054 -2.630099 1.204531 -0.232240 -2.589703 0.825552 -0.232235 -2.247001 2.235260 -0.330502 -2.273026 2.341736 -0.304054 -2.317973 1.563104 0.772318 -1.765034 0.072616 -0.232228 -1.966809 1.565085 -0.157890 0.095437 1.643296 -0.329667 0.093782 1.671320 -0.303629 -2.511888 1.563468 1.055975 -2.061820 1.010042 0.536746 -2.459147 0.692855 0.992428 -2.487780 0.700262 0.969062 -2.504863 0.707568 0.926207 -3.243915 1.204465 1.102904 
						-3.242255 1.334039 1.116606 -2.976887 1.337381 0.965418 -2.981869 1.204272 0.955865 -3.200546 0.259032 -0.361927 -3.202837 0.268179 -0.355775 -2.234096 1.204531 -0.051743 -2.230186 1.138432 -0.051348 -3.006855 0.183554 -0.361927 -2.997708 0.185845 -0.355775 -3.082334 -0.010137 -0.361927 -3.080043 -0.019284 -0.355775 -2.201539 1.052641 0.173144 0.150463 3.091707 -0.350136 0.146796 3.106351 -0.343627 0.460550 2.970872 -0.350136 0.475194 2.974540 -0.343627 0.339715 2.660785 -0.350136 0.343382 2.646142 -0.343627 -2.286268 0.061220 -0.276066 -2.273026 0.067327 -0.304054 
					</float_array>
					<technique_common>
						<accessor count="1044" offset="0" source="#meshId2-positions-array" stride="3">
							<param name="X" type="float" />
							<param name="Y" type="float" />
							<param name="Z" type="float" />
						</accessor>
					</technique_common>
				</source>
				<source id="meshId2-normals" name="meshId2-normals">
					<float_array id="meshId2-normals-array" count="3132"> 
						-0.103124 0.000000 -0.994669 -0.104174 -0.026910 -0.994195 -0.251913 -0.056460 -0.966101 -0.252946 0.000000 -0.967481 -0.100773 -0.054830 -0.993397 -0.211985 -0.120299 -0.969841 -0.601944 -0.382394 -0.701027 -0.696822 -0.174780 -0.695623 -0.705210 0.000000 -0.708999 -0.601944 -0.382394 -0.701027 -0.805265 -0.492895 0.329549 -0.930219 -0.230520 0.285576 -0.696822 -0.174780 -0.695623 -0.332242 -0.176732 0.926489 -0.420048 -0.091207 0.902907 -0.447338 0.000000 0.894365 -0.966368 0.000000 0.257163 -0.705210 0.000000 -0.708999 -0.447338 0.000000 0.894365 -0.420048 0.091207 0.902907 -0.930218 0.230520 0.285577 -0.966368 0.000000 0.257163 -0.332241 0.176732 0.926489 -0.805264 0.492895 0.329551 -0.601944 0.382394 -0.701026 -0.696822 0.174780 -0.695623 -0.705210 0.000000 -0.708999 -0.000000 -0.000000 -1.000000 -0.000000 -0.040953 -0.999161 -0.039953 -0.039953 -0.998402 -0.040953 -0.000000 -0.999161 0.000000 -0.119120 -0.992880 -0.052747 -0.120709 -0.991286 -0.110830 -0.110829 -0.987640 -0.120710 -0.052747 -0.991285 -0.119120 0.000000 -0.992880 0.119120 0.000000 -0.992880 0.040953 -0.000000 -0.999161 0.039953 0.039953 -0.998402 0.120710 0.052747 -0.991285 -0.000000 0.040953 -0.999161 0.000000 0.119119 -0.992880 0.052747 0.120710 -0.991286 0.110830 0.110831 -0.987640 -0.601944 0.382394 -0.701026 -0.211984 0.120299 -0.969841 -0.251913 0.056460 -0.966102 -0.696822 0.174780 -0.695623 -0.100773 0.054830 -0.993397 -0.104175 0.026910 -0.994195 -0.103124 0.000000 -0.994669 -0.252946 0.000000 -0.967481 -0.705210 0.000000 -0.708999 -0.113117 0.059259 0.991813 -0.126150 0.064622 0.989904 -0.076879 0.082068 0.993657 -0.067872 0.074644 0.994898 -0.217668 0.104168 0.970448 -0.137665 0.136750 0.980993 -0.069616 0.145669 0.986881 -0.037318 0.084875 0.995692 -0.032129 0.075864 0.996600 0.038227 0.000000 0.999269 0.050652 -0.000000 0.998716 
						0.049906 0.009246 0.998711 0.037590 0.006800 0.999270 0.091779 -0.000000 0.995779 0.090623 0.017128 0.995738 0.085869 0.042285 0.995409 0.046757 0.022251 0.998658 0.034962 0.016120 0.999259 0.327141 0.132746 0.935605 0.359645 0.069571 0.930492 0.380869 0.074069 0.921658 0.447136 0.124058 0.885821 0.369598 -0.000279 0.929192 0.347919 -0.000223 0.937524 0.335793 -0.000045 0.941936 0.405780 0.115844 0.906599 0.628671 0.249058 0.736710 0.030397 0.062735 -0.997567 0.010355 0.060329 -0.998125 0.022757 0.146254 -0.988985 0.078179 0.171857 -0.982015 0.000129 0.059496 -0.998229 0.000734 0.138907 -0.990305 0.019573 0.641818 -0.766607 0.165554 0.816768 -0.552704 0.426480 0.881545 -0.202467 0.019397 0.044414 0.998825 0.028965 0.029275 0.999152 0.038924 0.041091 0.998397 0.025841 0.062760 0.997694 0.073022 0.081264 0.994014 0.049325 0.129300 0.990378 -0.002617 0.194173 0.980964 0.021236 0.169900 0.985232 0.085133 0.869126 0.487209 -0.018495 0.924187 0.381493 0.194549 0.643305 0.740479 0.426480 0.881545 -0.202467 0.165554 0.816768 -0.552704 0.019573 0.641818 -0.766607 0.209196 0.273257 0.938918 0.198161 0.106177 0.974402 0.843429 0.494541 0.209896 0.671769 0.740673 -0.011410 -0.017825 0.000000 -0.999841 -0.006393 0.000000 -0.999980 -0.006779 -0.023273 -0.999706 -0.018550 -0.022985 -0.999564 0.000058 0.000000 -1.000000 0.000067 -0.023324 -0.999728 0.000129 -0.059496 -0.998229 -0.009142 -0.059725 -0.998173 -0.025023 -0.060800 -0.997836 0.020964 0.000000 -0.999780 0.021866 0.023215 -0.999491 0.053162 0.022330 -0.998336 0.053400 0.000000 -0.998573 0.075838 0.068162 -0.994788 0.148470 0.059308 -0.987137 0.150465 0.029258 -0.988182 0.147871 -0.000000 -0.989007 0.671769 0.740673 -0.011410 0.281967 0.247155 -0.927043 0.843429 0.494541 0.209896 0.663332 0.243491 -0.707603 
						0.199076 -0.000000 0.979984 0.197484 0.038582 0.979547 0.836677 -0.000000 0.547696 0.829601 0.186937 0.526134 0.090623 -0.017128 0.995738 0.197484 -0.038582 0.979547 0.085869 -0.042285 0.995409 0.198160 -0.106177 0.974402 0.843429 -0.494542 0.209895 0.829602 -0.186937 0.526132 0.000000 0.000000 1.000000 0.000000 0.040953 0.999161 -0.039953 0.039953 0.998402 -0.040953 0.000000 0.999161 0.000000 0.119119 0.992880 -0.052747 0.120710 0.991285 -0.110831 0.110832 0.987640 -0.120710 0.052748 0.991285 -0.119120 -0.000000 0.992880 0.105980 0.979020 -0.174033 -0.099252 0.976543 -0.191085 -0.016655 0.977419 -0.210651 0.142933 0.971503 -0.189084 -0.383902 0.898192 -0.214173 -0.223949 0.942505 -0.248054 -0.052457 0.974277 -0.219166 0.048817 0.983384 -0.174848 0.158264 0.975857 -0.150520 0.843429 -0.494542 0.209895 0.663331 -0.243490 -0.707605 0.753508 -0.104279 -0.649116 0.829602 -0.186937 0.526132 0.148470 -0.059308 -0.987137 0.150465 -0.029258 -0.988182 0.757498 0.000000 -0.652837 0.836677 -0.000000 0.547696 -0.017685 -0.139233 -0.990102 -0.051452 -0.144971 -0.988097 0.000734 -0.138907 -0.990305 0.019573 -0.641818 -0.766607 -0.056808 -0.581686 -0.811427 -0.180664 -0.561553 -0.807476 0.019397 -0.044414 0.998825 0.025841 -0.062760 0.997694 0.038924 -0.041091 0.998397 0.028965 -0.029275 0.999152 0.049325 -0.129300 0.990378 0.073022 -0.081264 0.994014 0.046757 -0.022251 0.998658 0.034962 -0.016121 0.999259 -0.002617 -0.194173 0.980964 -0.034599 -0.214871 0.976029 -0.145578 -0.932368 0.330903 -0.018496 -0.924186 0.381494 -0.096765 -0.232626 0.967741 -0.339081 -0.884454 0.320571 -0.180664 -0.561553 -0.807476 -0.056808 -0.581686 -0.811427 0.019573 -0.641818 -0.766607 -0.032129 -0.075864 0.996600 -0.067872 -0.074644 0.994898 -0.096138 -0.107187 0.989580 -0.045016 -0.108030 0.993128 -0.113117 -0.059259 0.991813 
						-0.160960 -0.085025 0.983292 -0.203293 -0.228230 0.952147 0.037590 -0.006800 0.999270 0.049906 -0.009246 0.998711 -0.744141 -0.266562 0.612535 -0.809674 -0.115751 0.575352 -0.517946 -0.087814 0.850894 -0.439298 -0.185663 0.878946 -0.823448 0.000000 0.567391 -0.537077 -0.000000 0.843533 -0.290487 -0.000000 0.956879 -0.274271 -0.053242 0.960177 -0.217668 -0.104168 0.970448 0.020964 0.000000 -0.999780 0.021866 -0.023215 -0.999491 0.007537 -0.023358 -0.999699 0.007092 0.000000 -0.999975 0.030396 -0.062735 -0.997567 0.010355 -0.060329 -0.998125 -0.418631 -0.143776 -0.896703 -0.384631 -0.293942 -0.875018 -0.073873 -0.351883 -0.933124 -0.321430 -0.192816 -0.927095 -0.338941 -0.680979 -0.649143 0.522347 -0.522550 -0.673866 0.688359 -0.412185 -0.596879 0.231332 -0.379191 -0.895935 -0.191364 -0.291125 -0.937351 0.098431 0.993870 -0.050328 0.153702 0.987869 -0.022137 0.124281 0.987700 -0.094885 0.288455 0.939431 0.185103 0.148202 0.961328 0.232130 0.148537 0.951847 0.268185 0.949560 0.312856 -0.021370 0.940717 0.266360 0.210007 0.926334 0.265461 0.267274 0.938820 0.344233 0.010988 0.820386 0.243599 0.517326 0.782623 0.200564 0.589301 0.838331 0.406718 0.363017 0.830706 0.554367 0.051049 -0.346793 0.686528 -0.639072 0.623936 0.734712 -0.266275 0.214922 0.957280 -0.193453 -0.200335 0.925238 -0.322182 0.559522 0.820693 0.115747 0.626850 0.614075 0.479553 0.511178 0.361283 0.779854 0.380769 0.408983 0.829305 0.387567 0.727183 0.566566 0.473014 0.173743 0.863754 0.512618 0.073902 0.855430 0.212340 0.033386 0.976625 0.193641 0.077310 0.978022 0.521945 0.000000 0.852979 0.217040 -0.000000 0.976163 0.088899 0.000000 0.996041 0.087008 0.014575 0.996101 0.079564 0.033781 0.996257 0.219818 0.752341 0.621018 0.287535 0.413043 0.864129 0.268415 0.387479 0.881937 0.185912 0.731525 0.655979 
						0.359384 -0.068734 0.930655 0.381184 -0.073367 0.921583 0.326807 -0.127197 0.936493 0.448925 -0.120021 0.885472 0.635173 -0.242896 0.733183 0.406332 -0.114678 0.906501 -0.056808 0.581684 -0.811429 -0.145578 0.932369 0.330902 -0.180664 0.561551 -0.807478 -0.339081 0.884455 0.320569 -0.096765 0.232625 0.967741 -0.034599 0.214871 0.976029 -0.163420 -0.034151 0.985965 -0.126150 -0.064621 0.989904 -0.175024 0.000000 0.984564 -0.157674 -0.000000 0.987491 -0.146901 -0.031437 0.988651 -0.301162 0.265473 0.915874 -0.162802 0.299785 0.940013 -0.439297 0.185663 0.878946 -0.744135 0.266561 0.612542 -0.582779 0.439508 0.683521 -0.354863 0.558951 0.749430 -0.290487 -0.000000 0.956879 -0.274271 0.053243 0.960177 -0.163420 0.034151 0.985965 -0.175024 0.000000 0.984564 -0.146901 0.031436 0.988652 -0.157674 -0.000000 0.987491 -0.026386 -0.598682 0.800552 -0.157523 -0.601297 0.783344 -0.066398 -0.302420 0.950859 -0.008327 -0.291093 0.956659 -0.354870 -0.558959 0.749421 -0.162802 -0.299785 0.940013 -0.069616 -0.145669 0.986881 -0.026550 -0.141896 0.989525 -0.002017 -0.133783 0.991009 -0.039953 0.039953 -0.998402 -0.052747 0.120709 -0.991286 -0.120710 0.052747 -0.991286 -0.110830 0.110830 -0.987640 -0.045015 0.108030 0.993128 -0.096138 0.107188 0.989580 -0.203293 0.228229 0.952147 -0.160961 0.085025 0.983292 -0.002017 0.133783 0.991009 0.019705 0.116828 0.992957 0.010628 0.065470 0.997798 -0.000538 0.075062 0.997179 0.043913 0.089518 0.995017 0.023329 0.050236 0.998465 0.008683 0.057264 0.998321 -0.000375 0.065214 0.997871 0.512622 -0.073900 0.855428 0.212340 -0.033385 0.976625 0.473020 -0.173745 0.863750 0.193641 -0.077310 0.978022 0.079563 -0.033781 0.996257 0.087008 -0.014575 0.996101 0.065007 0.059582 0.996104 0.034430 0.033189 0.998856 0.041771 0.018569 0.998955 0.041771 -0.018569 0.998955 
						0.034430 -0.033189 0.998856 0.065007 -0.059582 0.996104 0.043913 -0.089518 0.995017 0.023329 -0.050235 0.998465 0.165554 -0.816767 -0.552706 0.085133 -0.869126 0.487208 0.426480 -0.881545 -0.202466 0.194549 -0.643307 0.740477 0.021236 -0.169900 0.985233 0.045330 0.007944 0.998940 0.046222 0.000000 0.998931 0.583785 -0.743547 0.326086 0.639249 -0.766943 0.056201 0.868111 -0.482564 0.116257 0.814708 -0.467373 0.343239 0.653429 -0.752925 -0.078323 0.876543 -0.481109 -0.014332 0.968081 -0.248876 0.029651 0.957334 -0.243035 0.156354 0.909044 -0.227282 0.349260 0.045330 -0.007944 0.998940 -0.582787 -0.439510 0.683513 -0.301162 -0.265473 0.915874 -0.137665 -0.136750 0.980993 0.506176 0.163917 0.846709 0.262862 0.213403 0.940937 0.527206 0.262748 0.808095 0.170727 0.347044 0.922178 -0.013536 -0.080775 0.996640 -0.000538 -0.075062 0.997179 -0.037318 -0.084875 0.995692 -0.011351 -0.070949 0.997415 -0.000375 -0.065214 0.997871 -0.157518 0.601283 0.783356 -0.066398 0.302420 0.950859 -0.026382 0.598663 0.800566 -0.008328 0.291093 0.956658 -0.026550 0.141896 0.989525 -0.076879 -0.082068 0.993657 0.247829 0.448466 0.858754 0.384652 0.307714 0.870261 0.156795 0.135362 0.978311 0.103983 0.200611 0.974137 -0.499605 0.000136 -0.866253 -0.477917 0.087702 -0.874016 -0.588706 0.163619 -0.791614 -0.661701 0.000181 -0.749768 -0.418458 0.147088 -0.896247 -0.383668 0.300831 -0.873098 -0.828964 0.195139 -0.524157 -0.868877 0.000204 -0.495027 0.378465 0.151994 0.913051 0.326827 0.000160 0.945084 0.326567 0.000204 0.945174 0.343007 0.164552 0.924807 0.377028 -0.151068 0.913799 0.514454 -0.358061 0.779185 0.373602 -0.411713 0.831212 0.337609 -0.164654 0.926773 0.998322 0.000073 0.057898 0.993610 -0.100564 0.051235 0.994460 -0.103245 -0.019750 0.999894 0.000044 -0.014535 0.966691 -0.253088 -0.038141 
						0.964025 -0.259985 -0.055343 0.993509 -0.106354 -0.040352 0.999342 0.000028 -0.036266 0.319919 -0.162562 0.933395 0.340617 -0.000093 0.940202 0.268649 -0.421024 0.866353 0.244498 -0.399620 0.883473 0.333566 -0.147894 0.931054 0.369679 -0.000402 0.929159 0.847792 -0.528592 0.042889 0.581482 -0.806775 0.104847 0.641083 -0.605149 0.472024 0.850426 -0.389269 0.353900 0.289325 -0.941697 0.171747 0.384179 -0.732963 0.561402 0.979112 -0.095521 0.179489 0.926894 -0.083457 0.365926 0.982138 0.000051 0.188161 0.926188 -0.000048 0.377062 -0.000000 0.079199 0.996859 0.000000 0.262469 0.964941 -0.100578 0.261163 0.960041 -0.035133 0.080367 0.996146 0.000001 1.000000 -0.000002 -0.343742 0.939064 -0.000003 -0.707109 0.707105 -0.000001 -0.210614 0.210615 0.954611 -0.073886 0.073887 0.994526 0.968031 0.248444 0.034531 0.956338 0.241909 0.164008 0.978545 0.095429 0.182601 0.993498 0.100617 0.053280 0.906064 0.224706 0.358546 0.925542 0.083010 0.369433 0.444607 -0.000428 0.895726 0.424801 -0.096332 0.900146 0.506255 -0.065480 0.859894 0.515477 -0.000262 0.856903 0.410728 -0.283298 0.866628 0.540397 -0.198651 0.817624 0.647162 -0.115763 0.753512 0.641162 -0.047503 0.765934 0.638914 -0.000147 0.769278 0.103082 -0.978734 -0.177351 0.336041 -0.928019 -0.160799 0.354446 -0.918864 -0.173369 0.137008 -0.971096 -0.195449 0.637480 -0.759594 -0.128980 0.650126 -0.748540 -0.130476 0.353308 -0.925899 -0.133734 0.147260 -0.975688 -0.162319 0.082646 0.598058 0.797180 -0.300760 0.660009 0.688427 -0.145829 0.521680 0.840586 0.025692 0.895161 0.445002 -0.341034 0.861139 0.377010 -0.587700 0.766258 0.259726 -0.575103 0.709785 0.406770 -0.386128 0.732230 0.561020 0.645014 0.112772 0.755804 0.639962 0.046672 0.766988 0.805972 0.059869 0.588918 0.783590 0.182310 0.593927 0.800276 -0.000151 0.599631 
						0.807688 -0.060690 0.586478 0.787752 -0.186415 0.587109 -0.505916 0.853879 -0.122225 -0.798469 0.589814 -0.120697 -0.711324 0.665698 -0.225531 -0.568105 0.821129 0.054806 -0.830784 0.555394 0.036536 -0.955079 0.295135 0.026823 -0.945076 0.308542 -0.107855 -0.914555 0.348111 -0.205934 -0.069996 0.365318 -0.928248 0.515785 0.541869 -0.663584 -0.320807 0.201408 -0.925483 -0.189666 0.312269 -0.930868 0.233575 0.401842 -0.885419 0.685080 0.435899 -0.583659 -0.490240 0.161535 -0.856488 -0.499480 0.224906 -0.836622 -0.522222 0.370208 -0.768265 -0.583705 0.425299 -0.691671 -0.626018 0.475040 -0.618416 -0.474104 0.323401 -0.818924 0.993768 -0.111292 -0.006233 0.999994 0.000015 -0.003493 0.962145 -0.272043 -0.016419 0.947675 -0.286903 0.139994 0.983055 -0.117448 0.140742 0.990010 0.000006 0.140994 -0.585902 0.802567 -0.112276 -0.516583 0.833131 0.197571 -0.675816 0.730295 0.099713 -0.688239 0.713791 -0.129731 -0.616869 0.786449 0.031163 -0.611095 0.774855 -0.161747 -0.547860 0.681208 -0.485597 -0.319920 0.738933 -0.592984 -0.398017 0.512103 -0.761139 -0.614927 0.554594 -0.560616 -0.018175 0.770413 -0.637287 -0.076050 0.527170 -0.846350 0.322481 0.538998 -0.778131 0.306410 0.742103 -0.596151 0.596588 0.648542 -0.472733 0.680820 0.500162 -0.535091 0.330571 -0.943764 -0.005629 0.134083 -0.990069 -0.042243 0.289998 -0.914113 0.283371 0.117266 -0.962991 0.242685 -0.823448 0.000000 0.567391 -0.809672 0.115750 0.575355 -0.517945 0.087813 0.850895 -0.537077 -0.000000 0.843533 0.315571 0.896438 0.311150 0.347980 0.937337 0.017587 0.593305 0.724795 0.350229 0.647012 0.758552 0.077298 0.658807 0.749468 -0.065350 0.363595 0.923803 -0.119942 -0.000000 -0.000000 1.000000 -0.000000 0.027093 0.999633 -0.026444 0.026444 0.999300 -0.027094 -0.000000 0.999633 -0.080367 0.035134 0.996146 -0.079198 0.000000 0.996859 
						0.481893 -0.565932 0.668954 0.264453 -0.696589 0.666954 0.301525 -0.352691 0.885829 0.151001 -0.751113 0.642673 -0.080367 -0.035133 0.996146 -0.026444 -0.026444 0.999300 -0.073886 -0.073886 0.994526 -0.035133 -0.080367 0.996146 0.000000 -0.079198 0.996859 0.000000 -0.027094 0.999633 0.050126 -0.993578 -0.101436 0.297639 -0.950529 -0.088912 -0.007151 -0.996411 0.084344 0.241320 -0.965169 0.101064 0.567060 -0.814526 0.122435 0.613466 -0.786900 -0.066689 0.855711 -0.516071 -0.037803 0.829237 -0.542093 0.136019 0.865052 -0.494131 -0.086720 -0.474995 -0.298630 -0.827768 -0.499431 -0.212501 -0.839888 -0.634884 -0.437496 -0.636804 -0.590183 -0.400533 -0.700898 -0.525874 -0.358782 -0.771189 -0.490348 -0.156785 -0.857308 -0.987821 0.121625 -0.097043 -0.974042 0.130653 -0.184856 -0.992458 0.119926 0.025383 -0.999663 0.000007 0.025943 -0.995615 0.000030 -0.093549 -0.983909 0.000083 -0.178673 0.000001 0.079199 -0.996859 0.000000 0.027094 -0.999633 -0.026444 0.026444 -0.999300 -0.035133 0.080367 -0.996146 -0.000000 -0.000000 -1.000000 -0.027094 0.000000 -0.999633 -0.079199 0.000000 -0.996859 -0.080367 0.035133 -0.996146 -0.073887 0.073886 -0.994526 -0.383874 -0.897667 -0.216412 -0.223237 -0.941510 -0.252438 -0.501833 -0.805647 -0.314796 -0.710832 -0.665626 -0.227288 -0.050457 -0.972570 -0.227072 -0.189582 -0.924275 -0.331322 -0.830468 -0.449962 -0.328415 -0.914474 -0.347791 -0.206829 -0.955095 -0.295093 0.026711 -0.945080 -0.308412 -0.108194 -0.987822 -0.121523 -0.097164 -0.992462 -0.119900 0.025342 -0.974026 -0.130366 -0.185142 -0.983909 0.000083 -0.178673 -0.995615 0.000030 -0.093549 -0.999663 0.000007 0.025943 -0.450629 -0.490486 -0.745894 -0.489291 -0.201370 -0.848554 -0.491040 -0.174161 -0.853550 -0.471273 -0.440468 -0.764127 -0.492686 0.000118 -0.870207 -0.489799 0.000111 -0.871835 -0.479944 0.000143 -0.877299 -0.489358 -0.131782 -0.862069 
						-0.943981 -0.152500 -0.292650 -0.828782 -0.193455 -0.525067 -0.868877 0.000204 -0.495027 -0.958595 0.000154 -0.284773 0.993530 0.106392 -0.039738 0.994477 0.103290 -0.018598 0.964130 0.259904 -0.053888 0.966848 0.252885 -0.035409 0.169009 -0.318868 0.932609 0.534136 -0.241694 0.810113 0.509461 -0.154121 0.846579 0.262343 -0.198490 0.944340 0.827495 -0.225407 0.514242 0.787458 -0.189706 0.586448 -0.944042 0.153295 -0.292038 -0.958595 0.000154 -0.284773 -0.831065 0.450784 -0.325767 0.328960 0.160830 0.930548 0.343877 0.144773 0.927787 0.947638 0.286888 0.140276 0.962164 0.272018 -0.015730 0.993767 0.111315 -0.005941 0.983037 0.117457 0.140861 0.639110 0.758841 -0.125294 0.614100 0.786551 -0.064961 0.298767 0.950341 -0.087120 0.338826 0.927663 -0.156964 0.567195 0.814328 0.123126 0.241645 0.965011 0.101788 -0.006781 0.996360 0.084975 0.051318 0.993675 -0.099880 -0.970675 0.000002 0.240395 -0.962101 0.121992 0.243883 -0.919138 0.292642 0.263717 0.000002 -1.000000 -0.000001 0.000001 -0.262471 0.964940 -0.100579 -0.261166 0.960040 -0.343743 -0.939064 -0.000002 -0.210616 -0.210617 0.954610 -0.707106 -0.707108 -0.000004 -0.186588 0.976075 -0.111637 -0.251654 0.965127 0.072112 -0.505196 0.805280 -0.310326 0.405072 -0.000493 0.914285 0.371980 -0.124063 0.919913 -0.349885 -0.789651 -0.504016 -0.291475 -0.846735 -0.445064 -0.441562 -0.742774 -0.503298 -0.219974 -0.973366 -0.064579 -0.081444 -0.996249 -0.029231 0.017640 -0.996181 0.085506 0.956474 -0.290398 -0.028740 0.913320 -0.398677 -0.083089 0.862708 -0.419955 -0.281732 0.900065 -0.348127 -0.262088 0.741177 -0.647541 -0.177049 0.683644 -0.639266 -0.352093 0.613135 -0.600774 -0.512967 0.687404 -0.464947 -0.557943 0.220973 -0.851676 0.475204 0.295199 -0.786677 0.542215 0.060230 -0.891277 0.449441 0.284869 -0.498812 0.818557 0.415321 -0.491318 0.765581 
						0.445863 -0.456465 0.769965 0.028702 0.995693 0.088161 0.301700 0.785675 0.540084 0.231410 0.849766 0.473653 -0.065455 0.997586 -0.023177 0.448496 0.457481 0.767829 0.419105 0.492828 0.762543 0.294099 0.505457 0.811184 0.085435 0.890095 0.447697 -0.187657 0.980973 -0.049758 -0.475726 -0.087291 -0.875252 -0.469762 0.000133 -0.882793 -0.499605 0.000136 -0.866253 -0.477928 -0.086726 -0.874107 0.000000 -0.027094 -0.999633 -0.026444 -0.026444 -0.999300 0.000000 -0.079198 -0.996859 -0.035133 -0.080367 -0.996146 -0.073887 -0.073887 -0.994526 -0.080367 -0.035133 -0.996146 -0.469762 0.000133 -0.882793 -0.475707 0.088393 -0.875151 -0.479944 0.000143 -0.877299 -0.489034 0.133156 -0.862041 0.518670 0.000062 0.854975 0.504224 -0.192852 0.841763 0.492024 -0.194313 0.848619 0.509465 -0.000097 0.860491 0.448833 -0.166399 0.877986 0.473926 -0.000154 0.880565 0.449993 0.168168 0.877055 0.386861 0.116231 0.914783 0.292656 0.256092 0.921287 0.416083 -0.000229 0.909327 0.386001 -0.114446 0.915372 0.289395 -0.245683 0.925143 0.505065 0.193502 0.841110 0.493031 0.195104 0.847853 0.079944 -0.565205 0.821067 0.507601 -0.467601 0.723665 0.024545 -0.889870 0.455553 0.452391 -0.792699 0.408621 0.743736 -0.604489 0.285394 0.818728 -0.372459 0.436989 0.947221 -0.246853 0.204538 0.921858 -0.365029 0.130126 0.766948 -0.641061 0.028851 0.865561 0.493693 -0.084090 0.855880 0.515880 -0.036561 0.829220 0.541993 0.136520 0.315862 -0.692074 -0.649049 0.323998 -0.499371 -0.803526 -0.020129 -0.717507 -0.696260 -0.078564 -0.484461 -0.871278 -0.404172 -0.467339 -0.786282 -0.333919 -0.683280 -0.649328 -0.571660 -0.622427 -0.534593 -0.628645 -0.504762 -0.591626 0.906457 0.398281 0.140385 0.800184 0.406833 0.440672 0.898537 0.433642 -0.067725 0.708728 0.691530 -0.139611 0.729219 0.682117 0.054360 0.706803 0.644816 0.290934 
						0.345933 -0.824484 -0.447835 0.396226 -0.879085 -0.264979 0.000399 -0.954752 -0.297403 -0.002895 -0.871676 -0.490074 -0.641240 -0.753419 -0.145504 -0.669870 -0.622542 -0.404617 -0.718727 -0.589902 -0.368031 -0.738210 -0.653549 -0.167094 -0.618901 -0.685200 -0.384010 -0.660124 -0.720406 -0.212725 0.416281 -0.909109 -0.015197 0.004179 -0.999890 -0.014215 -0.648763 -0.718945 0.249451 -0.676425 -0.736495 -0.004981 -0.388442 -0.920976 -0.030274 -0.386525 -0.840595 0.379472 -0.376900 -0.884375 -0.275366 -0.337152 -0.824020 -0.455324 0.646107 -0.712195 -0.274451 0.870858 -0.420476 -0.254571 0.946428 -0.322877 0.005046 0.932384 -0.249407 0.261641 0.812879 0.457661 0.360242 0.677671 0.357799 0.642450 0.492262 0.542101 0.681032 0.419499 0.271343 0.866253 0.540335 0.191965 0.819260 0.376050 0.926250 0.025442 0.417066 0.812328 0.407650 0.363206 0.909906 -0.200381 0.001065 0.975466 -0.220148 0.004947 0.999508 0.030984 0.660117 0.684650 -0.309031 0.323197 0.867407 -0.378351 -0.001993 0.912239 -0.409653 0.893551 0.371660 -0.251866 0.851203 0.454295 -0.262812 -0.447883 0.493804 -0.745358 -0.282908 0.851548 -0.441395 -0.338850 0.798260 -0.497959 -0.468076 0.445928 -0.762924 -0.422406 0.762172 -0.490579 -0.588705 -0.161902 -0.791969 -0.661701 0.000181 -0.749768 -0.584401 0.741942 -0.328628 -0.311082 0.870937 -0.380390 -0.339745 0.918006 -0.204544 -0.342850 0.939263 0.015464 -0.687057 0.647501 -0.329689 -0.639304 0.671816 -0.374104 -0.544527 0.711395 -0.444306 -0.392258 0.915884 -0.085379 0.127049 -0.986091 -0.107159 0.235404 -0.949835 -0.205910 -0.213639 0.912916 0.347768 -0.031887 0.680925 0.731658 0.039953 -0.039954 -0.998402 0.052747 -0.120710 -0.991285 0.120709 -0.052747 -0.991286 0.110830 -0.110831 -0.987640 0.360119 0.918023 -0.165976 0.653358 0.746921 -0.123422 0.877694 0.479191 -0.005361 0.872975 0.482465 -0.071705 
						0.079199 -0.000000 -0.996859 0.027094 -0.000000 -0.999633 0.026444 0.026444 -0.999300 0.080367 0.035133 -0.996146 0.035133 0.080367 -0.996146 0.073886 0.073886 -0.994526 0.042026 -0.981982 -0.184243 -0.020284 -0.976224 -0.215811 -0.101065 -0.975822 -0.193797 -0.570702 -0.676865 -0.464923 -0.443331 -0.889406 -0.111420 0.126200 -0.968848 0.213089 0.193887 -0.766444 0.612350 -0.506083 -0.853638 -0.123213 -0.187386 -0.975776 -0.112906 -0.568228 -0.821069 0.054433 -0.251937 -0.965091 0.071602 0.507027 0.063864 0.859561 0.429042 0.093559 0.898426 0.320916 0.338695 0.884476 0.380144 0.120651 0.917024 0.292318 0.671362 0.681046 -0.000000 -1.000000 -0.000002 -0.343647 -0.939099 -0.000000 -0.140722 -0.368347 -0.918977 0.000000 -0.372522 -0.928023 -0.707104 -0.707110 0.000000 -0.294919 -0.294913 -0.908872 0.445779 -0.733426 0.513193 0.689383 -0.499700 0.524454 0.247837 -0.448478 0.858746 0.384663 -0.307721 0.870254 0.815801 -0.270323 0.511267 0.019705 -0.116828 0.992957 0.010628 -0.065470 0.997798 0.008683 -0.057264 0.998321 0.868519 0.478146 0.130581 0.011296 -0.080558 0.996686 -0.000723 -0.091329 0.995821 -0.584080 -0.791668 0.179197 -0.267627 -0.900819 0.341906 -0.440182 -0.694254 0.569430 -0.063772 -0.662844 0.746037 -0.013536 0.080775 0.996640 -0.011351 0.070949 0.997415 0.426480 -0.881545 -0.202466 0.165554 -0.816767 -0.552706 0.022757 -0.146254 -0.988985 0.078179 -0.171857 -0.982015 -0.015823 0.100040 0.994858 -0.000723 0.091329 0.995821 0.679830 -0.370836 0.632702 0.097249 -0.552851 0.827586 0.044427 -0.258047 0.965110 0.103983 -0.200611 0.974137 0.156795 -0.135362 0.978311 -0.000000 0.372523 0.928023 -0.140721 0.368344 0.918978 -0.000001 1.000000 0.000002 -0.343645 0.939100 0.000003 -0.707107 0.707107 0.000004 -0.294909 0.294911 0.908876 -0.025023 0.060800 -0.997836 -0.009142 0.059725 -0.998173 
						-0.006779 0.023273 -0.999706 -0.018550 0.022985 -0.999564 0.000067 0.023324 -0.999728 0.000058 0.000000 -1.000000 -0.006393 0.000000 -0.999980 -0.017825 0.000000 -0.999841 -0.180664 0.561551 -0.807478 -0.056808 0.581684 -0.811429 -0.017685 0.139233 -0.990102 -0.051452 0.144971 -0.988097 -0.120710 -0.052746 0.991286 -0.039953 -0.039952 0.998402 -0.110831 -0.110829 0.987640 -0.052747 -0.120710 0.991285 0.000000 -0.119119 0.992880 0.000000 -0.040953 0.999161 0.119120 0.000000 0.992880 0.372519 0.000000 0.928025 0.368345 0.140723 0.918977 0.120710 0.052746 0.991285 1.000000 0.000000 0.000008 0.939101 0.343643 0.000003 0.707101 0.707113 0.000003 0.294918 0.294914 0.908872 0.110832 0.110831 0.987640 -0.368346 -0.140724 -0.918977 -0.372518 0.000001 -0.928025 -0.939099 -0.343647 0.000000 -1.000000 0.000001 0.000002 -0.707104 -0.707110 0.000000 -0.294918 -0.294914 0.908872 -0.368345 -0.140723 0.918977 -0.939099 -0.343647 0.000000 -0.372514 -0.000000 0.928026 -1.000000 0.000001 0.000002 -0.368340 0.140722 0.918979 -0.939099 0.343647 0.000004 0.000001 -0.372524 0.928023 0.140723 -0.368347 0.918977 0.052748 -0.120711 0.991285 -0.000000 -1.000000 -0.000002 0.343642 -0.939101 0.000002 0.707106 -0.707108 0.000009 0.294909 -0.294912 0.908876 0.110832 -0.110832 0.987640 -0.707107 0.707107 0.000004 -0.294914 0.294912 -0.908874 -0.368342 0.140723 -0.918978 -0.939099 0.343647 0.000004 0.169052 -0.864933 0.472559 -0.039205 -0.897418 0.439436 0.052748 0.120711 0.991285 0.140722 0.368348 0.918976 0.343647 0.939099 0.000003 -0.534554 0.757050 0.375670 -0.250957 0.873397 0.417372 -0.039137 0.897333 0.439616 0.707101 0.707113 0.000003 0.294919 0.294916 -0.908871 0.140724 0.368350 -0.918975 0.343647 0.939099 0.000003 0.000001 0.372525 -0.928022 -0.000001 1.000000 0.000002 0.120711 -0.052747 0.991285 
						0.368341 -0.140721 0.918979 0.939101 -0.343642 0.000011 0.707106 -0.707108 0.000009 0.294916 -0.294916 -0.908872 0.368352 -0.140724 -0.918974 0.939101 -0.343642 0.000011 0.372526 0.000000 -0.928022 1.000000 0.000000 0.000008 0.039953 -0.039953 0.998402 0.040953 -0.000000 0.999161 0.039954 0.039952 0.998402 -0.251025 -0.873447 0.417226 -0.534606 -0.757066 0.375563 -0.919151 -0.292633 0.263681 -0.787691 -0.530811 0.312702 -0.830823 -0.555351 0.036308 0.097249 0.552831 0.827599 0.169092 0.864818 0.472755 0.445748 0.733322 0.513368 0.815755 0.270317 0.511344 0.689317 0.499653 0.524585 0.026444 -0.026444 -0.999300 0.035133 -0.080367 -0.996146 0.080368 -0.035133 -0.996146 0.073887 -0.073886 -0.994526 0.490049 0.501940 0.712677 -0.787660 0.530816 0.312770 0.868036 0.000004 0.496501 0.858987 0.111782 0.499645 0.859008 -0.111774 0.499612 0.079198 0.000000 0.996859 0.262469 -0.000001 0.964940 0.261163 0.100577 0.960041 0.080367 0.035133 0.996146 1.000000 0.000002 -0.000003 0.939065 0.343739 -0.000002 0.707104 0.707109 0.000001 0.210613 0.210611 0.954612 0.073887 0.073886 0.994526 -0.261161 -0.100577 -0.960041 -0.262467 0.000000 -0.964941 -0.210613 -0.210614 -0.954612 -0.707106 -0.707108 -0.000004 -0.939064 -0.343742 -0.000004 -1.000000 0.000003 -0.000002 -0.261164 -0.100577 0.960040 -0.939064 -0.343742 -0.000004 -0.262470 -0.000000 0.964940 -1.000000 0.000003 -0.000002 -0.140723 -0.368348 0.918976 -0.343647 -0.939099 -0.000000 -0.042273 -0.021913 -0.998866 -0.042487 0.000000 -0.999097 -0.056404 -0.062698 -0.996437 -0.261164 0.100578 0.960040 -0.939065 0.343740 -0.000002 0.100578 -0.261166 0.960040 0.035133 -0.080367 0.996146 0.343739 -0.939065 -0.000000 0.707107 -0.707107 -0.000002 0.210614 -0.210615 0.954611 0.073886 -0.073887 0.994526 -0.707109 0.707105 -0.000001 -0.210614 0.210614 -0.954612 
						-0.261162 0.100578 -0.960041 -0.939065 0.343740 -0.000002 0.035134 0.080367 0.996146 0.100577 0.261161 0.960041 0.343740 0.939065 0.000001 -0.207881 0.044827 0.977126 -0.222789 0.000000 0.974867 -0.389767 -0.525091 -0.756545 -0.121281 -0.150345 -0.981166 0.707104 0.707109 0.000001 0.210612 0.210613 -0.954612 0.100577 0.261162 -0.960041 0.343740 0.939065 0.000001 0.000001 0.262466 -0.964941 0.000001 1.000000 -0.000002 0.053161 -0.022330 -0.998336 0.075838 -0.068162 -0.994788 0.053400 0.000000 -0.998573 -0.584654 0.738988 0.334778 -0.389766 0.525090 -0.756547 0.281967 -0.247155 -0.927043 0.671769 -0.740673 -0.011409 0.080367 -0.035133 0.996146 0.261163 -0.100576 0.960041 0.939064 -0.343743 -0.000003 0.707107 -0.707107 -0.000002 0.210613 -0.210614 -0.954612 0.261160 -0.100575 -0.960042 0.939064 -0.343743 -0.000003 0.262466 -0.000000 -0.964941 1.000000 0.000002 -0.000003 -0.170012 -0.485445 0.857578 0.084952 -0.378077 0.921868 0.026444 -0.026444 0.999300 0.027094 0.000000 0.999633 0.011296 0.080557 0.996686 0.085682 -0.994142 -0.065887 0.026444 0.026444 0.999300 0.000002 -1.000000 -0.000001 -0.343743 -0.939064 -0.000002 -0.100578 -0.261164 -0.960040 0.000000 -0.262470 -0.964940 -0.042273 0.021913 -0.998866 -0.056405 0.062698 -0.996437 -0.042487 0.000000 -0.999097 0.007092 0.000000 -0.999975 0.007537 0.023358 -0.999699 0.209195 -0.273256 0.938919 0.671769 -0.740673 -0.011409 -0.222789 0.000000 0.974867 -0.207880 -0.044827 0.977126 -0.121281 0.150345 -0.981166 -0.389766 0.525090 -0.756547 0.861792 0.442879 -0.247332 -0.015823 -0.100040 0.994858 0.044427 0.258047 0.965110 0.753509 0.104280 -0.649115 0.829601 0.186937 0.526134 0.095785 0.401279 0.910934 0.872032 -0.483406 -0.076675 -0.336405 -0.618364 0.710252 -0.634561 -0.657597 0.406076 -0.737062 -0.671741 0.074181 -0.492686 0.000118 -0.870207 
						-0.488749 0.202207 -0.848668 -0.490527 0.175212 -0.853630 -0.489799 0.000111 -0.871835 -0.140722 0.368348 -0.918976 -0.343645 0.939100 0.000003 -0.970675 0.000002 0.240395 -0.962105 -0.121988 0.243870 0.368348 0.140723 -0.918976 0.939101 0.343643 0.000003 0.140723 -0.368348 -0.918976 0.343642 -0.939101 0.000002 -0.798438 -0.589718 -0.121367 -0.100577 0.261160 -0.960042 -0.343742 0.939064 -0.000003 0.261161 0.100577 -0.960041 0.939065 0.343739 -0.000002 0.100577 -0.261165 -0.960040 0.343739 -0.939065 -0.000000 -0.584655 -0.738987 0.334779 -0.389767 -0.525091 -0.756545 
					</float_array>
					<technique_common>
						<accessor count="1044" offset="0" source="#meshId2-normals-array" stride="3">
							<param name="X" type="float" />
							<param name="Y" type="float" />
							<param name="Z" type="float" />
						</accessor>
					</technique_common>
				</source>
				<source id="meshId2-tangents" name="meshId2-tangents">
					<float_array id="meshId2-tangents-array" count="3132"> 
						-0.166506 -0.985889 0.017263 -0.087717 -0.995490 0.036136 0.004055 -0.998349 0.057287 -0.117467 -0.992602 0.030711 0.026711 -0.998269 0.052389 0.197545 -0.977183 0.078031 0.383502 -0.908454 0.166242 0.124946 -0.984606 0.122227 -0.035261 -0.998763 0.035073 -0.202300 0.922274 -0.329371 -0.481115 0.218361 -0.849027 -0.183708 -0.381157 -0.906074 0.685281 0.124062 -0.717634 -0.648455 -0.670513 -0.360442 -0.664320 -0.646917 -0.374402 -0.737877 -0.565090 -0.369067 -0.201398 -0.621826 -0.756816 0.585493 -0.563959 -0.582364 0.816842 -0.407241 0.408563 0.773694 -0.484002 0.408828 0.270425 -0.095547 0.957988 0.229329 -0.452495 0.861775 0.781152 -0.498949 0.375300 0.544302 0.394120 0.740544 0.302935 0.921615 0.242602 -0.588692 0.414668 0.693896 -0.649904 -0.399691 0.646431 0.934300 0.356488 -0.000000 0.934537 0.355567 -0.014574 0.933338 0.355277 -0.051566 0.933229 0.357240 -0.038250 0.939630 0.339756 -0.040762 0.938822 0.332321 -0.090422 0.936630 0.320652 -0.141088 0.925478 0.355208 -0.131598 0.920434 0.374976 -0.110428 0.922108 0.370781 0.110629 0.933335 0.356962 0.038255 0.933406 0.355099 0.051563 0.928426 0.347450 0.131544 0.934494 0.355680 0.014578 0.940992 0.336020 0.040314 0.938075 0.334367 0.090632 0.940697 0.308911 0.140228 -0.328346 -0.918764 -0.219227 -0.111577 -0.988885 -0.098273 0.077581 -0.993905 -0.078314 -0.075913 -0.982379 -0.170786 0.065740 -0.995931 -0.061639 0.151477 -0.987542 -0.042602 0.286961 -0.957480 -0.029751 0.198534 -0.978718 -0.051906 0.076889 -0.994102 -0.076478 0.851206 -0.509110 0.127499 0.894757 -0.423485 0.141670 0.825691 -0.553377 0.109588 0.782846 -0.614210 0.099488 0.928607 -0.284037 0.238771 0.875459 -0.446445 0.185089 0.822263 -0.551759 0.139446 0.759587 -0.645030 0.083453 0.711653 -0.698396 0.076107 0.085650 -0.996320 -0.003276 0.088786 -0.996041 -0.004503 
						0.164829 -0.986322 0.000895 0.168608 -0.985683 0.000365 0.087814 -0.996104 -0.008094 0.163762 -0.986498 0.002065 0.244126 -0.969535 0.020126 0.245979 -0.969223 0.010078 0.259396 -0.965749 0.006504 0.267248 -0.962662 0.043139 0.172963 -0.984905 0.006788 0.169681 -0.985457 0.009077 0.227278 -0.973590 0.021627 0.087246 -0.995572 -0.035002 0.090700 -0.995301 -0.033896 0.096484 -0.994738 -0.034443 0.190201 -0.980921 0.040210 0.253053 -0.961288 0.109038 0.090622 -0.994091 -0.059755 0.086933 -0.994453 -0.059205 0.223638 -0.964918 -0.137549 0.333205 -0.932887 -0.136733 0.084568 -0.994653 -0.059272 0.204308 -0.969437 -0.135829 0.339457 -0.725473 -0.598713 0.517783 -0.548967 -0.656152 0.830338 -0.470346 -0.298856 0.435274 -0.899745 0.031555 0.356862 -0.934002 0.017021 0.330828 -0.943335 0.025927 0.399792 -0.915388 0.047227 0.333203 -0.941393 0.052484 0.421971 -0.901441 0.096673 0.590611 -0.791296 0.158206 0.516103 -0.845862 0.134742 0.854346 -0.315284 0.413146 0.886201 -0.161513 0.434237 0.752725 -0.581944 0.307809 0.904480 -0.417001 0.089585 0.975926 -0.054995 0.211053 0.952461 0.221191 0.209504 0.523821 -0.842101 0.128370 0.303063 -0.952040 0.042108 0.493658 -0.867556 0.060396 0.739081 -0.669129 0.077631 -0.058937 -0.998261 0.001051 -0.005771 -0.999983 0.000037 0.021747 -0.999496 0.023121 -0.008722 -0.999694 0.023150 0.036222 -0.999344 0.000002 0.036873 -0.999048 0.023311 0.020534 -0.998018 0.059486 0.023851 -0.997944 0.059493 0.026086 -0.997849 0.060146 -0.021240 -0.999774 -0.000445 0.040668 -0.998924 -0.022312 0.017060 -0.999624 -0.021450 0.002269 -0.999997 0.000121 0.092918 -0.993803 -0.061011 0.079939 -0.995653 -0.047796 -0.030609 -0.998945 -0.034237 0.157678 -0.987209 0.023575 0.725735 -0.661151 -0.190232 0.293428 -0.942166 -0.161938 0.520348 -0.849184 -0.090141 0.254433 -0.962634 -0.092735 
						0.066656 -0.997684 -0.013541 0.166615 -0.986008 0.005245 0.021750 -0.999211 -0.033226 0.198656 -0.979452 0.034763 0.010414 -0.999781 -0.018145 -0.025577 -0.999088 -0.034195 -0.071125 -0.996810 -0.036209 -0.168810 -0.982958 -0.072779 -0.480269 -0.869153 -0.117962 -0.150651 -0.982283 -0.111464 -0.356484 0.934301 -0.000000 -0.357165 0.933258 -0.038252 -0.355280 0.933337 -0.051567 -0.355569 0.934536 -0.014574 -0.375236 0.920330 -0.110415 -0.355206 0.925479 -0.131598 -0.320623 0.936640 -0.141089 -0.334529 0.938015 -0.090649 -0.336627 0.940771 -0.040386 0.982368 -0.075976 0.170826 0.976756 0.132278 0.168672 0.979591 0.058158 0.192402 0.975726 -0.106289 0.191471 0.896467 0.418136 0.146660 0.946502 0.271005 0.175187 0.946775 0.118318 0.299362 0.957880 0.003505 0.287148 0.955116 -0.112640 0.273981 -0.523117 -0.844980 0.111169 -0.224549 -0.966774 0.122172 -0.063768 -0.994278 0.085706 -0.261558 -0.962617 0.070401 -0.001417 -0.998212 0.059760 0.078600 -0.996044 0.041459 0.060253 -0.995732 0.069913 -0.000158 -1.000000 0.000241 0.013310 -0.990202 0.139010 0.137325 -0.981036 0.136784 -0.067424 -0.988059 0.138542 -0.190578 -0.755090 0.627311 -0.014216 -0.812186 0.583225 0.283936 -0.815809 0.503821 -0.258455 -0.965279 -0.037903 -0.219195 -0.974096 -0.055598 -0.154515 -0.987384 -0.034614 -0.185131 -0.982435 -0.023418 -0.234722 -0.965315 -0.114338 -0.155969 -0.985342 -0.069097 -0.073207 -0.997140 -0.018789 -0.091245 -0.995745 -0.012871 -0.414202 -0.892650 -0.177798 -0.462345 -0.862381 -0.206242 -0.776275 -0.099708 -0.622459 -0.826189 -0.200762 -0.526409 -0.539511 -0.804809 -0.247406 -0.702658 0.011524 -0.711434 -0.549591 0.738492 -0.390613 -0.721377 0.585782 -0.369425 -0.930242 0.269320 -0.249232 -0.577011 -0.812763 -0.080472 -0.648982 -0.754090 -0.100851 -0.611435 -0.778140 -0.143686 -0.523202 -0.844337 -0.115560 -0.736547 -0.664973 -0.123735 
						-0.684883 -0.707742 -0.173310 -0.608518 -0.732386 -0.305478 0.001415 -0.999976 -0.006858 0.009861 -0.999904 -0.009750 -0.662746 0.179563 -0.726997 -0.581319 0.292827 -0.759158 -0.843364 -0.113947 -0.525122 -0.844642 -0.247841 -0.474505 -0.548298 0.257236 -0.795738 -0.841508 -0.069258 -0.535787 -0.925925 -0.252294 -0.281089 -0.894946 -0.351260 -0.275115 -0.833269 -0.497894 -0.240343 0.105648 -0.994401 0.002215 0.064528 -0.997613 0.024583 0.036955 -0.999038 0.023621 0.061545 -0.998104 0.000436 0.013462 -0.997912 0.063167 0.018243 -0.998001 0.060511 -0.377153 0.925738 0.027645 -0.470386 0.878043 -0.088190 -0.634084 0.738766 -0.228391 -0.472083 0.881336 -0.019625 -0.648904 0.668808 -0.362793 -0.686437 0.211179 -0.695850 -0.615555 0.103375 -0.781284 -0.717219 0.555752 -0.420400 -0.570966 0.809807 -0.134947 0.909873 -0.069399 0.409041 0.912470 -0.133302 0.386819 0.898678 -0.071507 0.432741 0.788439 -0.342735 0.510780 0.825593 -0.249487 0.506115 0.830292 -0.267350 0.489019 0.256271 -0.734933 0.627852 0.174558 -0.911030 0.373569 0.185082 -0.938694 0.290857 0.282937 -0.789053 0.545290 0.184078 -0.969065 0.164400 0.179379 -0.979179 0.095031 0.314290 -0.904662 0.287764 0.458723 -0.733563 0.501456 0.771846 0.596008 0.221423 0.701415 -0.376272 0.605340 0.873175 -0.099620 0.477117 0.902243 0.302406 0.307423 0.680192 -0.534485 0.501661 0.488016 -0.789248 0.372732 0.335659 -0.919221 0.205830 0.386157 -0.885247 0.259270 0.601867 -0.665137 0.441983 0.315267 -0.948828 0.018207 0.169276 -0.985434 -0.016306 0.181263 -0.983418 -0.005793 0.311787 -0.950058 0.013368 0.067807 -0.996835 -0.041492 0.080781 -0.996570 -0.017961 0.083314 -0.996496 -0.007436 0.182078 -0.983283 -0.001517 0.297415 -0.954709 0.008620 0.655257 -0.585475 0.477344 0.407482 -0.869259 0.279907 0.402435 -0.876918 0.262794 0.659538 -0.587773 0.468543 
						0.004296 -0.997151 -0.075304 0.008933 -0.996507 -0.083027 -0.065384 -0.991570 -0.111861 -0.033678 -0.992507 -0.117455 -0.081543 -0.965047 -0.249068 -0.002021 -0.992203 -0.124614 0.836821 0.471013 0.279067 0.869400 -0.039066 0.492562 0.699840 0.650252 0.295629 0.823597 0.114403 0.555518 0.693884 -0.681297 0.233152 0.638708 -0.746391 0.186958 -0.848400 -0.505190 -0.158117 -0.775173 -0.616265 -0.139015 -0.886694 -0.434659 -0.157626 -0.856483 -0.497730 -0.136756 -0.806730 -0.574547 -0.138139 0.917512 -0.180960 0.354153 0.897355 -0.351085 0.267381 0.894835 0.004069 0.446379 0.665885 0.369384 0.648192 0.803719 0.187516 0.564688 0.887248 -0.051356 0.458425 0.951415 -0.106717 0.288828 0.945909 -0.164996 0.279345 0.931425 -0.324071 0.165605 0.955110 -0.242769 0.169788 0.892479 -0.426746 0.146180 0.927711 -0.342650 0.148129 -0.779788 -0.488758 -0.391213 -0.809565 -0.375621 -0.451124 -0.732539 -0.632265 -0.252244 -0.676206 -0.703148 -0.219840 -0.809729 -0.216938 -0.545231 -0.781658 -0.542188 -0.308289 -0.694861 -0.702735 -0.152744 -0.634879 -0.762213 -0.126334 -0.571851 -0.812828 -0.110893 0.933715 0.357273 -0.023068 0.934581 0.355693 -0.006417 0.919911 0.381247 -0.091732 0.924102 0.377186 -0.061373 0.677681 -0.727111 0.109810 0.749764 -0.646107 0.142824 0.749046 -0.590013 0.301355 0.808208 -0.560468 0.180764 0.723963 -0.683441 0.093735 0.646394 -0.759160 0.076493 0.583900 -0.810467 0.046960 0.659905 -0.749203 0.056752 0.547292 -0.835386 0.051003 0.493437 -0.869185 0.032202 0.516534 -0.855106 0.044557 0.609235 -0.791287 0.051942 -0.033869 -0.997254 -0.065855 -0.020851 -0.999344 -0.029629 -0.182063 -0.978479 -0.097119 -0.157638 -0.986389 -0.046760 -0.135050 -0.990576 -0.022803 -0.015557 -0.999791 -0.013270 0.428769 -0.903039 0.026033 0.390581 -0.920410 0.017119 0.277996 -0.960562 0.006231 -0.113006 -0.993499 -0.013742 
						-0.222770 -0.974558 -0.024702 -0.264632 -0.963504 -0.040362 -0.374456 -0.924844 -0.066679 -0.311083 -0.949519 -0.040505 -0.921398 0.071702 -0.381948 -0.760031 -0.372839 -0.532300 -0.903718 -0.406014 -0.135814 -0.675223 -0.635403 -0.374616 -0.328292 -0.931997 -0.153643 0.175741 -0.984436 -0.000147 0.083328 -0.996515 -0.003856 -0.560686 -0.659687 -0.500445 -0.662232 -0.586174 -0.466743 -0.420245 -0.839173 -0.345228 -0.352653 -0.869225 -0.346530 -0.709939 -0.573621 -0.408589 -0.458788 -0.826129 -0.327145 -0.235480 -0.943669 -0.232462 -0.203451 -0.951054 -0.232603 -0.157233 -0.963286 -0.217619 -0.008311 -0.999937 -0.007574 -0.760069 -0.002761 -0.649836 -0.824073 -0.410809 -0.390052 -0.762003 -0.618113 -0.193098 0.249352 -0.967657 0.038265 0.344575 -0.931683 0.115043 0.298791 -0.947585 0.113169 0.418285 -0.872927 0.251070 -0.563097 -0.823039 -0.074353 -0.497333 -0.865092 -0.065388 -0.626765 -0.774054 -0.089473 -0.532560 -0.843808 -0.066083 -0.463974 -0.883952 -0.057943 0.901520 -0.236208 0.362585 0.855843 -0.472648 0.210088 0.879431 -0.366871 0.303327 0.805979 -0.564318 0.178727 0.781486 -0.614318 0.109060 -0.697427 -0.707784 -0.112417 0.696270 -0.698795 0.163993 0.511702 -0.855758 0.076416 0.472208 -0.880280 0.046117 0.618804 -0.779836 0.094544 0.499355 0.817175 -0.287871 0.488793 0.853278 -0.181654 0.485588 0.854496 -0.184504 0.432103 0.817320 -0.381151 0.541247 0.832820 -0.116030 0.635853 0.771692 -0.013524 0.352751 0.909675 -0.219219 0.204879 0.910482 -0.359231 0.214519 -0.973972 0.073216 0.100239 -0.994365 -0.034496 0.101084 -0.994272 -0.034711 0.225371 -0.970196 0.089039 -0.017099 -0.987576 -0.156209 -0.162765 -0.932907 -0.321236 -0.197718 -0.910852 -0.362293 -0.025948 -0.985836 -0.165695 0.004996 -0.996378 -0.084886 -0.091616 -0.983777 -0.154240 -0.105053 -0.982732 -0.152320 -0.001195 -0.996361 -0.085228 -0.255069 -0.940303 -0.225323 
						-0.265759 -0.938673 -0.219694 -0.111261 -0.982390 -0.150105 -0.003168 -0.996109 -0.088072 -0.028923 -0.986387 -0.161878 0.099376 -0.994395 -0.036100 -0.210685 -0.903322 -0.373659 -0.210939 -0.911226 -0.353797 -0.023930 -0.988628 -0.148466 0.095413 -0.994697 -0.038392 -0.355952 -0.627116 -0.692838 -0.550862 -0.485277 -0.679012 -0.346053 -0.776894 -0.526007 -0.192733 -0.856449 -0.478904 -0.663185 -0.326579 -0.673447 -0.438699 -0.679958 -0.587537 -0.068244 -0.985954 -0.152436 -0.034876 -0.989898 -0.137426 0.016988 -0.995940 -0.088404 0.034723 -0.995740 -0.085418 0.371937 -0.925342 0.073517 0.629154 -0.750030 0.204012 0.358485 -0.890608 0.279831 0.355136 -0.930700 0.087613 0.956763 -0.000001 0.290870 0.029543 0.010817 0.999505 -0.683734 -0.683737 0.254973 -0.014375 -0.977077 0.212400 0.323234 -0.941642 0.093972 0.246402 -0.967639 0.054420 0.236653 -0.970246 0.051161 0.101681 -0.994499 -0.025168 0.101665 -0.994668 -0.017321 0.225030 -0.973471 0.041425 0.102977 -0.994081 -0.034624 0.087856 -0.995157 -0.044084 0.002290 -0.994205 -0.107479 0.019753 -0.995971 -0.087471 0.082693 -0.995318 -0.050049 -0.145865 -0.958677 -0.244258 -0.085584 -0.979668 -0.181456 -0.026493 -0.991222 -0.129529 0.027880 -0.995982 -0.085109 0.072962 -0.995480 -0.060788 -0.938671 -0.036736 -0.342853 -0.898473 -0.264646 -0.350297 -0.888655 -0.273318 -0.368226 -0.930008 -0.058170 -0.362906 -0.746827 -0.568052 -0.345782 -0.734380 -0.574952 -0.360717 -0.860073 -0.265244 -0.435798 -0.894906 -0.061536 -0.441992 0.549462 -0.694696 0.464209 0.677029 -0.360643 0.641536 0.564626 -0.653809 0.503718 0.667641 -0.346683 0.658838 0.680647 -0.050425 0.730874 0.602916 0.200698 0.772148 0.630503 0.067738 0.773226 0.640766 -0.224595 0.734150 0.171185 -0.985238 0.000915 0.118115 -0.992266 -0.038173 0.105046 -0.993548 -0.042759 0.206822 -0.977997 0.027335 0.055334 -0.995714 -0.074101 
						0.003748 -0.994140 -0.108037 -0.096455 -0.978681 -0.181326 0.814253 0.519516 0.259028 0.555121 0.798888 0.231557 0.668257 0.739984 0.076523 0.750390 0.489517 0.444170 0.506412 0.727013 0.463680 0.277624 0.859388 0.429392 0.286232 0.940589 0.182657 0.358108 0.933600 -0.012202 0.771553 0.609650 0.181751 0.723167 0.139918 0.676352 0.610023 0.791412 -0.039226 0.677745 0.727617 0.105995 0.819879 0.408144 0.401519 0.660783 -0.034582 0.749779 0.454315 0.885979 -0.092945 0.473266 0.879715 -0.046059 0.453455 0.883499 0.117504 0.416797 0.887995 0.194279 0.402941 0.876015 0.265022 0.507140 0.860621 0.046266 -0.110944 -0.982155 -0.151866 -0.000310 -0.995657 -0.093096 -0.268783 -0.937201 -0.222285 -0.254106 -0.943382 -0.213214 -0.096490 -0.984349 -0.147471 0.013581 -0.995354 -0.095321 0.516778 0.476745 0.711094 0.574314 0.166003 0.801628 0.508128 0.363619 0.780761 0.492715 0.591139 0.638582 0.532219 0.387634 0.752651 0.547517 0.561346 0.620576 0.599020 0.724633 0.340708 0.700740 0.605779 0.376822 0.602715 0.771471 0.203881 0.476267 0.827801 0.296504 0.801144 0.392569 0.451727 0.761074 0.579073 0.292303 0.832739 0.229307 0.503949 0.815654 0.118179 0.566341 0.682965 -0.100922 0.723446 0.657884 -0.096428 0.746921 -0.802532 -0.277953 -0.527906 -0.828846 -0.088680 -0.552404 -0.685096 -0.405036 -0.605467 -0.710975 -0.252024 -0.656505 0.531166 0.351588 0.770875 0.567201 0.406091 0.716500 0.853058 0.126790 0.506178 0.835889 0.134321 0.532210 0.795713 -0.428640 0.427912 0.876819 -0.332038 0.347762 0.654858 -0.687604 0.313626 0.719141 -0.640783 0.268764 0.742813 -0.634270 0.214313 0.910568 -0.325268 0.255080 0.354586 -0.935023 0.000000 0.354893 -0.934564 0.025330 0.354071 -0.934597 0.034102 0.354175 -0.935130 0.009599 0.336566 -0.939727 0.060297 0.337309 -0.941012 0.026799 
						-0.376429 -0.823115 -0.425184 -0.473830 -0.696197 -0.539254 -0.195127 -0.932231 -0.304747 -0.496309 -0.619854 -0.607831 0.347812 -0.937551 -0.005006 0.354926 -0.934768 -0.015344 0.399464 -0.915946 -0.038371 0.378874 -0.923427 -0.061138 0.372404 -0.925155 -0.073502 0.354928 -0.934551 -0.025330 -0.913639 -0.004593 -0.406501 -0.884336 -0.239423 -0.400783 -0.869205 -0.035508 -0.493175 -0.844715 -0.260179 -0.467722 -0.719623 -0.562238 -0.407469 -0.745779 -0.549485 -0.376670 -0.501516 -0.809147 -0.306207 -0.485115 -0.818981 -0.306486 -0.496037 -0.816580 -0.295202 -0.416258 0.905013 -0.087638 -0.342478 0.938914 -0.033905 -0.320017 0.899109 -0.298652 -0.303437 0.914630 -0.267166 -0.266281 0.930549 -0.251344 -0.285510 0.958301 -0.011953 0.109238 0.986237 0.124107 0.152102 0.982555 -0.107004 0.122286 0.954187 0.273082 0.006264 0.970483 0.241089 -0.007867 0.996431 0.084045 0.032234 0.983674 -0.177052 0.368075 -0.926875 -0.073638 0.354807 -0.934596 -0.025331 0.353987 -0.934629 -0.034100 0.347831 -0.933458 -0.087577 0.354575 -0.935028 -0.000000 0.354193 -0.935123 -0.009600 0.337290 -0.941019 -0.026797 0.336488 -0.939756 -0.060292 0.312024 -0.945470 -0.093423 -0.839226 0.436926 -0.323721 -0.887092 0.303567 -0.347727 -0.759805 0.584512 -0.284679 -0.615067 0.745003 -0.258191 -0.872813 0.153452 -0.463303 -0.803457 0.339995 -0.488733 -0.443577 0.890776 -0.098775 -0.319877 0.934379 -0.156892 -0.253793 0.768224 -0.587725 -0.253810 0.901096 -0.351578 -0.091089 0.957959 -0.272061 -0.117115 0.867060 -0.484243 -0.124208 0.991257 -0.044530 -0.012809 0.997394 0.071000 0.019165 0.978856 -0.203652 -0.009315 0.933222 -0.359180 -0.255162 0.871448 -0.418893 -0.065046 0.978694 -0.194747 -0.138914 0.982928 -0.120644 -0.236504 0.897751 -0.371631 -0.020952 0.999709 0.011998 -0.101490 0.993194 0.057144 -0.309984 0.935468 0.169735 -0.284835 0.958456 0.015172 
						-0.189027 0.976792 0.100727 -0.279227 0.956142 0.088461 -0.112622 0.973695 0.198076 -0.063030 0.975083 0.212696 0.105245 -0.993996 -0.029907 0.102913 -0.994486 -0.020170 0.261913 -0.964484 0.034227 0.254367 -0.965982 0.046655 -0.277279 -0.923387 -0.265466 -0.163630 -0.969697 -0.181418 -0.078530 -0.988051 -0.132618 -0.157574 -0.974293 -0.161011 -0.068952 -0.949742 -0.305345 -0.049131 -0.967749 -0.247080 0.234540 0.934542 -0.267622 0.110953 0.921178 -0.372989 0.501409 0.860710 -0.088128 0.227322 -0.969901 0.087271 0.218280 -0.973302 0.070972 0.287080 -0.957712 0.019307 0.272349 -0.961861 0.025485 0.110989 -0.993005 -0.040277 0.124939 -0.991122 -0.045469 0.768044 -0.621100 0.156024 0.781895 -0.595134 0.185622 0.935666 -0.273738 0.222704 0.934554 -0.312576 0.170014 0.782988 -0.579535 0.225983 0.916937 -0.261407 0.301485 0.940995 -0.022395 0.337678 0.970908 -0.026218 0.238012 0.197034 0.572905 0.795586 0.259070 0.688040 0.677852 0.393934 0.680424 0.617932 0.956758 0.000002 -0.290887 0.627250 -0.751512 -0.204418 0.554737 -0.815743 -0.163795 0.915878 -0.335255 -0.220845 0.558581 -0.827328 -0.059295 0.706555 -0.706552 -0.039549 0.944314 0.209534 0.253707 0.899364 0.205681 0.385799 0.825280 0.555952 0.099150 0.091418 -0.994967 -0.041039 -0.011116 -0.991552 -0.129230 -0.387931 0.611855 -0.689306 -0.467528 0.532010 -0.705963 -0.380590 0.663039 -0.644616 -0.465720 0.162957 -0.869799 -0.462370 0.063748 -0.884392 -0.435503 -0.084636 -0.896200 -0.217406 -0.643418 -0.733994 -0.301980 -0.526113 -0.794993 -0.392943 -0.205996 -0.896193 -0.377743 -0.323488 -0.867563 -0.462835 -0.301881 -0.833457 -0.512747 -0.077404 -0.855043 -0.592467 0.079811 -0.801631 -0.590674 0.089098 -0.801976 -0.391759 -0.523724 -0.756464 -0.356941 -0.617218 -0.701167 -0.431009 -0.429342 -0.793660 -0.237724 -0.864025 -0.443788 -0.199641 -0.870310 -0.450226 
						-0.168904 -0.887650 -0.428426 0.657583 -0.085233 0.748545 0.547849 -0.606483 0.576229 0.598922 -0.508107 0.618967 0.676462 0.061436 0.733911 0.377243 -0.875698 0.301399 0.400372 -0.854111 0.331958 0.443810 -0.823892 0.352469 0.627818 -0.397004 0.669502 0.664582 0.164108 0.728971 -0.287364 0.955886 0.060859 -0.260796 0.955346 0.138921 -0.353526 0.912901 0.204037 -0.363751 0.925322 0.107077 0.354770 -0.934610 0.025331 0.354846 -0.934799 0.015347 0.368752 -0.926608 0.073617 0.378976 -0.923385 0.061131 0.399560 -0.915904 0.038361 0.347789 -0.937559 0.005008 0.421789 0.878508 -0.224315 0.441922 0.884270 -0.150902 0.439703 0.865370 -0.240407 0.455813 0.881619 -0.122401 0.087506 -0.994752 -0.053014 -0.045261 -0.979307 -0.197253 -0.028729 -0.977866 -0.207250 0.084148 -0.995201 -0.049933 -0.030376 -0.984783 -0.171111 0.087263 -0.995069 -0.047140 0.212157 -0.974124 0.077928 0.191664 -0.980495 0.043525 0.335363 -0.929760 0.151916 0.086506 -0.995455 -0.039833 -0.013930 -0.992885 -0.118263 -0.121668 -0.968102 -0.219033 0.270283 -0.960985 0.058782 0.225528 -0.969879 0.092038 -0.372578 -0.780945 -0.501309 -0.225316 -0.882729 -0.412338 -0.517724 -0.401136 -0.755680 -0.411622 -0.592059 -0.692844 -0.306350 -0.687678 -0.658216 -0.134258 -0.864148 -0.484999 -0.096243 -0.827561 -0.553064 -0.191164 -0.720428 -0.666664 -0.392169 -0.503819 -0.769655 0.500423 -0.859166 0.106816 0.516448 -0.848793 0.113276 0.529889 -0.840034 0.116450 -0.712105 0.279142 -0.644194 -0.731584 0.406270 -0.547476 -0.663157 0.530741 -0.527766 -0.619067 0.708753 -0.338269 -0.452096 0.849347 -0.272432 -0.534039 0.704779 -0.466999 -0.434969 0.782360 -0.445774 -0.333607 0.862224 -0.381150 0.281865 -0.818156 0.501172 0.280819 -0.903384 0.324096 0.355427 -0.628404 0.691939 0.558689 -0.429322 0.709612 0.513166 -0.597691 0.615975 0.459054 -0.730989 0.504900 
						-0.649300 0.134188 -0.748601 -0.595869 -0.026637 -0.802640 -0.603633 0.236878 -0.761259 -0.651043 0.373629 -0.660715 -0.383012 0.478574 -0.790106 -0.336657 0.740387 -0.581798 -0.337482 0.758763 -0.557122 -0.345184 0.578793 -0.738815 -0.431398 0.705078 -0.562815 -0.394385 0.573423 -0.718086 -0.540812 -0.234133 -0.807901 -0.564893 0.009370 -0.825111 -0.496600 0.151590 -0.854640 -0.403545 0.376271 -0.834009 -0.497657 0.237322 -0.834276 -0.564315 -0.109884 -0.818214 -0.505629 0.445530 -0.738812 -0.551425 0.564842 -0.613909 -0.582909 -0.228314 -0.779801 -0.409440 -0.333980 -0.849009 -0.224687 -0.669671 -0.707853 -0.100978 -0.874726 -0.473980 0.427674 -0.888889 0.164230 0.354750 -0.924331 0.140587 0.514190 -0.812394 0.275000 0.317837 -0.937778 0.139829 0.245125 -0.967311 0.064985 0.682842 -0.295579 0.668102 0.578416 -0.583197 0.570365 0.720056 -0.137645 0.680128 0.745913 0.145853 0.649877 0.716307 -0.025162 0.697332 0.614955 -0.256312 0.745744 0.768983 -0.007704 0.639223 0.790198 0.252493 0.558421 0.407012 -0.433800 0.803840 0.453724 -0.385272 0.803555 0.458297 0.842596 0.282835 0.662363 0.506293 0.552216 0.593660 0.592011 0.545060 0.442851 0.865476 0.234168 0.573911 0.643817 0.506089 -0.382433 0.918938 0.096421 -0.269643 0.933035 0.238197 0.588279 0.666318 0.458201 0.713408 0.478438 0.512003 0.661993 0.387893 0.641330 0.645124 0.223453 0.730673 0.477672 0.744413 0.466560 0.440323 0.718686 0.538150 0.498497 0.700510 0.510672 0.602124 0.325828 0.728892 -0.802834 -0.038786 -0.594939 -0.753209 -0.044400 -0.656281 0.640264 -0.138026 0.755653 0.590847 -0.577587 0.563288 0.933714 0.357275 0.023068 0.934579 0.355699 0.006416 0.919914 0.381240 0.091732 0.924104 0.377180 0.061374 0.925511 -0.329207 0.187220 0.755464 -0.632721 0.170112 0.475246 -0.868922 0.138261 0.487740 -0.864923 0.118395 
						0.336620 -0.941261 0.026744 0.354226 -0.935110 0.009601 0.354928 -0.934767 -0.015344 0.354402 -0.935083 -0.004387 0.376695 -0.924308 -0.061286 0.373262 -0.926814 -0.041125 -0.890531 0.046790 -0.452510 -0.926699 0.099376 -0.362427 -0.925519 0.163677 -0.341504 -0.362357 0.715658 -0.597102 -0.439281 0.323932 -0.837915 -0.698783 -0.239289 -0.674124 -0.486319 -0.617191 -0.618522 -0.749130 0.505857 -0.427683 -0.879856 0.217838 -0.422374 -0.683891 0.434435 -0.586140 -0.825901 0.175858 -0.535688 0.146624 -0.989107 -0.013000 0.176481 -0.984136 0.018206 0.378053 -0.902056 0.208257 0.200039 -0.978715 0.045843 0.627863 -0.671901 0.392857 0.997718 -0.000000 -0.067525 0.918066 -0.335950 -0.210459 0.974973 0.109808 -0.193310 0.975310 0.204944 -0.082268 0.656986 -0.656980 -0.369794 0.952015 -0.009264 -0.305912 -0.660384 -0.656487 -0.364578 -0.437091 -0.864280 -0.248939 -0.568135 -0.785264 -0.246137 -0.377387 -0.912827 -0.155965 -0.215603 -0.962464 -0.164858 -0.483603 -0.870353 -0.092806 -0.410955 -0.909975 -0.055331 -0.354284 -0.933775 -0.050480 0.458835 -0.875241 0.153049 -0.313609 -0.946744 -0.072967 -0.418467 -0.904409 -0.083249 -0.448815 0.131040 -0.883965 -0.486846 -0.179795 -0.854784 -0.524505 -0.315919 -0.790626 -0.452101 -0.647259 -0.613727 0.719976 -0.690875 0.065772 0.670355 -0.739591 0.060238 -0.801864 -0.472059 0.366299 -0.387765 -0.569211 0.725008 -0.086950 -0.985783 0.143779 -0.210918 -0.965584 0.152190 0.630191 -0.771483 0.087602 0.580943 -0.810504 0.074755 -0.233574 -0.927292 -0.292528 -0.706264 -0.624209 -0.333997 -0.588971 -0.787084 -0.183335 -0.463544 -0.876338 -0.130990 -0.317116 -0.945012 -0.079931 -0.619973 0.728149 -0.292290 -0.346828 0.851055 -0.394228 -0.910925 0.000000 -0.412571 -0.012914 -0.004722 -0.999905 0.657332 0.657334 -0.368547 0.011172 0.952179 -0.305337 0.079603 -0.994858 -0.062614 0.083253 -0.994704 -0.060280 
						0.090767 -0.995588 -0.023793 0.122725 -0.992123 -0.025092 0.067555 -0.997444 -0.023266 0.053850 -0.998549 0.000003 0.071578 -0.997435 -0.000458 0.132183 -0.991223 -0.002357 -0.127352 -0.827432 -0.546935 0.137855 -0.800386 -0.583419 0.136881 -0.980596 -0.140341 0.019799 -0.989065 -0.146144 -0.349310 0.936979 0.007320 -0.357275 0.933714 0.023067 -0.403527 0.913179 0.057190 -0.383798 0.918875 0.091470 -0.375651 0.920162 0.110395 -0.357234 0.933231 0.038251 -0.336534 0.940806 0.040375 -0.196533 0.977318 0.078890 -0.333361 0.942738 -0.010743 -0.349262 0.936997 -0.007328 -0.000001 0.997844 0.065629 -0.343580 0.938929 -0.019127 -0.704895 0.704883 -0.079138 -0.536681 0.838098 -0.097803 -0.385488 0.920756 -0.060066 0.851057 0.346820 -0.394231 0.728160 0.619960 -0.292290 -0.004706 0.012860 -0.999906 0.000000 0.910923 -0.412576 -0.705811 0.705805 0.060587 -0.562328 0.822591 0.084448 -0.333365 0.942737 0.010742 -0.343584 0.938927 0.019124 -0.196540 0.977317 -0.078892 0.000001 0.997844 -0.065631 -0.137920 0.969269 -0.203703 0.332388 0.908332 -0.253873 -0.617760 0.729766 0.292941 -0.346823 0.851056 0.394231 -0.355203 0.925480 0.131598 -0.910756 -0.000000 0.412944 -0.012922 -0.004726 0.999905 0.657334 0.657336 0.368539 0.011180 0.952179 0.305336 -0.320616 0.936642 0.141088 0.703911 0.703912 -0.094958 0.847484 0.520081 -0.106238 0.782454 0.580758 -0.224690 0.330325 0.902697 -0.275725 -0.790629 -0.405286 -0.458965 -0.833166 -0.213421 -0.510182 -0.381488 0.919813 -0.091708 -0.580754 0.782455 -0.224697 -0.902693 0.330325 -0.275735 0.788546 0.286857 0.543975 0.895098 0.045223 0.443571 0.916142 -0.143426 0.374317 0.660508 -0.660498 0.357032 0.955054 -0.061202 0.290046 0.969268 0.137921 0.203708 0.908333 -0.332389 0.253868 0.979784 0.185659 0.074528 0.998680 0.000001 0.051369 -0.334526 0.938016 0.090649 
						-0.137926 0.969268 0.203705 0.332380 0.908333 0.253881 0.703912 0.703911 0.094958 0.847487 0.520076 0.106240 0.782452 0.580758 0.224698 0.330318 0.902700 0.275723 0.748088 0.591766 0.300297 -0.000003 0.906816 0.421526 -0.355284 0.933335 0.051567 -0.355474 0.934573 0.014570 -0.357087 0.933786 -0.023077 -0.814457 -0.042349 -0.578676 -0.720678 0.176301 -0.670479 -0.384995 0.525805 -0.758491 -0.557342 0.397701 -0.728838 -0.463115 0.653707 -0.598491 0.818816 -0.517133 0.249225 0.879755 -0.348684 0.323187 0.755541 -0.615770 0.223576 0.304019 -0.952486 0.018516 0.531184 -0.840971 0.103014 0.353990 -0.934627 0.034100 0.347831 -0.933458 0.087577 0.336489 -0.939755 0.060292 0.312023 -0.945470 0.093423 0.415915 -0.853149 0.314883 0.595556 0.525949 0.607199 0.042026 -0.996412 -0.073466 0.147958 -0.988435 -0.033233 -0.062924 -0.991528 -0.113638 0.337268 -0.941027 -0.026795 0.201331 -0.977991 -0.054764 0.333033 -0.942880 0.008183 0.347791 -0.937559 0.005008 0.000002 -0.999063 -0.043281 0.343712 -0.938991 0.012549 0.706103 -0.706098 0.053338 0.533706 -0.842914 0.068218 0.381596 -0.923452 0.040256 0.333034 -0.942879 0.008183 0.201334 -0.977991 -0.054764 0.558579 -0.827329 0.059294 0.706555 -0.706552 0.039550 0.343715 -0.938990 0.012549 -0.000003 -0.999063 -0.043281 0.333030 -0.942881 -0.008184 0.343715 -0.938990 -0.012552 0.201331 -0.977991 0.054763 -0.000003 -0.999063 0.043282 -0.555297 0.797831 0.234757 -0.890643 0.325915 0.317071 -0.037292 -0.999028 0.023494 -0.041886 -0.999121 0.001781 0.026675 -0.997765 0.061272 0.144827 -0.979217 0.141985 -0.338553 -0.924894 0.173068 0.358496 -0.890603 -0.279834 0.355130 -0.930702 -0.087613 0.029633 0.010848 -0.999502 -0.683735 -0.683735 -0.254977 -0.014370 -0.977077 -0.212401 0.323234 -0.941642 -0.093972 -0.685821 -0.685826 -0.243499 -0.063505 -0.977401 -0.201631 
						0.144823 -0.979218 -0.141983 -0.338553 -0.924895 -0.173062 0.376797 -0.924267 0.061279 0.580373 -0.799153 0.156593 0.921412 -0.337278 0.192986 0.846309 -0.492641 0.202650 0.865316 -0.460566 0.197754 0.297822 -0.849242 0.435993 0.106012 -0.984771 0.137793 0.705646 -0.705641 -0.064295 0.516697 -0.852948 -0.074186 0.580374 -0.799152 -0.156593 0.921413 -0.337278 -0.192980 0.602260 -0.770313 -0.209526 0.953877 -0.000002 -0.300197 0.072711 -0.997010 0.026172 0.005555 -0.997616 0.068779 0.115427 -0.993297 0.006173 0.687494 0.232205 0.688065 0.423871 0.831615 0.358817 -0.217431 -0.957571 0.189160 -0.719411 -0.656001 0.228279 0.336565 -0.939728 -0.060297 0.144832 -0.979216 -0.141984 -0.338557 -0.924894 -0.173063 -0.685823 -0.685824 0.243499 -0.063514 -0.977401 0.201629 0.144831 -0.979216 0.141983 -0.338556 -0.924894 0.173061 0.190662 -0.980285 0.051861 0.000002 -0.999439 0.033505 -0.436043 -0.743358 -0.507233 -0.275106 -0.898148 -0.342997 0.354073 -0.934596 -0.034102 0.354139 -0.935143 -0.009598 0.487484 -0.870720 0.064851 -0.818905 -0.032603 -0.573002 0.354846 -0.934799 0.015347 0.953867 0.000002 0.300228 0.915878 -0.335256 0.220841 0.554736 -0.815745 0.163794 0.600312 -0.771726 0.209915 0.122998 -0.992040 -0.026968 0.072948 -0.995100 -0.066744 0.169180 -0.985559 -0.007194 0.035954 -0.999353 0.000255 0.063593 -0.997715 -0.022832 -0.395139 -0.901906 -0.174445 -0.735260 -0.664827 -0.131902 -0.763948 -0.621211 -0.174588 -0.741562 -0.644203 -0.187319 0.008342 -0.988274 -0.152465 -0.175214 -0.848795 -0.498847 0.459163 -0.473828 0.751437 -0.469822 -0.877557 -0.095717 0.730904 -0.666968 0.144686 0.091146 -0.994376 -0.053941 0.239781 -0.970254 -0.033350 0.466022 -0.826730 0.315184 -0.482043 -0.821085 -0.305701 -0.548889 -0.484098 -0.681446 -0.517510 -0.028714 -0.855195 -0.390713 0.333981 -0.857788 0.202673 0.972516 -0.114616 
						0.268870 0.960332 0.073970 0.327133 0.944959 0.005975 0.225113 0.966106 -0.126346 0.928020 0.372460 0.007184 0.938847 0.343553 0.023187 -0.187901 0.623730 -0.758719 -0.268707 0.576234 -0.771849 0.862449 0.317361 0.394288 -0.024293 0.066378 0.997499 0.928019 0.372463 -0.007184 0.938848 0.343549 -0.023187 -0.504747 0.765514 -0.399022 0.330253 -0.901461 -0.279823 0.070982 0.025980 -0.997139 0.372183 -0.928151 0.004009 0.343691 -0.938934 0.016717 0.330269 -0.901453 0.279828 0.071067 0.026013 0.997132 -0.577083 0.088777 -0.811846 -0.301328 0.849012 -0.434027 
					</float_array>
					<technique_common>
						<accessor count="1044" offset="0" source="#meshId2-tangents-array" stride="3">
							<param name="X" type="float" />
							<param name="Y" type="float" />
							<param name="Z" type="float" />
						</accessor>
					</technique_common>
				</source>
				<source id="meshId2-bitangents" name="meshId2-bitangents">
					<float_array id="meshId2-bitangents-array" count="3132"> 
						-0.980633 0.167399 0.101669 -0.990683 0.090973 0.101344 -0.967741 0.010514 0.251726 -0.960323 0.121416 0.251074 -0.994551 -0.021255 0.102063 -0.957099 -0.175046 0.230912 -0.700421 -0.168777 0.693487 -0.706278 -0.001745 0.707933 -0.708121 0.049734 0.704337 0.772488 -0.056445 -0.632515 0.346521 -0.842243 -0.412978 0.317717 -0.895310 0.312211 0.211728 -0.976760 0.033324 0.684924 -0.720540 0.108169 0.618254 -0.757086 0.211146 0.505396 -0.825029 0.252786 0.159911 -0.783155 0.600913 -0.399846 -0.825803 0.397710 0.364222 0.913321 0.182174 0.474297 0.870301 0.132738 0.248121 0.968365 0.026542 0.116365 0.891767 0.437277 0.528599 0.848419 0.027717 0.235128 0.775708 -0.585654 0.738846 -0.066332 -0.670602 0.409732 0.893030 -0.186058 -0.283380 0.916650 0.281866 0.356488 -0.934300 -0.000000 0.355866 -0.933753 0.038272 0.356769 -0.933907 0.023095 0.356940 -0.934013 -0.014630 0.342193 -0.932939 0.111928 0.340339 -0.935410 0.095796 0.332326 -0.940691 0.068268 0.359054 -0.933298 0.005939 0.372306 -0.927034 -0.044667 0.368141 -0.928720 0.044168 0.356663 -0.934119 0.014619 0.356592 -0.933975 -0.023105 0.351361 -0.936214 -0.007031 0.355979 -0.933710 -0.038270 0.338429 -0.934292 -0.112090 0.342393 -0.934681 -0.095598 0.320635 -0.944611 -0.070021 -0.727909 0.098217 0.678603 -0.970883 0.087380 0.223050 -0.964635 -0.094679 0.245997 -0.713215 -0.066201 0.697812 -0.992735 -0.071517 0.096759 -0.982956 -0.155035 0.098801 -0.952375 -0.288499 0.098739 -0.946891 -0.205208 0.247562 -0.704817 -0.108448 0.701051 0.512497 0.858659 0.007147 0.428364 0.903596 -0.004398 0.558860 0.828878 -0.025219 0.618502 0.785605 -0.016747 0.300515 0.953138 -0.034905 0.463270 0.884300 -0.058259 0.564834 0.821183 -0.081367 0.649334 0.759429 -0.040399 0.701796 0.711679 -0.031550 0.995592 0.085712 -0.038086 0.994762 0.088900 -0.050451 
						0.985059 0.164572 -0.050747 0.984966 0.168472 -0.038198 0.991900 0.088186 -0.091421 0.982329 0.162877 -0.092204 0.965934 0.241277 -0.093576 0.968147 0.245178 -0.050791 0.965138 0.258976 -0.037946 0.906398 0.235926 -0.350402 0.916919 0.158500 -0.366249 0.908926 0.152931 -0.387898 0.865109 0.191658 -0.463523 0.925087 0.094005 -0.367937 0.933127 0.096827 -0.346264 0.936981 0.102447 -0.334022 0.893961 0.156119 -0.420072 0.735348 0.117878 -0.667359 -0.995421 -0.088585 -0.035902 -0.996160 -0.086157 -0.015542 -0.974406 -0.218045 -0.054666 -0.939607 -0.316523 -0.130196 -0.996418 -0.084411 -0.005160 -0.978906 -0.202227 -0.029092 -0.940418 -0.248511 -0.232070 -0.839341 -0.177553 -0.513792 -0.358684 -0.040660 -0.932573 0.900089 0.434150 -0.036784 0.933708 0.356066 -0.037500 0.942888 0.329288 -0.050313 0.916242 0.397650 -0.048745 0.940023 0.327376 -0.095819 0.905267 0.413142 -0.099025 0.806952 0.579782 -0.112610 0.856263 0.505620 -0.105649 0.512685 0.381073 -0.769375 0.462932 0.346111 -0.816028 0.628932 0.497493 -0.597449 -0.005456 -0.221334 -0.975183 0.141985 -0.574339 -0.806210 0.304031 -0.734264 -0.606978 0.825741 0.464970 -0.319302 0.932140 0.286961 -0.220835 0.211965 0.052677 -0.975857 0.049864 -0.060583 -0.996917 -0.998102 0.058947 0.017794 -0.999963 0.005771 0.006393 -0.999741 -0.021584 0.007282 -0.999790 0.009148 0.018344 -0.999344 -0.036222 -0.000058 -0.999320 -0.036865 0.000793 -0.999789 -0.020505 0.001093 -0.999674 -0.023263 0.010548 -0.999346 -0.024525 0.026556 -0.999555 0.021245 -0.020959 -0.998933 -0.040160 -0.022787 -0.998440 -0.015891 -0.053523 -0.998571 -0.002272 -0.053400 -0.992781 -0.087806 -0.081702 -0.985681 -0.071814 -0.152566 -0.988141 0.035399 -0.149411 -0.976357 -0.159430 -0.145979 -0.148444 0.119511 -0.981673 -0.913452 -0.226359 -0.338182 0.133662 0.185246 -0.973560 -0.703743 -0.118524 -0.700498 
						0.977714 0.068017 -0.198615 0.966043 0.162171 -0.201149 0.547264 0.039711 -0.836017 0.521822 0.075680 -0.849691 0.995831 0.012014 -0.090425 0.979972 -0.018301 -0.198291 0.993764 -0.067689 -0.088603 0.965523 -0.150067 -0.212707 0.240768 -0.001313 -0.970582 0.537648 0.013209 -0.843066 -0.934301 -0.356484 0.000000 -0.934041 -0.356866 0.014627 -0.933906 -0.356772 -0.023095 -0.933752 -0.355868 -0.038272 -0.926929 -0.372564 0.044698 -0.933299 -0.359052 -0.005940 -0.940701 -0.332297 -0.068273 -0.934623 -0.342556 -0.095582 -0.934073 -0.339041 -0.112065 0.154020 -0.189069 -0.969810 0.189991 -0.169903 -0.966973 0.200308 -0.203148 -0.958440 0.165917 -0.211862 -0.963113 0.221282 -0.135696 -0.965723 0.232338 -0.195551 -0.952774 0.317593 -0.191797 -0.928627 0.282990 -0.181501 -0.941793 0.250412 -0.187125 -0.949883 0.122379 -0.203562 -0.971383 -0.713841 0.077852 -0.695967 -0.654339 -0.023188 -0.755846 0.493303 -0.196019 -0.847484 -0.988916 -0.007474 -0.148289 -0.985486 -0.083909 -0.147570 -0.650051 -0.092294 -0.754265 0.547696 -0.000288 -0.836677 -0.999755 -0.010719 0.019365 -0.989189 -0.128653 0.070385 -0.997724 0.066668 -0.010091 -0.981477 0.133820 -0.137096 -0.998284 0.044667 0.037869 -0.941669 -0.138249 0.306833 0.965828 -0.257416 -0.030202 0.975339 -0.217253 -0.038928 0.987223 -0.152920 -0.044782 0.982287 -0.184295 -0.033876 0.970810 -0.226824 -0.077964 0.985059 -0.149990 -0.084626 0.996220 -0.072230 -0.048252 0.995215 -0.090728 -0.036284 0.910181 -0.406782 -0.078091 0.886025 -0.458398 -0.069507 0.613354 -0.347488 -0.709259 0.563089 -0.324923 -0.759839 0.836400 -0.546047 -0.047626 0.625536 -0.466486 -0.625376 0.815665 0.373212 -0.442044 0.690209 0.564359 -0.452892 0.366424 0.718008 -0.591775 0.816104 -0.577635 -0.017661 0.757770 -0.652516 0.002739 0.785433 -0.618878 0.009271 0.851019 -0.524809 -0.018513 0.666861 -0.744513 0.031573 
						0.710652 -0.701336 0.055686 0.767058 -0.641500 0.010007 0.999292 0.001672 -0.037579 0.998705 0.010335 -0.049810 0.083802 -0.946943 -0.310283 -0.080606 -0.949133 -0.304383 0.143070 -0.989598 -0.015041 0.305937 -0.950844 -0.047943 -0.145954 -0.966349 -0.211820 0.058421 -0.997599 0.037197 0.241415 -0.967650 0.073288 0.351920 -0.934763 0.048691 0.508217 -0.860959 0.021576 -0.994183 -0.105672 -0.020846 -0.997676 -0.065032 -0.020316 -0.999288 -0.037122 -0.006667 -0.998079 -0.061546 -0.007079 -0.999447 -0.015350 -0.029488 -0.999780 -0.018835 -0.009234 0.826137 0.349768 -0.441769 0.794226 0.377676 -0.475989 0.769728 0.574807 -0.277698 0.820866 0.431357 -0.374313 0.681207 0.298266 -0.668577 0.505923 0.826042 -0.248389 0.383736 0.905216 -0.182564 0.657330 0.739834 -0.143400 0.798359 0.509372 -0.321191 0.403041 -0.086054 -0.911127 0.379176 -0.079654 -0.921890 0.420633 -0.139053 -0.896511 0.543284 -0.001395 -0.839548 0.544457 0.116638 -0.830640 0.537170 0.150035 -0.830023 0.180722 -0.601660 -0.778039 0.290827 -0.314765 -0.903517 0.328100 -0.219963 -0.918677 0.196377 -0.508820 -0.838175 0.541370 -0.039643 -0.839849 0.596091 0.031335 -0.802305 0.445446 -0.127149 -0.886234 0.315438 -0.393145 -0.863676 0.532905 -0.416478 -0.736586 0.344558 -0.564463 -0.750108 0.437462 -0.271461 -0.857284 0.381869 -0.229098 -0.895372 0.473575 -0.201961 -0.857286 0.607372 0.000383 -0.794418 0.791220 0.156550 -0.591153 0.840177 0.221520 -0.495006 0.698247 0.169699 -0.695452 0.822718 0.263701 -0.503584 0.841765 0.153162 -0.517661 0.960237 0.178256 -0.214871 0.930211 0.302346 -0.208074 0.850279 0.079494 -0.520294 0.972814 0.082754 -0.216296 0.992550 0.083646 -0.088588 0.979427 0.181500 -0.088208 0.951427 0.295616 -0.086007 0.722716 0.301998 -0.621674 0.866765 0.271634 -0.418250 0.875214 0.284385 -0.391313 0.728317 0.345535 -0.591743 
						0.933180 0.031062 -0.358065 0.924456 0.039881 -0.379197 0.942827 -0.024675 -0.332369 0.892935 0.022908 -0.449603 0.768053 0.098415 -0.632778 0.913723 0.048803 -0.403395 0.544522 -0.663167 -0.513522 0.472177 0.359392 -0.804914 0.691075 -0.511696 -0.510473 0.454657 0.452385 -0.767225 0.713555 0.694061 -0.095489 0.768671 0.629866 -0.111415 0.503499 -0.862332 0.053584 0.619026 -0.784883 0.027649 0.427949 -0.900595 0.076076 0.491504 -0.867332 0.078479 0.572370 -0.817867 0.059041 0.259755 0.946983 -0.189077 0.410181 0.887056 -0.211856 0.079300 0.982605 -0.167926 -0.053481 0.890225 -0.452371 0.120014 0.878448 -0.462522 0.294725 0.827609 -0.477704 0.102115 0.994289 0.031000 0.173298 0.984856 -0.005109 0.325179 0.945416 0.021151 0.239022 0.970084 0.042490 0.426498 0.903825 0.034633 0.338364 0.939463 0.054027 0.625488 -0.634583 -0.453948 0.565500 -0.705231 -0.427620 0.677479 -0.713290 -0.179553 0.736666 -0.648729 -0.190983 0.467340 -0.800314 -0.375620 0.602084 -0.784959 -0.146060 0.715766 -0.696379 -0.052298 0.772155 -0.631583 -0.069850 0.820355 -0.566933 -0.074864 0.355781 -0.933145 -0.051579 0.351819 -0.926775 -0.131574 0.373086 -0.922967 -0.094543 0.365722 -0.919482 -0.144222 0.733977 0.677967 -0.040479 0.654684 0.755683 -0.018250 0.630556 0.774465 -0.051009 0.566473 0.823800 0.021495 0.689836 0.717643 -0.095475 0.762749 0.640334 -0.090476 0.811756 0.582115 -0.046842 0.751349 0.658074 -0.049131 0.835789 0.542325 -0.085677 0.869469 0.491928 -0.045065 0.856222 0.515280 -0.037003 0.792990 0.607957 -0.039434 0.857946 0.004786 -0.513717 0.976973 -0.014072 -0.212897 0.862035 -0.111318 -0.494473 0.968325 -0.145119 -0.203192 0.987639 -0.132730 -0.083376 0.996086 -0.014342 -0.087217 0.901072 0.425406 -0.084251 0.919925 0.389544 -0.044653 0.959674 0.277445 -0.045285 0.992716 -0.112314 -0.043597 
						0.974263 -0.221665 -0.040948 0.962156 -0.260977 -0.078402 0.926204 -0.369662 -0.074133 0.950096 -0.309661 -0.037778 0.351593 0.572496 -0.740697 0.644286 -0.324977 -0.692304 0.037522 0.240894 -0.969826 0.711494 -0.427106 -0.557993 0.944337 -0.320181 -0.075569 0.983392 0.175562 -0.046021 0.995450 0.083417 -0.046061 0.587219 0.109321 -0.802012 0.390909 0.261147 -0.882605 0.264154 0.250839 -0.931291 0.460311 0.161277 -0.872986 0.262709 0.322589 -0.909352 0.145553 0.293333 -0.944865 0.085835 0.218060 -0.972153 0.205232 0.190868 -0.959921 0.385898 0.142910 -0.911405 0.998937 -0.007959 -0.045394 0.287497 -0.898233 -0.332449 0.479797 -0.872216 -0.095049 0.632771 -0.774103 -0.019111 0.825596 0.191760 -0.530678 0.901205 0.293983 -0.318437 0.795473 0.181788 -0.578079 0.892127 0.342869 -0.294195 0.826280 -0.562212 -0.034344 0.867560 -0.495965 -0.036865 0.778314 -0.627404 -0.024311 0.846316 -0.531934 -0.028207 0.885849 -0.463008 -0.029926 0.403051 0.763325 -0.504862 0.512956 0.827736 -0.227441 0.475295 0.712045 -0.516804 0.591886 0.772535 -0.229916 0.623358 0.776195 -0.094579 0.712521 -0.701645 -0.002822 0.673639 0.557282 -0.485435 0.768247 0.415921 -0.486627 0.867430 0.454735 -0.201942 0.778633 0.592969 -0.205228 0.707841 -0.576390 -0.408332 0.729847 -0.514029 -0.450664 0.646243 -0.493017 -0.582499 0.612731 -0.576184 -0.540900 0.729346 -0.533644 -0.428111 0.669694 -0.560350 -0.487358 0.434034 -0.366622 -0.822923 0.450640 -0.413549 -0.791139 0.900414 0.168157 -0.401220 0.939753 0.106009 -0.325001 0.939753 0.106878 -0.324717 0.911896 0.177884 -0.369869 0.926044 0.043270 -0.374927 0.841929 0.038437 -0.538217 0.906272 -0.028993 -0.421699 0.940929 0.031892 -0.337100 0.057682 0.085033 -0.994707 0.065915 0.148561 -0.986704 -0.003682 0.153551 -0.988134 -0.014486 0.085236 -0.996255 0.021162 0.227546 -0.973537 
						0.005168 0.226498 -0.973998 -0.023677 0.153621 -0.987846 -0.036128 0.088129 -0.995454 0.947003 0.024791 -0.320266 0.934935 0.105730 -0.338699 0.939915 -0.082144 -0.331380 0.946428 -0.099856 -0.307088 0.942423 0.027243 -0.333311 0.924247 0.102847 -0.367681 0.393125 0.572116 -0.719817 0.598690 0.337077 -0.726602 0.685025 0.173868 -0.707467 0.489520 0.339065 -0.803371 0.690273 0.080944 -0.719007 0.812372 -0.020567 -0.582776 0.191529 0.137003 -0.971878 0.373698 0.114617 -0.920442 0.187393 0.090021 -0.978151 0.375460 0.092206 -0.922241 0.928258 0.370769 -0.029457 0.777281 0.607096 -0.165133 0.928101 0.372305 -0.004048 0.934154 0.356846 0.004157 0.290870 -0.000002 -0.956763 0.938599 0.343572 -0.031462 0.180292 0.180295 0.966948 0.977463 0.031012 0.208814 0.943430 0.328407 0.045692 0.046934 -0.044172 -0.997921 0.171504 -0.010114 -0.985132 0.179195 0.043195 -0.982865 0.051253 0.022626 -0.998429 0.358342 0.043150 -0.932593 0.364373 0.070089 -0.928612 0.891407 0.098295 -0.442416 0.905284 0.047718 -0.422119 0.862158 0.061268 -0.502922 0.852904 0.096659 -0.513042 0.900015 -0.026088 -0.435079 0.837046 0.028083 -0.546411 0.761892 0.063864 -0.644548 0.766899 0.075923 -0.637261 0.765810 0.094966 -0.636016 0.329047 0.201816 -0.922496 0.282528 0.262188 -0.922733 0.290965 0.284582 -0.913429 0.341048 0.231490 -0.911097 0.189387 0.316755 -0.929408 0.194994 0.330330 -0.923504 0.368032 0.268991 -0.890054 0.421258 0.210348 -0.882210 0.831421 0.399655 -0.386024 0.671696 0.659033 -0.338378 0.812362 0.548073 -0.199209 0.744040 0.280175 -0.606553 0.648394 0.505863 -0.568935 0.539538 0.610384 -0.579939 0.521270 0.701154 -0.486478 0.663569 0.642958 -0.382466 0.744750 0.128792 -0.654797 0.759274 0.115022 -0.640525 0.582558 0.096326 -0.807061 0.585842 0.101418 -0.804054 0.597073 0.092481 -0.796838 
						0.589598 0.089459 -0.802727 0.608394 0.086210 -0.788939 0.284676 0.031524 -0.958105 0.232999 0.117890 -0.965305 0.217831 -0.096280 -0.971226 0.337893 0.293461 -0.894264 0.230963 0.403720 -0.885249 0.103677 0.417550 -0.902720 0.157805 0.141753 -0.977243 0.188012 -0.084906 -0.978490 0.632303 -0.703470 -0.324535 0.459341 -0.828734 -0.319695 0.724538 -0.577150 -0.376754 0.710414 -0.610788 -0.349643 0.522726 -0.819720 -0.234129 0.306644 -0.899331 -0.311726 0.743816 -0.434681 -0.507730 0.725630 -0.418950 -0.545840 0.722262 -0.287011 -0.629255 0.696828 -0.174885 -0.695591 0.667638 -0.083276 -0.739814 0.719746 -0.393374 -0.572034 0.010780 0.151611 -0.988381 -0.003480 0.093096 -0.995651 0.045083 0.218284 -0.974844 0.193240 0.166484 -0.966924 0.155859 0.131392 -0.979002 0.140339 0.096284 -0.985411 0.624227 0.358609 -0.694075 0.635064 0.527575 -0.564233 0.533928 0.578317 -0.616822 0.532503 0.375577 -0.758540 0.579841 0.480872 -0.657682 0.571653 0.290672 -0.767283 0.583973 -0.104222 -0.805055 0.637663 -0.294975 -0.711600 0.691605 -0.377602 -0.615710 0.628518 -0.084674 -0.773172 0.598195 -0.502348 -0.624346 0.644192 -0.621905 -0.445254 0.450058 -0.810494 -0.374897 0.490736 -0.659785 -0.569088 0.421475 -0.754459 -0.503140 0.321983 -0.860546 -0.394698 0.496655 0.179028 -0.849284 0.543172 0.109081 -0.832506 0.668240 -0.018552 -0.743714 0.693371 -0.095558 -0.714216 -0.199487 0.936155 -0.289514 -0.150711 0.906472 -0.394454 -0.063436 0.988035 -0.140580 -0.113304 0.990938 -0.072140 0.516967 0.112550 -0.848574 0.331810 -0.105594 -0.937418 0.468134 0.043274 -0.882597 0.253403 -0.118306 -0.960099 0.119171 -0.189734 -0.974576 0.196630 -0.201961 -0.959452 0.935023 0.354586 0.000000 0.934907 0.354763 -0.009615 0.934845 0.354725 0.015351 0.934787 0.354305 0.025336 0.938224 0.340115 0.063698 0.938057 0.338372 0.074527 
						0.791252 -0.046921 -0.609687 0.839970 -0.173416 -0.514176 0.933278 -0.080960 -0.349910 0.854913 -0.227181 -0.466382 0.934114 0.346069 0.087568 0.934520 0.354272 0.034105 0.913767 0.394442 0.097191 0.924781 0.375266 0.062892 0.928071 0.371235 0.029494 0.934894 0.354797 0.009616 0.403424 0.113052 -0.908002 0.359668 0.197917 -0.911848 0.494400 -0.076839 -0.865832 0.477725 0.027500 -0.878079 0.400732 0.142952 -0.904974 0.259758 0.280809 -0.923944 0.127437 0.280984 -0.951214 0.277540 0.188165 -0.942107 0.075055 0.298381 -0.951491 0.775312 0.302937 -0.554184 0.795787 0.270709 -0.541700 0.703215 0.014179 -0.710836 0.748071 0.055001 -0.661336 0.807806 0.073178 -0.584888 0.823433 0.238909 -0.514665 0.110802 0.111995 -0.987512 0.167650 -0.132343 -0.976923 0.008529 0.274127 -0.961656 -0.025176 0.241170 -0.970156 0.093218 0.084412 -0.992061 0.175741 -0.179962 -0.967848 -0.929796 -0.366919 -0.029152 -0.934940 -0.354677 -0.009613 -0.934876 -0.354641 0.015355 -0.936899 -0.349567 0.004841 -0.935028 -0.354575 0.000000 -0.934780 -0.354323 0.025336 -0.938064 -0.338353 0.074527 -0.938252 -0.340037 0.063703 -0.947197 -0.317219 0.046803 0.385150 0.057351 -0.921070 0.404020 0.146310 -0.902973 0.413353 0.096322 -0.905462 0.341188 -0.043733 -0.938977 0.485440 0.174815 -0.856614 0.564371 0.173548 -0.807073 0.336989 0.063648 -0.939355 0.247822 -0.077314 -0.965716 0.152913 -0.568112 -0.808620 0.205924 -0.304809 -0.929885 0.126141 -0.259898 -0.957362 0.036088 -0.483561 -0.874566 0.189328 -0.020377 -0.981702 0.178213 0.072147 -0.981343 0.091565 -0.204551 -0.974564 -0.024213 -0.359300 -0.932908 0.855468 0.001559 -0.517853 0.869691 -0.040093 -0.491965 0.859990 0.059329 -0.506851 0.849687 0.005580 -0.527258 0.869955 0.024144 -0.492540 0.865908 0.116472 -0.486454 0.820709 0.353412 -0.448928 0.824256 0.252972 -0.506564 
						0.270497 0.150403 -0.950900 0.484925 0.219928 -0.846451 0.482046 0.227855 -0.845999 0.277710 0.221839 -0.934700 -0.042681 0.025531 -0.998762 -0.020578 0.018145 -0.999624 -0.043079 -0.047113 -0.997960 -0.022406 -0.054116 -0.998283 0.945808 -0.213726 -0.244476 0.829412 -0.035658 -0.557498 0.856903 0.001081 -0.515477 0.952022 -0.106563 -0.286876 0.557224 0.217213 -0.801449 0.614407 0.165753 -0.771382 0.231896 -0.321141 -0.918201 0.262269 -0.389141 -0.883054 0.240664 -0.236582 -0.941334 0.916575 0.182825 -0.355619 0.913292 0.178112 -0.366297 0.139883 0.021975 -0.989924 -0.008197 -0.028804 -0.999551 -0.010383 0.039367 -0.999171 0.134270 0.062297 -0.988985 0.040577 -0.195947 -0.979775 0.107340 -0.164783 -0.980472 0.187797 -0.148052 -0.970986 0.108652 -0.204297 -0.972861 0.255380 -0.031770 -0.966319 0.317544 0.020481 -0.948022 0.338352 0.082251 -0.937418 0.233888 -0.109189 -0.966113 -0.137722 0.819622 -0.556105 -0.085108 0.715345 -0.693569 0.001394 0.671852 -0.740684 0.290887 -0.000000 0.956758 0.778818 0.605259 0.164635 0.825924 0.516096 0.226925 0.207386 -0.075916 0.975309 0.802264 0.520738 0.291896 0.027963 -0.027968 0.999218 0.271029 -0.058082 -0.960817 0.357512 0.161943 -0.919760 0.252370 -0.206016 -0.945445 0.909703 0.100206 -0.402988 0.928174 0.037846 -0.370216 0.852696 -0.045654 -0.520409 0.834542 0.002310 -0.550940 0.812511 -0.093088 -0.575466 0.857156 -0.161257 -0.489162 0.882939 -0.058513 -0.465828 0.900015 -0.021429 -0.435333 0.194659 0.708295 -0.678547 0.273231 0.751173 -0.600902 0.318325 0.883857 -0.342733 0.217240 0.879865 -0.422663 0.486250 0.699684 -0.523452 0.519347 0.765080 -0.380699 0.522540 0.795425 -0.307004 0.422588 0.880844 -0.213386 0.893138 -0.019007 -0.449381 0.886256 0.013445 -0.463000 0.900335 -0.145911 -0.410008 0.928621 -0.068169 -0.364714 0.887497 0.034147 -0.459546 
						0.879021 0.060970 -0.472869 0.752835 0.036489 -0.657197 0.780281 0.122036 -0.613408 0.766644 0.140446 -0.626524 0.733563 0.032360 -0.678850 0.810271 0.154481 -0.565329 0.814894 0.166176 -0.555277 0.846486 0.256350 -0.466633 0.773657 0.223873 -0.592735 0.723267 0.103728 -0.682733 0.831328 0.280468 -0.479824 0.843391 0.295489 -0.448750 0.790831 0.408181 -0.456042 0.799543 0.369132 -0.473784 -0.934954 -0.354640 0.009612 -0.934551 -0.354192 0.034103 -0.929528 -0.367594 0.029204 -0.924740 -0.375367 0.062899 -0.913725 -0.394538 0.097195 -0.934122 -0.346046 0.087568 0.775511 -0.477727 -0.412745 0.760531 -0.458534 -0.459716 0.759154 -0.501133 -0.415392 0.743694 -0.452788 -0.491836 0.850485 0.102312 -0.515953 0.862386 0.061361 -0.502519 0.870107 0.077592 -0.486716 0.856367 0.097848 -0.507012 0.893099 0.050131 -0.447058 0.876230 0.099181 -0.471576 0.867465 0.151006 -0.474027 0.902000 0.158492 -0.401593 0.895480 0.264507 -0.357983 0.905203 0.095236 -0.414172 0.922393 0.032899 -0.384849 0.949446 -0.049174 -0.310055 0.819669 0.197649 -0.537660 0.840272 0.145837 -0.522182 0.924551 -0.265835 -0.273015 0.831609 0.046249 -0.553432 0.855196 -0.217303 -0.470553 0.791145 0.145239 -0.594134 0.594143 0.402109 -0.696636 0.558265 0.338412 -0.757507 0.305794 0.504188 -0.807641 0.337098 0.589693 -0.733912 0.507932 0.578971 -0.637807 -0.019513 -0.134536 -0.990717 0.027404 -0.115833 -0.992891 0.177797 -0.024222 -0.983769 0.627007 0.665667 -0.404659 0.599842 0.765228 -0.233701 0.748210 0.451106 -0.486503 0.781399 0.512804 -0.355596 0.795144 0.245365 -0.554565 0.776724 0.190826 -0.600238 0.695706 -0.022300 -0.717980 0.702504 -0.042237 -0.710425 0.314464 -0.414721 -0.853885 0.529949 -0.135588 -0.837120 0.257495 -0.645804 -0.718772 0.430780 -0.580920 -0.690623 0.452658 -0.421285 -0.785888 0.538237 -0.223310 -0.812671 
						0.677304 0.549744 -0.488918 0.698531 0.475919 -0.534374 0.797262 0.179826 -0.576226 0.759036 0.317146 -0.568580 0.664915 -0.450918 -0.595450 0.661767 -0.253512 -0.705546 0.607896 -0.276214 -0.744425 0.579564 -0.487723 -0.652865 0.656397 -0.182666 -0.731967 0.639294 -0.390130 -0.662647 0.730912 0.344532 -0.589122 0.825153 0.011478 -0.564792 0.576625 -0.678335 -0.455374 0.616117 -0.562135 -0.551728 0.775532 -0.309001 -0.550516 0.729484 -0.530402 -0.431887 0.776070 -0.139225 -0.615086 0.763059 0.044097 -0.644822 0.492710 0.663815 -0.562660 0.271966 0.843598 -0.463009 0.231929 0.668798 -0.706342 0.347079 0.415511 -0.840766 0.395377 0.020568 -0.918289 0.644138 0.132638 -0.753321 0.702344 0.214808 -0.678653 0.850294 0.216669 -0.479640 0.804955 0.165707 -0.569727 0.626349 -0.233867 -0.743635 0.701064 -0.002089 -0.713095 0.591271 -0.391312 -0.705176 0.666042 -0.164903 -0.727458 0.697768 0.018745 -0.716078 0.431366 -0.682318 -0.590225 0.551551 -0.497540 -0.669511 0.612848 -0.322594 -0.721353 0.189496 -0.820784 -0.538892 0.263797 -0.803232 -0.534069 0.767701 -0.214919 -0.603693 0.693713 -0.136138 -0.707268 0.729897 -0.110925 -0.674497 0.764714 -0.228253 -0.602589 0.701570 -0.067774 -0.709371 0.712160 0.359639 -0.602900 0.699603 0.359784 -0.617342 0.558930 0.074448 -0.825866 0.627915 -0.112098 -0.770167 0.668086 0.082482 -0.739499 0.682839 0.260487 -0.682552 0.547523 0.163070 -0.820748 0.630401 0.179315 -0.755275 0.674530 0.056589 -0.736075 0.695400 0.234505 -0.679284 0.582508 0.161617 -0.796595 0.614216 0.309585 -0.725876 0.737848 0.384100 -0.555020 0.806153 0.450260 -0.383905 0.355782 -0.933144 0.051580 0.351825 -0.926773 0.131575 0.373079 -0.922970 0.094542 0.365716 -0.919485 0.144222 0.117232 -0.221034 -0.968194 0.048969 -0.204385 -0.977665 0.061595 -0.123899 -0.990381 -0.004898 -0.138330 -0.990374 
						-0.938304 -0.337681 -0.074547 -0.934767 -0.354356 -0.025336 -0.934519 -0.354274 -0.034105 -0.931633 -0.352683 -0.087601 -0.925671 -0.373090 -0.062748 -0.924779 -0.368180 -0.096058 0.452978 0.183091 -0.872519 0.375256 0.192640 -0.906682 0.364967 0.144849 -0.919684 0.736884 -0.172299 -0.653694 0.781339 -0.322529 -0.534308 0.704114 -0.063828 -0.707213 0.851999 -0.177874 -0.492401 0.427415 -0.124141 -0.895492 0.436738 0.020194 -0.899362 0.457613 -0.370287 -0.808379 0.504396 -0.194096 -0.841375 0.849367 0.132623 -0.510868 0.885877 0.150744 -0.438747 0.868383 0.267546 -0.417529 0.903036 0.166014 -0.396188 0.721345 0.312765 -0.617932 0.067525 -0.000002 0.997718 0.197642 -0.072324 0.977603 0.172116 -0.923181 0.343676 0.220839 -0.905111 0.363325 0.261485 -0.261482 0.929114 0.081797 -0.955479 0.283494 0.604296 -0.176383 -0.776991 0.577670 -0.057620 -0.814234 0.784729 -0.426881 -0.449414 0.842385 -0.268429 -0.467261 0.536641 0.024260 -0.843462 0.875066 -0.478368 -0.073649 0.911594 -0.409462 -0.036576 0.935098 -0.353251 -0.028395 0.187470 -0.073011 -0.979553 0.949485 -0.311746 -0.035958 0.908232 -0.416778 -0.037565 0.676325 -0.596732 -0.431850 0.831479 -0.395219 -0.390442 0.728789 -0.646688 -0.225078 0.889684 -0.376422 -0.258396 0.693867 0.718448 -0.048804 0.741953 0.669306 -0.039166 -0.418485 0.006131 -0.908203 -0.906769 0.094292 -0.410949 -0.995953 0.082720 -0.035150 -0.974372 0.195227 -0.111736 0.776279 0.628336 -0.050837 0.813944 0.578569 -0.052471 0.695179 0.051086 -0.717019 0.701237 -0.552013 -0.451163 0.806932 -0.560277 -0.186950 0.879952 -0.437935 -0.184116 0.935336 -0.297706 -0.191098 -0.784624 -0.575349 0.230954 -0.927312 -0.374203 0.007991 -0.412571 -0.000002 0.910925 -0.939011 -0.343613 0.013751 -0.260604 -0.260600 -0.929609 -0.955460 -0.079893 -0.284101 -0.996513 -0.080998 0.020055 -0.996487 -0.083652 0.004122 
						-0.995849 -0.090901 0.004637 -0.992267 -0.123137 0.015583 -0.997716 -0.067535 -0.001643 -0.998549 -0.053850 -0.000058 -0.997415 -0.071580 0.006377 -0.991065 -0.132204 0.017669 -0.975265 0.004022 0.221001 -0.988822 -0.145002 -0.034720 -0.990430 -0.138008 -0.001717 -0.998479 -0.027083 0.048019 -0.929199 -0.345383 -0.131527 -0.933144 -0.355783 -0.051579 -0.908230 -0.392201 -0.145931 -0.921909 -0.375629 -0.094796 -0.926761 -0.372977 -0.044747 -0.934015 -0.356934 -0.014629 -0.934107 -0.338947 0.112069 -0.906976 -0.211775 0.364069 -0.867867 -0.302394 0.394164 -0.929218 -0.345333 0.131528 -0.000008 -0.065629 0.997844 -0.006576 0.017961 0.999817 -0.055962 0.055957 0.996864 -0.790567 -0.458931 0.405445 -0.916032 -0.374066 0.144773 0.374198 -0.927315 -0.007985 0.575338 -0.784634 -0.230947 0.343615 -0.939011 -0.013694 -0.000002 -0.412576 -0.910923 -0.042841 0.042841 -0.998163 -0.772535 -0.486180 -0.408435 -0.867865 -0.302398 -0.394165 -0.006572 0.017959 -0.999817 -0.906976 -0.211782 -0.364065 -0.000002 -0.065631 -0.997844 -0.919404 -0.201778 -0.337612 -0.087246 -0.238410 -0.967238 -0.786367 -0.573295 -0.230129 -0.927314 -0.374199 -0.007988 -0.933300 -0.359049 0.005940 -0.412944 0.000002 -0.910756 -0.939012 -0.343609 -0.013759 -0.260603 -0.260590 0.929612 -0.955460 -0.079885 0.284104 -0.940703 -0.332291 0.068276 -0.067148 -0.067143 -0.995481 0.441357 -0.801588 -0.403312 0.502085 -0.801821 -0.324027 -0.094756 -0.258932 -0.961237 0.588496 -0.296029 -0.752356 0.551632 -0.386125 -0.739331 -0.922867 -0.373326 0.094568 -0.801824 -0.502080 0.324029 -0.258943 0.094753 0.961234 0.304053 0.587017 -0.750308 0.368538 0.484905 -0.793124 0.398939 0.417400 -0.816471 0.252464 -0.252456 -0.934092 0.029914 -0.953561 -0.299710 0.201782 -0.919400 -0.337621 0.238409 -0.087239 -0.967239 0.200059 -0.909261 -0.364993 0.051369 0.000002 -0.998680 -0.934623 -0.342553 0.095584 
						-0.919403 -0.201784 0.337612 -0.087254 -0.238416 0.967235 -0.067152 -0.067139 0.995481 0.441351 -0.801589 0.403316 0.502082 -0.801821 0.324033 -0.094760 -0.258928 0.961237 0.549171 -0.806110 0.220448 -0.000007 -0.421526 0.906816 -0.933904 -0.356776 0.023095 -0.933789 -0.355772 0.038274 -0.933216 -0.355594 0.051575 0.523111 -0.485075 -0.700754 0.441384 -0.629102 -0.639852 0.083315 -0.798683 -0.595957 0.262513 -0.748381 -0.609108 0.308638 -0.514055 -0.800306 0.565759 0.653415 -0.502957 0.444340 0.361261 -0.819788 0.480070 0.288212 -0.828533 0.492054 0.140354 -0.859176 0.492632 0.207642 -0.845103 -0.934875 -0.354644 -0.015355 -0.936899 -0.349567 -0.004841 -0.938251 -0.340038 -0.063704 -0.947197 -0.317218 -0.046804 0.766072 0.142105 -0.626849 0.157810 0.664538 -0.730400 0.494719 0.084637 -0.864922 0.490152 0.102474 -0.865592 0.508081 0.066179 -0.858763 0.938071 0.338331 -0.074528 0.943703 0.208646 -0.256692 0.906026 0.317588 -0.279741 0.934121 0.346048 -0.087568 -0.000003 0.043281 -0.999063 0.004312 -0.011785 -0.999921 0.037716 -0.037715 -0.998576 0.819024 0.495115 -0.289933 0.921372 0.376532 -0.096425 -0.906026 -0.317589 0.279739 -0.943703 -0.208649 0.256691 -0.802267 -0.520738 0.291891 -0.027969 0.027963 0.999218 -0.004317 0.011783 0.999921 -0.000002 -0.043281 0.999063 0.906026 0.317585 0.279742 0.004311 -0.011788 0.999921 0.943703 0.208646 0.256693 -0.000002 0.043282 0.999063 -0.819660 -0.477269 -0.316816 -0.297761 0.108961 -0.948402 -0.998410 0.038243 0.041414 -0.998219 0.041924 0.042450 -0.998052 -0.023124 0.057951 0.954368 0.176121 0.241170 0.059489 0.162522 0.984910 0.928098 0.372315 0.004052 0.934156 0.356840 -0.004158 0.938598 0.343568 0.031556 0.180295 0.180297 -0.966947 0.977464 0.031017 -0.208813 0.943430 0.328408 -0.045692 -0.172180 -0.172180 0.969901 -0.975504 0.018157 0.219230 
						-0.954369 -0.176117 0.241169 -0.059490 -0.162516 0.984911 0.925629 0.373192 -0.062755 0.808116 0.541433 -0.231947 0.181227 -0.066336 -0.981201 0.490456 0.869078 0.064473 0.448990 0.887625 0.102609 -0.871426 -0.055380 0.487390 -0.986941 -0.087303 0.135372 -0.045463 0.045464 -0.997931 -0.829859 -0.477621 -0.288464 -0.808115 -0.541434 -0.231948 -0.181221 0.066336 -0.981203 -0.798300 -0.581145 -0.158073 -0.300197 -0.000001 -0.953877 -0.995935 -0.073981 -0.051379 -0.997105 -0.010742 -0.075279 -0.991880 -0.115592 -0.053042 0.430734 0.632438 -0.643809 0.817567 -0.180823 -0.546706 -0.934462 0.148231 -0.323742 -0.176565 -0.145143 -0.973529 0.938225 0.340114 -0.063698 0.954368 0.176126 -0.241168 0.059486 0.162519 -0.984911 -0.172181 -0.172179 -0.969901 -0.975504 0.018166 -0.219230 -0.954369 -0.176124 -0.241165 -0.059492 -0.162515 -0.984911 -0.945917 -0.197589 -0.257291 -0.000003 -0.033505 -0.999439 0.883721 -0.460176 -0.085295 0.957653 -0.224473 -0.180311 0.934844 0.354727 -0.015351 0.934800 0.354269 -0.025336 0.873059 0.485136 -0.049106 0.567497 0.103051 -0.816901 0.934551 0.354191 -0.034104 -0.300228 -0.000001 0.953867 -0.207385 0.075911 0.975310 -0.825925 -0.516095 0.226922 -0.799766 -0.579265 0.157564 -0.991506 -0.123998 0.039241 -0.995739 -0.076453 0.051554 -0.984669 -0.169333 0.041874 -0.999328 -0.035955 -0.007088 -0.997947 -0.063401 -0.009005 0.894485 -0.334510 -0.296648 0.090111 0.096996 -0.991197 0.605597 -0.783644 0.138399 0.637865 -0.763540 0.100675 -0.992583 -0.026676 0.118605 -0.904092 -0.061876 0.422834 0.215602 -0.761148 -0.611694 0.882619 -0.468920 -0.033115 0.681033 0.698975 -0.218239 -0.651089 -0.018519 -0.758775 0.504249 0.153824 -0.849747 0.879573 0.394325 -0.266193 0.084821 0.303542 -0.949035 0.765214 -0.619092 -0.176560 0.574034 -0.752822 -0.322093 0.551437 -0.661227 -0.508623 0.846276 -0.232837 -0.479169 
						0.829960 -0.192028 -0.523728 0.807692 -0.276320 -0.520846 0.842271 -0.258145 -0.473223 0.344928 -0.851818 -0.394248 0.021774 0.007971 -0.999731 -0.149943 -0.781640 -0.605439 -0.046369 -0.808130 -0.587177 0.347133 -0.937805 -0.004467 0.342783 -0.936752 0.070683 0.344930 -0.851817 0.394248 0.021775 0.007970 0.999731 0.328219 -0.257334 -0.908874 -0.938519 -0.345200 0.004417 -0.936378 -0.342759 -0.075587 -0.890660 -0.358358 -0.279830 0.005745 -0.015699 -0.999860 -0.938513 -0.345216 -0.004411 -0.936372 -0.342753 0.075678 0.570223 -0.667845 -0.478361 0.870220 0.058799 -0.489142 
					</float_array>
					<technique_common>
						<accessor count="1044" offset="0" source="#meshId2-bitangents-array" stride="3">
							<param name="X" type="float" />
							<param name="Y" type="float" />
							<param name="Z" type="float" />
						</accessor>
					</technique_common>
				</source>
				<source id="meshId2-tex0" name="meshId2-tex0">
					<float_array id="meshId2-tex0-array" count="2088"> 
						0.755930 0.453900 0.821943 0.437029 0.826041 0.459760 0.755750 0.473640 0.866748 0.427283 0.884567 0.439443 0.914651 0.460438 0.835110 0.476908 0.755569 0.493379 0.513554 0.438635 0.496713 0.429930 0.474037 0.366375 0.481487 0.366653 0.485407 0.425576 0.464921 0.366397 0.439173 0.301040 0.444296 0.297855 0.449420 0.294671 0.047323 0.338188 0.034328 0.407266 0.025366 0.408962 0.041688 0.336024 0.025344 0.469280 0.015054 0.475688 0.000142 0.487417 0.018097 0.410638 0.036053 0.333860 0.629788 0.521316 0.626338 0.530359 0.617759 0.526701 0.620745 0.517866 0.623463 0.537893 0.615481 0.533878 0.610632 0.529891 0.610889 0.523619 0.613211 0.514991 0.646365 0.527641 0.638830 0.524766 0.641817 0.515931 0.648687 0.519013 0.633238 0.512273 0.636112 0.504739 0.644094 0.508754 0.648943 0.512741 0.575670 0.443349 0.607713 0.425486 0.663899 0.451586 0.653151 0.467735 0.626665 0.415180 0.670262 0.429382 0.734243 0.452807 0.732438 0.472464 0.730632 0.492122 0.058935 0.446734 0.079775 0.431104 0.083295 0.462603 0.061552 0.486124 0.099661 0.414325 0.104235 0.437965 0.112530 0.457922 0.092352 0.489534 0.071458 0.520004 0.274855 0.652072 0.279905 0.705151 
						0.231921 0.707477 0.232124 0.654289 0.283758 0.745632 0.231747 0.748066 0.185334 0.743807 0.189037 0.703881 0.193896 0.651614 0.194343 0.153705 0.208690 0.148769 0.210791 0.159224 0.196730 0.162813 0.225895 0.145614 0.227057 0.156553 0.227803 0.163367 0.212134 0.166046 0.196680 0.170953 0.620195 0.102707 0.609073 0.154386 0.560792 0.151707 0.574631 0.099538 0.602516 0.214002 0.553471 0.211219 0.513837 0.207818 0.523425 0.149366 0.533013 0.090915 0.140420 0.627188 0.163764 0.642695 0.155339 0.692764 0.129333 0.673934 0.148999 0.731034 0.121051 0.709662 0.077412 0.645409 0.098258 0.680401 0.092931 0.701846 0.071120 0.664136 0.116526 0.733691 0.111565 0.756028 0.090099 0.717677 0.068632 0.679326 0.145623 0.756465 0.182948 0.770575 0.174775 0.795053 0.143170 0.775540 0.757716 0.355610 0.759242 0.289438 0.839442 0.290478 0.834418 0.350359 0.760768 0.223266 0.841969 0.227232 0.911007 0.229554 0.907574 0.292142 0.899070 0.350853 0.761505 0.103432 0.684692 0.105647 0.693978 0.064694 0.764089 0.064318 0.636962 0.063531 0.655424 0.041907 0.700373 0.036236 0.766671 0.025204 0.570878 0.054140 0.599495 0.059696 0.608744 0.017365 0.638023 0.032936 
						0.286327 0.772605 0.231860 0.774972 0.288427 0.794648 0.231601 0.794850 0.335294 0.738205 0.340259 0.764647 0.380066 0.725263 0.387459 0.751098 0.400105 0.773590 0.344266 0.784119 0.629788 0.576908 0.638830 0.573457 0.641816 0.582292 0.633238 0.585950 0.646365 0.570583 0.648687 0.579211 0.648943 0.585483 0.644094 0.589470 0.636112 0.593484 0.186442 0.282492 0.180559 0.283797 0.182421 0.251920 0.188096 0.250798 0.174398 0.284910 0.176336 0.252695 0.178966 0.225888 0.184674 0.226110 0.189930 0.225832 0.924587 0.033288 0.893889 0.045835 0.836529 0.027504 0.846261 0.016715 0.875675 0.053010 0.831524 0.042848 0.767031 0.018076 0.767935 0.000141 0.955897 0.294494 0.944729 0.353963 0.960083 0.231717 0.999858 0.232320 0.993275 0.297455 0.986690 0.362590 0.402173 0.602280 0.421873 0.646089 0.399889 0.669483 0.382176 0.621908 0.436742 0.679608 0.413333 0.705865 0.368897 0.686757 0.354269 0.636349 0.467470 0.608292 0.480711 0.566506 0.491166 0.580252 0.477178 0.625493 0.490661 0.522531 0.501930 0.532894 0.513554 0.540000 0.498019 0.589967 0.482485 0.639934 0.449684 0.484049 0.453031 0.448923 0.475917 0.464890 0.472954 0.506075 0.448189 0.409763 
						0.469150 0.419017 0.493449 0.476661 0.317235 0.646187 0.327465 0.698380 0.366326 0.359047 0.369765 0.344814 0.382678 0.352153 0.382775 0.372388 0.372817 0.331118 0.381114 0.330629 0.389411 0.330141 0.397609 0.358119 0.402114 0.385603 0.763944 0.103554 0.840145 0.113484 0.842425 0.166908 0.762356 0.163410 0.904611 0.117046 0.910479 0.169581 0.321577 0.180388 0.315320 0.192860 0.304402 0.183380 0.309572 0.175902 0.304926 0.205222 0.297216 0.185821 0.293609 0.176701 0.298476 0.176064 0.302255 0.172361 0.188526 0.207859 0.192967 0.208616 0.183764 0.206683 0.189920 0.193668 0.193577 0.195611 0.197013 0.197301 0.175807 0.181501 0.178818 0.176403 0.183503 0.177727 0.178769 0.184959 0.180325 0.171888 0.186432 0.171506 0.188836 0.179486 0.182268 0.188529 0.161043 0.219670 0.174218 0.200534 0.178702 0.204689 0.172293 0.224594 0.186074 0.191399 0.193171 0.182052 0.201846 0.175323 0.204852 0.178578 0.196561 0.184733 0.208712 0.428504 0.229624 0.427990 0.230348 0.474522 0.206047 0.474706 0.253384 0.426260 0.257787 0.472571 0.263058 0.528019 0.231245 0.530151 0.202914 0.529699 0.199385 0.187250 0.206978 0.181483 0.208680 0.184197 0.201886 0.189581 
						0.243522 0.145168 0.243657 0.155812 0.258958 0.147003 0.258503 0.156360 0.260213 0.164258 0.243801 0.162738 0.043943 0.633171 0.048844 0.622334 0.019254 0.587015 0.029335 0.577839 0.038453 0.565533 0.056521 0.606858 0.415441 0.362362 0.424791 0.398337 0.402113 0.324023 0.414814 0.317906 0.434071 0.365134 0.121825 0.414424 0.129604 0.428253 0.116178 0.397705 0.129836 0.381509 0.136450 0.392613 0.143902 0.401510 0.101715 0.357426 0.098919 0.386468 0.082193 0.393989 0.088078 0.353802 0.064406 0.400218 0.074440 0.350177 0.341677 0.397842 0.349335 0.390023 0.367949 0.418278 0.359384 0.430564 0.356263 0.381326 0.375330 0.404902 0.397674 0.430824 0.389781 0.450129 0.380209 0.468103 0.624403 0.509287 0.627485 0.502417 0.617226 0.507009 0.621212 0.502160 0.052748 0.546028 0.042074 0.506123 0.027067 0.520991 0.040082 0.459773 0.136707 0.491256 0.149558 0.505828 0.135828 0.556116 0.120688 0.535785 0.163628 0.517787 0.152414 0.572985 0.121327 0.605412 0.103914 0.579317 0.277044 0.423474 0.285101 0.469311 0.297679 0.420033 0.309001 0.464910 0.322438 0.518328 0.294701 0.524113 0.180744 0.525738 0.172645 0.584677 0.198750 0.591057 0.338088 0.577798 
						0.362519 0.566611 0.343462 0.510259 0.358771 0.499226 0.380181 0.551316 0.468644 0.681638 0.462877 0.666630 0.454804 0.723342 0.445718 0.702347 0.453602 0.646578 0.231898 0.592568 0.268987 0.590381 0.259121 0.194261 0.263078 0.203227 0.258106 0.204545 0.255143 0.195960 0.267501 0.218125 0.261638 0.219040 0.254239 0.220281 0.251526 0.205958 0.249435 0.197497 0.305823 0.585533 0.361912 0.371191 0.380370 0.389862 0.402066 0.409670 0.186695 0.165719 0.184604 0.159161 0.180244 0.167903 0.178665 0.163895 0.414970 0.484233 0.404323 0.508811 0.423435 0.458066 0.440662 0.517140 0.428993 0.548395 0.152341 0.408753 0.139371 0.440005 0.161331 0.414995 0.150096 0.450463 0.123919 0.475402 0.427259 0.429921 0.180657 0.425098 0.192777 0.427655 0.187263 0.472611 0.172866 0.467775 0.106048 0.221823 0.124185 0.207813 0.132972 0.222217 0.114257 0.235158 0.140121 0.198627 0.148566 0.209576 0.140776 0.237966 0.122465 0.248493 0.214102 0.170740 0.228346 0.168184 0.228802 0.171939 0.215933 0.174319 0.242879 0.167736 0.255926 0.169662 0.253659 0.173505 0.241910 0.171623 0.233985 0.223081 0.244739 0.221751 0.247806 0.244197 0.236120 0.245555 0.258179 0.242807 
						0.263683 0.273533 0.252136 0.274922 0.239074 0.276346 0.241422 0.174968 0.229246 0.175198 0.252281 0.176820 0.251335 0.179851 0.241228 0.178047 0.229688 0.178228 0.277895 0.178432 0.274660 0.182164 0.265825 0.174431 0.269671 0.170906 0.271322 0.185239 0.263027 0.177818 0.242755 0.207427 0.241385 0.198859 0.232672 0.208692 0.231935 0.199990 0.531292 0.547737 0.523014 0.550877 0.520044 0.535770 0.527601 0.533916 0.513837 0.554357 0.513837 0.536109 0.513837 0.517861 0.522315 0.521677 0.527223 0.523886 0.213588 0.224412 0.213608 0.209848 0.222529 0.209501 0.223188 0.223940 0.214186 0.201112 0.222420 0.200803 0.230515 0.184133 0.240647 0.183930 0.239969 0.186786 0.230866 0.187110 0.249177 0.185397 0.247334 0.187847 0.245215 0.189759 0.239551 0.189791 0.231180 0.190373 0.291979 0.272222 0.286019 0.271999 0.278679 0.241139 0.284290 0.241271 0.279764 0.272016 0.272872 0.241217 0.272668 0.217516 0.277668 0.216983 0.175120 0.167054 0.173067 0.164854 0.175666 0.159674 0.172740 0.169320 0.171166 0.167800 0.169631 0.166737 0.170085 0.163818 0.171117 0.157012 0.217139 0.192587 0.222805 0.191473 0.222718 0.195222 0.215429 0.195611 0.231495 0.194348 
						0.240223 0.193443 0.247344 0.192366 0.171229 0.319160 0.164401 0.318933 0.167587 0.285862 0.165421 0.350951 0.158414 0.348480 0.150508 0.344921 0.156139 0.318276 0.158795 0.287380 0.157269 0.198539 0.164802 0.199629 0.150775 0.192198 0.157100 0.187631 0.161566 0.190583 0.166545 0.190356 0.133106 0.182132 0.145812 0.181856 0.128499 0.152325 0.144248 0.168836 0.152632 0.175288 0.153754 0.182221 0.257693 0.312450 0.242685 0.314052 0.270851 0.310835 0.279102 0.348943 0.263875 0.351001 0.246397 0.352908 0.159127 0.161584 0.165147 0.157693 0.166121 0.165009 0.162052 0.168146 0.167380 0.168334 0.164460 0.171042 0.160345 0.177182 0.161533 0.179024 0.158525 0.181225 0.157664 0.177301 0.163442 0.180790 0.160868 0.184043 0.163928 0.185442 0.165648 0.181893 0.167457 0.182345 0.167259 0.185038 0.267308 0.201966 0.271330 0.200611 0.262282 0.192392 0.265165 0.190299 0.118222 0.355277 0.123789 0.368167 0.112474 0.377800 0.109969 0.356352 0.200316 0.198751 0.197202 0.209141 0.203865 0.199932 0.201638 0.209529 0.200136 0.224962 0.194939 0.225381 0.557844 0.537669 0.543337 0.543170 0.538581 0.528999 0.552342 0.523162 0.534981 0.517519 0.547775 0.511117 
						0.254971 0.188661 0.257127 0.186320 0.250417 0.182715 0.258950 0.183732 0.561596 0.507426 0.566513 0.518406 0.571626 0.507048 0.577993 0.514806 0.584395 0.527600 0.572350 0.532167 0.301513 0.307173 0.295287 0.307768 0.312971 0.340926 0.306378 0.343083 0.299120 0.345096 0.288601 0.308480 0.280867 0.309491 0.290514 0.347002 0.272659 0.272525 0.304469 0.166370 0.312464 0.164672 0.304196 0.159317 0.311408 0.151472 0.323763 0.132133 0.325316 0.162596 0.145858 0.317339 0.147236 0.290065 0.141428 0.340614 0.133219 0.340024 0.134723 0.316604 0.136227 0.293184 0.531292 0.615897 0.543337 0.620464 0.538581 0.634635 0.527601 0.629718 0.557844 0.625965 0.552342 0.640472 0.547775 0.652517 0.534981 0.646115 0.527223 0.639748 0.304309 0.272329 0.296234 0.240885 0.303202 0.239976 0.311202 0.271987 0.288456 0.214892 0.294774 0.212300 0.313332 0.240153 0.320166 0.271840 0.339163 0.326966 0.328621 0.301801 0.338579 0.298963 0.347291 0.321037 0.332096 0.272338 0.343575 0.273403 0.349418 0.296168 0.355260 0.318932 0.321320 0.029305 0.346218 0.030393 0.347599 0.084321 0.325509 0.081164 0.371116 0.031481 0.372131 0.086204 0.373146 0.140927 0.347251 0.131669 
						0.328750 0.244520 0.328604 0.219604 0.348837 0.226646 0.346206 0.250025 0.225994 0.277486 0.224406 0.246535 0.214416 0.278363 0.213981 0.247222 0.277325 0.153530 0.276527 0.157621 0.269387 0.156988 0.270131 0.150238 0.277088 0.161392 0.270734 0.162488 0.145299 0.262282 0.129346 0.270839 0.159491 0.255194 0.217268 0.177449 0.218309 0.180372 0.213550 0.355225 0.214448 0.316288 0.227656 0.315355 0.228881 0.354356 0.198365 0.279978 0.196596 0.317356 0.189908 0.317917 0.192234 0.281150 0.193183 0.355233 0.185684 0.354622 0.178812 0.353739 0.183698 0.318501 0.125721 0.347651 0.133670 0.356544 0.141495 0.365054 0.601850 0.520980 0.592673 0.524460 0.584879 0.511183 0.589751 0.507321 0.573835 0.502140 0.577651 0.493662 0.177549 0.318969 0.172133 0.352601 0.169347 0.253129 0.230117 0.181192 0.241041 0.181026 0.308329 0.073178 0.306069 0.021634 0.308350 0.115722 0.295558 0.106990 0.293624 0.065270 0.290819 0.013963 0.283054 0.169716 0.284805 0.166560 0.288196 0.169507 0.288143 0.174055 0.286211 0.164322 0.288843 0.166793 0.291086 0.168631 0.291821 0.171359 0.278983 0.060556 0.275658 0.008854 0.282635 0.103637 0.266585 0.108046 0.261912 0.057844 
						0.260496 0.003744 0.135323 0.030580 0.149035 0.022413 0.156723 0.073480 0.143485 0.081115 0.162748 0.014246 0.172751 0.067292 0.178825 0.117218 0.162292 0.116215 0.150411 0.122148 0.344354 0.164258 0.366685 0.169004 0.360225 0.197082 0.339341 0.186516 0.572350 0.631467 0.566513 0.645228 0.584395 0.636034 0.577993 0.648828 0.571626 0.656586 0.561596 0.656208 0.094601 0.196172 0.115133 0.187322 0.083154 0.170521 0.105847 0.156482 0.210565 0.000142 0.235531 0.001943 0.240030 0.054752 0.216344 0.054567 0.243400 0.099151 0.220955 0.098352 0.199308 0.103776 0.204811 0.132017 0.189217 0.140296 0.224026 0.127711 0.243867 0.127960 0.261217 0.132824 0.186656 0.007194 0.193324 0.059710 0.281518 0.155790 0.280761 0.158198 0.284101 0.157405 0.283279 0.159028 0.282794 0.160439 0.280896 0.160692 0.279276 0.165385 0.282287 0.163492 0.284114 0.161995 0.205427 0.279112 0.204371 0.316881 0.201985 0.355480 0.292712 0.167848 0.295090 0.171183 0.294564 0.166385 0.297748 0.169276 0.299413 0.166069 0.295961 0.164334 0.296714 0.162378 0.299443 0.162086 0.175601 0.175325 0.176608 0.172129 0.173511 0.178950 0.171649 0.177128 0.173506 0.174295 0.174676 0.172353 
						0.290115 0.165069 0.287516 0.162582 0.288798 0.161049 0.291586 0.163568 0.295181 0.147344 0.300795 0.152535 0.297255 0.157865 0.293536 0.154263 0.294653 0.160082 0.291681 0.157449 0.285313 0.160511 0.286367 0.159047 0.286360 0.154564 0.288605 0.155578 0.287508 0.157535 0.285209 0.155808 0.290125 0.159449 0.292974 0.161882 0.288169 0.188724 0.288565 0.180964 0.280738 0.173974 0.274758 0.167877 0.208195 0.200777 0.210446 0.194943 0.207006 0.193537 0.212241 0.189105 0.214644 0.191128 0.171974 0.173005 0.173949 0.170944 0.169935 0.175652 0.168243 0.174293 0.170528 0.171616 0.169379 0.180127 0.167716 0.178695 0.165857 0.177456 0.171514 0.186761 0.170581 0.182544 0.109012 0.052165 0.122167 0.041372 0.130946 0.091896 0.116100 0.103247 0.139893 0.133283 0.333357 0.202528 0.354531 0.211864 0.161921 0.174441 0.164008 0.175996 0.166470 0.172845 0.168948 0.170184 0.158991 0.172619 0.154609 0.167919 0.148233 0.156860 0.155466 0.147927 0.279962 0.196851 0.284553 0.193836 0.164336 0.143135 0.173376 0.143887 0.635173 0.533345 0.632091 0.540215 0.642350 0.535623 0.638363 0.540472 0.193566 0.249597 0.199272 0.248553 0.206080 0.224686 0.205790 0.247816 
						0.567912 0.599414 0.563345 0.611459 0.549174 0.606703 0.554091 0.595723 0.537694 0.603103 0.544061 0.595345 0.282886 0.216231 0.290093 0.241288 0.298025 0.272395 0.304978 0.140520 0.296007 0.133285 0.268146 0.187926 0.260825 0.180907 0.313919 0.305485 0.307657 0.306480 0.325622 0.335678 0.319328 0.338555 0.221812 0.188595 0.220475 0.185939 0.210332 0.186761 0.219322 0.183204 0.204306 0.191706 0.619237 0.548970 0.610685 0.541333 0.613167 0.538222 0.621467 0.543125 0.602133 0.533696 0.607518 0.531285 0.311028 0.377750 0.301172 0.380808 0.324594 0.411400 0.313171 0.416194 0.287915 0.383511 0.370335 0.484832 0.393288 0.531627 0.416814 0.577298 0.206826 0.209807 0.437794 0.616560 0.450923 0.582390 0.288718 0.144870 0.286413 0.130457 0.283006 0.145470 0.277848 0.133073 0.105598 0.513646 0.086559 0.550813 0.992537 0.114081 0.996198 0.173201 0.958784 0.171772 0.950262 0.118475 0.069469 0.582729 0.088782 0.616845 0.251993 0.190721 0.333691 0.405131 0.350519 0.442020 0.340281 0.451851 0.327053 0.459312 0.651597 0.568587 0.653469 0.578043 0.657442 0.566356 0.657442 0.577822 0.657442 0.589287 0.652058 0.586877 0.602193 0.335887 0.599636 0.276618 
						0.667591 0.281815 0.666567 0.341897 0.671437 0.218635 0.752626 0.222856 0.747489 0.288846 0.742352 0.354836 0.513837 0.338752 0.513837 0.273285 0.551322 0.274098 0.556453 0.334388 0.627485 0.595807 0.624403 0.588936 0.621212 0.596063 0.617226 0.591214 0.613211 0.583232 0.620745 0.580358 0.623463 0.560330 0.621467 0.555098 0.630924 0.553226 0.632091 0.558008 0.619237 0.549253 0.630702 0.549253 0.642168 0.549253 0.639757 0.554637 0.638363 0.557752 0.606107 0.522452 0.607979 0.512995 0.602134 0.522230 0.602134 0.510765 0.617408 0.604562 0.619818 0.599178 0.628652 0.600589 0.628873 0.604562 0.638109 0.598717 0.640339 0.604562 0.646409 0.593814 0.648890 0.596925 0.607979 0.585228 0.606107 0.575772 0.610888 0.574604 0.602133 0.587458 0.602134 0.575993 0.602133 0.564528 0.607518 0.566938 0.610632 0.568332 0.617408 0.493662 0.619818 0.499046 0.612882 0.504695 0.609771 0.502213 0.319109 0.373983 0.326310 0.369691 0.642350 0.562601 0.646694 0.560286 0.649805 0.557805 0.156084 0.377192 0.163500 0.381204 0.171128 0.384466 0.657442 0.508936 0.652058 0.511346 0.646409 0.504410 0.648890 0.501299 0.638109 0.499507 0.640339 0.493662 0.615481 0.564345 
						0.613167 0.560001 0.610685 0.556890 0.642168 0.548970 0.639757 0.543586 0.646694 0.537937 0.649805 0.540419 0.651597 0.529637 0.657442 0.531867 0.617759 0.571523 0.626338 0.567865 0.635173 0.564879 0.333194 0.365055 0.339729 0.359724 0.351792 0.345070 0.345832 0.353215 0.332051 0.331940 0.170544 0.420653 0.179003 0.387330 0.187644 0.389510 0.211419 0.390809 0.197895 0.390657 0.577106 0.617295 0.588086 0.622213 0.580706 0.605816 0.588464 0.612183 0.176360 0.169463 0.148872 0.371941 0.249791 0.388507 0.229338 0.390080 0.270175 0.386184 0.567912 0.564220 0.571052 0.572498 0.555945 0.575468 0.554091 0.567911 0.574532 0.581675 0.556284 0.581676 0.538036 0.581675 0.541852 0.573197 0.544061 0.568289 0.559742 0.663765 0.544635 0.660795 0.573835 0.661494 0.577651 0.669972 0.559403 0.669972 0.541155 0.669972 0.559742 0.499869 0.559403 0.493662 0.544635 0.502839 0.541155 0.493662 0.612881 0.593529 0.609771 0.596010 0.827064 0.400061 0.756823 0.404755 0.884220 0.398705 0.531358 0.510633 0.527496 0.505762 0.595643 0.539568 0.588086 0.541421 0.601850 0.539228 0.601850 0.557476 0.593372 0.553660 0.588464 0.551451 0.513837 0.645773 0.522315 0.641957 
						0.531358 0.653001 0.527496 0.657873 0.537694 0.560531 0.530808 0.564155 0.525936 0.568016 0.047815 0.404583 0.060882 0.344183 0.950671 0.411514 0.921854 0.403364 0.538036 0.581958 0.541852 0.590437 0.530808 0.599480 0.525936 0.595618 0.523014 0.612757 0.513837 0.609277 0.835025 0.071804 0.891868 0.076381 0.765308 0.064379 0.017358 0.530313 0.009698 0.537216 0.929532 0.076335 0.958562 0.073684 0.580706 0.557818 0.584329 0.564704 0.588191 0.569576 0.601850 0.606158 0.593372 0.609974 0.584329 0.598930 0.588191 0.594058 0.571052 0.591136 0.574532 0.581958 0.279310 0.148932 0.272666 0.141408 0.577106 0.546339 0.563345 0.552175 0.108124 0.647933 0.275522 0.198977 0.549173 0.556931 0.601850 0.642654 0.589751 0.656313 0.584879 0.652451 0.592673 0.639174 0.668885 0.392087 0.612156 0.384989 0.738298 0.403821 0.757066 0.163144 0.677051 0.158571 0.421447 0.730199 0.427454 0.748466 0.426993 0.309473 0.451178 0.366300 0.574244 0.385840 0.544753 0.391050 0.172390 0.193301 0.463453 0.545256 0.160959 0.460047 0.696937 0.020467 0.688339 0.008753 0.180264 0.150980 0.266334 0.241771 0.282959 0.153412 0.285423 0.151886 0.289221 0.152179 0.061672 0.064929 
						0.085342 0.058547 0.095549 0.110868 0.072413 0.117725 0.628652 0.497635 0.628873 0.493662 0.364038 0.325025 0.357890 0.335247 0.653469 0.520180 0.657442 0.520402 0.630924 0.544997 0.630702 0.548970 0.320604 0.303988 0.520044 0.627864 0.513837 0.627525 0.555945 0.588166 0.556284 0.581959 0.595643 0.624067 0.601850 0.624406 0.504734 0.483984 0.513554 0.489318 
					</float_array>
					<technique_common>
						<accessor count="1044" offset="0" source="#meshId2-tex0-array" stride="2">
							<param name="S" type="float" />
							<param name="T" type="float" />
						</accessor>
					</technique_common>
				</source>
				<vertices id="meshId2-vertices">
					<input semantic="POSITION" source="#meshId2-positions" />
				</vertices>
				<polylist count="1888" material="defaultMaterial">
					<input offset="0" semantic="VERTEX" source="#meshId2-vertices" />
					<input offset="0" semantic="NORMAL" source="#meshId2-normals" />
					<input offset="0" semantic="TANGENT" source="#meshId2-tangents" />
					<input offset="0" semantic="BINORMAL" source="#meshId2-bitangents" />
					<input offset="0" semantic="TEXCOORD" source="#meshId2-tex0" set="0" />
					<vcount>
						3 3 3 3 3 3 3 3 3 3 3 3 3 3 3 3 3 3 3 3 3 3 3 3 3 3 3 3 3 3 3 3 3 3 3 3 3 3 3 3 3 3 3 3 3 3 3 3 3 3 3 3 3 3 3 3 3 3 3 3 3 3 3 3 
						3 3 3 3 3 3 3 3 3 3 3 3 3 3 3 3 3 3 3 3 3 3 3 3 3 3 3 3 3 3 3 3 3 3 3 3 3 3 3 3 3 3 3 3 3 3 3 3 3 3 3 3 3 3 3 3 3 3 3 3 3 3 3 3 
						3 3 3 3 3 3 3 3 3 3 3 3 3 3 3 3 3 3 3 3 3 3 3 3 3 3 3 3 3 3 3 3 3 3 3 3 3 3 3 3 3 3 3 3 3 3 3 3 3 3 3 3 3 3 3 3 3 3 3 3 3 3 3 3 
						3 3 3 3 3 3 3 3 3 3 3 3 3 3 3 3 3 3 3 3 3 3 3 3 3 3 3 3 3 3 3 3 3 3 3 3 3 3 3 3 3 3 3 3 3 3 3 3 3 3 3 3 3 3 3 3 3 3 3 3 3 3 3 3 
						3 3 3 3 3 3 3 3 3 3 3 3 3 3 3 3 3 3 3 3 3 3 3 3 3 3 3 3 3 3 3 3 3 3 3 3 3 3 3 3 3 3 3 3 3 3 3 3 3 3 3 3 3 3 3 3 3 3 3 3 3 3 3 3 
						3 3 3 3 3 3 3 3 3 3 3 3 3 3 3 3 3 3 3 3 3 3 3 3 3 3 3 3 3 3 3 3 3 3 3 3 3 3 3 3 3 3 3 3 3 3 3 3 3 3 3 3 3 3 3 3 3 3 3 3 3 3 3 3 
						3 3 3 3 3 3 3 3 3 3 3 3 3 3 3 3 3 3 3 3 3 3 3 3 3 3 3 3 3 3 3 3 3 3 3 3 3 3 3 3 3 3 3 3 3 3 3 3 3 3 3 3 3 3 3 3 3 3 3 3 3 3 3 3 
						3 3 3 3 3 3 3 3 3 3 3 3 3 3 3 3 3 3 3 3 3 3 3 3 3 3 3 3 3 3 3 3 3 3 3 3 3 3 3 3 3 3 3 3 3 3 3 3 3 3 3 3 3 3 3 3 3 3 3 3 3 3 3 3 
						3 3 3 3 3 3 3 3 3 3 3 3 3 3 3 3 3 3 3 3 3 3 3 3 3 3 3 3 3 3 3 3 3 3 3 3 3 3 3 3 3 3 3 3 3 3 3 3 3 3 3 3 3 3 3 3 3 3 3 3 3 3 3 3 
						3 3 3 3 3 3 3 3 3 3 3 3 3 3 3 3 3 3 3 3 3 3 3 3 3 3 3 3 3 3 3 3 3 3 3 3 3 3 3 3 3 3 3 3 3 3 3 3 3 3 3 3 3 3 3 3 3 3 3 3 3 3 3 3 
						3 3 3 3 3 3 3 3 3 3 3 3 3 3 3 3 3 3 3 3 3 3 3 3 3 3 3 3 3 3 3 3 3 3 3 3 3 3 3 3 3 3 3 3 3 3 3 3 3 3 3 3 3 3 3 3 3 3 3 3 3 3 3 3 
						3 3 3 3 3 3 3 3 3 3 3 3 3 3 3 3 3 3 3 3 3 3 3 3 3 3 3 3 3 3 3 3 3 3 3 3 3 3 3 3 3 3 3 3 3 3 3 3 3 3 3 3 3 3 3 3 3 3 3 3 3 3 3 3 
						3 3 3 3 3 3 3 3 3 3 3 3 3 3 3 3 3 3 3 3 3 3 3 3 3 3 3 3 3 3 3 3 3 3 3 3 3 3 3 3 3 3 3 3 3 3 3 3 3 3 3 3 3 3 3 3 3 3 3 3 3 3 3 3 
						3 3 3 3 3 3 3 3 3 3 3 3 3 3 3 3 3 3 3 3 3 3 3 3 3 3 3 3 3 3 3 3 3 3 3 3 3 3 3 3 3 3 3 3 3 3 3 3 3 3 3 3 3 3 3 3 3 3 3 3 3 3 3 3 
						3 3 3 3 3 3 3 3 3 3 3 3 3 3 3 3 3 3 3 3 3 3 3 3 3 3 3 3 3 3 3 3 3 3 3 3 3 3 3 3 3 3 3 3 3 3 3 3 3 3 3 3 3 3 3 3 3 3 3 3 3 3 3 3 
						3 3 3 3 3 3 3 3 3 3 3 3 3 3 3 3 3 3 3 3 3 3 3 3 3 3 3 3 3 3 3 3 3 3 3 3 3 3 3 3 3 3 3 3 3 3 3 3 3 3 3 3 3 3 3 3 3 3 3 3 3 3 3 3 
						3 3 3 3 3 3 3 3 3 3 3 3 3 3 3 3 3 3 3 3 3 3 3 3 3 3 3 3 3 3 3 3 3 3 3 3 3 3 3 3 3 3 3 3 3 3 3 3 3 3 3 3 3 3 3 3 3 3 3 3 3 3 3 3 
						3 3 3 3 3 3 3 3 3 3 3 3 3 3 3 3 3 3 3 3 3 3 3 3 3 3 3 3 3 3 3 3 3 3 3 3 3 3 3 3 3 3 3 3 3 3 3 3 3 3 3 3 3 3 3 3 3 3 3 3 3 3 3 3 
						3 3 3 3 3 3 3 3 3 3 3 3 3 3 3 3 3 3 3 3 3 3 3 3 3 3 3 3 3 3 3 3 3 3 3 3 3 3 3 3 3 3 3 3 3 3 3 3 3 3 3 3 3 3 3 3 3 3 3 3 3 3 3 3 
						3 3 3 3 3 3 3 3 3 3 3 3 3 3 3 3 3 3 3 3 3 3 3 3 3 3 3 3 3 3 3 3 3 3 3 3 3 3 3 3 3 3 3 3 3 3 3 3 3 3 3 3 3 3 3 3 3 3 3 3 3 3 3 3 
						3 3 3 3 3 3 3 3 3 3 3 3 3 3 3 3 3 3 3 3 3 3 3 3 3 3 3 3 3 3 3 3 3 3 3 3 3 3 3 3 3 3 3 3 3 3 3 3 3 3 3 3 3 3 3 3 3 3 3 3 3 3 3 3 
						3 3 3 3 3 3 3 3 3 3 3 3 3 3 3 3 3 3 3 3 3 3 3 3 3 3 3 3 3 3 3 3 3 3 3 3 3 3 3 3 3 3 3 3 3 3 3 3 3 3 3 3 3 3 3 3 3 3 3 3 3 3 3 3 
						3 3 3 3 3 3 3 3 3 3 3 3 3 3 3 3 3 3 3 3 3 3 3 3 3 3 3 3 3 3 3 3 3 3 3 3 3 3 3 3 3 3 3 3 3 3 3 3 3 3 3 3 3 3 3 3 3 3 3 3 3 3 3 3 
						3 3 3 3 3 3 3 3 3 3 3 3 3 3 3 3 3 3 3 3 3 3 3 3 3 3 3 3 3 3 3 3 3 3 3 3 3 3 3 3 3 3 3 3 3 3 3 3 3 3 3 3 3 3 3 3 3 3 3 3 3 3 3 3 
						3 3 3 3 3 3 3 3 3 3 3 3 3 3 3 3 3 3 3 3 3 3 3 3 3 3 3 3 3 3 3 3 3 3 3 3 3 3 3 3 3 3 3 3 3 3 3 3 3 3 3 3 3 3 3 3 3 3 3 3 3 3 3 3 
						3 3 3 3 3 3 3 3 3 3 3 3 3 3 3 3 3 3 3 3 3 3 3 3 3 3 3 3 3 3 3 3 3 3 3 3 3 3 3 3 3 3 3 3 3 3 3 3 3 3 3 3 3 3 3 3 3 3 3 3 3 3 3 3 
						3 3 3 3 3 3 3 3 3 3 3 3 3 3 3 3 3 3 3 3 3 3 3 3 3 3 3 3 3 3 3 3 3 3 3 3 3 3 3 3 3 3 3 3 3 3 3 3 3 3 3 3 3 3 3 3 3 3 3 3 3 3 3 3 
						3 3 3 3 3 3 3 3 3 3 3 3 3 3 3 3 3 3 3 3 3 3 3 3 3 3 3 3 3 3 3 3 3 3 3 3 3 3 3 3 3 3 3 3 3 3 3 3 3 3 3 3 3 3 3 3 3 3 3 3 3 3 3 3 
						3 3 3 3 3 3 3 3 3 3 3 3 3 3 3 3 3 3 3 3 3 3 3 3 3 3 3 3 3 3 3 3 3 3 3 3 3 3 3 3 3 3 3 3 3 3 3 3 3 3 3 3 3 3 3 3 3 3 3 3 3 3 3 3 
						3 3 3 3 3 3 3 3 3 3 3 3 3 3 3 3 3 3 3 3 3 3 3 3 3 3 3 3 3 3 3 3 
					</vcount>
					<p>
						3 0 1 1 2 3 2 1 4 4 5 2 7 2 5 5 6 7 8 3 2 2 7 8 12 9 10 10 11 12 11 10 13 13 14 11 16 11 14 14 15 16 17 12 11 11 16 17 21 18 19 19 20 21 20 19 22 22 23 20 25 20 23 23 24 25 26 21 20 20 25 26 30 27 28 28 29 30 29 28 31 31 32 29 34 29 32 32 33 34 35 30 29 29 34 35 39 36 37 37 38 39 38 37 27 27 40 38 42 38 40 40 41 42 43 39 38 38 42 43 47 44 45 45 46 47 46 45 48 48 49 46 51 46 49 49 50 51 52 47 46 46 51 52 56 53 54 54 55 56 55 54 57 57 58 55 60 55 58 58 59 60 61 56 55 55 60 61 65 62 63 63 64 65 64 63 66 66 67 64 69 64 67 67 68 69 70 65 64 64 69 70 
						74 71 72 72 73 74 73 72 75 75 76 73 78 73 76 76 77 78 79 74 73 73 78 79 83 80 81 81 82 83 82 81 84 84 85 82 87 82 85 85 86 87 88 83 82 82 87 88 92 89 90 90 91 92 91 90 70 70 69 91 93 91 69 69 68 93 94 92 91 91 93 94 98 95 96 96 97 98 97 96 94 94 99 97 101 97 99 99 100 101 102 98 97 97 101 102 99 94 93 93 103 99 103 93 68 68 104 103 106 103 104 104 105 106 100 99 103 103 106 100 110 107 108 108 109 110 109 108 111 111 112 109 114 109 112 112 113 114 115 110 109 109 114 115 119 116 117 117 118 119 118 117 80 80 120 118 122 118 120 120 121 122 123 119 118 118 122 123 83 88 124 124 125 83 125 124 126 126 127 125 120 125 127 127 121 120 80 83 125 125 120 80 
						67 66 128 128 129 67 129 128 130 130 131 129 104 129 131 131 105 104 68 67 129 129 104 68 128 66 132 132 133 128 133 132 134 134 135 133 137 133 135 135 136 137 130 128 133 133 137 130 141 138 139 139 140 141 140 139 142 142 143 140 145 140 143 143 144 145 146 141 140 140 145 146 150 147 148 148 149 150 149 148 151 151 152 149 154 149 152 152 153 154 155 150 149 149 154 155 159 156 157 157 158 159 158 157 160 160 161 158 162 158 161 161 123 162 163 159 158 158 162 163 165 115 114 114 164 165 164 114 113 113 166 164 168 164 166 166 167 168 169 165 164 164 168 169 173 170 171 171 172 173 172 171 174 174 175 172 176 172 175 175 134 176 177 173 172 172 176 177 181 178 179 179 180 181 180 179 182 182 183 180 185 180 183 183 184 185 186 181 180 180 185 186 
						190 187 188 188 189 190 189 188 191 191 192 189 193 189 192 192 13 193 182 190 189 189 193 182 63 62 194 194 195 63 195 194 177 177 176 195 132 195 176 176 134 132 66 63 195 195 132 66 199 196 197 197 198 199 198 197 200 200 201 198 203 198 201 201 202 203 204 199 198 198 203 204 208 205 206 206 207 208 207 206 209 209 210 207 112 207 210 210 113 112 111 208 207 207 112 111 214 211 212 212 213 214 213 212 215 215 216 213 218 213 216 216 217 218 219 214 213 213 218 219 221 155 154 154 220 221 220 154 153 153 222 220 224 220 222 222 223 224 225 221 220 220 224 225 229 226 227 227 228 229 228 227 230 230 231 228 232 228 231 231 79 232 233 229 228 228 232 233 237 234 235 235 236 237 236 235 233 233 238 236 222 236 238 238 223 222 153 237 236 236 222 153 
						238 233 232 232 239 238 239 232 79 79 240 239 242 239 240 240 241 242 223 238 239 239 242 223 246 243 244 244 245 246 245 244 247 247 248 245 250 245 248 248 249 250 251 246 245 245 250 251 224 223 242 242 252 224 252 242 241 241 253 252 255 252 253 253 254 255 225 224 252 252 255 225 76 75 256 256 257 76 257 256 258 258 259 257 261 257 259 259 260 261 77 76 257 257 261 77 98 102 262 262 263 98 263 262 264 264 265 263 267 263 265 265 266 267 95 98 263 263 267 95 269 204 203 203 268 269 268 203 202 202 270 268 272 268 270 270 271 272 191 269 268 268 272 191 274 59 58 58 273 274 273 58 57 57 275 273 277 273 275 275 276 277 278 274 273 273 277 278 282 279 280 280 281 282 281 280 57 57 54 281 283 281 54 54 53 283 284 282 281 281 283 284 
						288 285 286 286 287 288 287 286 289 289 290 287 292 287 290 290 291 292 293 288 287 287 292 293 295 41 40 40 294 295 294 40 27 27 30 294 296 294 30 30 35 296 297 295 294 294 296 297 56 61 298 298 299 56 299 298 266 266 300 299 301 299 300 300 22 301 53 56 299 299 301 53 305 302 303 303 304 305 304 303 306 306 307 304 308 304 307 307 89 308 309 305 304 304 308 309 248 247 310 310 311 248 311 310 312 312 313 311 315 311 313 313 314 315 249 248 311 311 315 249 307 306 316 316 317 307 317 316 251 251 318 317 90 317 318 318 70 90 89 307 317 317 90 89 173 177 319 319 320 173 320 319 314 314 321 320 323 320 321 321 322 323 170 173 320 320 323 170 181 186 324 324 325 181 325 324 326 326 327 325 328 325 327 327 174 328 178 181 325 325 328 178 
						318 251 250 250 329 318 329 250 249 249 330 329 65 329 330 330 62 65 70 318 329 329 65 70 334 331 332 332 333 334 333 332 335 335 336 333 338 333 336 336 337 338 339 334 333 333 338 339 330 249 315 315 340 330 340 315 314 314 319 340 194 340 319 319 177 194 62 330 340 340 194 62 290 289 341 341 342 290 342 341 196 196 199 342 343 342 199 199 204 343 291 290 342 342 343 291 345 71 74 74 344 345 344 74 79 79 231 344 346 344 231 231 230 346 347 345 344 344 346 347 349 293 292 292 348 349 348 292 291 291 350 348 351 348 350 350 187 351 352 349 348 348 351 352 274 278 353 353 354 274 354 353 355 355 356 354 357 354 356 356 302 357 59 274 354 354 357 59 350 291 343 343 358 350 358 343 204 204 269 358 188 358 269 269 191 188 187 350 358 358 188 187 
						362 359 360 360 361 362 361 360 243 243 246 361 316 361 246 246 251 316 306 362 361 361 316 306 366 363 364 364 365 366 365 364 367 367 368 365 369 365 368 368 234 369 370 366 365 365 369 370 240 79 78 78 371 240 371 78 77 77 372 371 374 371 372 372 373 374 241 240 371 371 374 241 372 77 261 261 375 372 375 261 260 260 376 375 378 375 376 376 377 378 373 372 375 375 378 373 382 379 380 380 381 382 381 380 337 337 383 381 385 381 383 383 384 385 386 382 381 381 385 386 388 373 378 378 387 388 387 378 377 377 389 387 391 387 389 389 390 391 392 388 387 387 391 392 396 393 394 394 395 396 395 394 397 397 398 395 376 395 398 398 377 376 260 396 395 395 376 260 400 339 338 338 399 400 399 338 337 337 380 399 401 399 380 380 379 401 402 400 399 399 401 402 
						406 403 404 404 405 406 405 404 407 407 408 405 410 405 408 408 409 410 411 406 405 405 410 411 415 412 413 413 414 415 414 413 416 416 417 414 401 414 417 417 402 401 379 415 414 414 401 379 421 418 419 419 420 421 420 419 422 422 423 420 425 420 423 423 424 425 426 421 420 420 425 426 430 427 428 428 429 430 429 428 431 431 432 429 433 429 432 432 335 433 434 430 429 429 433 434 437 347 435 435 436 437 436 435 438 438 439 436 441 436 439 439 440 441 442 437 436 436 441 442 446 443 444 444 445 446 445 444 426 426 447 445 417 445 447 447 402 417 416 446 445 445 417 416 400 402 447 447 448 400 448 447 426 426 425 448 449 448 425 425 424 449 339 400 448 448 449 339 452 151 450 450 451 452 451 450 453 453 454 451 456 451 454 454 455 456 457 452 451 451 456 457 
						459 234 368 368 458 459 458 368 367 367 460 458 462 458 460 460 461 462 463 459 458 458 462 463 460 367 464 464 465 460 465 464 466 466 467 465 469 465 467 467 468 469 461 460 465 465 469 461 471 386 385 385 470 471 470 385 384 384 472 470 474 470 472 472 473 474 475 471 470 470 474 475 479 476 477 477 478 479 478 477 442 442 441 478 480 478 441 441 440 480 481 479 478 478 480 481 485 482 483 483 484 485 484 483 486 486 487 484 469 484 487 487 461 469 468 485 484 484 469 468 462 461 487 487 488 462 488 487 486 486 489 488 491 488 489 489 490 491 463 462 488 488 491 463 493 434 433 433 492 493 492 433 335 335 332 492 494 492 332 332 331 494 495 493 492 492 494 495 499 496 497 497 498 499 498 497 276 276 275 498 280 498 275 275 57 280 279 499 498 498 280 279 
						221 225 500 500 501 221 501 500 502 502 503 501 505 501 503 503 504 505 155 221 501 501 505 155 509 506 507 507 508 509 508 507 403 403 406 508 510 508 406 406 411 510 511 509 508 508 510 511 494 331 512 512 513 494 513 512 422 422 514 513 515 513 514 514 390 515 495 494 513 513 515 495 509 511 516 516 517 509 517 516 518 518 519 517 521 517 519 519 520 521 506 509 517 517 521 506 428 427 522 522 523 428 523 522 524 524 525 523 527 523 525 525 526 527 431 428 523 523 527 431 529 473 472 472 528 529 528 472 384 384 530 528 527 528 530 530 431 527 526 529 528 528 527 526 214 219 531 531 532 214 532 531 533 533 534 532 536 532 534 534 535 536 211 214 532 532 536 211 538 457 456 456 537 538 537 456 455 455 539 537 541 537 539 539 540 541 542 538 537 537 541 542 
						546 543 544 544 545 546 545 544 547 547 548 545 550 545 548 548 549 550 551 546 545 545 550 551 555 552 553 553 554 555 554 553 556 556 557 554 558 554 557 557 215 558 559 555 554 554 558 559 563 560 561 561 562 563 562 561 559 559 564 562 566 562 564 564 565 566 567 563 562 562 566 567 571 568 569 569 570 571 570 569 572 572 573 570 575 570 573 573 574 575 535 571 570 570 575 535 564 559 558 558 576 564 576 558 215 215 577 576 579 576 577 577 578 579 565 564 576 576 579 565 382 386 580 580 581 382 581 580 582 582 583 581 415 581 583 583 412 415 379 382 581 581 415 379 587 584 585 585 586 587 586 585 588 588 589 586 259 586 589 589 260 259 258 587 586 586 259 258 591 370 369 369 590 591 590 369 234 234 592 590 538 590 592 592 457 538 542 591 590 590 538 542 
						374 373 388 388 593 374 593 388 392 392 594 593 253 593 594 594 254 253 241 374 593 593 253 241 598 595 596 596 597 598 597 596 582 582 580 597 471 597 580 580 386 471 475 598 597 597 471 475 602 599 600 600 601 602 601 600 603 603 604 601 606 601 604 604 605 606 147 602 601 601 606 147 497 496 607 607 608 497 608 607 540 540 539 608 609 608 539 539 455 609 276 497 608 608 609 276 613 610 611 611 612 613 612 611 520 520 519 612 614 612 519 519 518 614 615 613 612 612 614 615 148 147 606 606 616 148 616 606 605 605 617 616 450 616 617 617 453 450 151 148 616 616 450 151 237 153 152 152 618 237 618 152 151 151 452 618 592 618 452 452 457 592 234 237 618 618 592 234 419 418 619 619 620 419 620 619 392 392 391 620 514 620 391 391 390 514 422 419 620 620 514 422 
						622 568 571 571 621 622 621 571 535 535 623 621 625 621 623 623 624 625 626 622 621 621 625 626 630 627 628 628 629 630 629 628 631 631 632 629 634 629 632 632 633 634 217 630 629 629 634 217 636 626 625 625 635 636 635 625 624 624 637 635 639 635 637 637 638 639 640 636 635 635 639 640 644 641 642 642 643 644 643 642 645 645 646 643 648 643 646 646 647 648 649 644 643 643 648 649 536 535 575 575 650 536 650 575 574 574 651 650 653 650 651 651 652 653 211 536 650 650 653 211 548 547 654 654 655 548 655 654 656 656 657 655 659 655 657 657 658 659 549 548 655 655 659 549 364 363 660 660 661 364 661 660 662 662 663 661 464 661 663 663 466 464 367 364 661 661 464 367 667 664 665 665 666 667 666 665 640 640 639 666 668 666 639 639 638 668 669 667 666 666 668 669 
						672 647 670 670 671 672 671 670 669 669 673 671 72 671 673 673 75 72 71 672 671 671 72 71 256 75 673 673 674 256 674 673 669 669 668 674 675 674 668 668 638 675 258 256 674 674 675 258 646 645 676 676 677 646 677 676 664 664 667 677 670 677 667 667 669 670 647 646 677 677 670 647 585 584 678 678 679 585 679 678 680 680 681 679 683 679 681 681 682 683 588 585 679 679 683 588 628 627 684 684 685 628 685 684 588 588 683 685 686 685 683 683 682 686 631 628 685 685 686 631 600 599 687 687 688 600 688 687 582 582 596 688 689 688 596 596 595 689 603 600 688 688 689 603 634 633 690 690 691 634 691 690 692 692 693 691 218 691 693 693 219 218 217 634 691 691 218 217 531 219 693 693 694 531 694 693 692 692 695 694 697 694 695 695 696 697 533 531 694 694 697 533 
						699 230 227 227 698 699 698 227 226 226 700 698 702 698 700 700 701 702 703 699 698 698 702 703 690 633 632 632 704 690 704 632 631 631 705 704 707 704 705 705 706 707 692 690 704 704 707 692 711 708 709 709 710 711 710 709 533 533 697 710 712 710 697 697 696 712 713 711 710 710 712 713 705 631 686 686 714 705 714 686 682 682 681 714 715 714 681 681 680 715 706 705 714 714 715 706 719 716 717 717 718 719 718 717 713 713 720 718 715 718 720 720 706 715 680 719 718 718 715 680 707 706 720 720 721 707 721 720 713 713 712 721 695 721 712 712 696 695 692 707 721 721 695 692 216 215 722 722 723 216 723 722 393 393 724 723 630 723 724 724 627 630 217 216 723 723 630 217 724 393 396 396 725 724 725 396 260 260 589 725 684 725 589 589 588 684 627 724 725 725 684 627 
						446 416 726 726 727 446 727 726 502 502 728 727 730 727 728 728 729 730 443 446 727 727 730 443 732 703 702 702 731 732 731 702 701 701 733 731 735 731 733 733 734 735 438 732 731 731 735 438 733 701 736 736 737 733 737 736 490 490 489 737 738 737 489 489 486 738 734 733 737 737 738 734 700 226 739 739 740 700 740 739 463 463 491 740 736 740 491 491 490 736 701 700 740 740 736 701 744 741 742 742 743 744 743 742 641 641 644 743 745 743 644 644 649 745 466 744 743 743 745 466 212 211 653 653 746 212 746 653 652 652 747 746 577 746 747 747 578 577 215 212 746 746 577 215 483 482 748 748 749 483 749 748 481 481 750 749 738 749 750 750 734 738 486 483 749 749 738 486 735 734 750 750 751 735 751 750 481 481 480 751 439 751 480 480 440 439 438 735 751 751 439 438 
						753 476 479 479 752 753 752 479 481 481 748 752 485 752 748 748 482 485 468 753 752 752 485 468 467 466 745 745 754 467 754 745 649 649 755 754 753 754 755 755 476 753 468 467 754 754 753 468 557 556 756 756 757 557 757 756 397 397 394 757 722 757 394 394 393 722 215 557 757 757 722 215 755 649 648 648 758 755 758 648 647 647 759 758 477 758 759 759 442 477 476 755 758 758 477 476 761 31 28 28 760 761 760 28 27 27 37 760 762 760 37 37 36 762 763 761 760 760 762 763 150 155 505 505 764 150 764 505 504 504 765 764 602 764 765 765 599 602 147 150 764 764 602 147 765 504 766 766 767 765 767 766 412 412 583 767 687 767 583 583 582 687 599 765 767 767 687 599 771 768 769 769 770 771 770 769 547 547 544 770 772 770 544 544 543 772 773 771 770 770 772 773 
						430 434 774 774 775 430 775 774 556 556 553 775 776 775 553 553 552 776 427 430 775 775 776 427 534 533 709 709 777 534 777 709 708 708 778 777 623 777 778 778 624 623 535 534 777 777 623 535 398 397 779 779 780 398 780 779 495 495 515 780 389 780 515 515 390 389 377 398 780 780 389 377 776 552 781 781 782 776 782 781 783 783 784 782 522 782 784 784 524 522 427 776 782 782 522 427 444 443 730 730 785 444 785 730 729 729 786 785 421 785 786 786 418 421 426 444 785 785 421 426 786 729 787 787 788 786 788 787 254 254 594 788 619 788 594 594 392 619 418 786 788 788 619 418 728 502 500 500 789 728 789 500 225 225 255 789 787 789 255 255 254 787 729 728 789 789 787 729 793 790 791 791 792 793 792 791 794 794 795 792 32 792 795 795 33 32 31 793 792 792 32 31 
						529 526 796 796 797 529 797 796 798 798 799 797 800 797 799 799 312 800 473 529 797 797 800 473 323 322 801 801 802 323 802 801 293 293 349 802 803 802 349 349 352 803 170 323 802 802 803 170 503 502 726 726 804 503 804 726 416 416 413 804 766 804 413 413 412 766 504 503 804 804 766 504 806 178 328 328 805 806 805 328 174 174 171 805 803 805 171 171 170 803 352 806 805 805 803 352 778 708 807 807 808 778 808 807 809 809 810 808 637 808 810 810 638 637 624 778 808 808 637 624 60 59 357 357 811 60 811 357 302 302 305 811 812 811 305 305 309 812 61 60 811 811 812 61 816 813 814 814 815 816 815 814 167 167 166 815 210 815 166 166 113 210 209 816 815 815 210 209 818 95 267 267 817 818 817 267 266 266 298 817 812 817 298 298 61 812 309 818 817 817 812 309 
						423 422 512 512 819 423 819 512 331 331 334 819 449 819 334 334 339 449 424 423 819 819 449 424 822 798 820 820 821 822 821 820 285 285 288 821 801 821 288 288 293 801 322 822 821 821 801 322 799 798 822 822 823 799 823 822 322 322 321 823 313 823 321 321 314 313 312 799 823 823 313 312 143 142 824 824 825 143 825 824 826 826 827 825 829 825 827 827 828 829 144 143 825 825 829 144 833 830 831 831 832 833 832 831 84 84 834 832 836 832 834 834 835 836 837 833 832 832 836 837 841 838 839 839 840 841 840 839 86 86 85 840 831 840 85 85 84 831 830 841 840 840 831 830 141 146 842 842 843 141 843 842 844 844 845 843 847 843 845 845 846 847 138 141 843 843 847 138 851 848 849 849 850 851 850 849 852 852 853 850 855 850 853 853 854 855 856 851 850 850 855 856 
						858 35 34 34 857 858 857 34 33 33 795 857 859 857 795 795 794 859 860 858 857 857 859 860 864 861 862 862 863 864 863 862 844 844 842 863 865 863 842 842 146 865 866 864 863 863 865 866 865 146 145 145 867 865 867 145 144 144 829 867 868 867 829 829 828 868 866 865 867 867 868 866 871 846 869 869 870 871 870 869 872 872 873 870 875 870 873 873 874 875 876 871 870 870 875 876 880 877 878 878 879 880 879 878 297 297 296 879 858 879 296 296 35 858 860 880 879 879 858 860 820 798 796 796 881 820 881 796 526 526 525 881 882 881 525 525 524 882 285 820 881 881 882 285 824 142 883 883 884 824 884 883 856 856 855 884 885 884 855 855 854 885 826 824 884 884 885 826 353 278 886 886 887 353 887 886 453 453 617 887 888 887 617 617 605 888 355 353 887 887 888 355 
						892 889 890 890 891 892 891 890 43 43 42 891 893 891 42 42 41 893 894 892 891 891 893 894 849 848 895 895 896 849 896 895 876 876 875 896 897 896 875 875 874 897 852 849 896 896 897 852 901 898 899 899 900 901 900 899 763 763 762 900 902 900 762 762 36 902 903 901 900 900 902 903 905 138 847 847 904 905 904 847 846 846 871 904 895 904 871 871 876 895 848 905 904 904 895 848 139 138 905 905 906 139 906 905 848 848 851 906 883 906 851 851 856 883 142 139 906 906 883 142 908 289 286 286 907 908 907 286 285 285 882 907 784 907 882 882 524 784 783 908 907 907 784 783 911 560 909 909 910 911 910 909 196 196 341 910 908 910 341 341 289 908 783 911 910 910 908 783 914 359 912 912 913 914 913 912 355 355 888 913 604 913 888 888 605 604 603 914 913 913 604 603 
						689 595 915 915 916 689 916 915 243 243 360 916 914 916 360 360 359 914 603 689 916 916 914 603 918 656 654 654 917 918 917 654 547 547 769 917 919 917 769 769 768 919 920 918 917 917 919 920 435 347 346 346 921 435 921 346 230 230 699 921 732 921 699 699 703 732 438 435 921 921 732 438 886 278 277 277 922 886 922 277 276 276 609 922 454 922 609 609 455 454 453 886 922 922 454 453 598 475 923 923 924 598 924 923 247 247 244 924 915 924 244 244 243 915 595 598 924 924 915 595 474 473 800 800 925 474 925 800 312 312 310 925 923 925 310 310 247 923 475 474 925 925 923 475 929 926 927 927 928 929 928 927 930 930 931 928 933 928 931 931 932 933 934 929 928 928 933 934 936 549 659 659 935 936 935 659 658 658 937 935 939 935 937 937 938 939 940 936 935 935 939 940 
						942 615 614 614 941 942 941 614 518 518 516 941 943 941 516 516 511 943 944 942 941 941 943 944 946 872 869 869 945 946 945 869 846 846 845 945 862 945 845 845 844 862 861 946 945 945 862 861 948 107 110 110 947 948 947 110 115 115 949 947 1 947 949 949 4 1 0 948 947 947 1 0 943 511 510 510 950 943 950 510 411 411 410 950 951 950 410 410 409 951 944 943 950 950 951 944 953 520 611 611 952 953 952 611 610 610 954 952 956 952 954 954 955 956 957 953 952 952 956 957 961 958 959 959 960 961 960 959 551 551 550 960 936 960 550 550 549 936 940 961 960 960 936 940 404 403 962 962 963 404 963 962 934 934 933 963 964 963 933 933 932 964 407 404 963 963 964 407 966 284 283 283 965 966 965 283 53 53 301 965 19 965 301 301 22 19 18 966 965 965 19 18 
						165 169 967 967 968 165 968 967 6 6 5 968 949 968 5 5 4 949 115 165 968 968 949 115 972 969 970 970 971 972 971 970 773 773 772 971 973 971 772 772 543 973 974 972 971 971 973 974 976 209 206 206 975 976 975 206 205 205 977 975 161 975 977 977 123 161 160 976 975 975 161 160 300 266 265 265 978 300 978 265 264 264 979 978 23 978 979 979 24 23 22 300 978 978 23 22 981 813 816 816 980 981 980 816 209 209 976 980 157 980 976 976 160 157 156 981 980 980 157 156 927 926 982 982 983 927 983 982 957 957 956 983 984 983 956 956 955 984 930 927 983 983 984 930 988 985 986 986 987 988 987 986 920 920 919 987 989 987 919 919 768 989 990 988 987 987 989 990 810 809 991 991 992 810 992 991 584 584 587 992 675 992 587 587 258 675 638 810 992 992 675 638 
						994 506 521 521 993 994 993 521 520 520 953 993 982 993 953 953 957 982 926 994 993 993 982 926 308 89 92 92 995 308 995 92 94 94 96 995 818 995 96 96 95 818 309 308 995 995 818 309 493 495 779 779 996 493 996 779 397 397 756 996 774 996 756 756 556 774 434 493 996 996 774 434 507 506 994 994 997 507 997 994 926 926 929 997 962 997 929 929 934 962 403 507 997 997 962 403 1001 998 999 999 1000 1001 1000 999 938 938 937 1000 657 1000 937 937 658 657 656 1001 1000 1000 657 656 1003 830 833 833 1002 1003 1002 833 837 837 1004 1002 49 1002 1004 1004 50 49 48 1003 1002 1002 49 48 117 116 1005 1005 1006 117 1006 1005 835 835 834 1006 81 1006 834 834 84 81 80 117 1006 1006 81 80 175 174 327 327 1007 175 1007 327 326 326 1008 1007 135 1007 1008 1008 136 135 134 175 1007 1007 135 134 
						272 271 1009 1009 1010 272 1010 1009 15 15 14 1010 192 1010 14 14 13 192 191 272 1010 1010 192 191 1012 838 841 841 1011 1012 1011 841 830 830 1003 1011 45 1011 1003 1003 48 45 44 1012 1011 1011 45 44 459 463 739 739 1013 459 1013 739 226 226 229 1013 235 1013 229 229 233 235 234 459 1013 1013 235 234 351 187 190 190 1014 351 1014 190 182 182 179 1014 806 1014 179 179 178 806 352 351 1014 1014 806 352 356 355 912 912 1015 356 1015 912 359 359 362 1015 303 1015 362 362 306 303 302 356 1015 1015 303 302 1017 163 162 162 1016 1017 1016 162 123 123 122 1016 127 1016 122 122 121 127 126 1017 1016 1016 127 126 345 347 437 437 1018 345 1018 437 442 442 759 1018 672 1018 759 759 647 672 71 345 1018 1018 672 71 432 431 530 530 1019 432 1019 530 384 384 383 1019 336 1019 383 383 337 336 335 432 1019 1019 336 335 
						678 584 991 991 1020 678 1020 991 809 809 1021 1020 719 1020 1021 1021 716 719 680 678 1020 1020 719 680 1021 809 807 807 1022 1021 1022 807 708 708 711 1022 717 1022 711 711 713 717 716 1021 1022 1022 717 716 1026 1023 1024 1024 1025 1026 1025 1024 741 741 744 1025 663 1025 744 744 466 663 662 1026 1025 1025 663 662 1028 894 893 893 1027 1028 1027 893 41 41 295 1027 878 1027 295 295 297 878 877 1028 1027 1027 878 877 563 567 1029 1029 1030 563 1030 1029 200 200 197 1030 909 1030 197 197 196 909 560 563 1030 1030 909 560 1032 903 902 902 1031 1032 1031 902 36 36 39 1031 890 1031 39 39 43 890 889 1032 1031 1031 890 889 1034 790 793 793 1033 1034 1033 793 31 31 761 1033 899 1033 761 761 763 899 898 1034 1033 1033 899 898 911 783 781 781 1035 911 1035 781 552 552 555 1035 561 1035 555 555 559 561 560 911 1035 1035 561 560 
						1037 974 973 973 1036 1037 1036 973 543 543 546 1036 959 1036 546 546 551 959 958 1037 1036 1036 959 958 1039 990 989 989 1038 1039 1038 989 768 768 771 1038 970 1038 771 771 773 970 969 1039 1038 1038 970 969 1041 998 1001 1001 1040 1041 1040 1001 656 656 918 1040 986 1040 918 918 920 986 985 1041 1040 1040 986 985 1043 184 183 183 1042 1043 1042 183 182 182 193 1042 10 1042 193 193 13 10 9 1043 1042 1042 10 9 
					</p>
				</polylist>
			</mesh>
		</geometry>
	</library_geometries>
	<library_visual_scenes>
		<visual_scene id="RootNode" name="RootNode">
			<node id="Esmalte frasco" name="Esmalte frasco">
				<matrix>100.000000 0.000000 0.000000 -867.983337 0.000000 -0.000016 100.000000 161.821426 0.000000 -100.000000 -0.000016 12.600939 0.000000 0.000000 0.000000 1.000000</matrix>
				<instance_geometry url="#meshId0">
					<bind_material>
						<technique_common>
							<instance_material symbol="defaultMaterial" target="#Frasco" />
						</technique_common>
					</bind_material>
				</instance_geometry>
			</node>
			<node id="Tapa" name="Tapa">
				<matrix>51.785320 -85.517632 -2.239393 -96.977379 1.777268 -1.541681 99.972321 125.522873 -85.528473 -51.810791 0.721514 -683.950317 0.000000 0.000000 0.000000 1.000000</matrix>
				<instance_geometry url="#meshId1">
					<bind_material>
						<technique_common>
							<instance_material symbol="defaultMaterial" target="#Tapa" />
						</technique_common>
					</bind_material>
				</instance_geometry>
			</node>
			<node id="Liquido" name="Liquido">
				<matrix>100.000000 0.000000 0.000000 -241.366058 0.000000 -0.000016 100.000000 38.715656 0.000000 -100.000000 -0.000016 130.419693 0.000000 0.000000 0.000000 1.000000</matrix>
				<instance_geometry url="#meshId2">
					<bind_material>
						<technique_common>
							<instance_material symbol="defaultMaterial" target="#Liquido" />
						</technique_common>
					</bind_material>
				</instance_geometry>
			</node>
		</visual_scene>
	</library_visual_scenes>
	<scene>
		<instance_visual_scene url="#RootNode" />
	</scene>
</COLLADA>
