<?xml version="1.0"?>
<COLLADA xmlns="http://www.collada.org/2005/11/COLLADASchema" version="1.4.1">
	<asset>
		<contributor>
			<author>Assimp</author>
			<authoring_tool>Assimp Exporter</authoring_tool>
		</contributor>
		<created>2022-05-02T17:42:39</created>
		<modified>2022-05-02T17:42:39</modified>
		<unit name="meter" meter="1.000000" />
		<up_axis>Y_UP</up_axis>
	</asset>
	<library_effects>
		<effect id="DefaultMaterial_1001-fx" name="DefaultMaterial_1001">
			<profile_COMMON>
				<technique sid="standard">
					<phong>
						<diffuse>
							<color sid="diffuse">0.600000   0.600000   0.600000   1.000000</color>
						</diffuse>
					</phong>
				</technique>
			</profile_COMMON>
		</effect>
	</library_effects>
	<library_materials>
		<material id="DefaultMaterial_1001" name="DefaultMaterial_1001">
			<instance_effect url="#DefaultMaterial_1001-fx"/>
		</material>
	</library_materials>
	<library_geometries>
		<geometry id="meshId0" name="meshId0_name" >
			<mesh>
				<source id="meshId0-positions" name="meshId0-positions">
					<float_array id="meshId0-positions-array" count="16839"> 
						-12.274980 8.858970 -1.639484 -13.480538 8.375029 -2.197561 -12.367952 8.102095 -1.867083 21.738214 26.864729 8.784083 21.506636 26.551163 9.592087 21.577631 26.181866 9.438775 9.642056 22.719410 -2.668729 8.960290 22.090668 -2.659296 8.706164 23.060085 -2.779793 -25.465118 -4.069247 -12.542066 -25.799154 -4.542775 -12.393613 -25.807596 -3.329564 -12.168199 13.520265 11.823674 -1.101764 12.424892 12.071002 -1.263139 13.106072 12.671080 -1.364679 -20.833759 -11.000291 -7.199419 -20.715105 -12.116343 -7.338418 -20.300783 -12.112592 -7.393819 -22.174471 -11.429611 -7.391205 -22.776026 -11.569872 -7.613374 -21.917103 -12.574827 -7.487436 -16.117519 -27.898426 -9.553467 -15.943696 -28.333275 -9.387059 -15.937787 -28.608612 -9.697895 7.507917 9.512578 0.202949 6.858974 10.020155 -0.028506 7.790192 10.238804 -0.380913 12.108451 30.384911 1.652265 11.455846 30.962526 2.513433 12.308960 30.734221 2.556425 1.168996 30.438236 0.700033 2.325847 30.691185 1.027115 2.047693 30.570286 0.517027 21.286970 25.194771 9.206633 21.032167 25.581264 9.662456 21.062962 24.982632 9.239670 -17.584385 17.829168 -5.842678 -17.122408 18.616467 -6.158615 -17.523714 18.100193 -6.529430 -20.133699 -25.525974 -11.494048 -19.119295 -25.759521 -11.292275 -19.657345 -26.569370 -11.184466 24.489809 11.972787 2.770029 24.498356 12.360342 3.043736 25.133797 11.890401 3.524664 22.151787 9.529206 12.870011 21.970959 9.032778 12.644496 22.799118 9.314954 12.504438 -18.519091 -13.323705 -9.270647 -18.455296 -12.449859 -8.972055 -18.787968 -13.606728 -8.767218 17.100233 20.693384 10.210195 17.654995 21.571455 9.886538 16.970442 21.182922 10.356925 19.753481 27.609684 10.519942 18.796749 27.487505 10.966792 19.052361 27.167597 10.939140 18.305754 1.132356 3.029640 17.215324 1.859685 2.649868 18.012207 1.583196 2.552320 -20.829254 12.535922 -6.865790 -20.759232 13.305365 -7.643896 -21.239424 12.293962 -7.427156 -17.720198 15.579804 -9.568804 
						-18.369572 15.446258 -9.119205 -17.923637 16.328161 -8.711282 7.609180 15.509755 -3.305789 8.100191 14.570584 -2.916188 6.828344 14.552844 -3.298922 21.509691 24.826216 7.765380 21.255491 23.805586 6.854850 21.385897 24.792492 6.872759 21.607475 25.222342 8.104408 21.875368 25.535179 7.362916 -19.548521 10.586555 -11.421481 -20.376087 10.930352 -10.922668 -19.452412 11.604337 -11.113102 8.094253 18.668308 8.339357 8.851429 18.373623 8.834104 8.581120 19.304010 8.918329 9.125698 6.495287 1.356819 8.542835 7.188635 1.414027 9.299160 7.277431 0.879337 21.472303 27.431173 8.703331 21.203362 27.674084 8.799605 21.144066 27.545185 9.444772 -1.513908 11.932121 -4.936078 -0.574562 12.451923 -4.781311 -1.339449 11.663227 -4.541236 20.219027 27.363316 4.859020 20.007860 27.770021 5.909032 20.749147 27.756552 5.626215 -5.091151 16.489744 -7.456805 -5.440080 16.961721 -7.554033 -4.620904 17.356113 -7.261375 19.132261 28.087296 6.974570 18.750452 28.170835 7.523318 19.220917 28.147400 7.700946 15.735025 20.534370 12.124429 15.294840 20.507809 12.402068 15.687055 19.774847 12.400470 -0.137474 22.675446 -6.220459 -0.497251 23.038641 -6.300381 0.250047 23.617823 -5.963161 18.260059 28.288073 7.659318 17.644066 28.591545 8.186188 18.134247 28.178152 8.303960 21.075953 23.960241 8.500058 20.042500 23.532333 8.984452 20.847036 23.286507 8.307302 18.584108 28.272305 6.685209 21.981588 1.320877 4.078807 21.686003 1.030747 4.775281 21.572821 1.245501 3.900954 11.102590 28.837572 -0.379885 11.885345 29.310877 0.364640 11.911480 28.749041 -0.126512 -21.245457 -14.975472 -7.610818 -22.121498 -14.189370 -7.674850 -22.231070 -15.282259 -7.864692 -23.495537 -1.101538 -8.056170 -24.007324 -0.393078 -8.216920 -24.085777 -1.291046 -8.287702 -12.756537 22.755224 -3.360577 -12.074681 23.416391 -3.183091 -12.251142 23.503139 -4.234174 25.175518 8.601751 6.738249 25.635176 9.098994 6.539280 
						25.237381 8.587876 7.483360 -20.910326 -17.776852 -12.602750 -21.052591 -18.501883 -12.571467 -21.890684 -18.212751 -12.788347 4.504835 12.863276 -3.102830 3.408602 12.771960 -3.324423 4.163764 13.008663 -3.323194 -4.945794 13.818377 -7.892115 -4.074549 14.860149 -7.700388 -3.937126 14.018125 -7.574251 -17.990273 -10.227547 -8.880383 -18.242451 -10.600979 -8.561709 -18.182253 -11.247691 -9.185777 10.588202 7.226847 8.528563 11.193171 6.993566 9.216367 10.799731 7.867884 9.009044 20.151541 22.257580 8.452330 -15.776441 4.318459 -3.562819 -15.752049 5.049078 -3.565767 -16.472569 4.771781 -3.761017 19.741293 24.258173 9.554096 19.161911 24.972569 10.156896 19.097473 24.073441 9.823955 -23.213217 -19.968403 -9.724385 -23.144670 -19.331173 -9.461584 -23.518784 -18.824841 -9.617890 5.279991 31.236595 3.419702 4.156844 31.020922 2.931286 4.371981 30.923149 3.667350 8.700620 31.157099 5.717546 8.008008 31.185469 5.206743 7.788236 30.796350 5.970827 22.070116 8.453982 12.178319 7.140039 7.637272 3.392478 7.119961 7.985157 4.321347 6.496539 8.131633 3.019460 -14.113095 1.995053 -4.650906 -14.354065 1.130026 -5.345533 -13.533599 1.797153 -5.466704 19.392284 22.720041 9.072944 24.362818 12.965672 3.878882 25.185522 12.275644 3.893965 17.649376 9.072527 -0.293494 18.006567 9.576366 -0.204197 18.629850 8.657342 -0.134302 -8.186858 21.759325 -8.115943 -8.898177 22.618418 -7.565192 -7.960114 22.773775 -7.567851 -20.163767 -13.311822 -7.647510 -20.953604 -13.005357 -7.437381 -20.595346 -13.946510 -7.616466 -13.472831 22.014391 -3.458111 -14.368602 21.077343 -3.811065 -13.783587 21.322638 -3.154629 15.603120 18.793482 12.845194 15.822415 18.787558 12.668911 -17.733521 -9.178458 -8.868310 -17.865993 -8.900769 -8.325780 -17.924171 -9.512258 -8.555372 -15.120764 20.973154 -5.796922 -15.939498 20.060656 -6.030576 -15.450696 20.592714 -5.505859 -16.530891 -27.540850 -9.931272 -17.126734 -27.410376 -10.380485 
						-16.909431 -27.073599 -10.275286 -17.510641 -25.120884 -9.154253 -18.370268 -24.568291 -8.716895 -17.965643 -25.894543 -8.689795 -5.155342 9.511029 -2.842445 -6.033185 9.104633 -2.038120 -6.399756 8.768558 -3.046891 12.314120 7.193819 10.290286 11.460213 7.804655 9.574092 11.916344 6.952503 9.829570 20.813099 24.228373 8.874675 -6.518241 24.320313 1.654433 -5.652728 23.953714 2.286502 -5.568917 24.604116 2.188360 -17.554249 6.502028 -5.458235 -18.033766 6.185453 -5.761633 -17.814413 5.845822 -5.592454 19.819056 20.856922 2.136734 19.751951 21.760719 2.272205 19.811665 21.211716 2.850385 -22.636496 -5.392994 -12.567527 -22.650213 -4.331455 -12.502913 -22.246599 -4.704071 -12.620612 -4.166604 10.463778 -0.475926 -4.649467 10.406927 -0.238099 -4.713768 10.013987 -1.002136 1.295000 12.050620 3.229356 0.639993 12.864993 3.799196 0.298929 12.396570 3.132507 14.353010 3.352878 11.191791 13.886732 4.189051 11.153848 13.572068 3.774312 10.788604 -18.136938 -19.346395 -10.528450 -18.055115 -19.494171 -10.217878 -17.982296 -20.029915 -10.343852 -15.000492 8.530495 -2.980339 -15.469386 7.640938 -3.230882 -14.478721 7.693315 -2.698889 -21.611464 -24.629917 -9.347140 -22.262762 -23.956070 -9.704992 -22.242937 -24.534561 -9.974370 21.360470 0.729783 5.304320 20.820278 0.875752 4.844312 -9.805777 14.377148 -0.719740 -10.592420 14.191248 -1.330655 -10.252726 13.904878 -0.852754 -4.862032 12.325812 1.523672 -5.574648 13.288806 1.935865 -5.740731 12.441681 1.432965 24.120745 8.387574 10.208891 23.394873 8.070732 10.720876 23.585157 7.798416 10.220255 -22.940525 -9.966079 -7.594398 -23.509481 -10.017137 -7.877327 -23.496834 -10.904223 -7.912303 -14.841262 6.871704 -2.942111 -15.605144 6.021819 -3.360089 -15.135994 5.995242 -3.173795 -5.424415 27.978712 -1.842735 -4.557841 28.255749 -2.118469 -4.637438 28.031364 -2.777388 -7.663150 26.662045 -3.345171 -6.817794 27.194908 -2.750245 -7.103528 26.860846 -3.424138 
						-5.227927 27.617624 -3.275458 -6.312321 27.382242 -2.915060 -5.866342 27.717028 -2.288719 6.799519 13.264257 7.324594 5.779697 13.353011 6.820645 6.450906 12.741697 6.926449 18.425341 4.650442 -0.732771 18.494255 5.111874 -0.710413 18.846872 4.444951 -0.734068 -16.941002 -24.777828 -9.796221 -16.897062 -24.930315 -9.504545 -16.718893 -25.812450 -9.182925 -16.747316 18.806973 -7.166776 -16.049936 19.224188 -7.505720 -16.686583 18.197571 -8.032049 18.551178 23.007685 9.650163 18.178368 22.273966 9.662035 -6.468552 11.861488 -8.261642 -6.050970 11.183693 -7.775345 -6.783961 10.752683 -7.893498 -26.243378 -8.571741 -12.271388 -26.408329 -8.319692 -11.886638 -26.194948 -7.442911 -12.308857 16.522738 2.422359 11.805296 17.098814 2.789621 12.312246 16.670347 3.324624 12.467379 -26.064238 -14.249250 -10.844827 -26.090059 -13.776280 -10.608166 -26.252823 -13.034604 -11.101521 -11.297488 23.687529 -2.293244 -10.603554 23.804403 -1.489219 -10.606187 24.238285 -2.005495 17.434456 3.279820 0.402341 16.405167 3.564568 0.154296 16.856712 3.916086 -0.114973 5.121587 26.846619 -3.664967 5.108840 27.808121 -3.062830 6.123354 27.185194 -3.223182 -12.143113 11.303611 -1.340957 -11.342386 10.889559 -0.898668 -11.418052 11.826303 -0.888197 4.845868 25.916019 7.803548 4.305091 25.214935 7.658430 5.318663 25.309746 8.178649 -21.552416 -24.443264 -11.540832 -20.769524 -25.179884 -11.518026 -21.774727 -25.163683 -11.043013 -19.311682 5.877934 -5.922246 -20.334984 5.693610 -6.069865 -19.745649 5.031377 -6.178020 3.927217 14.513320 -4.158010 3.401690 14.632756 -4.442959 3.772390 15.336277 -4.486647 -19.169697 0.514249 -12.403912 -18.789692 1.487345 -12.252094 -18.408401 0.838241 -12.269845 19.071075 23.282410 9.424116 17.258577 24.050097 11.270032 16.483332 23.755053 11.680501 16.583748 22.980507 11.431083 12.902268 30.196524 7.073737 12.090068 30.275755 7.217944 12.309072 29.973206 7.774398 -23.108946 -15.124701 -12.906888 
						-23.531570 -15.168015 -12.565897 -23.569798 -14.342936 -12.570270 5.320816 12.950298 6.343697 4.344127 13.505229 6.067716 4.335943 12.658736 5.513907 1.867967 29.853237 3.669589 2.765826 29.938448 4.206691 2.520094 30.476622 3.247269 -20.123507 14.265761 -7.896295 -20.701389 13.234362 -8.624249 -20.811417 13.283411 -8.139903 15.676201 4.267431 -0.102995 15.579617 4.848314 -0.332004 15.863330 5.012993 -0.449490 7.150857 26.967129 8.379695 6.392672 27.141273 8.108756 6.720496 26.035786 8.530587 18.485310 24.290359 0.517369 18.753912 25.026499 1.008685 18.969200 24.294252 0.774011 14.391866 28.772821 9.193587 14.164511 28.057693 9.843539 14.984301 28.239803 9.760848 21.506420 5.704028 0.036335 21.672356 6.804795 0.519807 22.008821 5.918509 0.521207 -0.215357 17.231035 5.108670 -0.733368 16.431698 4.907764 -0.031085 16.589935 5.219330 13.542068 6.975337 11.155990 13.423488 7.846683 10.894900 12.730104 7.211227 10.606227 -9.678391 20.041519 -8.963326 -10.757536 20.698862 -8.570714 -9.730519 20.954483 -8.525383 -19.244072 -8.686763 -7.095366 -19.899899 -8.759950 -6.927470 -20.086584 -9.479797 -6.981367 -17.118397 -30.961653 -9.064142 -16.821135 -31.329306 -9.280370 -16.646929 -31.232779 -8.929320 18.373833 2.045015 1.952898 17.209660 2.152783 2.212155 17.516743 2.564507 1.454358 -19.875233 6.745088 -5.774767 -23.449484 -7.933055 -7.900037 -23.337523 -8.354612 -7.771578 -23.002808 -7.188705 -7.546005 -13.422318 11.297897 -2.784775 -14.003233 10.854899 -3.065155 -13.866122 10.320894 -2.507955 -24.650425 -14.262733 -9.742303 -25.403887 -13.936080 -9.847349 -25.222288 -14.636419 -9.816202 -20.411337 2.040549 -7.101891 -20.757607 1.877512 -7.205210 -21.084003 1.233544 -7.390047 24.903074 13.065966 4.663759 24.306538 13.702613 4.863454 -13.200685 20.811604 -2.173772 -12.998600 19.997675 -1.725464 -12.206175 21.165916 -1.443754 -23.989773 -12.496328 -9.138742 -24.015226 -11.386885 -9.313179 
						-24.427958 -12.143534 -9.539881 -23.834787 -2.194843 -8.241957 -24.372349 -2.185651 -8.418369 -24.518238 -3.229285 -8.559825 -18.182447 -24.145126 -8.929135 -11.142179 24.243229 -2.972857 -21.444363 0.655894 -7.559834 -20.803564 1.182088 -7.303500 -22.784233 -15.719347 -13.030171 -22.897240 -14.831280 -13.011674 -11.793148 3.700974 -7.134284 -12.312757 3.001728 -5.998302 -12.277355 2.974054 -6.794205 -13.391522 4.385016 -10.445746 -13.096884 4.922263 -10.337401 -12.725599 4.360615 -9.846014 19.122049 2.589718 11.710568 18.979847 1.618872 11.124323 19.630201 1.896757 10.987271 -19.360748 -21.766760 -8.479951 -19.995970 -21.277351 -8.238870 -19.866739 -21.846802 -8.306311 18.800642 13.869493 12.201553 18.129908 14.419757 12.327825 18.551548 13.370924 12.677321 -15.571408 14.661524 -10.666051 -16.420975 15.423838 -10.393701 -15.308651 15.692212 -10.479194 17.951788 3.874764 -0.207634 18.004416 3.051200 0.606510 -18.437418 -9.374197 -7.801403 7.693895 31.417912 4.390419 8.622490 31.365021 4.842513 -16.368980 8.517227 -4.513923 -17.022705 8.124056 -4.931932 -16.955015 7.617517 -4.909896 2.147119 12.677516 4.463323 1.779765 13.377606 4.676880 1.341014 12.996864 4.275486 21.568274 27.223879 8.865680 21.781481 26.987246 8.161376 0.371040 13.114499 -4.829691 1.333354 13.603193 -4.785299 1.177566 13.121509 -4.486703 -14.575586 21.503681 -5.138170 -18.974524 -11.420691 -11.467683 -19.602037 -12.162513 -11.915854 -19.280540 -10.929254 -11.823140 21.556679 0.606684 6.529611 20.775955 0.363938 5.655345 10.045816 6.205790 1.046399 9.817596 5.580844 1.530347 -20.836740 -26.955568 -10.340508 -21.165199 -26.437021 -10.112117 -21.194849 -26.353479 -10.630568 -7.032207 8.457828 -6.330311 -6.219919 9.144193 -6.090155 -6.949612 8.374250 -5.888592 10.638603 13.994588 9.488328 9.377011 14.046544 9.055133 10.021987 13.320855 9.317681 20.992535 13.871475 10.798599 20.869419 13.419151 11.102030 22.110315 13.314114 10.862943 
						-13.821477 9.488278 -2.275546 -14.888953 8.993700 -2.976982 -14.441357 8.628651 -2.617668 -20.406013 6.921780 -12.250912 -19.495193 6.647161 -12.296558 -20.073227 6.009310 -12.392528 -12.162464 5.275515 -9.781487 25.824968 13.300935 9.138631 26.341896 12.443724 9.525685 26.212265 12.607479 8.868059 -16.077562 8.188750 -11.169656 -15.753953 8.714670 -11.073389 -15.352269 8.309558 -10.938725 10.888200 18.203327 10.848520 10.122254 18.162050 10.072903 10.740884 17.003931 10.307421 26.049347 9.878177 4.983379 25.825256 9.389544 6.154925 25.548742 9.165432 5.332801 12.486002 29.857885 1.009693 11.495114 30.165752 1.079385 6.114460 27.844965 -2.676006 5.362272 28.601330 -2.498694 6.272218 28.709448 -2.199961 -19.000113 6.730447 -5.664669 22.307051 6.148828 10.132543 21.947680 6.755889 11.038260 21.699759 5.819337 10.678604 -8.314355 11.989416 0.532728 -9.120773 12.694577 0.356352 -8.901261 12.014101 0.326657 -5.116860 27.103254 0.972880 -5.541608 26.658409 0.602558 -5.433029 25.854746 1.383058 19.816874 3.737922 11.784673 18.773813 3.799537 12.332193 19.330736 2.936038 11.769103 -24.326262 -11.952203 -12.749887 -24.761541 -12.401164 -12.841466 -24.873158 -11.239968 -12.813157 15.843934 2.877547 11.764640 15.310266 2.242042 11.114477 19.865284 28.028824 10.105186 20.367411 27.620981 10.156017 -17.849913 -9.307301 -9.815861 -17.959908 -10.100101 -9.471170 -18.061029 -9.782514 -10.258400 12.809640 6.354191 0.309333 12.371023 5.787773 0.655865 12.188033 6.951209 0.235273 -19.451517 -16.269945 -8.584603 -19.415163 -17.369556 -8.700832 -19.071598 -16.712431 -9.020415 13.808853 30.361378 6.787749 13.838003 30.253714 7.192929 14.310492 30.150000 7.421558 10.219939 6.534234 7.943309 9.860926 7.554260 7.933698 9.758369 6.515875 7.552139 -18.551243 16.622154 -7.049393 -18.218939 16.854839 -7.661665 -18.966209 15.938782 -7.497274 20.108459 25.535912 3.242682 20.520294 25.743662 3.978327 
						20.269350 24.770868 3.868804 24.607393 7.824064 4.638856 24.245850 7.003485 4.506956 24.294052 7.446037 4.003772 24.199177 14.227194 5.587294 24.064613 14.576947 6.261447 24.808527 13.910852 6.650750 -13.195957 5.370902 -3.138130 -13.558302 5.068536 -3.294384 -13.491937 4.347532 -3.585107 14.862720 4.843991 0.383587 14.970782 5.326066 -0.047778 -8.504281 17.024687 -9.131883 -8.646037 15.937302 -8.957138 -9.293390 15.974110 -9.269905 10.595075 30.021885 0.641122 10.007183 29.545319 0.110327 9.697962 30.097458 0.613400 24.311371 7.378216 6.248942 24.617655 7.967503 6.666673 24.415184 7.620991 7.367776 -24.408491 4.878354 -10.824365 -24.595060 4.839273 -10.284683 -24.171577 5.932086 -10.501462 -24.882000 -18.549698 -10.999167 -24.572346 -19.272598 -10.951903 -24.977915 -18.196932 -10.748590 -14.729420 5.387359 -3.218019 -14.491872 6.687034 -2.836818 -25.048515 -3.549608 -8.815561 -24.326376 -4.352775 -8.642710 15.148762 30.063597 4.301475 15.175778 30.121452 5.210404 15.816670 29.533962 4.673779 17.094236 -0.026331 6.318407 16.255283 0.202711 6.913215 16.160278 0.445745 5.911901 -4.697204 26.894745 1.618423 -4.869240 26.358093 1.842486 -4.472550 26.163996 2.267962 -1.677802 12.219759 2.074932 -0.729564 12.346182 2.530863 -1.943052 12.608208 2.504033 -16.027952 9.636752 -11.375166 -17.065771 9.745402 -11.704772 -16.488022 10.536301 -11.557776 18.303062 23.766058 10.190902 17.833775 22.703730 10.030488 -0.996410 26.164112 -5.248349 -1.757072 26.899998 -4.744947 -0.588553 26.929440 -4.703710 -3.874362 12.724204 -7.071337 -4.611650 13.257081 -7.615891 -3.592995 13.372787 -7.242903 -16.374670 -27.120800 -9.212819 -16.694048 -26.134752 -9.057940 -16.577322 -27.016878 -9.024367 -13.456112 13.459031 -10.752883 -12.792471 12.810818 -10.394181 -13.438658 12.092963 -10.579524 0.562452 30.139469 -0.280280 -0.360476 29.833778 -0.699726 0.353662 30.235918 0.575161 22.006527 14.841079 0.893447 
						22.498640 14.696246 1.547333 22.556522 14.075865 1.099838 26.412300 11.342134 9.311091 26.187897 11.306598 10.148450 26.220814 10.858725 9.626531 -0.275854 14.942212 4.685236 -1.115375 14.470662 4.087364 -0.097571 14.218107 4.367132 -18.530954 4.176538 -5.291151 -18.106295 4.520887 -4.780616 -18.020887 5.127703 -5.260991 18.042011 27.457811 11.083392 17.986084 26.851307 11.404022 -13.827086 7.310041 -10.900197 -14.345572 7.785624 -10.977180 -13.754292 8.369537 -10.876301 17.686640 -0.053085 5.474434 16.898151 0.361165 5.187274 2.856211 24.281021 -5.034526 3.022105 23.620741 -5.033249 1.925958 23.677126 -5.432614 -25.577837 -16.218580 -11.498193 -25.818806 -15.574485 -11.344436 -25.738962 -15.152112 -11.793786 -3.287130 21.476791 -7.205987 -2.315297 21.214773 -6.918141 -2.803860 20.260433 -7.113521 -8.558620 24.215771 -0.229916 -7.285070 24.871042 0.342456 -7.880609 25.178637 -0.461545 -23.895060 -11.689238 -9.010899 -23.883930 -11.044847 -8.412480 -23.798149 -10.656997 -8.931043 -22.952572 -12.512883 -7.798458 -23.442467 -13.588697 -8.190516 -22.714420 -13.274019 -7.786649 13.297955 3.864337 1.770309 13.304914 4.493034 1.249151 14.256340 3.873725 1.610170 -19.993576 -0.518550 -12.460332 -19.601435 0.485968 -12.377312 -18.895229 -0.828100 -12.425438 -21.322317 2.995022 -6.849036 -21.993801 3.058276 -6.943182 -22.249588 2.086616 -7.223263 -22.144524 -1.575871 -8.074801 -22.832947 -0.817834 -7.902585 -23.079618 -1.716648 -8.091058 -1.043162 28.624632 -2.935417 -2.172639 28.890116 -2.237132 -1.573763 29.165436 -1.905272 -7.307913 17.305338 -8.667942 -7.714443 16.565842 -8.675549 -17.748575 -4.100491 -6.393321 -18.477354 -3.551274 -5.824748 -18.441174 -4.611961 -6.185572 -23.113281 -15.628179 -8.315425 -23.423403 -15.181316 -8.509139 -23.309072 -16.254507 -8.590368 10.487478 8.211287 0.184064 10.015000 7.574230 0.492671 9.501540 8.521686 0.233018 -18.470297 -29.144924 -8.902945 -18.872225 -27.999084 -8.726168 
						-19.149143 -28.431225 -9.023165 -11.661806 3.885996 -5.998306 -13.999981 5.725056 -3.067525 -6.267619 19.153994 -8.462730 -5.634068 18.621246 -8.223891 -6.302078 18.160461 -8.481613 16.411358 8.596883 -0.325374 16.042826 9.057304 -0.306184 17.259615 9.472907 -0.306267 -17.236963 -26.524799 -8.873980 -17.368572 -27.149860 -8.667308 21.096754 5.749523 11.259469 21.541740 4.944209 10.416776 15.154059 29.940395 3.058754 14.846587 30.269621 3.791645 15.546907 29.770166 3.654861 7.133786 30.617472 0.690353 7.523396 29.990356 -0.079223 6.329470 30.201279 -0.094617 -16.125612 -27.843653 -9.228637 -16.385221 -27.569145 -9.008894 -16.429493 -28.033199 -8.971406 16.022469 14.628066 12.891166 15.505147 15.517431 12.951868 15.155008 14.377823 12.709519 17.788052 1.232643 3.230916 17.376364 1.326150 3.307311 19.356668 22.860651 0.827880 19.346220 23.922972 1.081554 19.653564 22.563889 1.251801 -14.197237 16.054298 -10.463938 -13.579153 15.782692 -10.411996 -14.446790 15.264892 -10.625695 5.585688 30.772213 0.701045 4.907410 31.110481 1.788909 5.816041 31.116669 1.555086 -14.813538 5.512414 -11.241721 -15.844169 5.045851 -11.540868 -15.894530 5.962512 -11.514562 17.016727 14.757180 -0.640056 16.777086 13.477978 -0.249006 16.133888 14.177112 -0.445626 10.539190 24.858505 -2.348188 10.152214 25.284439 -2.527284 10.344291 25.769020 -2.394083 11.669746 29.505365 8.178514 12.261897 29.261753 8.432136 12.818460 29.564590 8.314583 -18.476707 -18.168715 -9.858215 -18.204672 -18.827423 -9.874217 -18.290344 -18.274279 -10.421474 20.371040 0.436244 8.454139 20.299644 0.796201 9.493798 19.942381 0.702256 8.985731 6.197258 31.369230 3.851675 6.441290 31.191967 4.531605 7.079259 31.459867 3.965176 -16.813078 5.707736 -11.463037 -16.732544 6.502301 -11.321576 -16.062574 6.713633 -11.259705 13.160269 13.967257 -1.542915 12.461922 14.853856 -1.808082 13.115924 14.550932 -1.558753 5.937733 8.787160 1.986562 
						5.799942 8.917424 2.507771 5.472892 9.388394 1.919651 9.019019 21.203934 10.006568 9.860320 20.835430 10.581075 9.752957 21.854715 10.524371 1.014986 28.306568 4.566307 0.030175 27.569944 4.427980 0.911499 27.746033 4.880946 20.756186 10.682759 12.833237 20.141750 10.143710 12.675720 20.972334 9.408952 12.725376 -12.616961 21.867189 -6.909963 -11.666697 21.848986 -7.356946 -12.267080 21.166685 -7.763319 18.259205 2.822237 12.222674 5.208370 23.621546 -4.262246 5.769891 24.421417 -4.015634 6.190054 23.699001 -3.978537 9.417871 22.387249 10.272367 10.632019 22.531898 10.912375 -6.458783 26.979593 -3.558533 -6.770780 26.421074 -4.551382 -21.546398 6.275612 -12.150157 -22.263350 6.905961 -11.680797 -21.457226 7.223870 -11.895189 -7.143157 25.875708 -0.358751 -4.332564 26.165010 -5.420606 -3.908298 26.800068 -4.868462 -3.317163 26.756275 -4.926618 17.320951 13.178140 12.921497 16.135118 13.608350 12.756764 16.352837 12.730786 12.512903 21.480610 14.032207 0.300548 21.086750 14.768163 -0.003745 21.869127 14.352283 0.595100 10.157208 23.089172 10.590446 -19.080196 5.071659 -6.250650 -20.111393 4.516152 -6.323061 13.607871 16.636929 -1.212446 12.975034 17.720318 -1.323471 13.659400 17.644802 -1.194956 -17.345341 -6.388775 -10.343605 -16.918673 -5.843268 -9.698886 -17.317059 -7.049959 -9.803936 -16.534527 -4.167027 -7.408522 -16.931038 -4.745710 -7.306330 -16.747765 -5.108807 -7.889698 22.637821 5.593767 1.193197 22.584888 4.660644 1.228447 22.020807 5.114209 0.558026 11.861348 14.400137 10.108325 11.779347 13.255301 9.915381 12.480973 13.393310 10.249270 -18.851322 -29.384077 -9.721186 -18.939259 -29.069569 -9.226044 -19.578979 -28.547132 -9.917723 -15.110066 18.866810 -3.122243 -15.639570 18.437441 -3.461869 -15.301837 18.199368 -3.070217 -10.889224 6.187303 -9.135734 -10.629012 5.900240 -8.512528 -11.193502 5.126304 -8.624138 6.786999 11.759807 6.748829 6.177012 12.052603 6.424529 
						6.319789 10.976749 5.995003 16.764858 29.061289 8.576072 16.767546 28.822975 9.356936 17.474817 28.539991 9.286577 18.054296 0.773007 10.169261 17.514790 0.453490 9.752059 17.985809 0.212631 8.983795 -20.606516 6.853396 -5.998795 -21.508848 7.040214 -6.484263 -21.115816 5.978878 -6.269938 -14.022924 1.026801 -5.911720 -22.547232 -5.170213 -7.431969 -22.498022 -4.226346 -7.588564 -22.952099 -5.600777 -7.849400 -4.269593 25.259644 2.792246 -4.968929 24.987751 2.425617 -4.965092 24.480379 2.595302 10.476604 21.460720 10.975663 11.104224 21.571468 11.266324 22.835596 2.377819 2.362794 23.161896 2.839095 2.931628 23.011299 2.247358 3.329663 -19.211653 2.566145 -5.452390 -19.225410 2.953361 -5.604393 -19.888407 2.008981 -6.219224 -26.236862 -10.378839 -12.096670 -26.468641 -10.518302 -11.003556 -26.479137 -9.395365 -11.303133 16.508671 26.094515 0.238043 16.701279 26.550217 0.611016 17.225321 26.590664 0.983928 22.826273 7.190358 10.446993 -12.294127 15.670100 -10.241444 -12.745184 15.531242 -10.410789 -12.544022 16.272879 -10.136725 -21.334450 -1.482774 -6.732596 -21.282257 -0.887845 -6.889477 -21.620029 -1.547101 -7.408914 -26.223946 -9.442163 -12.195638 24.892128 9.286238 10.214049 24.487360 9.100417 10.784041 1.802669 12.104111 -2.939444 1.616041 11.723625 -1.995777 1.193876 11.990420 -2.902841 -15.941960 -3.623465 -8.438075 -16.382532 -4.450667 -8.012959 -16.333288 -4.610797 -8.919147 18.376616 -0.105059 5.136537 18.158142 0.078357 4.729563 18.679823 0.206820 4.420391 8.526511 6.924649 1.656518 -19.636204 14.668297 -6.542379 -20.433207 13.512974 -6.978914 -20.043623 13.514930 -6.278628 -22.228973 -24.362448 -11.167303 17.181021 28.812647 4.688430 16.657631 29.313080 5.078771 17.556730 28.934204 5.604053 -16.904039 0.819836 -11.784366 -17.768755 -0.244865 -12.127858 -17.696249 0.536030 -12.072541 -11.191807 9.357354 -10.133151 -11.953456 9.915629 -10.290013 -10.975858 10.153481 -10.083373 
						-25.565420 -2.116695 -9.363255 -25.595772 -0.868168 -9.547139 -25.868334 -1.933474 -9.840048 -20.517748 -20.168774 -8.152069 -20.958483 -19.333153 -8.092242 -20.818869 -20.644608 -8.224505 -9.963243 23.717524 -6.194461 -9.176284 23.314011 -6.909128 -10.238727 22.869495 -6.913971 18.602186 1.404013 2.574027 19.104797 1.761522 2.129106 -21.805140 -2.613493 -7.010147 -22.125845 -3.454262 -7.213340 -21.908504 -3.683346 -6.995956 -24.917997 -16.232113 -9.823236 -24.286579 -16.419209 -9.656198 -25.000681 -15.401218 -9.765834 19.507288 7.233808 -0.300567 19.372503 6.802852 -0.445677 19.135712 7.800074 -0.253806 10.819461 28.354563 -0.889887 12.028032 27.943548 -0.647018 24.599192 14.187578 9.434626 24.681530 13.194013 10.218135 25.540487 13.288091 9.803946 4.396872 18.299236 -4.483660 3.931029 19.476105 -4.408884 4.811618 19.015953 -4.178332 21.128143 26.176561 9.838444 20.225567 26.414555 10.249507 17.750719 12.981049 -0.130185 17.574047 13.877062 -0.332332 -22.872408 8.940685 -8.508488 -22.392357 9.455029 -7.816277 -22.598976 9.866740 -8.667706 -21.056337 -2.163122 -12.587345 -20.423969 -1.273924 -12.562845 -20.738701 -2.494504 -12.759267 -12.679198 2.434977 -6.350880 -13.288831 1.790396 -5.870551 -13.176513 1.709969 -6.933659 -20.008211 -19.178022 -8.196140 -26.528454 -7.365273 -10.844893 -26.427221 -7.039411 -10.314870 -26.462950 -6.188021 -10.440594 10.514423 3.815792 3.558767 9.697656 4.695901 2.946648 10.284569 4.033946 3.003669 3.603930 26.156120 -4.344248 4.116972 26.799803 -3.965495 4.596952 26.335735 -4.020137 -4.424534 11.854777 1.289610 -5.609642 11.672205 1.001097 -4.923790 11.146932 0.703313 -5.324320 9.824331 -0.882255 -5.096435 9.674117 -1.392049 -3.203828 11.715422 1.310072 -4.048430 11.206279 0.729156 20.231647 24.661417 9.471349 20.246962 25.352936 9.793746 6.124518 17.122213 -4.012221 6.866704 17.305946 -3.716254 6.276064 16.555666 -3.963820 3.288012 13.712431 -3.998880 
						-26.371181 -11.979441 -10.965856 -26.204700 -12.109075 -11.749498 19.719738 25.500057 10.103997 23.588802 9.806140 12.437875 24.382341 9.866841 11.736965 24.143610 10.137149 12.164142 -2.117268 29.279558 -1.160004 -1.522635 29.556253 -0.468742 -0.879033 29.452456 -1.538036 12.989635 16.510801 12.041082 12.171008 15.975065 11.299535 13.159323 15.314403 11.916463 16.639994 4.644704 -0.419813 16.284204 5.591028 -0.501675 0.114616 24.509460 -5.699271 0.780105 23.882137 -5.796156 19.213428 4.507234 -0.706613 20.132215 5.368813 -0.424256 20.333750 4.802242 -0.425932 -23.612360 -18.797476 -12.261211 -23.105125 -17.863888 -12.775545 -22.969387 -18.390905 -12.780428 19.545370 8.469334 12.661746 18.334072 8.390224 12.333761 18.784634 7.592708 12.398175 -16.611708 -26.291004 -9.826961 -16.994818 -26.064404 -10.257533 -17.079777 -25.234682 -10.238504 -25.410572 -15.434064 -10.109284 -20.295046 -0.715852 -5.987538 -21.037487 -0.869385 -6.558787 -20.771410 -1.325322 -6.252485 -16.374670 -27.120800 -9.212819 -16.534607 -26.182804 -9.383549 -16.694048 -26.134752 -9.057940 -22.479774 -21.516581 -9.479133 -21.976326 -21.595938 -8.877972 -21.929268 -20.927742 -8.707070 20.815020 15.353439 9.715760 20.271448 14.817096 10.312868 21.228354 14.822404 9.998004 23.917850 6.305494 5.522853 23.647827 5.564991 5.391053 23.936749 6.118131 4.673380 -19.306595 9.222973 -11.906473 -18.381054 9.340326 -11.937738 -18.837990 8.356924 -12.096027 20.736383 17.919109 3.691626 20.587982 19.050402 4.679482 20.954151 18.223295 4.971032 -7.120694 15.193123 -8.150050 -7.119802 15.557843 -8.098431 -6.441038 16.002199 -7.879818 -18.811586 -28.925032 -10.298241 -19.685369 -28.144041 -10.369196 -19.273087 -27.792109 -10.755708 23.129267 13.813814 1.682931 -17.025806 7.014743 -11.416825 -16.603773 7.436395 -11.337815 -18.656982 -9.362951 -11.423463 -18.619938 -8.284562 -11.557770 -18.313778 -9.097526 -11.006310 5.937733 8.787160 1.986562 5.382285 9.604196 1.474432 
						6.145683 9.286541 0.976843 -20.530790 -10.876577 -12.616447 -20.350706 -9.652600 -12.623876 -19.729864 -10.124813 -12.196099 15.936876 21.835976 -1.151316 15.633728 21.030046 -1.311156 15.174303 22.265926 -1.372703 12.478483 13.784420 10.356121 13.029865 13.013487 10.665750 -7.892065 7.644526 -4.532235 -8.590158 7.147058 -3.694870 -8.859232 6.886645 -4.671858 -23.012936 -5.470538 -12.571057 -17.447554 -7.965637 -9.013302 -17.561087 -8.236548 -8.543238 -17.733521 -9.178458 -8.868310 -19.809845 -17.546144 -12.083032 -20.398457 -17.938074 -12.400021 -20.614454 -16.956303 -12.518125 -10.566268 12.959888 -9.309475 -10.516711 13.599433 -9.275300 -9.651077 13.728587 -8.963375 19.734680 21.477848 1.696461 16.835449 20.009254 10.394274 -18.502472 14.569815 -4.885790 -18.399817 15.896521 -5.414590 -18.933306 14.828218 -5.511812 11.184123 5.872985 9.100305 10.911473 6.260150 8.795699 10.511994 6.039791 8.043084 17.756769 18.384596 -1.190830 17.254622 19.190386 -1.241237 18.478075 19.031643 -0.755801 11.282918 26.250027 10.365148 10.550771 26.820869 9.859807 10.249635 26.110104 10.060014 7.567439 14.241873 -3.004112 -14.289555 3.207907 -10.717895 -14.141118 3.954865 -10.855363 -13.465535 3.401542 -10.153438 -13.801918 4.632468 -10.782529 21.616194 16.209612 1.703032 21.305412 16.390848 2.513443 22.002291 15.414608 2.547657 -12.565467 11.498719 -1.729274 -13.032684 10.423754 -1.838244 13.767323 30.600964 3.414905 13.250434 30.943918 3.808854 14.068440 30.761061 4.281117 2.842294 28.947424 5.263290 3.517471 28.294186 6.099085 3.556501 28.919136 5.733684 3.068713 18.616610 5.519291 3.631565 18.720676 5.682041 2.853063 19.122004 5.233223 6.227491 29.633184 6.505204 5.311795 29.501329 6.185269 5.991400 29.139400 6.824093 -23.445608 7.369502 -10.507328 -23.521431 7.703640 -9.905112 -23.130421 8.531701 -9.915536 -1.724804 25.902592 4.126157 -2.061602 25.122316 4.128218 -1.009502 25.211620 4.646650 
						-15.784911 -31.293991 -9.397961 -15.524807 -31.323067 -9.128095 -15.880164 -31.495424 -9.189582 -24.685423 -15.276960 -12.514269 -24.939741 -15.573493 -12.415014 -25.013306 -14.536661 -12.545503 0.227805 13.744933 -5.378556 -0.335599 14.365157 -5.860505 0.046697 14.835262 -5.943473 15.257455 22.247301 12.142182 14.860094 22.389256 12.168761 15.185704 21.309616 12.318980 -23.825924 -12.125438 -12.707557 -23.828157 -10.947870 -12.641583 -19.530945 7.573660 -12.224639 -18.977669 7.355992 -12.223955 -21.361753 -2.342451 -6.665902 -19.961821 1.041580 -5.862972 -20.647701 0.299466 -6.468537 -20.509430 0.048322 -6.221692 19.875011 21.905472 3.433545 20.126987 22.984840 4.043650 20.174681 22.655560 4.391480 -18.746899 -19.866455 -11.368443 -18.879942 -20.737522 -11.537731 -19.232563 -19.934048 -11.752271 20.917006 19.406902 6.435584 20.741653 20.102829 6.966213 21.078217 18.896835 6.927433 -1.520999 15.694570 -6.757692 -0.828568 14.802447 -6.330697 -1.980549 14.879808 -6.878562 25.783808 9.977075 9.495487 25.758665 9.741251 9.106280 26.079834 10.072864 8.687989 12.557357 11.372495 10.329535 13.026570 10.486082 10.511275 13.393062 11.582568 10.612004 -18.647457 -17.446796 -11.141458 -18.942228 -17.490793 -11.446341 -19.290325 -16.582150 -11.685583 -2.396904 14.261075 3.500114 -2.197402 13.826644 3.343611 -0.490220 20.357307 -6.187426 0.850997 20.330027 -5.589753 -0.144991 19.791079 -5.915407 22.430292 10.068904 12.893009 21.550550 9.872207 12.893763 -26.219612 -7.618311 -9.893018 -26.420263 -7.999349 -10.225267 -26.193813 -8.931362 -9.892076 -13.161592 10.910276 -2.067824 -13.838078 10.037884 -2.360390 -26.273197 -5.205204 -10.033560 -26.405428 -4.219186 -10.671413 -26.478329 -5.194855 -11.032427 10.923926 15.325795 -2.332030 10.911162 15.934237 -2.401875 11.454805 15.685539 -2.149199 7.946853 20.011362 -2.443660 7.702148 20.954390 -2.806003 8.525854 21.003080 -2.529944 4.839426 19.663155 -4.046407 5.649365 18.984941 -3.818141 
						19.301529 26.102571 10.732634 23.339783 4.473535 4.333944 23.136791 3.309160 4.583180 23.245550 3.540690 3.740479 -1.022132 15.635968 4.553620 17.877850 10.343867 12.519153 17.274357 10.617108 12.526550 17.022648 10.031594 12.219005 -8.529257 25.562675 -4.922441 -9.506381 25.300373 -4.439803 -8.582957 25.895805 -4.277520 21.410727 25.604403 6.053694 21.491791 25.899225 6.328348 21.558920 25.310562 6.848279 -3.776273 13.422725 2.502639 -5.066847 13.670437 2.283765 -4.598688 13.085827 2.075263 1.591690 29.143782 -2.362242 1.865850 29.675684 -1.567243 2.128871 29.418816 -1.974122 -18.884527 5.108550 -12.035107 -18.274767 5.506231 -11.820381 -18.311968 4.588573 -11.674464 -25.934580 -8.354310 -9.620976 -23.770105 -13.736535 -12.560521 -24.302504 -13.100556 -12.693960 -23.567720 -12.568843 -12.733688 -10.117405 17.342773 -9.520291 -11.455116 17.729061 -9.659240 -10.394712 18.134054 -9.453925 -17.547489 17.912003 -7.178152 -18.205952 17.129656 -6.926497 -25.874664 -7.860556 -12.661964 -25.465208 -7.092010 -12.806278 -25.542017 -8.204017 -12.788532 -23.079882 -5.328462 -8.564452 -23.245028 -4.920310 -8.685514 -23.262484 -5.704188 -8.739553 16.128498 29.153599 3.062361 16.202780 29.182434 4.013721 16.655891 28.739351 3.290818 7.659461 17.782747 7.840395 7.331964 17.214830 7.768348 8.066758 16.627110 8.197057 14.269895 30.162079 2.486246 14.701846 30.182663 2.987043 18.881807 25.720303 10.774798 13.486278 22.509298 11.858788 12.681929 21.574314 11.747441 13.404862 21.579330 12.007098 8.171386 16.474762 -3.233514 7.670827 17.145651 -3.422516 8.556050 16.584658 -3.069358 -17.283699 -7.011850 -8.260501 -17.680120 -7.642018 -7.978605 -17.561087 -8.236548 -8.543238 -11.979753 5.117979 -9.501246 7.026583 9.814096 5.984280 7.147381 10.928484 6.673778 -23.191626 6.875501 -11.100256 -22.536957 7.299142 -11.392838 -22.771408 6.375980 -11.608485 -0.301505 15.587394 -6.286934 20.247959 0.110166 5.646926 
						20.009560 -0.131486 6.304268 20.230280 21.210989 4.826614 20.356071 20.307041 4.917283 20.054611 20.602365 3.929593 3.120759 12.629953 4.844791 3.925631 11.801011 4.701931 18.893505 5.049578 -0.714641 -18.318310 -11.941061 -10.223567 -18.660189 -12.155928 -10.938536 -18.423244 -11.000768 -10.780119 14.193472 29.482832 1.452072 14.663203 29.469353 1.804650 14.423159 29.039480 1.183495 18.561409 25.064585 10.605391 -14.960908 16.702623 -10.100687 -3.691196 16.018013 3.311062 -2.780934 15.364602 3.672880 -2.525172 16.004417 3.884808 -23.920284 -3.405282 -8.448098 6.737516 29.209700 -1.460095 7.342534 29.516727 -0.868983 7.588148 29.052376 -1.292270 22.200472 9.290485 1.072462 22.655413 9.952493 1.219741 22.658142 8.994206 1.338419 23.731882 10.300286 12.430075 13.771732 7.913357 -0.235994 12.717403 8.467916 -0.156557 13.579481 9.024382 -0.313587 -26.360853 -10.364305 -10.276996 -26.424006 -9.440443 -10.369691 -26.503933 -9.284545 -10.892871 -23.047779 -22.873079 -11.182156 -23.624435 -21.735378 -10.823542 -23.525030 -21.666676 -11.357770 10.710737 23.951366 -2.381788 11.822992 23.933527 -1.963026 10.997144 22.983473 -2.349109 3.351649 13.362810 5.438189 15.731965 23.098850 11.872468 -17.544594 7.289815 -11.803577 15.197982 24.666071 -0.876654 15.265731 25.632998 -0.573355 15.871189 24.703178 -0.577757 -5.688385 27.184271 -3.770877 -21.369690 11.002856 -10.204380 -21.400961 11.655390 -9.572327 -20.563082 11.376327 -10.541866 -21.510370 7.823441 -11.691462 -21.009684 8.493031 -11.662868 -20.496946 7.725914 -12.066215 -24.599545 -19.074568 -11.454391 -24.991869 -18.261847 -11.274383 -19.965811 -27.461742 -9.153169 -20.628393 -26.871908 -9.521033 -20.037415 -27.873816 -9.567248 11.722802 17.988588 11.517211 12.280982 18.518845 11.919717 11.209178 19.149254 11.337951 -0.599503 13.002759 3.357965 -1.895535 13.258097 3.068868 -1.029892 12.726688 2.904604 19.277555 27.956539 6.273859 20.218676 28.033327 7.024095 
						14.413088 1.302381 8.079208 14.064631 1.537723 7.202342 14.518591 1.075291 7.344014 17.668406 24.594507 11.082246 17.630131 23.584972 10.620532 19.336391 25.046198 1.439592 18.884384 25.426115 1.321901 12.393235 18.492428 -1.432712 11.582712 18.417315 -1.653244 11.546972 19.365660 -1.694590 10.206884 24.070024 10.489342 8.957387 24.290783 9.890079 9.325395 23.353817 10.206233 11.884763 31.217386 4.168197 12.782332 31.058680 4.568193 12.617053 30.992102 3.525054 -17.490511 10.566319 -11.697191 -16.938917 11.496502 -11.611448 -9.508966 25.553749 -2.768097 -10.345408 24.884756 -2.768993 -9.650284 25.059988 -2.081815 21.374371 25.997566 9.659028 21.500311 25.751593 9.324965 9.387870 21.135656 -2.395918 8.313960 21.928432 -2.789095 18.192381 25.665630 11.200352 -24.751675 0.731392 -8.743676 -25.163523 1.781665 -9.429443 -25.260811 1.106258 -9.598411 14.657296 3.168807 2.290608 13.611272 3.496166 2.198134 8.526702 12.340679 8.178899 8.414464 13.298054 8.448199 7.613305 13.207180 7.801458 19.430622 19.845886 -0.041811 19.825422 20.786724 0.733931 19.902922 19.633371 0.342731 -17.821795 -27.006369 -8.555593 -18.853540 -26.194506 -8.500175 -18.439226 -27.371157 -8.548589 16.401085 6.531650 -0.479368 17.400406 7.271358 -0.415987 17.188135 6.153835 -0.392324 0.194483 17.160778 -6.124243 0.584927 17.834240 -5.766983 1.072109 17.251524 -5.852704 3.232628 10.929591 2.947277 3.472922 11.088161 3.567410 3.005077 11.591681 3.838417 -23.820261 -13.209750 -8.529238 -23.912220 -12.186204 -8.592980 -16.055321 -31.446320 -9.382888 -0.766412 18.005371 -5.995285 -1.748932 17.775606 -6.290668 -1.591146 18.224951 -6.160299 14.777295 2.430295 2.836133 13.814983 2.963981 2.761635 13.462711 17.202082 12.428569 13.346404 17.980476 12.325383 12.717555 17.643934 11.988538 -4.742324 17.975069 -7.435599 -5.135246 18.516171 -7.874859 -4.364441 18.692518 -7.528949 12.912032 28.063986 -0.218811 
						12.432093 28.934107 0.144332 13.568589 28.211596 0.228608 -26.068918 -6.182263 -12.414960 -26.476107 -5.918093 -11.326821 -26.356853 -5.202573 -11.675241 -13.667592 1.770730 -9.388365 -13.718020 1.224818 -8.960205 -14.086240 1.113767 -9.556376 -9.913522 5.771622 -4.811520 -9.282432 6.454296 -4.465932 -9.477671 6.321012 -4.082977 13.975042 16.528704 12.640014 13.480905 15.681424 12.235386 0.413710 15.717032 -6.024020 14.518779 17.895054 -1.280002 13.803495 18.285519 -1.277736 13.681406 25.196392 11.277882 12.712304 25.446840 11.009899 12.519517 24.519060 11.022345 17.839754 7.031799 -0.395979 -26.311028 -2.894982 -11.067938 -26.414154 -4.295878 -11.218071 13.650946 5.760665 0.334068 13.331510 7.082621 -0.041223 13.939617 6.830702 -0.066143 19.941586 21.425045 3.718016 19.824217 22.144428 3.027486 1.805746 30.302635 3.024633 0.775244 26.060930 5.400415 -0.093815 25.513580 5.067654 0.714947 25.333000 5.542672 -13.141805 22.646212 -4.034066 -18.737837 3.679834 -11.784531 -17.660330 3.749909 -11.908921 -15.932057 19.011259 -4.124651 -15.400220 19.765722 -4.034449 24.887007 13.518306 5.534958 -2.483767 27.366045 -4.370398 -2.659226 28.048044 -3.532394 -1.763508 28.006750 -3.664353 -16.242455 19.640644 -6.531482 -15.424198 20.425272 -6.574606 15.299598 19.938049 -1.449107 14.833288 20.572926 -1.559142 4.447447 20.420099 -4.155702 5.706809 20.424303 -3.594604 5.493713 20.172140 -3.679690 -13.770059 20.529602 -2.546949 8.334641 24.517412 -3.077515 8.944924 24.683054 -2.830280 8.543223 23.766462 -2.910327 -25.276564 -8.523729 -9.319940 -26.011745 -9.356958 -9.763177 -15.993165 4.445910 -11.592198 -14.941266 4.704456 -11.258588 15.832039 25.648575 11.546819 15.626233 25.154678 11.641526 16.696234 25.534012 11.696849 26.454985 12.031232 9.470048 26.268167 11.773975 8.479565 -19.973063 12.844383 -5.813972 -19.236532 13.627503 -5.279722 -15.725186 16.107710 -10.222120 17.204878 24.948473 11.529534 
						9.182311 5.451207 4.133928 8.667767 5.978386 3.417836 9.182066 5.316564 2.874805 -16.977201 -6.259600 -9.322935 -17.193968 -7.065121 -8.681508 -22.178589 -5.836625 -12.837314 -21.919868 -4.979076 -12.898475 13.390492 20.931164 -1.728067 14.070084 21.763407 -1.691098 14.026258 20.346842 -1.626576 -8.174871 8.838883 -7.984967 -8.200548 8.089511 -7.211391 -8.832528 8.061582 -8.011096 3.203665 16.497871 -5.044302 3.027364 17.520041 -4.903599 3.704571 17.269630 -4.737583 16.377195 24.520151 11.734317 15.933089 23.909304 11.846641 -0.917627 29.436356 2.117118 -1.089135 29.604280 1.662487 -1.900788 28.857576 1.952346 18.579987 0.374593 9.113356 18.397270 -0.061922 8.503821 19.317457 -0.033673 8.161683 22.319025 7.866396 0.957617 21.806047 8.758127 0.820278 22.342464 8.523166 1.029588 -7.667392 15.047484 -8.279027 -8.032191 15.060514 -8.435059 -7.508710 8.610114 -7.062737 -7.888035 7.700800 -6.249230 -26.165001 -13.153714 -11.680418 -8.688633 15.578678 -0.353853 -8.309417 15.440682 0.039177 -7.671321 16.327847 0.160940 -8.845349 25.854380 -2.340817 10.573560 30.516640 1.186297 10.947024 30.768589 1.812344 16.339252 10.680866 12.166842 2.960839 30.750164 2.725476 3.686298 30.928015 2.245719 -14.838060 10.798659 -11.050559 -15.093799 11.830420 -11.164865 -14.313001 11.418882 -10.885634 -5.934831 26.391296 -4.925991 -6.071394 26.675282 -4.460728 -5.051733 26.842991 -4.610394 -15.399333 9.674729 -3.895966 -15.617572 9.668159 -4.066097 -15.905498 8.854291 -4.141330 -19.013016 -12.445789 -8.208981 -19.384445 -12.596748 -7.866508 -19.266912 -13.135079 -8.037597 -14.431103 -0.173103 -8.188924 -14.848689 -0.976577 -8.530394 -14.618711 -0.415540 -8.707066 -20.129629 14.224547 -7.285669 20.419970 18.364826 1.842430 20.058096 19.297701 2.470623 20.345263 18.429953 2.370237 26.117174 11.707074 10.326259 25.405476 11.110423 10.965743 21.209730 27.105989 9.791213 20.701332 27.050446 10.123050 
						14.244520 15.817416 -1.021567 14.286991 16.936914 -1.115815 15.232233 16.706400 -1.080064 17.360579 15.558469 12.173278 16.452621 16.257433 12.694341 17.231941 15.363264 12.440318 -19.749250 -23.848461 -11.741076 -20.877258 -23.499372 -11.985194 -20.099873 -22.896677 -11.944892 3.223283 20.103386 -4.549298 2.363373 19.530678 -4.811759 1.965731 20.174471 -5.043952 18.071989 17.470873 -1.151096 17.199070 17.506115 -1.291147 17.406063 18.035501 -1.295995 -11.586267 22.072796 -1.262237 -11.473663 21.524729 -0.974570 -10.886748 22.273788 -0.736183 17.942930 10.366685 -0.106992 17.901003 11.594733 0.033741 18.786652 10.880445 0.257573 -12.240011 6.458771 -10.136939 -13.017509 5.777647 -10.485908 -12.926904 6.970579 -10.570797 22.876825 10.757442 1.341937 22.199389 11.559345 1.189964 22.792538 11.825268 1.490577 16.821857 10.966871 12.464957 16.329138 11.936802 12.363376 9.392819 17.530699 9.110381 9.573350 18.460234 9.633685 -8.969975 21.047159 -8.471227 -16.330786 9.037735 -4.466368 -17.217184 9.279927 -4.662625 23.570415 6.076482 7.627580 23.980185 7.123763 8.140032 23.539371 6.647339 8.536056 11.730930 3.469055 2.656258 11.011373 3.478729 3.085190 11.254157 3.705660 2.352672 19.972149 15.151794 -0.627888 19.428793 15.944201 -0.781083 20.429409 16.061367 -0.318950 -19.125513 -1.596022 -12.453508 -18.152267 -1.446370 -12.201425 -22.625429 -10.603454 -7.466808 -17.544083 8.195289 -5.086576 2.352064 13.107144 -3.945070 1.826629 12.539021 -3.589972 15.552401 28.694407 9.431956 15.850579 27.835123 10.226623 16.200964 28.351677 9.962228 23.113167 6.685729 9.448581 23.486280 7.229014 9.465991 22.593130 16.119894 8.495388 22.986437 15.655030 8.774365 23.035067 15.863324 8.336477 -18.300508 8.433219 -5.125733 -19.066643 8.760456 -5.219491 -19.227388 7.840552 -5.439066 -18.587160 -10.587174 -8.069934 -18.751223 -9.923692 -7.692102 -19.218575 -10.913063 -7.636714 -25.416649 -10.714298 -9.570485 
						-25.441504 -9.510373 -9.488082 -26.057659 -10.530245 -9.845999 -22.338345 5.658109 -12.010280 14.453313 26.673767 -0.351663 14.995510 26.989824 0.055065 15.312919 26.579147 -0.104022 21.358023 3.041601 0.260209 21.291780 2.179646 1.159586 20.631861 2.363246 0.644442 -25.763262 -11.842637 -9.780539 -25.981981 -11.290135 -9.854145 -25.901731 -12.317875 -9.952152 22.006725 25.840971 7.431081 21.753532 26.262981 6.585195 21.961145 26.391680 7.165394 -8.063407 7.571156 -3.592822 19.127676 27.139965 3.806864 18.701612 26.800165 2.906808 18.369568 27.512213 3.528159 16.236197 4.430704 -0.368063 -19.084898 -28.949890 -10.081266 -19.685369 -28.144041 -10.369196 10.630731 4.831402 5.754758 9.967942 5.472630 6.419875 9.937399 5.309507 5.183647 20.188234 3.333525 -0.251043 19.314886 3.986446 -0.626817 20.059917 3.854115 -0.434419 14.095922 7.898476 11.535321 14.359355 8.347393 11.589712 13.970609 8.786945 11.218349 -5.277217 23.856201 -6.960775 -5.935169 24.533930 -6.621964 -5.214928 24.803221 -6.465525 15.894368 29.779915 5.618787 15.316017 30.051216 5.963250 -9.642694 25.493645 -3.179294 -9.500042 25.592300 -3.153101 -9.193238 25.713480 -3.743095 -19.118580 3.621918 -11.892880 -19.698626 2.804937 -12.064353 -19.792837 3.911092 -12.226965 -20.084431 8.936736 -11.815589 -20.348440 9.983421 -11.338760 -19.613194 9.853108 -11.647417 8.307809 29.648975 -0.260696 8.277968 30.400997 0.591251 9.144229 30.065817 0.509183 17.388063 12.292244 -0.079070 18.377871 11.918901 0.108625 -16.747316 18.806973 -7.166776 -16.991026 18.751135 -6.663242 10.688671 31.299673 3.570092 10.966783 31.272682 4.415829 16.231955 3.461694 0.356516 15.882822 3.822962 0.169921 -6.367723 22.686310 -7.646948 -6.803476 23.073622 -7.450500 -6.159518 23.687805 -7.111907 17.647057 0.223607 8.962347 24.149643 9.135150 2.760576 24.031996 8.366656 3.077918 23.705475 8.699283 2.455072 -14.564302 2.280443 -10.698380 
						-14.758811 1.102790 -10.427272 -15.097386 1.156661 -10.750821 -15.015649 19.850574 -7.646140 -15.308515 18.875221 -8.417696 11.464065 20.532709 -1.870468 12.296648 19.948891 -1.663408 8.428661 12.080116 -1.660078 7.453142 11.604527 -1.400230 7.722516 12.326814 -1.903319 -14.951522 4.357212 -3.484547 -15.298642 3.842511 -3.530534 -16.760061 -3.419501 -10.809315 -16.194639 -2.752338 -10.240433 -16.622068 -3.839478 -10.414160 20.620411 0.962062 9.515864 19.947788 0.961083 10.168123 0.275312 18.565439 -5.491069 1.107426 18.684387 -5.170735 -0.785154 27.240471 4.127657 0.037539 27.269670 4.607046 -26.352449 -6.212400 -10.118750 1.583457 27.798489 5.259320 1.967854 27.383852 5.657501 2.303123 28.553408 5.235795 4.784085 24.715984 -4.408906 4.115893 24.645426 -4.636719 4.669376 25.268351 -4.389806 -24.295105 -8.828351 -9.336864 -24.361713 -9.895027 -9.418843 -24.029259 -9.880475 -9.334464 -19.285294 14.953476 -8.569925 -18.687519 15.955584 -8.193133 25.358097 13.530254 7.493167 25.918497 12.799479 7.977018 25.593063 12.982191 7.081736 -12.585052 10.573367 -10.211844 -11.787034 11.505382 -9.903121 -11.409316 10.734712 -10.069331 22.152763 3.061674 0.777259 22.348597 4.090594 0.808396 22.748491 3.489727 1.361484 21.556866 27.512030 5.785154 21.684546 27.335825 6.854924 21.774378 27.259703 6.131586 11.629650 7.874089 0.097835 11.023082 6.994232 0.490034 18.025894 15.105393 11.732341 -18.598928 -25.117962 -8.564008 -22.707720 -10.046912 -13.028548 -23.264830 -9.461943 -12.684484 -22.653292 -9.316138 -12.964011 -19.433058 -27.555708 -8.828071 14.054538 15.286053 -1.070835 15.060594 14.679309 -0.721400 14.253774 14.395823 -1.078313 -16.064926 -29.063969 -9.836050 -16.518368 -29.945026 -9.945745 -17.143644 -28.830507 -10.232785 12.727902 12.338459 10.396271 12.611927 10.361398 10.328521 9.272264 16.287727 -2.895622 8.743679 15.408230 -2.909311 17.059309 18.628410 10.165208 17.035954 18.316332 10.302661 
						17.477419 18.555084 9.681209 -11.180223 15.613340 -9.948142 -10.939449 15.336597 -9.861147 -11.887622 14.607010 -10.237546 -16.995211 -27.974066 -8.688257 -16.429493 -28.033199 -8.971406 -16.385221 -27.569145 -9.008894 -6.818312 24.641083 -6.459179 -5.549576 25.091684 -6.257218 -15.657832 9.979801 -4.055748 3.446661 28.559116 -2.890406 2.790258 29.060009 -2.353992 3.827196 29.208290 -2.074720 -11.268501 18.632412 -9.525977 22.764883 2.610925 1.904811 -16.447823 7.923449 -4.408762 10.482865 26.479343 -1.992533 10.812991 25.701654 -2.104496 -3.127921 11.351501 0.867973 -3.740700 11.014012 0.428342 -2.949775 11.045241 0.158081 17.291348 21.856958 10.221376 18.727081 16.631348 -0.885633 19.402472 16.395777 -0.714674 -20.941824 -8.867750 -12.878458 -20.986073 -10.241845 -12.857581 21.489950 8.907306 12.630834 20.626268 8.730279 12.616139 11.872694 12.085245 10.043654 12.281926 12.627865 10.167374 11.093501 12.817406 9.724084 -23.883924 -14.877823 -12.449106 -4.498849 27.746576 0.927020 -3.714612 27.951319 1.492458 8.089283 23.205410 -3.020172 7.912835 22.327379 -3.095503 7.423705 22.829172 -3.484630 21.272749 15.125429 0.208813 21.386333 15.793844 0.607542 20.958530 18.308361 7.954218 20.998198 17.910255 8.158365 21.510347 17.522224 7.976360 -19.070728 -23.459568 -8.489083 -19.452047 -23.493658 -8.368646 -19.233522 -24.449587 -8.442302 20.476654 22.680138 5.376700 20.355427 21.936869 5.150334 -2.178384 11.191151 -4.460214 -2.634529 11.609848 -5.341320 -3.295944 28.956793 -0.983361 -4.405266 28.518845 -0.812619 -3.764937 28.761553 -0.157569 17.662037 3.388205 12.549874 7.838588 26.537466 8.809428 8.714520 26.911430 9.109084 8.197633 27.511707 8.617968 9.954332 4.931800 4.614978 9.638933 5.491503 4.820061 -16.479399 9.945518 -4.267164 -23.805973 -8.564837 -9.120104 -23.824459 -9.627809 -9.176909 -23.683331 -8.891233 -8.927175 2.712396 29.963348 -1.121861 2.957137 29.632383 -1.661169 
						-10.102949 5.761952 -4.225370 -10.999675 5.126118 -4.211050 -10.553052 5.213986 -4.734124 -6.582620 8.669511 -4.290639 -7.038458 8.347146 -3.229828 -7.224151 8.190558 -4.198063 -16.018900 7.241168 -11.166169 -10.459816 19.331547 -9.223642 -9.770547 18.921129 -9.212574 -0.026268 28.485600 3.675665 0.393911 29.182455 3.376210 -0.620508 28.949034 2.898699 -10.740990 4.970219 -5.333748 -11.309934 4.327915 -5.603936 -10.793489 4.896320 -6.320515 12.767774 26.562626 -1.145722 12.528050 27.012934 -1.045299 13.208538 27.527308 -0.507769 18.058762 -0.387791 7.543007 17.873432 -0.269827 8.082584 17.353378 -0.310390 7.702447 -25.616739 -5.818367 -9.226357 -25.855188 -6.382009 -9.433693 -25.607897 -6.763460 -9.289556 -23.752853 -10.106421 -12.667952 24.461105 8.018152 3.860182 23.931551 7.957487 3.102794 1.377509 30.244959 -0.320711 2.047693 30.570286 0.517027 2.539961 30.539251 0.240861 9.349996 17.146708 8.973172 8.364297 17.342169 8.297353 13.105388 19.314331 -1.420468 14.170287 19.754499 -1.540760 14.474298 18.787003 -1.418132 -18.029922 9.732447 -4.751966 4.012416 30.611237 3.983257 3.308386 30.711899 3.184882 3.654393 30.367895 4.059470 15.271597 10.003631 11.424125 14.160731 9.707238 11.035445 15.614029 9.514925 11.564942 7.098847 14.347241 7.815562 6.221998 13.874063 7.251739 -9.770000 22.450796 -7.467236 2.846548 27.651808 6.065161 10.090466 11.270101 8.895852 9.506300 12.047297 8.766560 8.993753 11.474355 8.187840 -24.655607 1.795325 -8.735430 -24.168081 1.326125 -8.246460 -17.502666 -29.252117 -8.627053 -18.241863 -28.364321 -8.650644 -22.496370 -2.491568 -8.239198 -22.064928 -2.165326 -8.061720 6.700552 11.180576 -1.103414 6.210586 11.628514 -1.548565 16.998953 10.865048 -0.275468 15.817889 11.433968 -0.675410 16.938755 11.894220 -0.216785 21.466568 15.469093 9.403588 22.215176 14.785877 9.814292 4.537066 22.114048 -4.438080 3.818882 22.272705 -4.709265 
						5.016049 22.594067 -4.369157 20.490938 2.900176 0.126110 -23.002815 -3.427159 -12.733240 -22.358789 -3.161615 -12.508053 26.001064 10.069991 4.384893 25.446089 9.395398 4.196934 25.775295 10.142554 3.894234 -18.610809 -9.897077 -11.351707 -18.818121 -10.254287 -11.488531 0.088411 26.518339 -4.919328 0.606636 27.130219 -4.433660 1.066030 26.616709 -4.742272 -5.204128 25.344452 2.033662 15.530071 3.993960 0.566137 16.372793 3.163565 1.062523 25.894535 12.131093 6.648896 26.065327 12.076211 7.459808 26.117811 11.686377 6.711374 -15.225760 -1.668864 -7.898211 -15.290359 -2.064330 -8.569931 -16.964846 4.879939 -3.985729 -17.705473 4.580297 -4.438799 -17.478758 3.999706 -4.306398 13.470791 2.457434 4.070900 12.538339 2.840801 4.416938 12.330764 2.977841 4.013599 14.843620 14.951021 12.625100 14.796268 14.171772 12.507527 -5.886342 16.340666 -7.668560 -5.544599 16.118986 -7.630484 8.806154 30.702795 6.604215 7.863767 30.315525 6.732642 -18.000481 10.740677 -4.536717 -18.595505 10.553514 -4.818655 -2.267189 18.708765 3.133177 -2.627671 17.626455 3.400492 -1.601371 17.951862 3.847372 -22.353378 -4.569963 -7.344621 -8.540863 7.345716 -6.945717 -19.729946 -4.748998 -12.625972 -19.740538 -3.848718 -12.646222 -19.288664 -4.171464 -12.488011 9.337564 27.015083 -2.175737 8.699277 27.585459 -2.017254 9.117898 27.898531 -1.689140 23.401924 4.761726 4.782095 23.355425 4.489609 5.622340 23.229303 3.810319 5.278587 -21.917982 -2.053388 -12.413398 -23.007689 -2.480704 -12.759218 -9.394029 25.661371 -2.980741 -9.000418 25.908691 -2.736460 -23.973991 -7.728193 -9.164140 -16.915594 17.443821 -8.586828 -17.713326 17.213287 -7.987384 -0.219642 13.330744 3.783974 0.650177 13.667233 4.404049 -21.636110 1.849258 -7.189815 19.718803 15.421870 10.085343 18.738943 15.019254 10.979195 19.575125 14.395560 10.966618 7.089964 10.847916 -0.783397 8.317836 10.941792 -0.964762 16.136684 22.287907 11.593429 
						15.679811 22.034868 11.958646 15.927737 21.128143 11.706139 16.889984 16.593849 -1.140487 16.093697 15.745004 -0.887002 15.750549 16.621962 -1.094870 22.524319 7.830965 11.362026 7.320395 7.376450 3.015828 7.775421 7.057045 3.847487 15.640471 2.708162 2.584507 15.577736 2.146755 2.825159 -2.402586 11.025627 -2.023183 -1.423545 11.299760 -2.706065 -1.510464 11.274745 -1.551403 -7.548047 14.862541 1.269614 -6.777244 15.022404 1.796965 -6.973059 15.339292 1.549908 2.730581 10.787745 1.619165 1.906738 10.962871 0.881011 2.963211 10.737055 0.768725 -9.787812 24.433489 -1.233291 11.645175 31.238638 4.928366 10.760289 31.253092 5.568649 11.268687 31.197887 5.543380 -17.022774 10.449572 -4.307990 20.842266 19.190413 7.396251 20.591114 19.207552 7.833579 -18.613815 -19.564547 -9.472467 -18.885986 -20.395603 -9.013138 -18.425804 -20.175737 -9.633554 -21.796295 -1.641233 -7.898049 14.026935 10.313436 10.922691 13.708658 11.507541 10.767536 -23.904358 -5.012497 -8.723345 -24.782631 -5.549316 -8.851915 -24.245380 -5.625375 -8.805314 26.067957 9.463980 7.376346 26.071003 9.645301 7.749242 25.672516 9.042812 7.603909 23.453770 14.190729 4.085316 23.827841 14.299929 5.036834 23.955215 13.503068 3.991728 -24.460773 -17.055130 -12.229403 -24.828945 -17.435438 -12.009573 -24.988419 -16.577642 -12.165075 18.169603 6.020749 -0.432186 17.546598 5.368127 -0.517491 21.879667 10.446793 0.900464 16.731192 12.805127 -0.206295 15.692065 12.171013 -0.699579 17.094698 19.411371 10.108791 -25.265320 -6.085179 -12.819394 -25.690079 -6.060643 -12.699965 -25.133652 -5.008912 -12.761720 15.689324 1.014530 9.824818 16.077385 1.461769 10.544274 15.004438 1.771538 10.300525 -26.039274 -14.198705 -11.530000 9.334930 7.422828 7.361493 9.247230 8.455935 7.631231 8.822060 8.645050 7.247816 -3.275348 10.576423 -1.627012 -3.365521 10.694315 -0.722333 -4.224487 10.110046 -1.694097 -5.424415 27.978712 -1.842735 
						-5.640553 27.891228 -1.564871 -4.937779 28.283329 -1.371683 19.335917 6.353162 12.379863 19.936699 5.781273 12.192118 20.012457 6.994496 12.390441 14.518992 22.560501 -1.526583 14.617373 23.296129 -1.302997 21.639790 0.999578 7.758329 21.511728 0.656931 7.266783 22.018570 1.034271 6.765488 15.048517 3.029199 11.394842 2.940698 20.942820 -4.796744 1.969737 21.277138 -5.274455 2.500870 21.905088 -5.191216 18.366415 6.104920 12.442939 18.213631 4.825778 12.506742 18.873920 5.474644 12.448137 -23.336636 7.254558 -8.246094 -23.409046 6.332118 -8.049668 -22.919495 7.263213 -7.727218 8.893195 5.976890 4.485725 8.720366 6.422944 5.232144 8.338276 6.507074 4.485749 -11.864478 12.661988 -1.780215 -11.182252 13.246422 -1.346432 -11.360131 13.646654 -1.778480 7.966508 13.410548 -2.507902 8.316823 12.716609 -2.045757 7.348297 12.659002 -2.240520 -23.715586 -1.993914 -12.815796 -24.598423 -2.353576 -12.688837 -24.250593 -1.375263 -12.664819 18.088282 22.384518 -0.047519 18.188715 23.324621 0.130314 18.462114 22.619658 0.170529 -9.282432 6.454296 -4.465932 -9.303231 6.512102 -5.498955 7.825424 31.477671 3.820835 16.314135 20.239283 11.141839 15.923458 20.218224 11.947835 16.219006 19.295895 11.443767 -18.886105 15.482935 -5.885416 19.522093 16.225906 9.664864 18.582010 15.685872 10.516616 18.442747 28.075367 8.078704 -10.193305 10.341912 -0.582524 -11.060410 9.999553 -0.965598 -10.662550 9.152555 -1.116709 -20.020458 8.290234 -12.004123 14.280780 17.710751 12.811095 14.180560 18.792130 12.694598 -23.929443 5.241534 -8.478580 -23.808155 6.692775 -8.859059 21.436045 17.428047 5.212102 21.450180 17.809534 5.887499 -18.628336 -14.486262 -9.557261 -18.756531 -14.752779 -9.115180 -18.666435 -15.482958 -9.671020 -19.220730 -9.977213 -7.421987 10.101392 29.283382 8.351213 10.675831 29.178144 8.626215 10.679747 30.188942 7.865509 -6.618286 9.729174 -7.169601 -6.861784 9.036969 -6.857794 
						23.765135 13.347116 3.162478 24.124748 12.846921 3.085417 -10.612712 11.493163 -9.851722 -11.123741 12.266208 -9.561127 -9.925227 12.439183 -9.462092 -24.086658 -13.240988 -9.300061 -24.373924 -13.392631 -9.596563 4.586135 15.382045 6.907502 4.112781 16.067932 6.798980 3.711940 15.374548 6.527573 13.262965 30.340693 2.227851 14.172871 26.845858 10.712129 14.515599 26.145821 11.076013 15.263715 26.574318 11.037837 11.663095 26.372089 -1.678973 3.791039 30.084009 4.720597 3.629927 29.806438 4.961557 4.419063 29.664423 5.546006 15.517236 6.117118 12.133485 15.035829 5.890415 11.993840 16.091827 5.851504 12.247334 24.558638 12.172022 11.233069 25.398752 12.533036 10.580488 24.535002 12.506205 10.957089 -22.190758 8.737845 -7.274042 -22.838345 8.329059 -7.980825 -22.498417 7.760972 -7.384203 -14.689378 10.035275 -3.277052 -15.227695 9.001355 -3.301623 2.807420 28.373199 -3.159976 13.403916 2.008397 7.130227 13.355620 1.976717 8.058850 12.802095 2.229280 8.053226 -3.522275 28.493519 0.907258 -2.886223 28.654293 1.303002 -6.266150 8.916034 -5.555148 -7.216588 8.133943 -5.284580 -0.577131 18.564064 -5.809017 0.276406 18.945988 -5.431554 13.329177 2.357072 5.002472 16.542351 21.055420 10.806183 11.576131 16.654915 11.062322 11.096852 16.209681 10.291955 -21.393150 -6.274775 -12.975684 -21.345526 -5.698452 -12.942865 -20.222992 -6.007363 -12.662188 -21.389477 -10.842907 -12.936577 -21.492006 -10.155414 -12.993155 -5.866342 27.717028 -2.288719 -20.366253 1.617389 -6.977662 -19.887104 2.546976 -6.755507 6.994997 18.874193 -3.229681 6.279635 19.575508 -3.326332 6.990344 19.757137 -2.956898 -2.486217 12.806337 2.586212 -3.132057 12.512221 2.128002 -24.408491 4.878354 -10.824365 -24.171577 5.932086 -10.501462 -23.896126 5.375617 -11.215522 -16.006437 19.281158 -4.476940 -16.379158 18.602911 -4.452793 16.507877 26.836916 11.170070 17.224537 26.841112 11.373984 17.087292 27.730303 10.700305 
						-19.667274 -5.878968 -12.500811 -20.391975 -4.981656 -12.743207 -0.722257 26.451065 4.473781 -1.398052 26.612169 4.045876 17.500547 10.157536 -0.244340 12.272054 4.696457 10.058167 12.063655 5.106439 9.971234 11.626199 5.309923 9.465696 18.113636 12.267657 13.013321 17.144529 11.970948 12.633101 17.752064 11.134814 12.754925 -10.829861 23.333578 -6.204613 -10.209909 6.032830 -3.642000 11.479682 28.774712 8.864585 11.264194 28.263172 9.132812 12.336355 28.497393 9.405809 15.585181 0.788288 5.377919 16.400908 0.547647 5.216680 -22.686712 -10.997017 -13.079788 -22.327501 -10.651695 -13.119555 -19.837269 -22.166893 -11.937351 -19.335751 -21.874285 -11.777994 -19.402037 -22.989208 -11.721692 12.081710 16.812727 11.539775 11.383924 17.518993 11.129579 20.143429 20.006929 0.974340 4.362587 17.727747 6.598872 5.513268 17.870913 6.881408 5.215740 18.548515 6.495009 -23.409283 4.160555 -12.000278 -24.021566 4.817364 -11.337029 -23.298109 5.267901 -11.670630 -4.476271 10.949653 -6.213211 -5.017583 10.107769 -5.926111 -5.363909 10.694221 -6.922100 14.823930 6.638681 11.878802 15.065763 7.021023 11.932475 20.696882 13.571548 -0.142693 20.090469 14.508270 -0.555101 20.464048 14.696606 -0.427005 -10.176100 5.660870 -7.248078 -9.815258 5.904280 -6.672752 -20.752066 2.383913 -12.389682 -20.091722 2.062414 -12.114111 -21.112570 1.523664 -12.396105 18.204330 20.386959 -0.545781 17.730339 21.342560 -0.456032 18.572525 21.062843 -0.206636 -22.463076 6.988894 -7.222204 15.280438 29.676260 8.052612 15.352902 30.003288 6.967700 -17.614773 -2.923663 -5.940701 -18.467585 -2.866840 -5.612419 9.752894 23.118597 -2.668406 9.187643 23.605469 -2.746857 9.935553 24.102470 -2.608043 15.109313 13.127191 12.393476 14.539944 13.504037 12.105542 -20.135468 -24.594263 -8.498632 -19.970167 -25.593430 -8.588252 -19.109694 -25.285889 -8.464724 19.983978 24.477827 3.031759 20.136301 23.869703 3.514348 12.038323 26.128237 -1.601493 
						11.981286 25.391666 -1.715560 -23.076025 -20.240877 -12.358747 -22.855520 -20.121210 -12.475459 -22.744432 -20.830635 -12.320286 -22.004164 7.843018 -6.922616 -23.605316 -15.769177 -12.514835 -23.123356 -16.197525 -12.871285 21.070372 27.631660 5.453275 21.137423 27.820889 6.047132 21.635860 26.098274 8.957595 21.665895 26.193588 8.341322 -16.625711 3.699697 -3.885568 -16.018368 3.318648 -3.789525 -24.928328 -8.750924 -9.285954 -24.668175 -7.687960 -9.130857 -18.260715 -7.759421 -7.375975 -18.782215 -6.804613 -6.719452 -19.121578 -7.702916 -6.896908 -5.731169 10.832040 -7.319809 -5.841417 9.880877 -6.522119 25.123890 13.507258 6.431914 25.398401 12.726559 5.941373 17.108192 22.114706 -0.472501 17.066681 23.083349 -0.325741 7.462907 8.035697 1.507620 7.800992 8.320411 1.089907 8.051830 7.605463 1.519072 -20.679529 -14.908628 -7.586120 -20.216732 -14.649965 -7.744576 -19.874928 -2.546075 -5.759941 -20.031689 -1.450785 -5.788869 -20.639175 -2.156500 -6.166133 5.311353 28.807396 6.738544 10.981091 26.951065 -1.638477 -13.928313 7.625624 -2.485446 -13.279016 7.727675 -2.262918 -25.726652 -15.827165 -10.784530 -25.865896 -15.328527 -10.893518 -23.481377 -6.679478 -8.919984 -23.351871 -7.113277 -8.675027 -23.236290 -6.378892 -8.677917 -17.097836 -2.332613 -5.911675 -17.886145 -2.042547 -5.471937 20.139315 9.071327 12.702910 19.792698 7.802803 12.535678 -18.645927 3.502195 -5.103614 -8.144732 23.981304 0.500163 -7.260647 24.249250 1.067389 1.149662 14.391068 5.007349 0.256735 15.008911 4.922328 18.471552 4.044200 -0.563914 17.736586 4.342952 -0.474325 9.559249 5.627511 4.969681 -14.828485 19.883760 -3.318139 -14.449476 19.621746 -2.806696 22.058485 1.885921 1.976283 22.531990 1.902884 2.734270 21.971157 1.575615 2.976243 -15.274621 20.581707 -4.942072 -14.736812 20.792086 -4.153924 13.868854 27.383995 -0.236040 14.626514 27.795321 0.396392 -18.715590 -13.779439 -10.702131 -18.493694 -13.377797 -10.174314 
						-18.685549 -14.278819 -10.538572 -17.678909 -6.632854 -7.493015 -2.644953 12.123974 1.848332 -3.836885 12.347739 1.807985 -17.997330 -8.117716 -10.855121 -17.636209 -7.277022 -10.571208 -17.614916 -7.652966 -10.268676 -16.747765 -5.108807 -7.889698 -16.526848 -5.123862 -8.988690 22.792625 2.695015 6.314138 22.514051 3.000649 7.501390 22.489340 2.125199 6.552505 -13.484347 14.985991 -10.648554 -16.095942 12.639169 -11.231728 -15.170391 12.571070 -11.137078 -15.943934 11.745649 -11.386662 16.695740 28.163050 10.321340 -20.518169 -24.886650 -8.650802 -20.742842 -25.347557 -8.870005 -24.422514 0.334273 -8.437146 16.224915 0.182084 8.565941 15.858430 0.593978 9.124379 15.931210 0.214331 8.224317 -7.714181 14.195508 1.222816 -6.832423 13.880122 1.692461 -22.283148 -20.892864 -12.406054 -3.536155 15.335559 -7.507708 -2.732280 15.414816 -7.231261 -3.142712 14.246290 -7.271683 -24.764706 -13.208632 -9.735853 -24.215372 -14.273092 -9.562261 9.342753 10.832203 8.259788 9.496449 10.054188 8.184350 10.188767 10.651827 8.778039 19.515102 4.590783 12.215289 -2.418002 12.785816 -6.315184 -2.775059 11.966021 -5.919656 -2.974759 12.543247 -6.489095 -6.730626 8.594730 -4.799919 14.781526 15.606832 -0.893834 -22.773861 -20.371864 -9.436211 -23.346989 -21.160042 -10.018839 -22.286898 -0.788576 -12.649562 -22.869930 -1.549750 -12.747738 -19.809540 1.779582 -5.900460 -20.293192 1.092595 -6.320283 21.374487 27.532133 7.932318 21.783781 27.138790 7.677613 21.283209 27.689262 6.899102 1.428166 22.864979 -5.601444 -17.621283 -30.363979 -9.020053 -16.584373 -30.922657 -8.776171 -17.147173 -30.173399 -8.726634 20.120945 21.794859 4.332699 -21.102907 7.765503 -6.226761 -21.641989 8.574664 -6.695942 0.031196 15.688032 5.088486 -23.823574 -6.800236 -9.042815 14.712583 1.478127 9.477647 14.445044 2.170366 10.333845 14.272809 1.719321 9.502629 -22.404604 -22.756117 -9.501583 -22.739782 -23.046364 -9.828053 -21.347288 -22.200499 -8.602759 
						-17.563032 -22.744392 -9.780725 -17.767250 -22.014038 -9.593736 -17.698271 -22.737183 -9.606956 23.223190 13.074822 10.855422 22.637333 12.976309 11.081232 23.454496 12.366559 11.530099 -3.829110 24.563169 3.225278 11.988719 3.474543 8.946074 12.423306 4.043573 9.762177 11.667243 4.577540 9.151030 18.225409 15.125631 -0.814515 18.070549 14.232425 -0.500885 15.844949 0.222760 7.690660 15.367614 0.465596 7.500265 -4.241838 25.640476 -5.864034 6.970755 18.133692 -3.393316 7.733576 18.811441 -2.861338 8.147178 17.751965 -3.030292 -25.472458 -13.204992 -9.865341 -7.372676 13.168792 -8.689085 -7.613713 12.399946 -8.730748 -7.975111 13.222032 -8.920469 -22.054558 -8.561528 -13.102222 -22.697212 -7.532965 -12.847242 -22.045183 -7.750294 -13.067905 -20.693657 9.814584 -6.000381 -20.910257 8.680605 -6.104138 -20.197334 9.323895 -5.661880 17.957182 1.717658 11.477002 17.827320 2.730576 12.269938 17.451775 2.055861 11.771226 -18.237505 -8.262760 -7.586288 -12.771375 14.956739 -10.544166 -12.043627 14.985064 -10.305011 -17.338505 -23.897615 -9.648504 -17.695345 -24.197096 -9.340606 -17.148867 -24.659458 -9.439008 14.032538 1.707058 6.008039 13.375596 2.100723 6.376164 13.998296 1.907474 5.194552 -20.877890 -22.362803 -12.177958 -22.006561 -16.962971 -12.910367 -21.499184 -16.041222 -12.846608 -24.841309 -17.549849 -10.188959 -25.488113 -16.642550 -10.816521 -25.275074 -17.423504 -11.058402 1.758962 17.991657 -5.375742 1.737806 19.073692 -5.026443 2.604247 18.306087 -4.956579 -21.219339 9.677127 -6.407575 15.963757 25.609131 -0.245812 15.229408 26.139795 -0.372090 9.460244 31.119934 2.126706 10.366352 31.244442 2.813742 10.397939 31.077782 2.201495 9.356807 25.889599 9.694799 8.302902 25.167868 9.402743 9.345038 25.117012 9.885324 19.038099 3.769589 -0.485801 14.231607 21.505335 12.264539 13.631452 20.887493 12.135472 -20.253330 -18.640627 -12.315205 -19.141043 -18.233915 -11.661377 -19.172909 -18.803768 -11.702575 
						12.549488 26.755886 10.537198 12.022665 27.625538 9.799014 11.593019 26.951693 10.145896 -9.704122 19.580780 -9.113724 -9.080292 20.127398 -8.895117 -19.044127 3.087752 -11.901685 25.168774 13.997546 8.813581 25.131903 14.017310 9.128842 25.824968 13.300935 9.138631 -1.549177 11.428729 -4.315097 -1.982625 11.174542 -4.134697 -21.160601 10.587451 -6.457584 22.948086 5.923959 8.928061 23.228022 5.409226 7.705310 9.284291 28.759241 8.394572 8.716676 28.005322 8.594584 9.782561 27.815336 9.174320 2.500751 27.322392 -4.053963 3.070841 27.854036 -3.561296 3.045319 26.880709 -4.179148 22.012796 16.922226 6.078078 21.995546 17.084347 6.791958 -12.777263 3.334987 -9.357677 -12.506373 2.950876 -8.401690 -13.131478 2.357045 -9.124242 9.499195 14.742411 8.972093 8.803854 14.756597 8.710847 -14.497098 8.818552 -10.886642 -14.001734 9.208987 -10.792176 -8.852977 11.263612 0.111291 -26.062740 -1.354254 -11.286241 -25.989265 -0.911187 -10.795422 -25.831499 -0.556980 -11.395503 -21.373650 -0.946992 -12.287221 -21.744486 -0.007335 -12.512979 -19.107721 4.014752 -6.421994 -18.959793 3.684453 -5.859121 -18.616804 4.531751 -6.068363 23.863085 11.655399 11.907500 24.205030 10.576364 12.155353 24.504099 11.693136 11.585000 -20.157902 8.257810 -5.653597 26.078697 11.791193 5.064877 25.705494 12.243206 6.052277 26.202978 11.529132 6.199949 -19.274530 -5.203161 -6.114011 -18.789282 -5.758517 -6.400688 -7.886140 24.639002 -6.246690 -8.300684 25.029827 -5.734954 -7.379667 25.193468 -5.893391 14.331302 20.531916 12.456254 14.758689 21.584074 12.366763 19.044937 28.114586 9.076606 18.336111 28.224018 9.490210 19.643194 28.179186 9.634875 15.702291 7.977850 11.896247 14.877049 8.104807 11.797263 -0.772036 12.844619 -5.338081 19.835964 20.437773 2.818244 6.328858 20.891775 -3.411208 5.786624 21.533909 -3.914724 6.293515 21.792028 -3.732679 -3.121406 11.199020 -5.115213 -3.437739 10.656433 -4.671586 
						-3.775439 10.601499 -5.309347 -8.831756 9.402579 -0.830467 -8.649356 10.253066 -0.314385 -9.268954 9.639456 -0.715606 7.233378 21.343708 -3.216327 -24.190193 -9.296435 -12.771178 -24.664919 -8.579956 -12.862250 -24.283829 -8.176019 -12.830633 19.383026 13.334407 12.285894 18.862543 20.081335 8.880929 18.716854 21.481916 9.208600 18.026829 20.487871 9.512997 5.724716 14.088318 -3.486190 4.608288 13.924402 -3.676128 4.680902 14.843023 -4.016944 -2.237707 25.579187 -5.696935 -1.894725 26.182346 -5.296593 -1.360475 25.431797 -5.748108 -18.604151 -16.662132 -10.796872 -18.386826 -17.894054 -10.731971 9.656350 5.773427 6.697381 9.707417 5.930034 7.142919 9.239489 6.661291 6.875459 10.573494 8.434693 8.892341 10.158915 7.958127 8.415942 5.359107 15.792720 -4.126587 4.355360 16.060574 -4.435490 -8.543767 12.200038 -9.146511 8.537330 14.056758 8.631696 18.495966 28.062868 8.670795 -16.325531 -28.299238 -9.959035 3.894324 30.725050 0.522318 3.203859 30.763222 0.934110 4.385689 30.847813 0.887266 23.508348 9.092155 11.873577 -8.063407 7.571156 -3.592822 -8.473473 7.463978 -3.095154 -8.590158 7.147058 -3.694870 17.780691 20.078167 9.617780 18.105236 19.234222 9.152391 18.462664 19.085941 8.995740 19.342451 19.059940 8.659317 15.341932 0.735228 8.510928 5.716700 14.668521 -3.723608 6.258103 15.564095 -3.786225 -17.575483 5.444228 -4.491586 -20.286671 10.690705 -5.747097 -25.174612 -16.788933 -10.270743 -17.063660 3.331507 -4.111491 -19.113871 -11.688535 -7.908173 -25.453672 -1.680771 -12.135612 -25.921913 -1.556967 -11.661142 -25.583925 -0.818703 -11.840833 -21.667612 -5.665798 -12.989255 21.631563 3.415483 0.247313 20.975679 3.471075 -0.059308 -19.387905 1.771067 -5.470449 -23.050203 -14.322186 -8.074188 21.264793 3.863454 -0.001293 -9.073083 7.319782 -7.707982 -9.451530 7.264179 -8.193939 14.987124 24.936930 11.615051 15.089518 24.286961 11.773839 -3.318539 26.155670 -5.434455 
						-16.736048 7.209579 -4.446869 -16.062401 7.938529 -3.796301 22.824623 12.178732 1.484426 22.017469 11.952337 1.078320 22.474428 12.643531 1.098962 -21.734241 4.832414 -12.427123 -22.468315 4.619030 -12.247436 -21.508631 5.338577 -12.360281 -25.755655 -8.997770 -12.699791 -19.054718 12.575348 -10.869218 -19.335445 12.671963 -10.616957 -18.635988 13.365926 -10.650387 -11.549467 24.032610 -4.468889 -10.973992 24.521221 -3.586302 -10.955885 24.392138 -4.688884 -24.258539 -18.991209 -11.951294 -24.446779 -17.953255 -12.070953 -23.811264 -18.340555 -12.203074 5.842222 18.438398 6.824342 -20.076353 11.438787 -5.600095 -20.580042 11.434093 -6.019168 -12.097165 22.906731 -2.455655 -11.364830 22.999699 -1.646558 -18.182423 8.265420 -12.036498 -9.766944 11.688017 -9.700583 -9.194843 12.769329 -9.215989 19.925734 11.980556 0.218378 19.483555 12.521491 0.028515 20.041277 13.328100 -0.265596 -15.302750 0.415506 -5.182673 -16.229351 -0.398472 -5.234354 -15.982085 -0.667071 -5.531407 2.115011 11.203654 -0.806835 2.755505 10.950599 -0.043970 1.961166 11.099481 -0.157604 -21.370943 -7.256595 -6.735138 -21.400797 -8.168107 -6.839041 -20.968035 -7.880387 -6.698893 -21.262156 -20.269938 -12.454577 -21.924198 -19.677168 -12.600036 -21.955463 -14.752985 -12.971488 -22.735182 -13.866643 -13.046018 -21.674040 -13.864159 -12.921542 8.591674 7.182854 6.075401 8.377059 7.993236 6.408975 7.901091 7.896425 5.760300 20.683796 27.958765 8.149766 20.129436 28.143091 9.351582 20.742962 27.884352 9.366499 -20.047976 -1.395053 -12.612572 -14.995852 0.183226 -5.608518 -19.180101 12.719466 -5.035511 -19.077215 11.791163 -4.953489 -18.060198 12.464712 -4.370947 8.069353 9.861306 -0.196654 6.274597 13.404758 -2.972041 5.180212 13.264224 -3.174767 19.075783 20.735622 -0.005320 18.916731 19.907862 -0.367353 2.245161 15.061567 -5.100870 2.143188 13.830089 -4.502781 1.694983 14.392192 -5.082416 -17.959539 -3.958962 -11.814970 -17.375622 -2.882466 -11.522567 
						-17.577427 -4.059764 -11.477592 -24.923103 -13.412834 -12.729316 -25.109983 -12.903919 -12.741136 -18.818750 -15.299047 -10.981158 -18.711290 -15.398787 -10.464926 1.014026 27.857828 -3.812488 -0.171071 27.344498 -4.332824 -0.210422 28.183990 -3.492550 -24.681604 -14.114386 -12.623379 16.060345 20.196867 -1.257562 23.522533 11.206394 1.785514 10.751453 5.175220 7.751410 11.065281 5.518394 8.788589 -12.092139 4.558118 -9.166369 -12.306232 3.799956 -9.118935 -18.344889 -0.351344 -5.038849 -18.528826 0.669501 -4.949843 -18.731585 -0.033180 -5.065778 -20.353416 11.884781 -5.910959 -19.750437 12.323434 -5.449239 1.489743 11.242788 1.982998 1.209833 11.640127 2.547043 0.522208 11.464396 1.752145 -23.404428 -11.889167 -12.817102 -23.586493 -11.175694 -12.669085 12.415712 2.490231 7.788199 12.523206 2.586082 7.064047 -24.883348 -0.481424 -8.803065 -7.183737 9.259742 -1.168449 -6.434744 9.864533 -0.673962 -7.276523 9.854509 -0.554227 22.670465 11.747758 12.233568 21.621626 11.992430 12.426980 21.767166 11.615839 12.598372 -6.244508 17.207924 -8.070699 -6.822274 17.684170 -8.551253 -0.666989 29.767178 1.855717 -0.518510 29.973911 0.836673 -9.519835 13.990422 -0.018089 -9.014817 14.305622 0.272376 -17.409376 -26.281004 -10.550696 3.229882 14.225883 5.836480 2.070647 14.982435 5.689293 2.149202 14.206423 5.389671 -17.248692 -23.912062 -10.127034 -17.286707 -24.385071 -10.366356 -8.505833 10.984720 -8.976685 -7.920853 11.591954 -8.833467 -7.827876 10.719812 -8.548915 21.898474 26.761456 7.551539 21.766491 27.142035 6.657886 -18.156269 6.767248 -5.661941 -18.450134 5.710411 -5.992165 -15.449463 18.102415 -9.013388 -14.279567 18.990862 -8.911019 23.219908 3.677119 2.231673 -21.157566 0.534831 -12.345635 -20.782484 -0.038241 -12.205845 -18.773106 -22.771927 -11.451183 -19.395327 11.115440 -5.146906 -18.636417 -16.177633 -10.070740 -10.572248 10.640952 -9.933198 -24.013521 -20.666943 -10.713946 -23.942123 -20.740648 -11.441462 
						-14.651316 19.497940 -8.224221 -13.586889 19.628845 -8.652685 20.574070 21.872715 5.814966 20.535486 20.895254 5.780880 22.325272 1.444482 6.379097 22.045202 1.005578 6.275424 0.570703 28.482376 -3.160100 1.517783 28.919519 -2.664397 1.825438 28.519592 -3.080182 -26.216103 -12.121545 -10.238087 -26.007896 -12.845018 -10.190749 -13.973677 20.444460 -7.657767 -5.258980 21.772835 -7.654996 -5.935321 21.753794 -7.744139 -5.577154 22.693438 -7.544354 -6.885973 9.050854 -1.511882 -7.708417 8.524179 -1.894307 15.547509 17.946129 12.957822 14.617366 17.882324 12.916864 15.252842 17.068430 13.018315 12.910646 18.936613 12.137917 -18.779144 -7.693226 -11.793491 -19.053043 -9.080095 -11.823783 -19.390682 -7.924225 -12.215134 9.237679 19.299446 9.532225 9.621387 20.042696 10.221106 8.756791 20.221661 9.543633 12.864024 18.516075 -1.342031 -5.790365 9.205614 -4.708770 -5.925941 9.076307 -3.679493 22.015707 2.729642 0.849835 4.166461 16.566362 -4.567985 4.856604 17.162691 -4.365871 10.766245 29.255671 -0.119607 11.272035 29.562586 0.413547 -19.440237 15.198280 -7.826152 -19.582821 15.027576 -7.008147 -22.324680 -19.299665 -8.539960 -22.402445 -19.919493 -8.791565 -21.897402 -20.416574 -8.533605 20.375322 19.049147 1.241458 20.093090 19.309877 2.052798 2.393701 16.512627 -5.371424 2.590672 17.335997 -5.120523 -19.321098 3.316725 -6.436132 -19.496765 3.244981 -6.610393 -22.862923 -16.875414 -8.345984 -23.283524 -17.153532 -8.812715 -12.603006 23.063675 -5.368809 -11.611833 23.666952 -5.279101 -12.234878 23.126829 -5.641463 19.021137 23.442844 0.638005 19.190536 22.292986 0.485508 -4.249772 12.045779 -6.996091 -5.050544 11.114405 -7.009353 -5.088482 11.837628 -7.410440 -22.609640 -23.918789 -10.288951 -22.896126 -23.300619 -10.185604 14.435008 16.051840 12.738175 13.988420 15.332299 12.327180 13.795335 30.480738 6.096152 12.944346 30.468437 6.126288 -11.820824 12.768190 -9.789573 -11.894313 13.486714 -10.031983 
						-11.307117 13.709435 -9.749019 13.000335 29.054092 8.864125 12.760154 28.608866 9.425025 20.794291 24.808279 4.654416 21.268728 25.352888 5.307582 21.007746 24.549252 5.483228 -18.637911 12.584796 -11.042272 -18.342201 13.173486 -10.883150 -19.466400 10.166987 -5.244884 -19.388674 9.132828 -5.284286 -17.703379 11.939158 -11.500590 -17.411173 12.486895 -11.355297 -23.468338 -7.712901 -12.633994 -23.219196 -6.516694 -12.598824 -23.083696 -7.304505 -12.632948 13.540091 26.533796 -0.782471 9.277155 5.310842 2.575818 8.616529 6.087780 2.836080 13.317438 4.743568 11.027420 14.103018 4.743595 11.382614 14.258139 5.395724 11.590026 16.628588 -0.026686 7.759835 -19.907606 14.190023 -8.606315 -14.765653 3.316930 -11.105782 -21.926477 -19.406683 -8.346506 -9.992509 15.368248 -9.419457 -10.839101 14.596244 -9.695369 -7.188672 22.095440 -7.937546 -24.676437 3.495286 -9.055867 -24.295307 2.377755 -8.480602 -23.933561 3.006945 -8.194346 6.322450 18.678177 -3.547721 -18.663301 -4.542140 -12.168976 -18.537769 -3.454313 -12.220767 4.668330 11.379861 4.938383 4.640842 10.736540 4.394580 -18.299864 -6.600148 -6.906790 -8.219510 13.690548 -8.891663 -7.831085 13.962295 -8.754436 9.970261 19.054420 10.102555 18.796940 14.661098 11.274404 -21.009626 0.520773 -7.420770 -21.097855 -0.210652 -7.113682 -20.731970 0.883698 -7.149629 -13.870429 2.621691 -4.279379 -14.350213 2.180906 -4.345269 22.154915 2.182082 1.539348 -19.032722 9.745663 -5.078806 5.587256 12.878493 -2.767271 -14.217665 18.552790 -9.273344 11.907182 28.763287 8.978106 -25.643951 -3.847946 -9.232858 -25.693157 -3.123255 -9.356942 -15.364024 -1.700246 -9.213691 -9.943267 24.014574 -0.937423 -10.012037 23.173613 -0.427467 -9.204804 23.748203 -0.158614 -21.193621 6.201156 -12.270551 -20.116785 -11.185939 -7.372442 -6.679955 19.976833 -8.500960 -7.349376 19.425169 -8.739491 -5.015823 14.850163 -7.954988 9.296959 20.248596 -2.230463 10.526342 20.040680 -1.980231 
						9.558143 19.867950 -2.160161 -2.158095 28.999949 1.502283 -2.807165 28.172297 2.061050 -18.711674 14.599167 -9.581597 -19.139418 14.579259 -9.159095 19.897793 8.280171 0.173023 20.044390 7.233210 0.027980 -26.376684 -11.505673 -11.178829 -26.362339 -11.434613 -10.394832 -18.529366 -17.171667 -10.025399 -8.386167 14.388095 -8.628613 11.508980 30.064381 7.827180 23.580141 9.247141 2.120785 22.966385 8.580858 1.605215 -9.280851 24.278713 -5.982678 -18.365034 -21.290367 -11.102189 3.768917 10.477437 1.829574 2.760595 10.979529 2.505744 21.482327 17.893608 7.006453 21.077902 27.264538 4.960342 21.459749 27.373449 5.366273 11.935960 20.968599 11.557380 11.829929 19.547007 11.758893 12.632888 19.867086 12.012118 15.595502 27.152880 10.669493 20.456842 12.774228 0.004548 21.273100 12.576988 0.453074 20.557213 11.816813 0.348388 18.583935 13.035437 -0.126197 22.846472 14.731174 3.934361 22.779654 14.908853 4.164642 23.006359 15.014900 4.806179 22.575287 4.949152 8.821671 21.917841 3.983104 9.517194 22.224733 3.755553 8.879285 -18.316528 11.375681 -4.580502 -14.931334 6.911586 -11.205833 4.904920 28.933413 -2.260841 4.635949 29.272011 -1.909948 -8.635327 18.994240 -9.086066 -8.101361 19.887049 -8.835583 -6.439124 24.601727 1.519491 15.776847 3.801194 12.202793 -5.674915 20.857708 -8.056875 -6.303730 20.936321 -8.150212 14.577180 21.286625 -1.579437 18.549307 4.028178 12.457385 20.591560 5.725817 11.766877 20.299255 6.011003 12.075625 20.077143 4.876689 11.952419 -3.085239 29.043159 -0.067053 -2.639258 29.127653 0.360333 -2.328376 29.299967 0.208146 15.361232 12.104818 -0.825272 15.054971 11.729150 -0.878916 14.715198 12.870635 -1.019752 10.748730 17.559092 -2.073132 10.908609 16.650049 -2.319857 10.207944 16.874535 -2.553192 -7.264036 11.663456 -8.530007 -0.389250 28.887569 -2.641738 -4.233723 10.506018 -5.689515 -4.417805 10.141591 -5.325825 -2.439024 17.570320 -6.550636 
						-2.669088 17.988701 -6.549583 -1.526509 29.656986 0.649919 12.813263 5.047521 0.951468 13.219823 5.342021 0.724070 -4.639463 15.329444 -7.798559 -5.279954 15.293015 -7.925601 -4.440976 16.088474 -7.483654 10.649710 3.671778 3.017926 26.322451 11.279695 4.866980 26.299074 11.488832 5.534785 26.539034 10.805747 5.544138 -14.299920 6.257078 -2.922687 18.166170 28.186840 10.201207 17.604294 27.951895 10.606170 18.826937 27.838047 10.747559 2.731237 13.457261 5.171480 -9.123125 6.697330 -5.881380 -14.670631 21.205759 -6.244624 8.780528 18.104181 -2.801284 8.768828 18.629530 -2.582418 -1.317298 11.376568 -3.592683 -0.727119 11.539486 -3.007093 13.227812 9.599315 10.672317 12.467049 9.537218 10.230428 0.595516 29.071598 -2.428907 11.557529 16.019350 -2.067945 16.575993 9.863649 -0.344520 21.529493 26.411259 5.265910 21.145433 25.522051 4.732735 19.156752 11.421575 0.295385 -17.099880 -4.406625 -10.790524 -17.195862 -5.223298 -10.561996 -17.861111 -4.805760 -11.505431 12.309030 15.573879 -1.849847 12.590154 16.901989 -1.504452 23.130724 10.005054 1.519704 12.685917 4.085095 2.089081 12.276623 5.130089 1.583545 12.605610 4.853140 1.300358 -20.551476 3.192259 -12.384889 8.675817 19.469631 -2.308331 9.433461 19.102242 -2.215185 10.553901 5.206468 1.380714 10.805349 5.882220 0.977716 -11.678826 7.982082 -1.737708 -12.435283 7.046268 -2.260160 -11.405006 7.590083 -1.905184 17.063776 5.022239 -0.469809 11.838549 3.106817 4.063029 11.666039 3.178798 3.617417 18.519680 2.670541 0.890153 23.169596 3.962204 6.160398 22.998676 2.844898 5.558130 -4.734567 22.833961 -7.342776 -4.360896 23.905281 -6.789984 3.392981 27.124439 6.501774 2.521038 26.701517 6.189473 3.130883 26.225866 6.735574 -26.162046 -2.292545 -11.444359 -26.179619 -3.292977 -11.619674 -16.463219 13.694289 -3.515333 -16.663698 14.727977 -3.604918 -17.235594 13.711443 -3.875521 -21.641764 -21.332027 -12.358857 
						-20.851406 -21.098415 -12.309229 -15.120791 -0.622537 -6.326930 -15.524837 -0.715198 -5.917737 5.977163 30.666592 0.543497 5.251652 30.515179 0.117298 -13.612701 14.528798 -10.768674 -21.592472 -1.156503 -7.777756 -21.932722 -0.946778 -7.947883 -23.590412 -5.936253 -8.882476 -4.489739 27.419872 -3.988657 -4.088451 27.224718 -4.389903 16.180145 26.252563 11.437823 -17.555820 -22.867283 -10.228421 -17.423632 -23.635504 -10.386582 -3.728511 27.202353 2.179199 -14.077556 0.416680 -8.109623 -13.879171 0.865079 -6.974894 -14.514573 -0.104302 -7.204751 5.894427 29.353689 -1.555384 20.877911 22.440823 6.645303 20.754684 21.775515 7.325582 20.656193 21.129549 6.359586 -3.983517 28.657137 -1.418322 -2.874608 28.937513 -1.613738 -3.458185 28.534889 -2.368796 -21.815773 9.895622 -7.051491 -6.615772 25.783976 0.271095 -6.561432 24.938847 0.951459 -5.834877 25.720562 1.019329 -24.732754 -18.196907 -11.821117 -13.046996 9.809888 -10.435748 -13.405158 10.098697 -10.489519 21.215176 16.875517 3.575567 20.995127 17.806273 4.479918 21.558739 16.799629 4.525346 12.649062 13.341836 -1.610917 13.585349 13.210033 -1.372645 11.109513 29.318920 8.478773 5.232697 12.024533 5.749762 -14.484723 0.271752 -6.252521 -22.843414 -6.403478 -7.503723 -22.966642 -6.066178 -7.677428 11.667731 30.250109 7.578285 14.536984 1.500971 8.946815 14.199022 1.627790 8.749675 14.053748 1.589561 8.255387 8.982705 16.564240 8.660960 9.770914 15.852959 8.978869 7.203672 22.407385 -3.529809 6.287234 22.845634 -3.959695 6.819822 23.182573 -3.787991 3.407725 12.287590 -2.866646 -22.246161 -0.449032 -7.800567 -22.577366 -0.119386 -7.728663 -15.297446 -1.103074 -9.594734 -23.711376 -0.443458 -12.691114 -23.529003 0.560109 -12.652940 -23.041735 0.363258 -12.732879 18.756180 28.115465 10.323627 23.092213 7.244854 1.654429 23.513597 7.906421 2.309530 -11.182967 21.236465 -8.080999 -10.658253 22.005383 -7.578905 -11.646424 16.479259 -9.943805 
						-10.442769 16.234995 -9.714309 24.172516 7.550350 8.478657 24.231501 8.079991 9.399783 -18.579912 10.112355 -11.745841 -2.172125 20.020403 -6.820204 -2.757705 19.888819 -7.058233 13.248039 29.821184 8.013643 -20.149708 -11.386649 -12.369262 -17.275494 6.536347 -5.153682 9.987527 28.780277 -0.676577 -24.425955 -19.087759 -11.773362 22.400017 13.752830 0.909316 -3.095559 25.520248 -5.840491 -2.518151 24.882099 -6.122258 -23.609043 -4.492901 -12.769604 4.704405 28.323420 6.728525 5.072643 27.948450 7.110883 -21.537342 2.032006 -12.499010 -21.571487 1.033059 -12.507819 17.288834 20.686171 -0.916613 16.995260 20.032808 -1.210480 16.484030 21.065393 -1.076943 16.024666 22.641605 -0.842074 -7.663150 26.662045 -3.345171 -7.959743 26.564985 -2.751805 -6.817794 27.194908 -2.750245 -15.880164 -31.495424 -9.189582 -16.374971 -31.473875 -9.109006 -16.410250 -31.400515 -9.415107 3.721300 30.285097 -0.528680 4.536800 30.092062 -0.766128 3.766854 29.879322 -1.227606 19.023947 13.515343 -0.354418 19.621407 13.911391 -0.501780 24.643444 9.727023 2.940042 25.119551 10.273991 3.280525 25.043713 9.554615 3.531014 -5.768623 12.143867 -7.969113 -6.562972 12.216221 -8.362833 -10.814250 12.476423 -0.556273 -11.012804 12.809201 -0.783437 -11.658113 12.106565 -1.089019 15.848585 9.729033 -0.382642 16.369667 10.407119 -0.412389 15.836606 17.136734 12.932589 15.793344 16.002455 12.993984 -17.169832 18.109316 -5.241529 -16.915144 17.871126 -4.659420 -9.420665 6.830029 -3.209854 11.847789 17.713045 -1.628985 25.584650 13.610332 9.320613 -24.974821 -9.886206 -9.432196 -12.390664 17.033508 -10.027041 -12.415340 17.705770 -9.910336 -11.891898 18.078594 -9.725346 15.324554 13.534374 12.591699 23.210436 10.154215 12.680570 1.076422 27.125410 5.260081 1.698271 26.747078 5.703035 21.884882 7.526001 0.766608 21.377897 8.035178 0.613897 26.048315 10.394910 4.213259 -21.243900 12.618018 -8.004000 -17.770880 -30.555967 -9.434245 
						-18.448187 -29.839069 -9.595726 -17.791666 -30.465544 -9.692468 14.101845 4.859271 0.878144 14.356132 5.800616 0.106671 14.270568 22.702322 12.024035 -13.671100 16.702002 -10.218081 -21.680534 10.524471 -7.050712 -24.941847 -4.714139 -8.809503 -21.812752 11.547567 -9.046719 -22.099981 11.146433 -8.823276 -21.463345 12.274299 -8.501255 15.114252 0.970371 9.181727 6.892359 16.260696 7.850083 7.264506 15.542677 8.070794 7.477017 15.936625 8.119161 -15.693868 3.262162 -11.416881 -15.045879 3.535604 -11.267453 -14.906091 2.750144 -11.069558 -3.320763 25.773722 3.250344 8.362533 6.825318 4.981278 7.887217 7.457775 5.128207 4.788296 10.537631 -0.032606 3.836130 10.523577 0.807279 3.982656 10.788819 -0.330909 25.591597 12.084620 10.720916 20.232237 26.203245 3.604047 -18.292419 -23.301704 -11.154691 -15.357863 -29.792042 -9.133932 -16.196381 -30.011120 -8.767469 -15.234560 -30.529409 -9.004485 -22.762005 -6.346471 -12.616851 -22.235594 10.583067 -7.999301 9.502902 12.630281 -1.821955 19.132261 28.087296 6.974570 19.220917 28.147400 7.700946 -16.553045 -3.672517 -7.024141 19.902946 22.880127 2.850083 -20.184401 -9.015333 -12.578615 -23.110411 -8.340756 -7.629331 -22.231777 -7.745900 -7.147124 -18.653101 -23.153463 -8.762978 -18.978725 -22.210012 -8.699089 14.354980 30.678417 4.632809 -0.088748 18.883112 4.198384 -0.830636 18.329660 4.072006 0.160890 18.121660 4.642463 -18.687519 15.955584 -8.193133 3.919486 10.421872 1.232110 3.248454 10.646237 1.275259 3.836130 10.523577 0.807279 12.643920 29.550375 0.749791 13.447705 29.178978 0.818695 19.179230 2.631911 0.495234 19.313511 2.215052 1.360502 -19.463102 4.692689 -12.185573 -19.929924 5.676448 -12.383126 22.514051 3.000649 7.501390 22.192924 3.087860 8.495755 21.941917 2.370751 8.535694 -11.803131 4.522673 -8.803197 -12.087604 3.440502 -8.251620 -12.033860 22.180742 -1.780034 -18.311150 -18.960821 -9.629046 -18.723915 -18.840242 -9.420745 
						-18.212656 -21.703363 -9.500032 -17.720989 -21.794565 -9.889369 -17.676483 -5.559970 -11.198386 -17.746426 -6.490374 -10.987903 -14.057343 10.361138 -10.699952 21.184557 1.800316 9.593003 21.692619 1.366865 8.457032 21.818813 2.127615 8.728717 19.247446 18.832823 -0.337232 -0.830301 19.031654 -5.944408 -26.300009 -12.558316 -10.646880 9.773885 10.834420 -0.823718 9.728814 10.053911 -0.424267 8.952908 10.038941 -0.422666 -18.220455 -10.947106 -10.121325 -0.919892 27.259998 -4.456462 -10.664495 11.474299 -0.513562 -10.063308 12.150378 -0.144699 -20.539219 -12.638434 -12.496219 -19.924356 -13.509926 -12.012935 -26.352619 -6.740159 -11.889380 -9.504495 11.197249 -9.602719 -8.976615 10.335991 -9.191338 -3.941159 17.649460 2.358607 -3.819177 18.005188 2.315082 -4.973752 17.508661 1.711658 16.272530 18.318460 12.052159 16.596588 18.503365 11.001260 -11.237935 4.475682 -6.834267 -1.705903 22.025944 -6.750165 -1.118979 22.406311 -6.539920 -0.568932 21.827282 -6.382699 20.138840 2.164282 0.853847 19.687519 2.567307 0.328056 -15.645351 -30.965044 -8.841292 -15.694435 -31.410591 -8.934326 -15.349240 -31.017769 -8.966431 -12.910499 22.150942 -2.770461 -5.130847 16.749302 2.037694 -4.245162 16.820072 2.771444 10.418731 19.202610 10.576049 11.046977 19.841917 11.304263 -13.666995 18.927547 -9.210154 -13.759295 18.568645 -9.407983 -1.293857 13.695587 -6.118143 -1.874433 14.073225 -6.618279 -20.901520 11.511605 -6.418590 -21.384985 11.552172 -7.168222 -3.689552 23.782223 -6.758582 -3.428641 24.850430 -6.272228 -2.768462 24.125355 -6.442435 15.634719 21.154743 12.049992 19.405724 14.044730 11.431668 -18.842476 -4.399918 -5.965468 -19.722914 -3.751575 -5.862680 -19.693953 -4.781743 -6.026196 -0.701886 13.492057 -5.743399 -1.683290 12.806951 -5.806053 -1.734371 13.211184 -6.087519 -20.866083 5.002211 -6.304859 13.538860 9.513840 -0.379288 14.809981 9.425791 -0.427503 20.754684 21.775515 7.325582 20.538721 21.669266 7.841541 
						20.589363 20.785547 7.437061 -21.307909 -4.677697 -12.992972 -21.626413 -4.426416 -12.978767 -21.270571 -3.692252 -12.995288 19.849575 23.932047 2.350075 19.841303 25.069319 2.285095 16.260098 27.434608 1.021383 -5.790579 9.404594 -1.401662 7.000001 8.842149 0.926284 7.934152 8.889986 0.553032 -8.943767 24.812792 -1.209131 -8.177951 25.348869 -1.007586 20.188295 6.330539 -0.256198 21.122889 5.624500 -0.179125 22.429121 6.558870 1.038053 13.042082 3.650016 10.214589 12.401185 3.060775 9.279937 -22.257736 8.298441 -11.133468 -22.962830 7.894053 -10.756267 -22.554525 8.968465 -10.469206 0.120828 30.136536 1.477902 1.169768 30.424566 1.846552 0.353662 30.235918 0.575161 6.555146 28.869896 -1.953107 7.412632 28.401865 -1.863024 6.869795 27.979044 -2.383739 -16.888079 11.921211 -11.557045 -16.422117 11.857593 -11.509481 13.630130 10.234055 -0.571118 -20.428350 -3.929318 -12.813176 16.145185 29.782892 6.452158 16.266920 29.681793 6.898282 16.696327 29.483152 6.800597 -24.942677 3.802746 -10.164342 -24.997074 3.366369 -9.665861 -24.514931 4.606009 -9.338044 -25.308990 -11.983160 -12.730105 -18.613815 -19.564547 -9.472467 -18.089653 -19.695744 -9.931986 -17.817816 -28.179886 -10.499511 -18.588545 -28.460850 -10.575187 -18.987499 -27.806311 -10.792562 11.694945 30.967768 5.866987 12.478679 30.957453 5.478144 -26.542465 -8.327039 -10.765761 -26.408329 -8.319692 -11.886638 11.471290 4.498662 8.791341 11.659396 3.649226 8.168475 -8.559446 10.036796 -8.840133 22.175480 1.974735 7.525517 6.648365 9.176592 5.143502 5.907932 9.556887 4.515210 6.525770 8.604128 4.164971 -9.152561 12.067295 -9.344647 1.571293 24.066858 -5.485381 0.978207 24.901962 -5.448720 2.046373 24.631977 -5.150344 -25.617455 -14.522410 -10.105499 24.141678 8.981482 11.179239 24.728283 9.738534 11.153123 -21.800032 -25.470074 -10.638855 -21.815472 -25.462065 -10.233426 12.518340 14.426531 10.731057 11.849851 15.303122 10.544831 
						-9.286849 13.489194 -8.927338 -9.016011 14.237338 -8.741605 13.308010 30.048111 1.726955 17.065571 28.402679 10.126300 -21.674273 -15.143757 -12.882087 -20.851538 -14.460526 -12.651132 -20.752813 -15.527093 -12.603215 -19.628016 -6.257939 -6.297519 -20.697502 -6.674306 -6.478971 -20.094513 -7.012967 -6.430919 18.748743 24.413059 10.129847 19.684332 28.192698 8.640895 -23.886679 -10.745973 -9.228416 -22.731079 -3.675260 -8.236809 -23.170622 -3.566330 -8.418883 -23.434822 -4.552709 -8.635578 -23.705303 -9.035229 -8.205151 -23.551876 -8.092530 -8.155193 -19.601347 -19.852856 -8.407907 -19.294247 -21.040722 -8.578014 -21.857185 6.298856 -6.681479 -23.191622 -7.040419 -7.692248 16.573036 19.544390 -1.360673 -22.706327 9.557279 -9.539350 -22.282528 9.481393 -10.404597 12.472540 5.278348 0.945042 11.886239 5.711425 0.903003 1.836465 25.406734 -5.013081 23.337187 3.634453 3.100489 23.196920 2.643623 3.524251 7.694274 19.785957 -2.529294 -22.921270 -2.988924 -8.335675 -10.994003 14.497372 -1.688824 -11.335766 14.035476 -1.861777 2.061560 18.070543 5.538742 2.843475 17.814562 6.014399 2.097780 22.151939 -5.357456 1.128283 21.549398 -5.649880 21.614071 11.730613 0.921463 19.536400 0.805124 10.085080 19.484900 0.688398 9.295413 2.531178 12.606105 -3.425297 -0.953234 24.087524 -6.098416 -19.889467 -26.956926 -10.979544 -20.314241 -25.935820 -11.342826 20.088093 13.582819 11.425978 26.108246 11.577745 4.629448 25.319235 12.713531 5.067345 -10.105489 14.790814 -1.147887 -22.335972 -24.389364 -10.990887 -22.611595 -23.536386 -11.332288 -22.228973 -24.362448 -11.167303 6.556094 17.848333 7.263686 6.618740 17.488182 7.378306 -10.554004 15.191427 -1.352775 10.791251 18.802588 -1.849409 -4.757049 12.333909 -7.286366 -5.489057 12.619250 -7.876610 12.224618 3.617096 2.463661 11.659318 3.738396 2.270989 15.201699 27.674953 0.632545 15.522674 28.087090 1.238971 0.465385 21.002365 -5.878206 0.448600 22.241978 -5.993607 
						-6.036449 16.998438 1.099060 -6.122612 16.288439 1.494077 -19.453552 -7.063079 -6.560394 -20.146366 -7.762733 -6.621280 20.009560 -0.131486 6.304268 19.323362 -0.326985 6.860215 19.345705 -0.142646 5.740959 3.600206 23.012398 -4.788049 4.552250 23.090902 -4.485134 -13.654655 6.881775 -2.583514 -13.037024 6.144441 -2.703883 -24.359364 -19.816046 -11.275456 -24.322712 -19.811659 -10.876874 -14.449066 4.623144 -3.379539 -1.170438 11.297579 -1.158401 -1.719612 11.112025 -0.751505 -1.510464 11.274745 -1.551403 -23.810665 -9.973710 -8.393425 -23.695553 -9.643180 -8.043791 14.389994 28.302868 0.689620 5.423885 16.528873 -4.220181 -24.091558 -19.237129 -10.109910 -23.884943 -19.109936 -9.881329 -24.436663 -18.653700 -10.177276 19.819735 22.384626 2.250766 -5.688167 9.403839 -5.527269 -18.852943 6.048659 -12.140971 5.956728 8.903044 3.487391 13.082888 25.621672 -1.254413 26.360950 10.824060 7.147721 26.263016 11.068735 7.924492 26.238901 10.400279 8.188396 -9.779271 15.324836 -0.986709 -25.921913 -1.556967 -11.661142 -14.873423 9.477887 -10.963231 -14.918296 8.177473 -10.896226 6.901041 12.249973 -1.939473 6.593525 13.002108 -2.616299 -8.097500 18.369799 -9.024194 -6.836272 18.663582 -8.643652 6.847663 27.112753 -2.924900 -23.590994 5.740151 -11.316098 -13.410334 21.040697 -7.363400 -12.809044 20.240171 -8.394644 15.300203 14.025702 -0.626149 14.398985 13.834866 -1.061788 6.829793 7.798409 2.677744 -19.251963 -5.355093 -12.377429 -19.342152 -13.247572 -11.532988 -19.573818 -14.229847 -11.691312 -20.975363 -16.518326 -7.829435 -20.388750 -17.302973 -7.980692 -20.246267 -16.157129 -7.979854 -11.339624 7.770197 -10.009509 -10.642407 8.136531 -9.647964 -11.426471 7.100734 -9.925241 18.584108 28.272305 6.685209 -6.621867 22.071451 -7.881151 -20.669098 -13.620481 -12.522196 -20.411413 -14.653879 -12.424649 21.485397 14.189120 10.378068 20.430700 10.961391 0.473932 19.855951 10.486435 0.498396 -23.470528 -7.791146 -8.668040 
						-23.394363 -7.288116 -8.102265 -17.534561 -5.657733 -7.184441 -17.195501 -5.701850 -7.601688 11.543840 24.288492 10.785704 11.857308 25.405226 10.738011 11.234908 25.616264 10.552583 21.260759 24.640478 6.205288 -9.287763 6.571161 -6.987477 -10.086267 6.197070 -7.798170 23.626108 10.224648 1.857054 26.375113 10.214866 7.090048 26.464699 10.170829 6.371994 26.479753 10.863803 6.399476 -21.259871 -19.263596 -12.571713 -11.016271 13.105130 -9.425433 18.913576 3.219456 0.023811 14.533724 29.955181 2.322229 13.837505 30.850159 4.574162 13.858317 30.739130 5.294271 14.492061 30.518980 5.353549 0.976169 19.573473 -5.348746 -20.002794 11.753415 -10.697667 -20.905371 -3.292727 -12.912100 -20.254499 -2.784380 -12.729330 -3.720130 16.063942 -7.407696 -3.844220 16.897785 -7.039173 -2.667792 16.486694 -7.062673 17.803068 7.668049 12.286759 17.870672 7.037882 12.329843 18.954420 6.892887 12.385020 18.614828 27.717520 4.213974 0.201975 11.238912 0.464658 0.201783 11.337626 1.041335 -0.820283 11.312251 0.294169 -14.413291 9.694896 -2.752652 11.157137 8.444783 9.359336 11.846940 8.387806 9.868943 -7.389644 8.196860 -2.786964 -8.289457 7.826717 -2.618172 20.282070 20.872711 7.960961 -15.906739 -30.366854 -9.696161 -15.439105 -31.091162 -9.291332 -22.694611 -12.516141 -13.078692 -23.516676 -1.250905 -12.821920 -2.257159 11.971180 -5.479599 -15.969586 18.479122 -8.354121 -18.065247 1.523439 -12.152043 -17.279833 1.909412 -11.941164 -20.002199 -23.577307 -8.387336 -20.352282 -22.930546 -8.373483 -20.629385 -24.007814 -8.564571 11.239577 6.223775 0.655163 -17.695345 -24.197096 -9.340606 -18.211817 -23.395342 -9.125686 2.925524 25.047600 -4.848713 2.573388 25.445930 -4.740306 -17.369999 9.005664 -11.808482 -17.721539 9.717775 -11.805608 -19.375288 -2.944479 -12.528406 19.010986 21.833860 0.230545 19.545620 21.676193 0.611930 1.891325 18.918818 4.921315 1.877200 18.397520 5.210424 -23.815674 -11.106187 -8.186348 
						-23.785177 -10.099190 -8.108061 -18.913221 -12.530691 -11.219576 -18.624603 -13.193670 -10.667355 -13.835916 2.651184 -10.183478 17.923773 26.149958 11.502273 10.111029 6.780439 0.775319 -8.192750 14.782785 0.768634 -7.744855 15.093744 1.006100 -7.410423 15.784243 0.685443 -19.849052 -20.894001 -8.289167 -10.076642 13.235448 -0.163621 -16.923483 -5.811545 -8.164643 14.796762 16.581789 12.917235 12.632619 2.388395 8.272962 12.089038 3.224270 8.621453 11.955873 3.178352 8.038740 19.168661 25.644938 1.741784 19.680046 1.141057 10.481628 18.641977 1.016244 10.624258 -18.869379 12.087150 -11.170220 17.591530 26.585966 11.536731 17.392256 26.138687 11.662938 -4.367158 11.573551 -6.820676 6.718880 29.604445 -0.965538 5.437828 29.904058 -0.847647 16.342594 28.674076 2.628428 0.069829 29.669952 2.699206 9.277155 5.310842 2.575818 9.123795 6.037623 1.768378 9.872463 5.279101 1.775125 -12.864088 2.437457 -5.533191 -13.288831 1.790396 -5.870551 -8.378388 23.522854 0.651027 21.162773 10.947058 0.641936 -11.878350 12.244160 -1.390325 -25.099876 -0.026740 -9.063046 -25.603983 0.033823 -9.777158 -17.013737 -30.534109 -9.855849 -16.556002 -30.426769 -9.876446 -16.577833 -31.071436 -9.648540 13.990994 1.998484 4.499352 -16.131615 19.604433 -6.881501 2.908158 16.859531 6.317623 4.128258 16.939095 6.755707 -22.403982 3.445698 -7.043883 -22.910547 2.596632 -7.377839 -13.213709 11.151416 -10.315763 -19.694506 3.635098 -6.695385 -20.652914 3.549385 -6.661943 -20.299538 2.607447 -6.989220 -16.388245 1.583875 -11.627999 -16.731215 2.713538 -11.760967 -2.312377 10.986775 -3.084726 25.893204 11.556939 4.145602 25.714823 11.945667 4.377196 1.638531 28.866817 4.489694 0.920065 29.198891 3.728291 18.915697 11.534306 13.093251 19.620203 11.275259 12.992028 19.013056 11.990323 13.135457 20.731947 27.886206 6.125104 20.792894 27.932249 6.820903 -18.642994 6.967496 -12.133018 -20.711853 -8.758905 -6.795154 
						-21.195770 -9.357518 -6.918153 -20.631422 -9.588783 -6.909744 -2.194739 18.465117 -6.394492 -3.100217 18.793900 -6.915921 -19.500349 -11.685395 -7.665647 -20.081839 -20.137867 -12.175321 -20.001715 -21.343567 -12.073867 22.679218 7.476899 1.186189 12.303605 5.940867 10.239175 11.537250 5.809735 9.510280 2.396510 11.409534 -1.369929 3.260110 11.149110 -0.873840 -24.198168 4.007512 -8.523813 -23.521439 4.929085 -7.953743 1.639294 30.377884 2.652874 2.501584 30.612968 2.909625 2.676562 30.749575 1.829152 8.039529 9.140337 6.592505 7.501235 8.766244 5.873271 19.956688 18.115183 8.650800 18.942333 18.161652 8.947269 19.342403 17.259912 9.170057 17.796743 16.601162 -1.058762 18.448952 15.589496 -0.907443 17.223915 15.759326 -0.937127 15.878549 13.230050 -0.477921 25.758665 9.741251 9.106280 24.867609 8.764940 9.386396 10.211530 20.063887 10.723193 9.383142 20.707375 10.217834 4.511446 19.165632 5.965892 4.579848 18.804218 6.094719 -7.328366 23.610474 1.312229 -8.095707 22.783911 1.014305 -15.760993 2.327606 -11.381330 -15.280900 2.195010 -11.096736 5.929492 25.573563 8.386975 5.776622 25.022816 8.408770 -21.968248 3.675604 -12.511310 -21.265087 4.624442 -12.499681 -8.860629 15.914388 -0.491906 -8.051738 16.382853 -0.085360 -9.124247 13.767801 0.380288 -8.163680 14.427532 0.929505 -23.050566 5.692463 -7.569778 18.798119 28.051720 8.284626 -21.453686 -25.802992 -10.840194 -21.774727 -25.163683 -11.043013 -13.246692 14.383793 -10.697395 -12.335539 13.833910 -10.314927 16.534826 0.277370 8.939659 25.783808 9.977075 9.495487 25.957378 10.737858 10.121746 3.203859 30.763222 0.934110 3.709382 30.897730 1.429101 9.122836 27.359779 9.106366 -12.919953 8.053498 -10.696366 -12.397816 7.570873 -10.531574 11.043626 10.205100 -0.552570 10.605367 9.252299 -0.164944 10.472176 10.474283 -0.645007 18.049839 7.659894 -0.354182 4.593308 31.142429 2.326563 5.659790 31.361465 2.694872 
						-21.195921 -23.545259 -8.714921 -21.788210 -22.639248 -8.985497 -21.758799 -23.530224 -9.197720 10.727622 4.138269 2.151155 10.877388 4.322264 1.889098 17.714041 19.035475 9.414189 16.504835 0.554386 9.767744 -1.302734 13.809041 3.626247 -15.415266 -29.509800 -9.206096 -17.735415 4.862763 -11.604352 -16.583086 4.935971 -11.639529 22.571524 2.174664 2.065222 -19.549061 1.310205 -12.176793 -19.257717 2.365565 -12.063169 20.799616 17.160654 8.614255 -23.746506 -9.977402 -8.945578 4.346070 28.926680 6.118960 -17.109484 -30.866608 -9.657950 -17.695082 -30.041616 -10.022027 19.664804 23.605177 1.717551 19.771795 22.963993 1.902808 13.764432 14.457787 11.956651 13.854005 13.310292 11.474729 1.947137 30.658031 1.515699 17.500605 -0.296028 7.216315 18.721292 26.380827 2.277953 19.567757 26.370739 2.933864 -21.174801 -13.383546 -12.769396 -1.120029 28.135017 3.276215 -0.603556 27.810419 3.765041 22.082140 15.559211 1.526627 22.151892 15.431652 1.862445 22.513159 14.806947 1.974144 -10.259860 7.586802 -9.169822 -10.895531 6.637009 -9.402376 25.413702 8.826093 6.115073 24.684719 7.966086 5.797241 24.952927 8.343486 5.246386 -4.648566 15.868763 2.911261 -5.015306 16.166426 2.693389 -5.553545 15.845885 2.433313 -18.715080 4.794231 -6.222744 14.107160 2.093226 3.962047 -14.708917 3.515890 -3.579085 -15.285322 3.014361 -3.783115 -14.601029 2.683357 -3.991040 19.341673 28.094873 10.207038 -14.831360 0.206228 -10.010363 -8.458276 16.359379 -0.261345 -22.123228 -5.603821 -7.104489 -16.395241 16.676041 -3.656025 -15.617006 17.300867 -3.165689 -16.210976 17.794603 -3.806314 20.724758 15.459200 -0.232115 8.476526 25.760181 9.313745 -10.000692 24.607822 -1.687460 18.299053 -0.183223 5.581784 17.686640 -0.053085 5.474434 20.057423 16.970406 9.062966 20.127335 15.930570 9.614331 -19.882965 -8.998692 -12.398469 -16.035381 -1.861193 -10.487281 16.721804 4.017588 12.574086 17.027073 3.795359 12.617682 
						17.282888 4.961049 12.569009 23.010191 13.177097 1.348174 23.480455 12.239637 1.825227 -17.072048 16.441744 -9.339911 -16.460104 17.362019 -8.995291 -16.130123 16.484152 -9.863981 5.071065 14.347828 6.834567 3.975815 14.964748 6.530007 4.341738 14.213466 6.399594 -25.023848 -7.640653 -9.155757 -24.731298 -6.592543 -9.000405 -23.624586 6.456521 -10.908664 -23.943718 6.702775 -10.225811 -15.735644 -2.978874 -8.894796 -15.596096 -2.642410 -8.048503 -14.357302 0.265620 -9.027515 -5.449377 17.670040 -7.734119 -6.099749 17.827955 -8.316596 -18.318296 -0.420924 -12.347171 -5.810123 10.526079 0.065920 -6.972623 10.871556 0.277716 -6.909809 10.499529 -0.005817 20.589363 20.785547 7.437061 20.448265 20.216885 7.692130 20.104618 2.901147 11.198885 9.221314 14.481387 -2.560188 10.063873 13.774680 -2.168772 8.781970 13.768942 -2.423996 -18.918961 -17.819330 -9.327585 -12.592469 2.545567 -7.440689 1.831017 28.107376 -3.543047 9.046808 15.906155 8.664081 8.295207 15.510479 8.450797 -6.303950 10.317340 -7.300672 -7.388542 9.825004 -7.957035 -22.078466 -18.281118 -8.217061 -16.264698 -4.037068 -9.438581 -16.623838 -4.671993 -9.809877 11.706026 3.648811 6.176438 11.261957 4.287818 6.950143 11.193669 4.219301 5.479956 -7.656906 16.878244 0.206972 -15.737463 8.413440 -3.608710 9.873618 15.601530 -2.642692 10.268350 16.074020 -2.597627 11.362332 8.980725 -0.146270 19.847757 26.691740 3.612046 12.217845 10.652051 -0.816423 11.637842 10.921835 -0.861097 12.789278 11.161135 -0.889311 -9.881724 11.354210 -0.205536 11.269355 17.250160 -1.858302 26.302086 10.854908 9.018561 26.220814 10.858725 9.626531 17.915493 0.237263 4.542271 1.713122 11.037878 1.475073 2.305422 26.797623 -4.387907 1.734942 27.304924 -4.171701 -10.170731 5.483745 -5.716838 -9.913522 5.771622 -4.811520 20.634600 19.817863 5.660363 20.769577 20.049314 6.586048 14.728378 19.615898 12.726282 14.724979 18.458986 12.900769 
						26.405249 10.648250 4.989833 26.500265 10.430312 5.538195 -3.474092 11.699382 -6.197372 -7.629277 7.817002 -5.916835 -8.276794 7.339162 -5.348063 -8.402652 7.232440 -6.148293 -11.250929 22.632103 -6.766813 -11.974971 22.741671 -6.315595 -15.583363 10.626584 -11.298846 19.229420 10.325981 0.350634 20.231451 10.037907 0.564946 19.846334 9.253057 0.401953 -23.561357 -16.772736 -12.509056 -22.979811 -17.212345 -12.889436 -17.791666 -30.465544 -9.692468 -18.502348 -29.649834 -9.873425 -18.232821 -29.465963 -10.173422 -21.314621 -0.236721 -7.615722 20.379477 1.743290 10.519732 20.756830 1.383778 9.889343 23.144680 3.930271 1.943143 -25.962854 -14.184810 -11.805869 -26.023748 -12.829728 -12.035529 -19.605707 -13.762954 -7.913690 -5.144926 9.667506 -5.156936 -5.312328 9.470638 -3.957520 4.746526 10.138583 1.041095 18.700281 17.577757 -0.968051 19.607151 16.938524 -0.407045 -9.190193 15.028153 -0.524343 -20.993105 -23.002420 -8.556680 -21.926104 -8.726674 -7.060732 -22.632439 -9.335909 -7.422924 -21.971739 -9.764379 -7.184943 -16.338778 -27.208271 -9.469516 -17.097385 16.899307 -4.358813 -17.577072 16.159285 -4.559780 -17.040445 16.217161 -4.076120 -6.664007 8.877667 -1.924363 -6.729821 8.641587 -2.520278 20.375685 13.121287 11.703897 -15.655697 -1.589430 -6.653854 -22.943045 6.004819 -7.508131 -24.181852 5.597163 -9.060384 -24.419548 5.468943 -10.089359 24.846748 8.446310 4.084344 9.485782 26.646029 9.514208 -7.693168 17.852230 -8.919827 -10.487074 13.292772 -0.554872 -5.673772 27.185545 -0.362721 -5.353776 27.293123 0.316889 -5.326236 27.772556 -0.358438 -2.774199 22.194334 -7.014735 -19.915934 -17.566616 -8.268624 -9.044164 16.077932 -0.533558 -17.261564 -4.435110 -6.849019 25.322521 8.992537 4.573565 17.148695 0.942470 3.732066 15.983416 1.188154 3.742684 16.833479 1.666571 2.983724 -23.888681 -16.188166 -9.397813 -23.721556 -16.896822 -9.396730 19.171448 18.078199 -0.670846 19.624649 18.495066 -0.074731 
						-9.750502 15.871802 -0.838083 6.084079 29.119801 -1.851436 -22.041319 -6.837451 -13.012519 -23.768774 0.855058 -7.975786 -23.238188 1.889235 -7.637858 -18.929245 -23.724836 -11.460939 25.440361 10.563491 10.756183 25.267591 10.053508 10.587535 15.114450 4.830856 11.994712 9.578895 27.239626 -1.972328 9.915627 27.995331 -1.378204 14.868189 8.524211 11.702752 15.280629 9.078367 11.525286 17.328005 19.780207 -1.158358 -7.420388 9.324383 -7.673718 6.788751 24.866135 8.765512 8.947822 7.576246 6.857717 -24.850481 0.195718 -12.148829 -25.517265 -0.061892 -11.713467 -25.149813 1.036413 -11.708207 -18.559294 16.432341 -6.244149 -18.029282 16.699104 -5.429882 -17.993584 17.285692 -6.005090 16.021503 26.418413 0.168913 -6.138117 15.629786 2.074889 26.130602 11.263126 4.353486 -23.450056 -18.080751 -9.388330 -23.000381 -18.096954 -8.752375 10.063112 12.593822 9.233677 10.687778 11.752200 9.391516 22.328547 12.347103 11.775475 23.365908 12.017711 11.855536 15.412759 12.537172 12.284415 14.456899 12.679101 11.706585 -6.422638 11.850279 0.990850 -7.183571 11.427761 0.596110 -19.339106 -1.740000 -5.470382 -19.306950 -2.635947 -5.587046 -18.787054 -2.284926 -5.468010 22.752445 11.153925 12.478034 23.276344 11.352507 12.190639 5.097217 17.107876 7.078851 -15.782808 7.796700 -3.473488 21.301678 24.832384 8.722290 -20.918804 -18.397089 -8.022246 4.497622 27.234949 7.020465 4.122980 26.278479 7.346515 5.211163 27.000179 7.599267 -10.955885 24.392138 -4.688884 -11.549467 24.032610 -4.468889 -7.024057 27.009089 -2.081648 -6.707096 26.657801 -1.028378 -6.553449 27.268559 -1.816186 13.194205 14.479422 11.589933 19.931046 1.818935 1.884565 9.924835 11.808331 -1.362675 10.915680 11.418584 -1.075105 10.657433 11.169404 -0.981531 7.181892 31.213892 4.823598 -25.447784 -10.699960 -12.780047 -25.933796 -9.984047 -12.542821 -25.180214 -9.709032 -12.774069 9.659568 31.141874 6.047936 11.645175 31.238638 4.928366 
						-16.796721 15.703903 -10.082257 -22.209288 -3.505337 -12.503228 -21.037518 -7.952884 -12.945525 -21.653263 -8.917369 -13.061565 -19.712456 -19.613989 -12.026090 -20.238089 -19.320778 -12.266078 -24.187778 0.462567 -12.447493 -23.869547 1.346759 -12.373244 -22.110197 -12.528414 -13.042906 -17.893549 2.322901 -12.117600 -20.541477 -0.085802 -12.245629 -20.165266 1.048895 -12.109553 10.960697 30.964802 6.540202 11.268847 30.724024 6.913529 -11.549508 12.509405 -9.597041 -16.482321 -28.855585 -8.769556 20.792404 9.312193 0.625459 21.275663 9.941218 0.734609 -10.088796 16.631720 -0.593332 11.071944 9.663360 9.247976 10.262352 9.383599 8.632509 -9.357030 16.959591 -0.180223 11.141049 21.259892 -2.090751 -4.583824 24.776491 -6.426369 -25.999477 -5.647727 -12.409772 -25.670614 -5.331787 -12.626088 9.205446 17.656374 -2.792722 -11.560429 24.019352 -3.573532 -10.679370 15.873982 -1.085375 -7.712789 26.323442 -4.185810 14.729725 9.952846 -0.512587 15.641244 10.599867 -0.589810 25.146164 11.545457 11.139491 14.858141 1.160690 5.473019 14.559356 1.427471 4.761161 15.256295 1.072404 4.771307 7.994129 25.294785 -3.104929 7.657197 26.006927 -3.043964 8.651963 25.741592 -2.797305 -9.720992 8.493105 -1.403195 -10.742816 8.293318 -1.529789 -10.382810 7.859250 -1.795157 -1.544246 16.532221 4.408895 16.301521 28.008829 1.650715 17.186262 27.490007 1.798042 -20.907694 4.084589 -6.505783 -23.049528 3.443426 -7.422194 -16.587833 9.198192 -11.567056 15.188313 28.546988 1.543397 15.682055 28.576790 1.926297 16.139793 17.417547 -1.265643 -23.624393 -7.879596 -9.027379 8.061408 10.418017 7.171431 7.642991 11.427717 7.209800 -24.123194 -20.006281 -11.678801 -16.511831 3.308147 -11.725497 -16.514114 -1.765950 -5.904759 -17.016634 -1.133392 -5.344054 -9.169978 22.033535 -7.912580 -19.707466 -26.342749 -8.611312 -21.259642 10.261221 -10.754665 -19.551039 -0.879742 -5.531185 -19.451265 -0.054079 -5.392920 13.109490 30.883514 5.305043 
						5.427304 17.770041 -4.178768 -16.475124 1.757155 -4.289139 -16.982021 2.465922 -4.219066 -17.049379 1.195373 -4.515276 25.133503 13.855775 7.957145 25.168774 13.997546 8.813581 25.666979 13.381283 8.622259 15.898454 11.274467 12.011197 15.325861 11.936466 11.921664 15.346645 11.096898 11.751858 22.175480 1.974735 7.525517 17.109844 0.023491 8.288731 21.536476 26.962954 5.184635 18.455942 26.675306 11.258755 21.846405 4.801729 0.362154 21.189650 4.700025 -0.000279 11.251823 24.615341 -2.123811 20.968731 6.343641 11.669177 21.501425 6.911392 11.531994 20.413145 7.041859 12.267800 -21.520742 -19.662125 -8.253901 -21.667246 -18.313337 -8.096375 23.264017 13.321559 1.617759 -20.202513 -16.690969 -12.309994 -20.040854 -15.704996 -12.213324 8.012677 15.047937 8.349152 7.968247 13.861075 8.243171 -23.675615 -15.139458 -8.982535 -23.812683 -15.700909 -9.275625 -20.129704 -27.835907 -10.317533 -8.721528 17.173088 0.104500 -11.076707 17.168722 -9.715030 -15.948760 6.829206 -3.530920 20.261824 28.093616 8.002312 7.139653 16.379816 -3.652738 12.271893 26.035030 10.748827 13.121665 26.591858 10.796613 -8.167946 20.655071 -8.618402 -16.923483 -5.811545 -8.164643 -17.283699 -7.011850 -8.260501 -16.912281 -6.028694 -8.687174 1.163509 14.822710 -5.508345 8.740519 9.006856 0.175036 22.961901 3.691544 6.724769 -15.584742 -2.384221 -9.219963 6.086532 17.935575 -3.873396 -7.821537 11.630683 0.556129 -7.923141 10.792607 0.104629 -21.738749 -0.228006 -7.782419 -1.585601 18.771200 -6.177379 7.086999 27.895132 8.089738 7.409141 27.668304 8.304124 -8.085134 9.329750 -8.205328 -8.821259 9.051679 -8.701868 5.241976 22.942268 -4.331663 5.631609 21.945667 -4.071205 26.302086 10.854908 9.018561 -22.132202 -6.835850 -7.104891 -15.209776 -30.512140 -9.218300 -15.288334 -29.907743 -9.211262 -23.567671 -8.881513 -7.938656 20.853935 3.590644 10.848865 20.804380 2.612051 10.542003 21.465347 2.851228 9.762800 
						21.007542 13.085946 11.271974 -22.982899 1.472365 -12.638888 -23.621624 2.112736 -12.315306 -22.503277 2.470733 -12.555343 16.394690 8.911439 11.939235 16.722357 8.099128 12.096940 -22.494299 1.394692 -12.658299 -20.197264 -4.646738 -6.094669 -20.124979 -5.750546 -6.238059 -23.172667 -6.474057 -7.901536 -18.871464 4.209431 -11.818168 20.059622 2.614904 0.274191 -11.863363 20.396011 -1.028155 -1.767989 14.823922 3.952217 -1.838271 15.612761 4.159784 8.864530 29.419489 7.894740 8.987721 30.236853 7.361696 8.208742 30.158989 7.088910 -18.156605 -5.757806 -6.730166 -12.500783 3.838161 -4.403344 -12.101161 3.816529 -4.809890 -11.997273 4.525075 -4.070331 -8.616582 13.584948 0.664656 -7.490624 21.427980 -8.229124 -8.802269 8.146592 -1.898558 -9.348361 7.657723 -2.222417 20.367584 11.682015 12.908266 19.750561 11.738827 13.031110 20.704288 11.162361 12.912581 22.806824 7.086656 1.322386 23.164307 5.938113 1.876381 22.816847 8.579709 11.798009 2.963211 10.737055 0.768725 -21.361046 -1.800719 -12.375058 17.984495 28.720774 5.978050 17.876163 28.758261 6.479963 -18.804228 -3.067540 -5.633277 11.000922 4.744671 1.603459 11.706045 4.964179 1.871330 11.292123 4.483697 1.854701 -21.315990 -21.368664 -8.429631 -16.092592 -1.892308 -6.313163 16.760155 24.935308 -0.065037 16.959295 23.989004 -0.232503 -1.345879 11.618135 1.173768 -2.191666 11.634810 1.086900 -1.789089 11.291276 0.249747 -11.369511 4.373133 -7.659397 -25.065802 1.946021 -11.487136 -25.117714 2.758838 -10.889802 -24.833416 2.958999 -11.360081 -19.898937 -6.664704 -12.605254 -2.935262 15.984201 -7.247173 -22.866957 -18.773230 -8.862793 9.715068 18.075760 -2.385258 -4.285201 10.052509 -3.320945 -4.975399 9.608752 -2.265939 -5.155342 9.511029 -2.842445 20.160465 1.436674 2.977127 19.488480 0.950623 3.564058 19.445688 1.470474 2.646795 -3.353275 10.569874 -2.627505 -3.275348 10.576423 -1.627012 -3.922146 10.233270 -2.569730 
						0.106511 12.342275 -4.143367 11.867253 31.144093 3.404826 -6.536531 13.159331 1.615538 -26.473331 -7.323999 -11.484297 -16.410250 -31.400515 -9.415107 -9.893269 10.753114 -9.747763 -10.543241 10.082079 -9.953605 -4.406243 10.012959 -4.715399 -12.931093 2.117399 -8.031757 -16.876173 8.166242 -11.634904 -2.994811 27.344488 -4.356448 -5.011485 27.844538 0.141531 -22.045967 -3.832636 -12.600183 18.275021 12.643392 13.035436 23.208754 13.962087 2.007839 23.249693 14.091901 2.670999 23.564524 13.812534 3.145279 26.046902 12.797487 9.848146 25.934294 12.486955 10.241720 26.332409 12.107347 9.965083 15.497548 1.981010 10.970628 17.604395 5.619235 12.546364 -12.864646 8.815263 -10.641259 10.467052 24.999739 10.398914 -15.963010 15.960341 -3.278641 -15.779617 14.653567 -3.217633 -15.041421 14.969794 -2.857172 25.652693 10.883163 3.722252 25.969528 10.985091 4.051123 -25.965071 -13.352898 -10.234355 -16.768446 18.836046 -5.386012 12.087945 21.171627 -1.881115 11.797185 22.297892 -2.053916 12.982726 21.902355 -1.837722 -14.812135 10.691255 -3.557447 -25.738647 -0.229519 -9.956620 -5.602383 19.884365 -8.183323 19.685049 24.713593 1.778937 -23.176079 -19.303228 -12.523391 -22.702787 -18.884008 -12.748319 17.002155 1.347192 10.955438 17.457163 1.195956 10.956370 13.668306 6.348917 11.259244 12.807387 6.189076 10.688969 13.306484 5.452199 11.084003 -22.179026 10.949140 -8.270200 -21.699760 11.825858 -8.094850 6.421971 9.471550 0.624963 5.648221 9.993277 0.449803 -7.578629 12.236674 0.920065 1.874427 17.489906 -5.483841 15.277656 4.235918 0.613890 18.653589 28.246891 5.569325 12.330764 2.977841 4.013599 12.572109 3.311801 2.848810 13.386424 2.871641 3.274233 -24.791361 -1.229018 -12.420415 -18.965054 -6.269584 -12.123261 -17.537937 -28.028500 -8.549807 20.101498 12.716378 12.381625 19.391844 12.070304 13.034845 -15.882403 -0.395588 -10.877197 -16.123859 -1.266767 -10.803595 -16.521193 -0.272762 -11.376955 
						5.428130 18.408932 -4.091656 7.278815 31.414215 2.267001 6.710287 31.509567 3.270888 7.511795 31.501732 2.822536 13.858317 30.739130 5.294271 14.509101 30.340202 6.190414 14.492061 30.518980 5.353549 -24.089251 -3.978769 -12.836469 -24.195484 -2.953392 -12.811301 11.170571 15.434967 9.903832 6.253923 26.767046 -3.344613 -2.924744 17.243462 -6.769238 -1.973348 16.890425 -6.733984 -12.150476 6.775720 -2.363338 7.683886 23.948864 -3.239687 -21.677181 5.181284 -6.570453 -22.299551 5.371917 -6.924246 -22.346983 4.426229 -6.946095 22.808952 4.171150 7.634454 -14.472627 18.800877 -2.556793 -13.686144 19.672039 -2.146385 -21.504829 3.336593 -12.529687 13.298173 8.732910 10.776613 -18.520666 -29.638632 -9.223077 2.945635 15.726978 -5.050934 4.010424 16.090105 -4.570807 3.402134 23.792606 -4.868760 4.518121 23.659035 -4.419612 -13.243208 17.471716 -9.969951 22.327665 2.678696 1.116298 -18.015135 -29.752779 -8.914865 26.345253 10.038699 5.819329 26.173838 9.691014 6.879392 -12.955107 18.561905 -9.518331 -23.476397 7.976317 -9.112482 -23.403379 8.223871 -9.236780 -23.826555 7.150480 -9.610824 -17.470232 -28.689692 -8.564713 -18.519306 13.834533 -10.356508 -19.066183 13.804102 -9.949732 -21.451914 -22.498840 -12.185350 -22.479824 -21.964027 -12.073728 13.860322 4.621600 1.155436 16.205246 17.681190 12.587892 16.828463 17.093859 11.626576 -17.834047 -21.877150 -10.537065 -17.899418 -22.472769 -10.747169 -0.337494 17.959682 4.493234 -17.109484 -30.866608 -9.657950 -17.250120 -30.977970 -9.332469 18.522017 0.628009 9.638815 -3.774404 21.059748 -7.469343 -0.269652 11.298477 -0.182631 -0.983221 11.270665 -0.212381 2.539166 19.155598 -4.784021 3.514136 18.354692 -4.750413 -25.935850 -2.968915 -9.750714 -26.204315 -4.030947 -9.905066 -6.399756 8.768558 -3.046891 14.719114 7.376924 -0.305810 14.695187 8.409350 -0.402369 15.335341 8.210475 -0.373751 18.904781 16.582758 9.702294 15.585595 1.695473 3.184654 
						16.365519 2.257462 2.518929 12.262178 4.504810 2.178382 20.074055 19.403551 0.509852 0.910853 14.175932 -5.348078 -17.960701 15.330116 -4.606797 -18.165852 3.610965 -4.707173 12.515629 7.701555 -0.044261 16.582479 5.154743 12.435322 17.982779 19.423815 -0.877597 -21.757019 11.364550 -7.661436 -23.078520 8.874876 -9.193198 -22.512220 10.185433 -9.135448 -22.706327 9.557279 -9.539350 0.845800 18.862608 4.520384 0.921778 18.089661 5.017605 -14.609155 20.429462 -3.447654 0.245070 29.747559 -1.231179 0.693848 29.925465 -0.995428 3.818990 27.721928 6.540305 1.794727 26.046492 -4.861012 2.741682 26.238932 -4.504725 15.913853 12.449613 12.392240 19.853992 21.118860 0.990615 19.679457 21.732117 0.866229 24.650919 10.495275 11.725879 -3.263998 14.336323 3.190207 -3.009916 13.810131 3.032242 -16.043913 2.405409 -4.084916 15.899292 18.076559 12.853251 -11.850822 6.201381 -9.836780 19.579777 21.528252 8.636198 20.476038 7.347926 0.234135 19.345705 -0.142646 5.740959 19.601198 0.064114 5.174872 -14.312228 13.604479 -10.901160 -15.108099 13.531076 -10.987277 -14.546577 14.257852 -10.806102 -25.926748 -14.441724 -10.542850 -23.200232 -8.472722 -12.679564 -26.257181 -10.949800 -10.084462 -13.945375 11.387963 -3.163639 -14.330006 11.586758 -3.308547 23.505072 5.044735 2.666189 23.499277 4.827093 3.487193 23.473726 4.415060 2.756526 12.196189 7.823928 10.199521 11.922551 22.828671 -2.013452 12.745686 23.867580 -1.678080 12.610719 22.891977 -1.899427 17.282715 17.110834 10.718252 17.814238 17.473179 9.857331 8.205556 26.767250 -2.610129 11.226738 4.419340 7.803054 -8.529826 24.151487 -6.441270 -23.233946 3.154722 -12.271107 22.658316 16.202929 7.492783 22.344257 16.564980 8.044865 23.035067 15.863324 8.336477 18.155344 18.123598 9.279089 -26.146553 -3.089600 -10.183635 -26.205713 -2.116403 -11.056669 -15.115470 11.057158 -3.658475 -17.112631 15.105543 -10.320914 -23.796545 2.932161 -12.109807 
						17.928457 9.463466 12.358868 -16.997791 -25.405296 -9.150971 -21.071037 -24.086023 -8.795319 -18.450123 -18.512926 -10.981943 22.587854 15.455266 9.086108 23.162039 14.466625 9.721316 23.884911 14.791490 9.157701 -10.383572 24.936691 -3.826444 19.302288 9.281368 12.680259 20.456617 1.156765 10.009254 20.683306 23.241148 5.732421 -23.853523 -17.317156 -12.303032 -7.901659 15.457341 -8.421876 -8.830462 14.837328 -8.729018 -21.832100 -23.511572 -11.794600 -21.291214 -23.655399 -11.921535 -21.210680 -24.274605 -11.741121 -2.232231 29.341139 -0.646899 -21.091530 -15.667633 -7.665970 11.057843 3.472791 3.916233 10.224915 4.307997 4.069350 -8.111707 9.375621 -0.908100 9.330773 5.983212 6.016429 -15.134678 11.777671 -3.418472 -20.075041 -3.819878 -5.984131 -20.775221 -4.533606 -6.306032 -2.687277 27.300837 2.844255 -3.509686 26.354355 2.841304 -2.539704 26.496006 3.401291 -7.038458 8.347146 -3.229828 12.865006 5.207102 10.791097 9.059380 11.063818 -1.027797 21.696049 2.950110 9.452736 11.832315 3.435550 6.858071 11.543386 3.824043 7.521756 6.060623 30.735680 5.089529 5.194617 30.128996 5.462295 6.193782 30.304255 5.719500 -16.718893 -25.812450 -9.182925 -16.997791 -25.405296 -9.150971 -16.387127 6.931588 -3.864658 15.648393 15.066074 -0.727888 1.918902 15.342393 -5.302303 1.513691 15.848963 -5.526715 11.050187 27.917248 -1.104785 11.733091 27.224684 -1.198473 -22.530731 -3.715707 -7.988597 -22.263878 -3.057401 -7.875231 -12.304806 9.926015 -1.493832 -12.957932 9.182413 -1.862298 -21.242491 -25.940897 -9.658696 21.639790 0.999578 7.758329 21.838190 4.423695 9.833991 -19.553408 -20.883984 -11.908076 11.435210 3.672340 4.788566 10.675006 4.220265 4.559029 3.179543 19.375338 -4.597203 16.885239 29.331957 5.573944 -15.377978 7.666599 -11.019937 19.037123 14.321742 -0.638666 18.959204 14.900641 -0.782609 -25.395025 1.918174 -10.580452 -25.117714 2.758838 -10.889802 -25.384352 1.541499 -11.151207 
						12.956883 30.580122 2.670478 -25.484213 -4.613762 -9.092484 8.204070 28.978310 7.840880 -0.167745 11.434983 -1.158633 0.702619 11.264386 -0.312818 23.107418 2.786885 4.483488 22.884398 2.130624 4.849583 -0.521363 17.029276 -6.362236 -0.212271 16.367910 -6.242723 -16.658068 -25.803856 -9.735204 -14.171044 3.937113 -3.617773 -13.046670 22.846039 -4.916726 -12.352782 23.371128 -4.861578 16.453606 18.717670 -1.370448 -10.083995 6.910552 -8.711381 19.053545 0.866326 10.342406 -18.328007 -12.299676 -9.458294 -18.519091 -13.323705 -9.270647 3.297890 16.098991 -4.972603 21.606329 13.104840 0.509978 -19.414927 -14.470881 -8.202415 -19.920954 -15.106302 -8.038201 -19.137667 -15.119662 -8.682249 -26.473331 -7.323999 -11.484297 20.343462 18.961508 0.897845 13.370682 22.868229 -1.748642 15.963178 19.130106 12.206809 17.017977 8.968065 12.062447 0.214314 11.739399 -2.281563 -0.597635 11.488306 -2.041266 21.395514 3.905554 10.263986 20.971443 4.639892 11.007859 -20.397221 -2.859735 -6.056934 4.710556 10.763457 -0.430579 -19.084898 -28.949890 -10.081266 -17.964912 -20.940187 -10.517135 -17.971283 -20.303644 -10.029232 -17.896763 -21.115625 -10.014223 13.238542 16.069445 -1.350056 -7.366178 20.386768 -8.554253 -12.434357 13.076021 -2.390346 -12.489202 12.391468 -2.307130 -11.948895 13.318623 -2.137155 -5.444405 10.156890 -0.378730 0.228227 29.953094 2.375146 -17.689623 2.640207 -4.481685 7.120638 20.409840 -2.884470 20.425213 4.504215 11.542159 -20.957960 9.241570 -11.404658 -21.828779 8.584269 -11.218403 -21.716785 9.528321 -10.835955 21.450207 7.965958 12.128963 20.816032 7.619226 12.226090 17.155788 3.240509 12.531974 9.886600 25.760645 -2.578912 -18.072811 -26.282797 -8.584732 20.683796 27.958765 8.149766 -1.876743 28.491159 -3.028616 -2.801535 28.379326 -2.979199 8.595172 31.426359 2.797153 8.969059 31.086153 1.902742 7.687708 31.267849 1.986548 -13.009797 13.079274 -2.610111 -13.223404 12.324463 -2.825607 
						4.918905 9.896686 1.662724 5.382285 9.604196 1.474432 21.254492 12.085963 0.634734 -25.178217 -0.490098 -12.073148 -24.303841 -0.275333 -12.496614 20.161163 27.059799 4.222865 21.967295 15.941124 8.761148 20.941574 15.966826 9.261939 4.976543 12.506619 -2.541872 9.015388 13.190873 8.823241 -6.727695 15.661364 1.527174 -5.894531 15.972552 2.096162 -6.048044 14.690005 -8.261347 -6.429543 15.614462 -7.933767 -25.291224 -16.079857 -12.032319 -25.567724 0.985759 -10.343392 22.277859 5.362494 9.592834 19.911858 20.179380 2.215496 20.018652 20.644569 1.204121 -23.831741 -20.561693 -11.727042 -24.123194 -20.006281 -11.678801 18.299053 -0.183223 5.581784 18.979565 -0.247152 6.296568 18.003107 -0.345917 6.606431 -21.871988 -13.567799 -7.569821 5.108648 16.224478 7.248446 4.829157 16.704300 7.080426 19.855667 26.042038 2.950929 19.693506 25.539997 2.216619 -18.756531 -14.752779 -9.115180 -19.059147 -14.294142 -8.520414 -13.890813 5.663079 -10.957103 -13.239098 6.219259 -10.658644 -22.404465 10.549441 -8.718534 -6.018702 11.283543 0.676378 -11.623685 5.656287 -9.388081 5.186385 9.693673 2.953983 4.054931 10.443810 2.770648 4.546921 10.080412 2.074985 17.332350 29.103001 6.430603 -1.724037 27.641266 -4.027324 -6.891708 16.396189 -8.163758 -6.065652 16.653122 -7.771202 22.580475 1.663794 5.550712 22.383289 1.369913 5.410928 22.572538 1.653919 4.670247 -4.878571 10.710087 0.236853 -17.671507 14.197171 -10.579404 -12.648488 19.547510 -8.979935 -11.975218 18.703541 -9.530160 12.257821 9.031523 -0.210276 5.471508 26.226749 -3.830042 15.753340 19.434340 -1.396980 -17.561697 5.923965 -5.240231 -17.135750 6.333530 -4.546615 -3.965194 18.958200 -7.402818 -4.401444 19.895672 -7.745611 -3.491981 20.129402 -7.394164 3.519614 25.090189 -4.699266 16.930143 14.130219 12.924844 16.199600 15.040209 12.938142 -13.683557 12.215677 -3.004540 14.833239 20.559000 12.489865 2.019005 15.589896 5.871490 
						1.848041 16.224817 5.883422 1.137394 16.085604 5.577526 21.879324 7.362917 11.550064 20.948040 12.566552 12.124625 20.772514 12.244842 12.536415 -22.903645 -23.444536 -10.574523 -22.746305 -23.487907 -11.163936 -22.439114 -2.940319 -8.169608 -17.441027 -25.511816 -9.073475 -20.656998 -27.052364 -10.519392 -13.557712 19.312473 -8.932477 5.316970 25.277390 -4.150331 2.275491 25.520340 6.394344 2.775619 25.013285 6.804996 -25.761986 -7.385437 -9.443691 6.224510 17.684057 7.177090 8.136371 6.630808 2.894562 8.089334 6.681559 4.126950 16.888865 28.200127 2.507599 17.356371 28.107002 3.150787 12.930392 3.647027 2.350544 12.553290 3.839924 2.296062 11.706106 10.401133 9.795069 11.027755 11.179490 9.494601 10.842272 10.115113 9.138909 2.532701 29.455898 4.609632 9.955231 21.722021 -2.443345 10.577678 21.617666 -2.266227 9.936872 20.829723 -2.188002 -25.202419 -13.916952 -12.573699 -25.653337 -13.186919 -12.387358 15.316017 30.051216 5.963250 -13.940251 12.865065 -2.846825 -14.536730 12.425373 -3.064132 -22.737757 -21.924229 -9.703398 -1.688243 27.153687 3.573876 1.780126 16.775009 -5.592864 1.016444 16.581718 -5.901568 -3.922146 10.233270 -2.569730 8.497712 9.613504 7.207116 9.031532 9.682699 7.692216 21.019459 6.295596 -0.043462 -18.529646 3.200169 -11.879669 19.048586 6.899526 -0.462769 2.979740 15.885744 6.292808 -14.499166 13.170631 -2.930667 12.461150 8.766191 10.281188 13.065385 8.061556 10.621321 13.128575 4.499118 10.831084 3.951541 11.293491 4.277966 -18.166115 14.779161 -9.884648 20.309172 1.040212 4.064092 20.499392 0.689681 4.971626 19.732525 0.443431 4.586638 9.740326 31.383009 4.220732 -13.243814 1.800508 -8.667081 -12.740800 14.024525 -2.328105 -12.671612 14.606297 -2.127132 -13.726566 13.950976 -2.558571 -0.286225 11.706128 1.741708 -0.469197 11.452787 0.936098 -18.502348 -29.649834 -9.873425 3.781846 21.172861 -4.542101 -13.644229 14.948838 -2.291871 
						13.489830 28.437397 9.535378 13.057856 28.095766 9.740794 18.170923 26.962267 2.426978 17.611853 27.729494 2.705670 17.184174 25.548315 11.655343 -11.089824 5.514029 -3.620451 -17.329029 -0.555913 -11.890703 -20.349829 -7.829908 -12.735967 -19.579136 -7.196863 -12.422183 -23.358833 0.111131 -7.865500 -1.153595 11.908260 1.765361 0.318594 11.953005 2.449955 14.911164 10.652120 -0.686015 20.842266 19.190413 7.396251 21.193756 18.260242 7.572272 -16.483158 -2.569669 -6.387418 -16.958189 -3.305100 -6.456769 23.196150 15.724319 8.050781 23.257057 15.441041 6.741655 -10.798583 19.975258 -8.959598 23.254995 15.251522 5.814793 -17.990273 -10.227547 -8.880383 2.755505 10.950599 -0.043970 17.517971 28.848825 7.408938 -20.103455 -10.158422 -7.183479 -3.828192 22.689999 -7.213762 9.084485 30.506470 7.058034 13.228821 2.045890 9.006162 9.336909 29.322138 -0.201274 -18.424004 -2.522305 -12.236299 22.492870 13.714858 10.436986 -2.117268 29.279558 -1.160004 -1.522635 29.556253 -0.468742 9.934011 30.334078 7.611058 10.125914 30.520329 7.424040 -22.763023 -17.771379 -12.909243 -22.764730 -16.650114 -12.967305 -18.182253 -11.247691 -9.185777 5.103258 11.826023 -1.822334 4.415365 11.752762 -1.927312 -14.180102 17.350740 -9.916512 -25.393223 -14.922288 -12.263363 17.840645 8.283886 -0.310337 17.094820 8.156990 -0.338401 21.144201 1.217423 8.989115 4.859966 30.521191 4.778630 -25.838619 0.022740 -10.704917 -25.605484 0.995952 -10.749207 11.258581 31.194260 3.126718 10.004163 26.178234 -2.406946 -24.446119 -4.021798 -12.822320 -25.057217 -3.289296 -12.627749 10.314032 4.609896 2.005618 10.479698 4.839427 1.639988 -13.406149 1.383262 -7.422625 -13.832416 1.034044 -6.351292 -19.073023 15.793636 -6.709839 18.690655 10.514774 12.731745 18.901142 10.043555 12.630990 -20.111980 7.814041 -5.681252 -19.834669 0.508607 -5.679803 13.844746 26.104689 -0.806331 4.091862 27.624828 -3.465837 -24.489319 4.064197 -8.950970 
						5.717055 9.470544 4.147218 5.276138 10.300659 4.619299 -14.374413 4.612965 -11.055481 -11.648598 20.742878 -8.354761 -0.348983 17.349615 5.005323 0.726633 17.636114 5.261320 -21.374681 -5.417980 -6.650984 -21.697563 -4.427660 -6.832568 -22.954309 1.059539 -7.594478 -15.851799 0.723091 -11.151555 18.916254 9.820256 0.171229 -13.268950 11.646428 -2.788267 -25.496073 -12.396125 -9.759649 24.940516 11.567455 3.232174 23.033014 2.200818 4.029572 22.692802 1.792643 3.768750 6.485592 24.523661 -3.804385 -20.496040 5.166723 -12.447921 2.871766 14.353251 -4.498687 9.530736 29.909460 7.817556 9.586286 31.334421 3.212480 -24.130863 -5.657174 -12.863177 -10.660085 22.833878 -0.815767 -9.746217 22.539518 0.003586 -26.080906 -11.119910 -12.361073 -26.238819 -11.081980 -11.978159 -26.236862 -10.378839 -12.096670 -25.049520 -2.593911 -8.852254 11.759052 3.543187 5.130560 5.257483 30.938818 4.286849 -12.741863 11.875854 -2.342555 21.970392 15.820236 3.919580 -3.459812 17.577457 -6.839269 -17.636724 5.504041 -11.557275 -13.021947 22.133142 -6.389186 -22.375629 -11.467245 -13.156799 26.341896 12.443724 9.525685 20.164730 20.115215 1.239152 13.125560 4.232013 1.499264 -17.549612 6.270265 -11.584972 -18.047590 6.518506 -11.909399 17.388914 14.616301 12.689952 17.866747 13.680949 12.918072 6.800479 15.562924 7.879578 5.584161 15.195554 7.337142 19.560129 19.846531 8.488550 20.067141 19.089380 8.274688 -26.023748 -12.829728 -12.035529 -25.834370 -12.255638 -12.370522 12.671185 15.366143 11.503371 -25.738962 -15.152112 -11.793786 14.204408 2.489653 3.106970 1.168996 30.438236 0.700033 9.697781 4.876892 4.079014 -7.663324 25.969706 -1.217309 17.796618 28.148829 3.826278 17.171291 28.616289 3.896101 17.954945 28.449560 4.857654 23.751413 13.192978 2.480550 23.879135 14.820425 6.840014 24.495399 14.317684 7.548815 -14.272628 21.098179 -6.780767 12.802681 2.412080 9.135552 -23.607998 -14.107061 -8.465069 
						20.591114 19.207552 7.833579 -12.782918 21.663382 -2.249398 -16.018038 19.653669 -5.015555 21.387882 24.220774 8.005346 21.102995 23.403254 8.049352 21.239573 23.478268 7.728383 13.073907 13.437537 10.849319 16.347366 17.087090 12.546309 -0.891654 16.918179 4.819677 -1.238249 17.100136 4.551451 5.548243 11.072130 5.419649 15.074685 5.743158 -0.230550 14.774661 6.470496 -0.246063 -20.970453 -26.309231 -10.862722 14.202479 12.487967 -1.119944 14.100763 11.508170 -0.956461 -9.535212 16.508457 -9.450205 -8.843521 17.436817 -9.274027 18.441082 10.952573 12.876966 7.762839 28.267056 8.143273 12.343204 23.061155 11.336200 12.671979 22.651110 11.520263 13.687222 23.732409 11.610604 -21.124756 -14.036997 -7.539634 -23.633259 -20.973162 -10.228551 -23.647390 -21.436455 -10.455943 14.564019 27.417780 10.360249 10.098833 27.287058 -1.669055 -2.392962 26.579233 -5.073139 21.395346 12.585608 11.709763 -7.956427 23.851088 -6.882116 -18.210104 5.354900 -5.897584 -26.070698 -2.027065 -10.394553 -23.792265 7.105680 -9.185111 -18.425804 -20.175737 -9.633554 0.706294 17.169670 5.425592 0.623489 30.023479 2.610563 18.304941 2.122492 11.751286 5.937993 26.350883 8.133664 -24.003391 2.181632 -8.194551 -8.563096 13.159019 -9.051328 19.005741 27.931444 5.077206 19.618120 27.345432 4.528583 12.250543 12.986382 -1.611411 -22.031223 -16.145048 -7.917925 -5.114487 28.126762 -0.813004 -4.464179 28.198814 0.282000 14.964620 2.166620 10.825122 -16.484226 -2.145460 -10.961612 18.624594 12.729566 12.933631 6.043077 16.674608 7.540713 20.748814 8.429585 0.558006 -21.970121 -25.023537 -9.925385 -2.120400 22.922815 -6.701591 -2.884487 23.288958 -6.782559 -2.022788 24.137014 -6.328846 21.493891 16.294382 8.688436 20.520149 16.628014 9.046305 -12.679198 2.434977 -6.350880 -12.312757 3.001728 -5.998302 -13.699399 22.146097 -5.768895 -14.721581 21.364941 -5.778738 -13.957586 22.079336 -5.379888 7.263194 26.350424 -3.081293 
						6.551672 26.020071 -3.324791 -10.610719 24.414379 -5.050046 -10.158285 24.222723 -5.587952 -11.155247 23.608633 -5.723720 15.353225 6.271556 -0.365180 -15.311872 12.538568 -3.313753 -16.295671 11.901037 -3.737784 14.400550 23.948797 11.737632 17.790197 4.498281 12.595458 11.818044 11.353245 9.974488 -16.352043 12.601026 -3.591419 -9.481670 24.315325 -0.861768 -20.583277 -24.490120 -11.741028 5.950552 14.456389 7.275918 12.054008 2.968904 7.523257 20.322824 19.884756 4.434479 20.387766 18.906466 3.767316 8.522620 10.945194 7.720628 -17.131779 12.501821 -3.913848 20.691023 17.633448 2.309040 21.150938 17.047562 1.701630 20.821814 17.766411 1.628420 -24.498550 -15.484301 -9.719275 -1.068351 19.721786 -6.263561 -2.021145 19.295530 -6.572652 23.780922 15.114076 7.678801 -22.323591 -13.440729 -13.047376 20.946970 0.500811 7.900344 19.972616 -0.019597 7.777922 20.458017 0.068657 7.020325 16.890247 0.716915 10.210504 -6.890678 14.009469 -8.506280 -6.941637 14.504251 -8.408574 10.828362 4.773118 6.695652 -10.002730 7.238099 -2.425124 -5.662258 24.890163 1.940708 1.780997 12.533581 4.113411 -21.717413 -7.856325 -13.076486 -15.895268 10.744473 -3.918021 22.750042 4.861930 8.380846 -5.977994 27.624689 -1.496339 21.486319 12.726818 11.445414 13.062334 20.286493 -1.644990 8.987219 28.816715 -1.023303 11.807877 24.044195 10.874435 12.864953 24.047995 11.263206 3.974033 10.912387 -0.674139 -14.228585 3.204723 -3.787526 -13.353309 3.719958 -4.026505 -22.611595 -23.536386 -11.332288 9.784094 31.326887 5.111474 14.391959 7.423841 11.723124 -16.772936 -28.971062 -8.632749 -16.196381 -30.011120 -8.767469 -3.636691 27.809708 -3.655350 23.720989 5.883680 6.501798 23.546049 5.388690 6.280794 1.115638 11.068690 0.986932 21.111290 11.027043 12.858265 22.220476 10.727962 12.778273 2.664794 12.182461 -2.910476 2.597888 11.769011 -2.120241 -5.199430 25.802448 -5.669109 -4.994505 26.497387 -5.001893 
						-17.552706 3.019400 -12.007858 -17.056295 3.916109 -11.833106 21.888035 17.143221 7.684141 22.056791 16.576120 8.328299 -19.440468 -22.756369 -8.372562 -23.714733 -16.422379 -12.444905 -24.440197 -16.170105 -12.406421 -18.876905 -6.900878 -12.010149 21.708319 26.746878 5.735567 13.778551 29.349827 8.671966 14.858621 29.291773 8.813830 14.413997 29.681622 8.261485 -13.068213 3.397233 -4.478005 -12.910902 3.047368 -4.917107 20.753490 17.270926 0.768871 20.161142 18.039560 0.481746 20.428812 18.363861 0.839654 23.697136 13.842526 10.030987 13.322641 18.998747 12.266119 13.520083 20.032654 12.235498 20.231407 19.114748 3.353408 8.697898 8.187569 0.715353 -17.629894 -1.615715 -11.928533 -18.006372 -2.756157 -11.996966 10.703841 23.569239 10.701909 11.610148 23.076550 11.034331 -9.845741 9.154940 -1.007416 -9.809111 14.525515 -9.106603 -18.075222 -27.242893 -10.759472 19.550148 10.643617 12.736686 16.577921 7.463264 -0.488986 22.994967 14.205544 1.883419 15.798374 7.481239 -0.414052 23.432369 6.056904 2.499424 23.857197 6.604464 3.222291 23.668903 5.807254 3.315538 -14.179767 2.002721 -10.187370 -13.660190 1.043259 -8.079576 2.187429 11.987116 3.782298 2.911428 12.056823 4.324594 21.374487 27.532133 7.932318 23.774786 7.359119 2.780196 -16.131615 19.604433 -6.881501 -15.472562 19.991859 -7.141709 15.807017 23.844940 -0.708295 3.366653 25.462311 7.132670 -18.083710 -1.773106 -5.354612 -18.859064 -1.099234 -5.284854 -23.872892 -13.987981 -9.112103 12.076243 30.431923 6.652628 -0.568987 21.428802 -6.342590 -17.164104 11.268850 -4.150785 16.905579 7.144053 12.333955 16.956976 6.383670 12.406314 17.490892 6.460141 12.442899 11.346656 13.305917 -1.816625 10.705694 13.091288 -1.861829 16.179937 7.165621 12.168749 -23.658136 -18.197472 -9.584475 -24.168606 -18.369717 -9.808343 -24.677195 -10.299641 -12.764673 24.344900 14.614580 8.227444 24.299587 14.659175 8.907339 -17.558426 11.603674 -4.221690 
						-10.940851 7.254771 -2.113869 10.230942 18.964970 -1.988208 -20.596310 7.644895 -5.924088 -0.214993 29.349285 -1.959556 0.691085 29.443663 -1.801879 4.792012 21.343592 -4.208348 22.564085 16.195715 6.193048 22.591843 16.272648 6.795118 1.710574 17.665199 5.679319 1.937720 16.996141 5.934793 16.094618 2.655777 2.325531 1.171363 11.063754 0.660539 20.643925 18.200340 1.237010 21.129114 17.096369 1.400581 20.183456 17.124538 0.082939 20.768467 15.991064 -0.051338 19.669413 0.595057 8.881893 -16.798309 5.658245 -4.018966 -25.404654 -2.964817 -12.405297 11.734573 15.133472 -2.047810 10.937076 14.558339 -2.176199 11.047006 3.371376 3.638735 11.011373 3.478729 3.085190 -20.432875 -21.836447 -8.287277 -23.195219 -22.344938 -10.100571 -18.667063 -8.792920 -7.404165 24.150784 12.880880 10.730017 -24.021355 -7.009685 -12.805062 -24.719023 -7.552842 -12.870907 -4.975399 9.608752 -2.265939 26.403421 11.754240 9.938462 -12.460567 5.665370 -2.946537 0.706212 11.693089 -2.006222 4.013050 18.164089 6.202447 3.260705 17.197367 6.395806 10.966783 31.272682 4.415829 21.511728 0.656931 7.266783 -10.740990 4.970219 -5.333748 -11.525908 4.565817 -4.518447 -18.387451 -12.547421 -10.138408 -15.425775 13.510139 -3.168721 -17.246103 13.067005 -11.148429 -11.955839 10.480135 -1.254445 -10.004741 10.075306 -9.655862 -14.787940 14.035368 -2.841517 -21.938271 -2.517343 -7.264297 -22.006069 -2.385838 -7.857478 10.284569 4.033946 3.003669 9.697656 4.695901 2.946648 -9.965074 21.571642 -8.096586 -0.645722 11.802920 -3.954561 11.895217 13.985510 -1.833699 -6.862261 16.631865 0.627144 -18.505283 -11.495641 -8.524830 1.681311 30.076168 -0.795446 2.495879 30.332357 -0.357523 15.793477 10.254776 11.781667 16.210772 9.972881 11.873188 -4.190397 14.156106 2.794536 9.207299 25.406160 -2.752940 -0.965677 28.046762 -3.636473 -25.785734 -14.165223 -12.070810 15.714517 3.548870 1.176868 -7.108271 27.065292 -2.469057 
						-6.469388 27.440020 -2.222959 -17.866520 -23.322872 -9.464837 -18.444712 -22.458347 -9.139972 -20.693701 -11.786355 -12.640521 -18.296591 -21.293440 -9.589860 10.004902 30.705467 1.300671 -24.398621 -17.237778 -9.773810 14.836859 4.062396 1.219876 14.241315 4.457981 1.196293 0.954256 29.827869 3.097808 -15.625636 -29.041780 -9.491411 11.291306 12.294639 -1.421877 0.945304 16.631487 5.549529 -25.774263 -2.455726 -12.024786 12.832558 20.998581 11.877691 -22.578556 -22.536369 -11.800536 -23.047779 -22.873079 -11.182156 -23.271151 -21.606424 -11.725619 -21.446449 -3.490757 -12.927675 17.681606 8.465406 12.179406 21.017385 16.935465 2.825013 -15.651839 -0.732995 -10.523807 -14.367374 14.189854 -2.647781 -16.516424 19.317223 -5.811715 21.619148 1.741259 2.203550 20.872725 1.861335 1.922210 20.799736 24.041510 5.353527 -17.981239 0.409962 -4.835979 -17.761425 1.414086 -4.613348 -14.319594 15.533567 -2.450792 -17.520945 7.117526 -5.374121 -18.745502 -16.178932 -9.502253 -25.291224 -16.079857 -12.032319 -18.397190 1.873322 -4.817093 14.622340 2.421390 10.762023 13.767243 2.865277 10.389016 16.798159 21.384375 -0.860325 -4.457232 21.853268 -7.523287 -4.863704 20.823845 -7.868833 -3.661313 28.248293 -2.988441 -20.965332 -3.430578 -6.400265 12.962487 2.900720 9.743021 17.136509 26.961929 1.223361 18.102711 26.167452 1.451273 14.651551 10.757336 11.226439 14.936230 11.581564 11.635492 14.239375 11.833437 11.163181 -17.183754 -29.895721 -10.084234 18.777380 1.008892 3.134603 -11.407274 19.420052 -9.198876 20.361240 23.907763 4.221695 17.311584 25.818562 0.641091 16.919907 25.422258 0.211270 -18.642435 2.505615 -4.950223 7.462907 8.035697 1.507620 6.751811 8.401997 1.701877 6.504331 8.780986 1.322171 19.468142 -0.319427 7.156756 18.756832 -0.288621 7.795265 18.702431 -0.408781 7.302327 11.937745 10.652626 9.973104 13.443684 26.247507 11.027432 14.131120 25.330376 11.321509 23.782766 15.140018 8.752136 
						2.715615 22.947725 -5.131827 16.044416 13.619727 -0.391586 13.694619 23.804583 -1.383859 14.090830 24.380083 -1.185483 19.469864 13.017990 12.465312 14.767902 24.165442 -1.065040 15.329190 23.404284 -0.920317 13.144063 15.580150 -1.451589 7.608846 9.974318 6.606548 -8.011984 23.326586 -7.227869 -2.103814 16.361620 -6.938124 4.305063 10.566642 3.598071 17.035988 14.353956 12.899348 -24.279997 -11.034400 -9.476821 -24.817518 -12.160027 -9.647809 -17.936783 3.135292 -12.015832 -5.438993 19.231146 -8.127188 7.615757 27.399500 -2.502796 -22.507101 -15.978841 -13.030361 -13.730767 21.769341 -6.338081 -1.320613 20.458563 -6.525290 -3.983517 28.657137 -1.418322 -4.557841 28.255749 -2.118469 -6.025520 14.039985 -8.329334 -5.701358 14.349925 -8.246492 -19.524706 14.482745 -6.153346 -5.454034 14.403573 2.407683 9.182401 26.390619 -2.509619 -9.360535 24.898014 -5.253340 20.267355 28.046322 9.703365 20.687489 27.749170 9.789008 -21.465267 -17.190369 -7.945136 -22.093346 -17.025328 -8.052729 16.723095 19.574701 10.519434 -3.616945 18.081194 -6.963504 -2.795193 11.021534 -4.416840 -4.199630 16.516224 2.988194 0.255578 19.169762 4.270766 1.202485 19.229115 4.541848 1.585715 25.856075 5.933431 9.755773 16.719706 9.195385 10.344435 16.016087 9.422735 20.357313 23.135347 4.791317 9.740326 31.383009 4.220732 -7.916893 26.559692 -2.481329 -7.652458 26.290306 -1.766130 3.936919 28.225542 -3.074269 4.497117 28.607903 -2.635956 -15.726913 -28.841686 -9.332159 -5.770626 26.542900 0.365615 15.176868 29.410675 8.654058 -11.535609 4.350848 -8.398229 15.976571 3.992519 12.346528 -21.771881 -6.807684 -13.049520 15.953009 26.893908 0.504400 -17.878860 -29.142372 -10.324919 -8.086300 26.284584 -2.203220 -18.798185 -26.594528 -11.070409 -17.922644 -26.869251 -10.743273 16.186394 15.920034 12.886462 -10.032221 17.590067 -0.265602 -11.107565 16.873131 -0.863259 -12.289898 9.138999 -10.445861 -14.353322 21.756453 -5.331335 
						-13.715796 22.268608 -4.745648 -11.084416 17.527342 -0.703163 20.990648 22.661051 7.180041 21.239573 23.478268 7.728383 20.920034 22.640455 7.620696 -6.391773 13.000965 -8.330521 -5.467920 13.673454 -8.126034 6.710287 31.509567 3.270888 7.511795 31.501732 2.822536 -18.805925 10.970047 -11.540883 -18.079866 11.231025 -11.618957 16.921234 26.212212 11.625184 -9.049045 17.652470 0.158523 9.827368 9.164907 8.306289 23.954063 8.688125 11.049450 9.523101 9.030904 -0.013406 12.627169 2.790511 5.565183 12.817131 2.540024 6.360915 12.058673 3.272335 6.272922 -19.146593 -24.851215 -11.425745 -19.686548 -24.760441 -11.585592 -20.973465 -25.719694 -9.225500 -24.975664 2.620146 -9.263188 -13.225222 22.625597 -5.433460 -18.250397 -5.390717 -11.775170 13.242414 24.923223 -1.372272 14.200782 25.123171 -1.055034 12.130466 11.514292 -1.050008 -23.508862 -8.862298 -12.653296 -1.113709 17.068323 -6.488694 -1.258141 16.516497 -6.670723 -10.865342 18.097418 -0.512541 -22.565235 3.499889 -12.439464 7.178176 28.487467 7.740895 6.048522 27.806793 7.688448 -11.843728 16.615154 -1.205559 -11.455968 16.079708 -1.285609 -21.746248 -2.655699 -12.471807 -21.604958 -6.330129 -6.798998 -23.799223 -20.069176 -10.150915 -12.605387 16.230402 -1.607246 10.837169 4.487086 5.217407 15.440357 0.753365 6.135748 -18.455296 -12.449859 -8.972055 6.837831 23.718298 -3.761940 21.487547 25.328529 8.492105 21.869650 25.755627 8.130882 -6.527266 26.192209 -0.038523 -20.904739 -0.930725 -12.309251 -12.614997 17.657787 -1.372113 -11.925421 17.938534 -1.026861 -15.618475 -29.570511 -9.576701 1.223164 15.417699 5.450050 20.500233 2.108198 0.979283 13.111382 27.318050 10.287513 -10.672963 6.526622 -2.766170 10.541068 15.359951 9.375676 -18.918961 -17.819330 -9.327585 -20.560184 -10.090919 -7.030704 -24.919933 -1.667370 -8.769668 19.156134 5.972396 -0.468274 -10.527680 18.779734 -0.297918 -11.729388 18.764528 -0.879336 -21.741182 -23.180395 -11.934801 
						9.857232 15.330410 9.008127 14.336434 19.739801 12.611779 16.388012 28.664772 9.666842 15.708535 29.233421 8.818703 -14.751035 17.299849 -2.577353 -24.491251 1.119294 -12.182999 -14.333154 18.015383 -2.324077 -9.736185 9.415043 -9.459933 -20.157711 -26.364338 -8.809952 23.980185 7.123763 8.140032 23.881620 6.538744 7.152077 -18.517122 -25.699263 -11.108597 12.953681 10.224236 -0.579721 -14.124214 21.787069 -4.516316 -13.759083 17.476351 -1.965854 -14.362059 16.906847 -2.358510 -13.332540 17.220608 -1.760175 -23.525030 -21.666676 -11.357770 -23.831741 -20.561693 -11.727042 18.794540 18.169168 -0.861700 -19.448641 -15.457163 -11.761300 -19.682371 -14.944531 -11.882878 -19.057026 -15.233098 -11.331444 -24.468594 -4.887155 -12.844625 -4.924926 18.723042 -7.809010 -17.931051 -8.687769 -10.352589 20.451502 2.322993 10.788539 20.632067 17.839729 2.905998 17.036062 22.802654 10.865358 16.573740 21.575838 10.915836 0.475590 11.956838 -3.326606 21.869650 25.755627 8.130882 21.952890 25.612717 7.774247 -13.520783 16.382771 -1.988967 -13.599357 15.858801 -2.114150 -16.972071 14.742238 -10.559397 -16.700367 14.008319 -10.795936 -19.804665 1.966401 -12.054963 -8.573852 8.794556 -1.357451 -1.686713 29.523445 0.934720 14.984752 23.133884 11.995418 -24.795094 -10.931200 -9.552646 -25.168829 -11.517775 -9.596923 -22.084551 10.716274 -9.614535 -21.812752 11.547567 -9.046719 23.274075 4.884387 1.968104 -15.123149 16.204163 -2.817842 -26.068039 -5.162282 -9.655210 7.065542 24.580988 -3.457454 -21.639957 4.219493 -6.628256 24.499815 7.912118 8.406770 -4.146061 28.024137 -3.146210 21.425810 16.207394 2.859304 22.163948 15.415886 3.553966 17.807188 15.740696 11.213332 17.777304 26.791170 1.876332 -18.774349 -15.573393 -9.277244 17.027342 3.112791 0.674282 12.478679 30.957453 5.478144 7.066423 30.184847 6.387947 -2.876967 24.776257 3.764828 -2.606842 25.860586 3.631014 -14.514573 -0.104302 -7.204751 19.007080 0.559961 3.978410 
						18.108112 0.484230 4.011049 10.403303 12.580835 -1.683344 10.645941 14.702114 9.390500 11.273246 14.450564 9.700093 14.949503 3.849513 11.728215 -19.945320 12.813808 -9.926962 -19.840515 13.789224 -9.154802 -9.630795 10.699808 -0.315539 -5.805144 25.171091 1.425101 7.797979 24.498587 9.266455 7.392633 25.679440 8.855273 -18.139633 -20.192059 -10.741655 6.014121 15.280103 7.534194 -12.112807 5.137291 -3.448221 -12.789292 4.414025 -3.771461 -25.340498 -1.053554 -9.177280 -9.888784 8.712719 -9.323657 26.412300 11.342134 9.311091 22.549885 14.749490 2.752748 -16.482321 -28.855585 -8.769556 10.568706 22.472803 -2.411285 5.384501 11.041950 -0.969871 -15.349243 1.986548 -4.235409 -15.041780 1.141111 -4.843290 4.307733 11.391727 -1.463366 -18.440294 2.547135 -12.097447 -12.657825 19.834707 -1.456868 -11.769326 19.216404 -0.905500 -1.364226 24.921970 -5.987339 -12.835988 18.767525 -1.473006 22.016926 25.901487 7.813921 10.970485 4.808011 7.337358 18.308031 17.519756 9.455129 6.504331 8.780986 1.322171 15.546119 4.919714 12.149163 -13.779751 19.049196 -2.076659 24.107113 6.701818 3.898398 23.684063 5.517805 4.208623 7.381334 12.271020 7.342493 8.335081 11.555590 7.755674 -1.448446 19.101545 3.561772 -16.573767 6.082346 -3.913731 -20.659264 -5.635153 -6.342806 13.414454 2.107630 9.460180 -13.327395 17.869007 -1.698530 19.771795 27.716181 5.669474 -24.456249 2.108805 -11.945451 -24.414423 3.010149 -11.747079 -20.656998 -27.052364 -10.519392 -20.970453 -26.309231 -10.862722 6.969964 30.788643 5.449760 2.988463 17.571558 6.190891 -18.813734 -21.797997 -11.496768 21.791492 10.365377 12.912267 -9.292439 8.313941 -8.684258 22.044971 1.080018 5.599034 10.312881 28.414503 8.933461 -16.090630 -3.529755 -7.711697 -16.382532 -4.450667 -8.012959 -20.327049 12.947913 -9.445298 -21.305338 12.306929 -8.934130 -20.701389 13.234362 -8.624249 6.760292 25.357359 -3.482035 -0.179494 11.760288 -3.321987 
						13.886512 11.054067 -0.852207 4.907410 31.110481 1.788909 6.208606 31.401569 2.356586 -25.067530 2.870701 -9.508016 -18.794817 -16.524788 -11.160374 -14.076951 12.654315 -10.885264 21.781481 26.987246 8.161376 21.665895 26.193588 8.341322 -23.504465 -2.586573 -8.250677 18.069191 25.714434 1.039428 17.686129 24.934725 0.429339 3.709382 30.897730 1.429101 6.174774 10.201006 5.410233 1.140303 11.403500 -0.965382 -5.869929 27.082308 -0.588562 -20.203909 -18.266842 -8.090384 -14.895920 -0.263483 -9.719868 16.699724 1.581040 11.061521 -11.362452 14.523216 -1.816728 -11.872977 13.944652 -2.110742 -18.059555 -0.774088 -12.237433 -11.723266 15.230776 -1.655474 10.339967 27.699026 9.379436 10.877720 27.673151 9.514259 -23.689274 -12.750459 -8.251199 6.296167 28.685369 7.285122 7.283362 29.543947 7.110565 -10.282691 21.540829 -0.136238 -19.071598 -16.712431 -9.020415 -18.678066 -16.957836 -9.674291 0.713135 25.736605 -5.230396 6.064779 10.592328 -0.467958 8.616529 6.087780 2.836080 8.179080 6.724086 2.468465 12.667804 2.820993 5.002455 -23.744455 -19.927185 -11.964497 -25.327522 2.102677 -10.382305 -18.160175 7.353946 -5.442765 -16.039896 -3.245928 -9.593546 15.320107 3.372604 1.766660 16.242109 2.865290 1.727266 10.218724 30.955935 6.651879 11.767041 9.095790 9.672385 -16.577322 -27.016878 -9.024367 -15.843051 0.684641 -4.840526 -16.738253 0.044434 -4.906821 17.177660 16.594761 11.359220 -13.141495 22.474527 -5.842220 20.530811 22.368010 8.077303 -23.042917 -0.787488 -12.783384 16.455406 0.796520 10.148488 5.702621 10.279276 -0.003843 -15.613562 13.676012 -10.957040 -18.296591 -21.293440 -9.589860 -23.130421 8.531701 -9.915536 21.022789 11.721592 12.780471 -8.022802 10.107017 -0.334985 -3.744515 10.908969 -5.680029 -23.900675 4.011553 -8.205663 -20.773802 -27.004049 -9.909182 -15.008908 17.816151 -9.448480 -3.809362 14.987123 3.173195 -4.612168 14.653428 2.849514 15.089945 25.690844 11.368294 
						10.789924 18.249607 -1.892790 0.930368 12.190716 -3.525052 -17.619583 -8.465506 -9.487872 22.344257 16.564980 8.044865 -13.996582 6.735496 -10.978975 16.133425 27.316975 10.635715 -12.632124 15.497240 -1.814874 -25.986307 -6.800937 -12.540747 -0.505094 24.950150 -5.772099 14.219939 6.516771 11.576814 9.139857 30.750629 1.266230 8.102468 30.741230 1.045868 23.379120 6.964727 2.132850 18.730040 9.010412 12.521569 -18.352327 -10.294512 -10.880677 17.731579 23.804737 -0.008325 22.427435 15.875828 5.072928 -22.570280 -17.319300 -8.267593 -2.541021 10.967273 -0.461355 -17.866520 -23.322872 -9.464837 -1.585411 21.158869 -6.709304 3.126845 22.047220 -4.931784 -20.039524 -20.390749 -8.243920 -23.266918 -22.539591 -10.415121 -10.183305 9.071613 -9.592656 7.610693 7.274964 2.543314 8.896983 6.545999 5.968243 13.532737 12.724276 10.930396 10.107553 17.623291 9.885671 -22.287525 -9.337028 -13.054990 -22.459429 1.053060 -7.461980 -23.841988 -12.043820 -8.307565 -23.658541 -11.838638 -8.101612 -6.436820 23.429811 1.907929 -7.391932 22.844727 1.438625 -3.239770 16.841513 3.405732 -14.941948 -0.922605 -7.405980 -23.943321 -17.296494 -9.609280 -6.160212 14.009526 2.039973 21.209122 18.379045 6.197936 16.004686 29.498634 8.108933 -24.217743 6.082102 -10.097954 -23.943718 6.702775 -10.225811 19.259319 8.863986 0.088655 -19.875153 -2.028021 -12.625712 -6.890015 25.795015 -5.404958 -7.456970 25.902119 -5.081994 20.783937 19.135056 5.479071 20.928310 26.637274 4.423111 -12.917082 11.627384 -10.183063 -12.406960 11.445093 -10.001255 -15.084339 0.398435 -10.470769 20.682585 0.758882 9.029366 10.449936 5.412673 7.382699 16.222406 22.981993 -0.643556 7.286564 24.071291 9.103067 6.305700 24.179405 8.617204 -15.467045 6.520545 -11.347140 -14.747994 6.177414 -11.204770 0.821559 22.849991 -5.826003 21.002136 0.311488 6.438071 6.831120 30.991798 1.262516 5.549204 24.068388 8.298925 -24.507999 -6.504773 -12.853512 
						-17.457270 0.088417 -4.889369 -2.412487 10.919550 -1.247961 -26.352619 -6.740159 -11.889380 -26.521639 -6.525342 -10.942160 -26.476107 -5.918093 -11.326821 -3.671227 10.368511 -3.877104 -18.152782 -7.516265 -11.157950 -26.238819 -11.081980 -11.978159 -24.577293 3.413685 -11.427341 -23.970106 3.846996 -11.721807 -19.212400 -18.502335 -8.871895 -18.723915 -18.840242 -9.420745 16.209627 29.239714 8.664676 4.940326 24.665953 8.025111 6.025814 19.418758 6.939877 6.052109 19.794853 7.108512 5.109897 19.721243 6.370913 -25.177832 2.846003 -10.354775 -7.075977 23.861656 -6.987171 0.097404 11.544682 -1.645551 5.599587 12.365828 -2.225995 -11.629643 20.117224 -8.802243 5.712531 16.323906 7.487226 -6.689439 25.302519 -5.941797 -6.467589 25.668221 -5.623580 7.221859 18.493834 7.639894 7.413137 19.287821 7.963673 6.618780 19.160637 7.299260 -24.108498 -15.331559 -9.538265 -20.440815 4.237839 -12.427523 -12.227072 12.187063 -9.943664 -8.038447 13.200704 0.925930 6.271616 18.938986 7.028265 10.912086 24.460524 10.690545 -17.547489 17.912003 -7.178152 -17.137093 18.133970 -7.589033 21.509691 24.826216 7.765380 6.981415 19.615536 7.736267 -26.075409 -8.735943 -12.509454 -2.907863 13.538781 -6.939027 11.281812 20.259134 11.417932 10.703713 20.341965 11.124488 7.890597 19.922112 8.646625 -17.447952 17.300898 -5.005984 23.990292 11.428850 2.205250 0.005059 26.415754 4.872014 21.387882 24.220774 8.005346 -26.204700 -12.109075 -11.749498 -8.799114 25.338230 -1.791611 -12.352782 23.371128 -4.861578 -24.724274 4.191735 -10.723224 -24.811546 4.054940 -10.601737 7.010103 20.164070 8.025821 -8.047366 26.361841 -3.745091 -8.654487 26.125973 -3.195980 -2.804711 10.815920 -3.728946 -12.603006 23.063675 -5.368809 11.528672 16.965096 -1.811262 -25.785734 -14.165223 -12.070810 -18.105850 -6.325015 -11.451804 23.315882 5.027925 6.981246 -16.909771 -1.529557 -11.385715 11.666039 3.178798 3.617417 19.957712 20.126129 3.283353 
						5.943309 20.563204 7.521232 24.469992 10.993211 2.680664 9.276384 17.348125 -2.838303 7.378601 20.754108 8.618951 6.542335 21.188396 8.280769 10.109442 5.528969 6.994309 -26.179619 -3.292977 -11.619674 -26.043627 -2.546026 -11.736079 -20.874712 -7.282010 -12.926284 -17.208055 5.885026 -4.353467 9.168406 13.232533 -2.118351 -17.980881 -0.900670 -5.161648 -8.654487 26.125973 -3.195980 -20.705677 12.126135 -9.816990 7.051045 22.146486 8.923331 7.607921 22.703722 9.297059 6.767681 23.041004 8.831847 14.341943 1.533520 5.329341 -19.358023 4.278599 -6.490095 14.631225 1.159465 6.360814 24.258757 7.208011 5.317112 7.729215 23.736078 9.329071 8.542899 23.221786 9.799389 -24.732754 -18.196907 -11.821117 -25.208387 -17.213997 -11.650817 15.186753 1.836223 3.162945 24.353651 9.996583 2.610753 24.912439 10.916206 3.143506 8.130283 20.933825 9.231915 7.436155 21.515041 9.005647 -9.368722 18.078630 -9.338990 -26.223946 -9.442163 -12.195638 24.299587 14.659175 8.907339 21.607475 25.222342 8.104408 -8.325211 25.649767 -1.679848 -20.311100 -27.694807 -9.947155 -20.129704 -27.835907 -10.317533 -11.845910 8.484995 -10.330110 -9.035390 23.389263 0.247640 15.111012 0.640477 7.139764 -9.453181 21.931355 0.325651 -8.901761 22.569593 0.566949 8.574053 19.881672 -2.268948 8.559640 21.672846 9.732704 -4.837450 9.820054 -4.261848 -11.309934 4.327915 -5.603936 -19.195957 0.927580 -5.280659 -18.723610 -21.393728 -9.033314 -15.468470 -1.886771 -7.241835 -15.788224 -2.530537 -7.202695 8.134955 22.030815 9.524925 7.825424 31.477671 3.820835 16.862919 17.618517 11.095416 -25.578674 0.402111 -11.446349 -1.263235 23.427702 -6.352442 6.318067 8.228335 2.575840 6.499606 31.296982 1.858848 8.339948 22.718149 9.705308 16.898151 0.361165 5.187274 16.433249 0.785286 4.503122 17.032825 0.709093 4.185230 -15.468470 -1.886771 -7.241835 16.400908 0.547647 5.216680 -9.265656 6.495695 -6.624804 
						19.644485 17.626467 -0.324518 6.589108 21.607952 8.491387 15.256295 1.072404 4.771307 15.163439 1.413801 3.918431 -13.255906 2.494962 -4.966660 -23.970091 6.744390 -9.511344 -2.166999 17.213520 3.933758 20.920034 22.640455 7.620696 2.152676 11.465833 2.979871 -9.403212 25.645428 -2.853099 11.712840 22.378361 11.318136 11.996250 21.882948 11.485913 25.450027 9.163040 8.479571 4.746526 10.138583 1.041095 -21.426048 -11.812160 -12.905779 5.074653 20.043650 6.538386 -17.794558 -24.267448 -10.826942 -17.765144 -25.292992 -10.785398 -22.053068 10.412161 -9.949325 5.072030 20.845913 7.140259 9.827294 14.805224 -2.438786 -23.952089 -15.695704 -12.429697 10.649710 3.671778 3.017926 5.514528 19.190435 6.554777 21.052269 7.104677 0.332070 -18.218939 16.854839 -7.661665 -13.225222 22.625597 -5.433460 -24.672613 3.993224 -10.974052 3.906373 20.682453 6.368634 -11.918200 3.575179 -7.978695 7.131491 13.544966 -2.834564 23.782766 15.140018 8.752136 5.465657 21.540026 7.807309 -2.551838 16.496719 3.864064 -19.137552 -26.974018 -8.595416 -11.705012 6.010783 -2.853456 14.846738 30.174017 7.003294 3.588526 11.851594 -2.227658 0.702619 11.264386 -0.312818 -15.349240 -31.017769 -8.966431 14.943160 18.817158 -1.404128 -15.788224 -2.530537 -7.202695 -1.474728 28.676277 2.515816 12.327533 2.891526 9.010226 -17.289425 -23.685604 -9.895210 -12.508100 3.045022 -5.357595 9.152633 11.639240 -1.375831 12.251499 24.644852 -1.792434 -22.207848 -24.807064 -10.386189 8.213602 29.310369 -0.800364 6.480527 20.286873 -3.166976 -11.119296 4.827314 -8.305627 -16.073261 1.741152 -11.502741 5.024265 10.140764 4.097110 4.469268 22.187325 7.402601 4.350271 21.883173 7.233567 -15.665170 17.290745 -9.521405 5.214653 22.915937 7.971065 -16.568264 -30.299740 -8.691796 -22.522348 0.333162 -12.695315 -8.178675 25.275530 -5.528438 -2.299836 27.740171 2.787273 21.193756 18.260242 7.572272 21.099670 16.465155 0.567087 
						21.582750 16.131550 1.265049 -1.066946 19.006330 3.759768 20.694622 1.244619 3.834484 -19.738794 -19.147150 -8.343819 16.777452 16.575621 12.213584 7.833633 27.770216 -2.176436 8.497962 28.512947 -1.454583 24.033911 6.712756 6.591073 4.465953 21.307482 7.046413 3.525678 21.086037 6.374829 -2.402586 11.025627 -2.023183 25.064734 8.503409 8.083533 25.450027 9.163040 8.479571 24.867609 8.764940 9.386396 4.231199 23.122686 7.460532 3.512595 22.801624 6.916676 20.261824 28.093616 8.002312 21.086887 23.679049 6.417447 -25.831499 -0.556980 -11.395503 15.409560 18.122683 -1.304449 -11.419081 9.405260 -1.232481 20.202948 14.148082 10.884418 -11.402089 8.495046 -1.493594 3.913369 12.041628 -2.442539 4.029333 19.167646 5.715295 -25.655954 -16.245335 -11.047153 -17.904198 -4.894972 -6.573688 -11.758522 3.920723 -5.386874 -11.661806 3.885996 -5.998306 -4.187064 17.015562 -7.074518 -22.896442 -4.621531 -8.316027 -19.597258 -28.357605 -9.441109 4.625884 19.516367 6.031300 3.642983 30.604200 0.235619 11.231504 5.591002 1.102643 14.506501 25.736713 -0.742305 22.000200 16.571138 5.290357 -24.722578 3.775637 -11.027020 23.916380 12.708217 2.287902 17.583401 28.465816 9.827489 6.208606 31.401569 2.356586 24.727259 8.995143 3.509745 6.120883 22.230457 8.393153 -16.956800 -29.491335 -8.613477 -11.061610 8.505046 -9.966598 18.066973 16.461254 10.215232 4.271042 19.892622 6.010537 5.409267 9.757266 4.074212 15.393472 29.362242 2.427685 -16.646099 13.090915 -11.098491 -24.659845 4.208820 -10.838385 5.923398 23.051250 8.372382 -7.000626 12.571698 1.203022 -25.756317 -11.188118 -12.637658 -15.189074 -1.155677 -7.038745 -23.012737 4.572913 -7.450092 -23.521431 7.703640 -9.905112 3.541610 19.707453 5.553688 2.536371 19.699306 5.074312 2.757788 20.121006 5.346205 20.168880 20.149385 8.027141 -24.828945 -17.435438 -12.009573 21.888035 17.143221 7.684141 -21.696739 -10.501401 -7.165571 
						21.472303 27.431173 8.703331 5.302839 13.864158 6.780226 22.808952 4.171150 7.634454 -24.813923 3.958536 -10.703286 21.415466 26.595266 4.934286 20.683699 4.380756 -0.268699 11.988871 4.526498 2.211673 -0.167745 11.434983 -1.158633 -1.170438 11.297579 -1.158401 3.240514 20.612888 5.904189 -13.832416 1.034044 -6.351292 -16.532410 1.059937 -4.525006 -25.838694 -1.183279 -10.051487 14.559356 1.427471 4.761161 -10.363745 24.770445 -4.631865 4.489596 24.026852 7.771258 10.842685 30.491201 7.480096 14.107160 2.093226 3.962047 6.317181 25.655796 -3.591166 5.788006 25.843252 -3.832412 -4.199044 15.418946 3.103241 -2.604687 18.941145 2.905504 -3.179802 18.145693 2.697309 -20.215115 -17.113523 -8.045222 -0.555538 19.150043 3.954970 -1.887068 19.277954 3.307240 -10.954904 4.866744 -7.606347 -3.683962 18.442028 2.351826 8.179080 6.724086 2.468465 -13.879171 0.865079 -6.974894 -20.977495 -12.556359 -12.704900 20.448265 20.216885 7.692130 13.477797 2.386397 9.810330 7.161826 8.406668 5.041470 -15.006875 20.662825 -6.724509 13.109490 30.883514 5.305043 19.825874 26.994572 10.548528 -5.504461 17.737156 1.324448 -5.302474 18.310921 1.551380 -5.905575 17.957401 1.224045 -18.237415 -24.423279 -11.107715 -6.912775 17.330528 0.596168 -6.071900 17.383804 1.012503 13.851917 24.521141 11.491586 -6.831528 17.109224 0.574894 -18.212656 -21.703363 -9.500032 11.997959 10.072698 -0.542105 16.145185 29.782892 6.452158 21.166862 1.536742 2.931849 -18.774349 -15.573393 -9.277244 -25.384352 1.541499 -11.151207 -4.810394 18.112518 1.716684 -4.259748 18.926785 2.186552 -3.298586 19.663452 2.701334 0.024333 25.480736 -5.449633 -15.189074 -1.155677 -7.038745 -3.806584 19.572701 2.543024 -4.665537 19.476633 2.326735 -19.907606 14.190023 -8.606315 -3.345373 20.273993 2.987698 -4.308606 19.891895 2.621725 -20.699026 -17.760452 -7.976318 -13.305312 2.772011 -9.738691 -6.246328 18.996361 1.598224 
						-15.694435 -31.410591 -8.934326 -5.340400 18.993912 1.869438 13.470791 2.457434 4.070900 -19.023432 -19.584686 -8.966357 -17.281891 -0.796178 -5.145712 -6.945589 18.298563 1.086268 -26.126207 -4.068605 -11.894514 -17.252407 14.265654 -3.899756 -17.940277 13.479593 -4.286484 -16.065130 1.535357 -4.333874 -5.553152 20.329113 2.324075 2.793890 15.247177 6.080035 -5.830797 19.824087 2.072629 -23.311197 -13.008042 -12.761620 -4.700131 20.590683 2.715407 2.406071 21.570040 5.943053 1.228744 22.137751 5.516286 1.910146 21.179623 5.500703 -8.041162 17.964230 0.634595 1.046014 21.076067 5.077204 23.122494 9.775734 12.671970 -23.972141 -14.438463 -9.369002 0.483914 21.958656 5.092143 6.678795 13.966461 -3.138500 8.786150 31.412230 4.065689 17.725628 16.501261 10.521565 -0.804253 19.773149 3.848513 23.228022 5.409226 7.705310 26.454985 12.031232 9.470048 -0.672215 29.897326 0.041822 0.373569 20.631418 4.630054 -0.605893 20.624670 4.203561 -0.045863 19.846283 4.204798 -7.419466 18.691036 1.074762 -9.643517 25.474928 -2.898802 24.499815 7.912118 8.406770 16.696327 29.483152 6.800597 -1.634540 20.395212 3.650260 3.533383 11.431996 -1.397281 -8.859232 6.886645 -4.671858 -1.319388 21.326548 4.130400 21.646212 16.978945 8.289517 -2.603670 20.020071 3.118423 -8.530188 18.437799 0.545882 -9.300501 19.020472 0.294541 -2.256576 20.825840 3.542603 -26.356853 -5.202573 -11.675241 -15.424198 20.425272 -6.574606 -10.713266 5.288478 -7.973599 -25.578674 0.402111 -11.446349 -8.736415 19.591311 0.640152 -8.301628 19.175026 0.762913 -7.601220 19.696024 1.163148 19.255775 20.701410 8.688561 -18.280739 -11.462385 -8.919553 -18.280739 -11.462385 -8.919553 20.605106 26.955200 4.337885 -2.071365 21.915937 3.957158 -9.193238 25.713480 -3.743095 -0.358734 23.886343 5.095299 -1.505015 23.606773 4.515501 -0.977391 23.133564 4.708239 -8.728133 15.009240 -0.071953 8.786150 31.412230 4.065689 
						-7.424384 21.583555 1.490306 -6.687709 22.217903 1.865700 -0.172899 21.511930 4.695777 -6.835690 21.288919 1.839522 -5.897690 21.505873 2.339302 -11.483862 6.590534 -2.483978 -7.888318 20.979956 1.210094 -26.043627 -2.546026 -11.736079 4.680404 30.637995 0.290434 -6.699379 20.174417 1.768873 -6.821383 19.616795 1.570845 0.271286 22.786392 5.206053 -0.613811 22.384047 4.743103 -7.218096 13.374649 1.337994 23.570415 6.076482 7.627580 23.988916 12.307669 2.208708 -1.199900 21.898085 4.380455 -1.544169 22.420805 4.299656 -19.440237 15.198280 -7.826152 -6.174216 21.121077 2.186148 -5.456462 15.238766 2.539890 -15.645351 -30.965044 -8.841292 -7.286384 20.564047 1.486961 -8.364319 20.541845 0.920809 2.161971 19.421402 4.901330 -14.670631 21.205759 -6.244624 1.884627 19.729305 4.811995 1.093010 19.526516 4.548125 -21.453686 -25.802992 -10.840194 -26.126207 -4.068605 -11.894514 15.272643 3.055437 2.332959 -13.699399 22.146097 -5.768895 2.176501 24.253168 6.425411 1.429051 24.276598 6.031609 -24.672613 3.993224 -10.974052 -24.844109 3.797247 -10.761166 2.493567 23.111612 6.343165 2.174900 22.046833 5.952768 2.997356 22.243462 6.457599 3.474077 23.646549 7.148561 -3.334231 17.048868 3.243132 3.153143 24.103930 7.028283 -21.719549 -11.707333 -7.341687 1.497448 22.655781 5.790315 -22.084551 10.716274 -9.614535 0.527204 23.518381 5.505304 -6.023613 15.144214 2.225116 1.570237 23.864630 6.055791 16.619101 29.322657 7.886421 7.610693 7.274964 2.543314 -14.941948 -0.922605 -7.405980 -24.425955 -19.087759 -11.773362 -3.295944 28.956793 -0.983361 -25.208387 -17.213997 -11.650817 -10.383572 24.936691 -3.826444 -18.150885 -22.494324 -9.414731 -18.835194 -14.241780 -10.860126 2.155064 20.562294 5.338082 1.311943 20.203911 4.840936 -0.672215 29.897326 0.041822 2.811989 20.926310 5.894938 -16.090630 -3.529755 -7.711697 3.642905 24.564920 7.335763 17.332350 29.103001 6.430603 
						-2.836229 22.356150 3.722013 -3.468167 23.001762 3.526448 -3.668417 21.756077 3.274528 -4.082934 23.571667 3.180025 -4.672455 22.701513 2.912835 -4.356925 22.076994 3.033144 -2.864433 21.314548 3.507421 -3.722336 20.904314 3.100930 1.961166 11.099481 -0.157604 -17.510641 -25.120884 -9.154253 1.356169 24.740019 5.975008 0.526741 24.423197 5.558874 -4.978304 21.143751 2.714679 17.876163 28.758261 6.479963 -0.518606 24.639154 4.976773 -1.152001 24.469896 4.679309 -2.468708 23.491457 4.025257 -1.879017 22.906502 4.213619 -2.001432 23.989307 4.285467 -2.919599 23.815058 3.819431 3.352607 21.778786 6.555628 -5.290205 21.717253 2.621960 -5.730811 22.536592 2.371305 -24.722578 3.775637 -11.027020 -5.159947 23.309572 2.634626 -9.824001 19.737394 0.115423 -9.090498 20.253786 0.516456 -10.018807 20.509295 0.043485 -10.684447 20.216768 -0.323946 -11.151236 19.693089 -0.582878 -10.945642 21.091204 -0.509544 -9.815498 18.642151 -0.006711 -21.305338 12.306929 -8.934130 -18.150885 -22.494324 -9.414731 -8.362041 21.739670 0.949175 -8.965704 21.353283 0.619245 -9.646406 21.358095 0.247576 -18.745502 -16.178932 -9.502253 -6.312321 27.382242 -2.915060 -18.808109 13.512980 -4.850484 21.002136 0.311488 6.438071 23.196150 15.724319 8.050781 -18.050932 14.382204 -4.442621 -17.550455 15.340858 -4.263246 -16.602709 15.647259 -3.648601 
					</float_array>
					<technique_common>
						<accessor count="5613" offset="0" source="#meshId0-positions-array" stride="3">
							<param name="X" type="float" />
							<param name="Y" type="float" />
							<param name="Z" type="float" />
						</accessor>
					</technique_common>
				</source>
				<source id="meshId0-normals" name="meshId0-normals">
					<float_array id="meshId0-normals-array" count="16839"> 
						-0.324521 -0.195396 0.925476 -0.371714 -0.136695 0.918228 -0.272495 -0.274147 0.922274 0.981716 0.072670 0.175935 0.805188 0.098588 0.584767 0.925273 -0.133099 0.355181 0.154500 -0.092672 -0.983637 0.161662 -0.142290 -0.976534 0.261631 -0.084032 -0.961503 -0.435084 0.120457 -0.892296 -0.710271 0.125124 -0.692719 -0.710967 0.127033 -0.691657 0.102493 -0.272207 -0.956765 0.072339 -0.340748 -0.937367 0.168209 -0.233316 -0.957742 0.061390 -0.141487 0.988035 0.010959 -0.124619 0.992144 0.260952 -0.128669 0.956738 -0.262502 -0.116006 0.957933 -0.382253 -0.104800 0.918096 -0.201039 -0.112459 0.973107 0.915097 0.326299 -0.236911 0.935125 0.307222 0.176512 0.781280 0.259816 -0.567536 -0.230688 -0.596956 -0.768393 -0.181722 -0.682988 -0.707464 -0.140172 -0.579183 -0.803056 0.237977 0.851756 -0.466775 0.227549 0.908431 -0.350678 0.254943 0.904315 -0.342371 -0.205463 0.972138 -0.112835 -0.133453 0.986895 -0.090716 -0.128265 0.968551 -0.213208 0.683537 -0.473730 0.555299 0.438081 -0.418652 0.795497 0.563827 -0.497937 0.658907 -0.809391 0.503858 0.301684 -0.799081 0.586334 0.132974 -0.808645 0.588205 0.010402 0.014332 -0.251172 -0.967836 0.212988 -0.172522 -0.961703 -0.002670 -0.296081 -0.955159 0.766848 0.171213 -0.618571 0.735479 0.512359 -0.443349 0.716819 0.256042 -0.648547 0.141999 -0.324627 0.935122 0.238134 -0.504506 0.829919 0.370035 -0.564823 0.737597 0.965730 -0.144832 0.215381 0.894936 -0.177759 0.409257 0.842540 -0.134870 0.521476 0.619075 -0.079092 0.781339 0.573458 -0.117987 0.810694 0.679131 -0.121057 0.723966 0.395264 0.398537 0.827608 0.275634 0.349930 0.895307 0.430108 0.080061 0.899220 -0.242462 -0.794702 -0.556472 -0.280176 -0.777531 -0.562981 -0.259725 -0.755513 -0.601451 -0.807591 0.339894 0.481942 -0.843748 0.498756 0.198321 -0.837031 0.407833 0.364763 -0.504087 0.548525 -0.667096 
						-0.588450 0.565362 -0.578007 -0.596448 0.574522 -0.560512 0.321310 -0.199075 -0.925812 0.288657 -0.273493 -0.917539 0.291454 -0.267709 -0.918361 0.943980 -0.322230 0.071200 0.969577 -0.199026 -0.142508 0.942730 -0.262837 -0.205370 0.831809 -0.490628 0.259575 0.890192 -0.431219 -0.146997 -0.300123 0.291949 -0.908126 -0.431358 0.383077 -0.816812 -0.410622 0.357660 -0.838730 -0.597911 -0.203188 0.775382 -0.645219 -0.202812 0.736587 -0.614250 -0.298635 0.730420 -0.538051 -0.469724 -0.699900 -0.551446 -0.457465 -0.697591 -0.388870 -0.392103 -0.833688 0.778421 0.615708 0.122325 0.595409 0.798973 0.084442 0.703160 0.632767 0.324303 0.417044 -0.653731 -0.631435 0.455442 -0.673222 -0.582532 0.448307 -0.727567 -0.519294 0.108079 0.895255 -0.432247 0.006561 0.956608 -0.291305 0.032712 0.938988 -0.342391 0.254720 0.142190 -0.956504 0.372995 -0.111963 -0.921053 0.371564 -0.082864 -0.924702 0.172087 0.981871 -0.079474 0.151980 0.981892 0.113093 0.017308 0.999578 -0.023316 0.653902 0.197319 0.730396 0.348919 0.187398 0.918225 0.615349 0.247920 0.748252 0.336916 0.058438 -0.939720 0.240980 0.188791 -0.951991 0.261670 0.192466 -0.945772 0.458148 0.864521 0.206650 0.561083 0.809424 0.173257 0.465299 0.882466 0.068934 0.708559 -0.397871 0.582789 0.501741 -0.364729 0.784365 0.658689 -0.375145 0.652223 0.449814 0.891644 0.051360 0.431030 -0.885979 -0.171042 0.372223 -0.896327 -0.240930 0.137126 -0.949058 -0.283699 0.289135 0.613175 -0.735130 0.207555 0.673025 -0.709901 0.263479 0.577913 -0.772396 -0.135743 -0.099703 0.985714 -0.245664 -0.106620 0.963473 -0.322123 -0.135761 0.936913 -0.261854 -0.103567 0.959534 -0.474641 -0.061994 0.877994 -0.435642 -0.011670 0.900044 -0.691040 0.642656 0.330843 -0.688386 0.663818 0.292352 -0.653645 0.752514 0.080448 0.743834 -0.668363 0.001102 0.750521 -0.658057 -0.060659 
						0.739617 -0.672908 -0.012707 0.282034 -0.059861 -0.957535 0.277252 -0.074526 -0.957902 0.144501 -0.101447 -0.984291 0.228601 -0.659890 -0.715742 0.216355 -0.626206 -0.749037 0.232076 -0.539142 -0.809609 0.372363 -0.120280 -0.920260 0.309274 -0.009355 -0.950927 0.359031 -0.184959 -0.914815 0.944290 -0.242749 0.222237 0.869732 -0.228525 0.437428 0.980060 -0.178206 0.087893 -0.730221 -0.214671 0.648610 -0.720401 -0.090741 0.687596 -0.688881 -0.168271 0.705073 0.625348 -0.257176 0.736750 -0.224755 -0.073654 0.971628 -0.285770 -0.058190 0.956530 -0.343082 0.036607 0.938592 0.457856 -0.393482 0.797207 0.449458 -0.382652 0.807196 0.460504 -0.351639 0.815037 -0.583512 -0.199890 0.787120 -0.700195 -0.233772 0.674595 -0.518988 -0.199673 0.831133 -0.232144 0.958209 0.167164 -0.246424 0.960361 0.130315 -0.301426 0.890418 0.341026 -0.136802 0.933078 0.332641 -0.175442 0.917760 0.356281 -0.278968 0.836139 0.472280 0.412777 -0.552213 0.724345 -0.697728 -0.695588 0.171268 -0.724056 -0.624070 0.293734 -0.713865 -0.673679 0.191189 0.500253 -0.603395 0.621017 0.575187 -0.604958 0.550622 0.611697 -0.628429 0.480525 0.499263 -0.234985 0.833977 0.649026 0.646291 -0.401339 0.671230 0.576489 -0.465951 0.116230 0.047412 -0.992090 0.251466 0.110836 -0.961499 0.208508 0.147318 -0.966862 -0.006176 0.456234 -0.889838 -0.137148 0.560085 -0.817003 -0.050016 0.491241 -0.869586 0.286972 -0.116847 0.950786 0.061723 -0.116677 0.991250 0.207067 -0.056883 0.976672 -0.712924 0.587754 0.382473 -0.746596 0.550227 0.373958 -0.694038 0.474463 0.541476 0.298605 0.229663 0.926331 0.779070 0.258886 0.570988 0.966471 -0.233364 0.107124 0.829463 -0.263917 0.492280 0.851953 -0.243789 0.463404 -0.704393 0.700179 -0.116529 -0.756554 0.653917 -0.004416 -0.762871 0.629016 0.149557 0.734858 0.160366 -0.658989 0.430290 -0.057961 -0.900828 
						0.628069 0.020127 -0.777897 0.415737 0.255315 0.872913 0.444971 0.125493 0.886708 0.406976 0.192132 0.893004 0.501737 -0.865019 -0.001391 0.426060 -0.887155 0.177284 0.518067 -0.852238 0.072781 -0.665130 -0.045314 0.745351 -0.647675 -0.065316 0.759112 -0.690303 -0.056009 0.721349 0.477773 -0.463427 0.746303 -0.553256 0.334947 0.762704 -0.507005 0.156233 0.847665 -0.531745 0.309421 0.788356 -0.638906 0.016444 0.769109 -0.450125 -0.090399 0.888378 -0.742295 0.235435 0.627351 0.987535 0.150665 0.045550 0.997071 -0.016824 -0.074602 0.993094 0.043606 -0.108912 -0.188395 0.077281 -0.979048 0.027300 0.009445 -0.999583 -0.403602 0.111185 -0.908154 0.325628 -0.887858 0.325076 0.212244 -0.833096 0.510787 0.397161 -0.852677 0.339419 -0.363638 -0.739594 0.566364 -0.344407 -0.632637 0.693653 -0.311771 -0.754032 0.578131 -0.515699 -0.385117 0.765336 -0.492165 -0.256007 0.832006 -0.575151 -0.379181 0.724861 0.910125 0.126383 -0.394589 0.987589 0.154038 0.030675 0.976780 0.103036 -0.187841 -0.580850 0.087029 0.809345 -0.519943 0.006596 0.854176 -0.427744 -0.077530 0.900569 -0.647780 -0.263910 0.714655 -0.709491 -0.280273 0.646582 -0.824929 -0.382916 0.415773 0.353440 -0.872961 -0.336183 0.184086 -0.901307 -0.392119 -0.638674 0.427056 0.640092 -0.616452 0.291134 0.731593 -0.653907 0.462162 0.599009 -0.179965 -0.524251 0.832330 -0.232472 -0.445657 0.864492 -0.176862 -0.471243 0.864089 0.675037 -0.634429 0.376597 0.576179 -0.617161 0.535845 0.664179 -0.604596 0.439694 -0.430667 -0.022176 0.902239 -0.569719 -0.006001 0.821818 -0.529727 -0.054144 0.846438 -0.413203 -0.081236 0.907008 -0.443310 -0.080990 0.892702 -0.316977 -0.170071 0.933060 -0.395861 0.902107 -0.171748 -0.326205 0.908002 -0.262912 -0.312449 0.897639 -0.310837 -0.420924 0.879390 -0.222477 -0.434129 0.885240 -0.166980 -0.314181 0.876244 -0.365357 
						-0.294287 0.866535 -0.403129 -0.339088 0.873345 -0.349696 -0.382724 0.904618 -0.187589 -0.467291 -0.289994 0.835190 -0.458106 -0.358487 0.813404 -0.501281 -0.332178 0.798984 -0.158698 -0.097974 -0.982454 -0.051916 0.142518 -0.988430 -0.024142 -0.151620 -0.988144 0.958734 0.257869 -0.119716 0.803921 0.368489 0.466826 0.879530 0.316770 0.355084 -0.665278 0.642571 -0.380142 -0.530069 0.641424 -0.554619 -0.553983 0.613915 -0.562326 0.521372 -0.294159 0.801025 0.535847 -0.195437 0.821384 0.401720 -0.279220 -0.872157 0.477265 -0.400615 -0.782129 0.467325 -0.394723 -0.791076 -0.878120 -0.019479 -0.478045 -0.962748 -0.009212 -0.270242 -0.860813 0.033534 -0.507815 -0.312634 -0.591051 0.743585 -0.154907 -0.529506 0.834043 -0.323843 -0.342922 0.881777 -0.976302 -0.172245 0.131022 -0.942893 -0.161009 0.291596 -0.991978 -0.120042 -0.039623 -0.666699 0.596787 0.446495 -0.642007 0.527190 0.556685 -0.641131 0.630604 0.437366 -0.053461 -0.719269 -0.692672 -0.174450 -0.667479 -0.723905 -0.057352 -0.528306 -0.847115 0.242784 0.434118 -0.867524 0.221166 0.550943 -0.804703 0.297482 0.496341 -0.815567 -0.552750 0.056855 0.831405 -0.424879 -0.115136 0.897898 -0.513843 0.013731 0.857774 -0.415569 0.245202 0.875887 -0.463834 0.114867 0.878444 -0.427130 0.129826 0.894821 -0.415956 -0.382553 -0.825005 -0.285729 -0.370117 -0.883953 -0.593419 -0.478275 -0.647384 -0.023923 -0.291714 0.956207 -0.182863 -0.185136 0.965549 0.019534 -0.291601 0.956341 0.331147 -0.372719 -0.866846 0.371447 -0.351862 -0.859197 0.387068 -0.256062 -0.885782 0.016836 0.111654 -0.993605 0.009145 0.126323 -0.991947 0.219519 0.071654 -0.972973 0.483932 -0.354926 0.799898 0.627181 -0.265143 0.732355 0.383794 -0.124277 0.915018 0.584172 -0.228334 0.778849 0.020900 0.951898 0.305701 0.257060 0.902264 0.346180 0.086527 0.814061 0.574298 -0.517495 -0.008686 -0.855642 
						-0.509626 -0.021137 -0.860136 -0.435629 -0.016323 -0.899978 -0.485335 -0.417251 0.768343 -0.443899 -0.426864 0.787871 -0.460605 -0.477515 0.748213 -0.406030 0.697087 0.590940 -0.354987 0.771003 0.528714 -0.304930 0.827025 0.472279 -0.803193 0.586721 -0.103150 -0.724609 0.588790 -0.358146 -0.815845 0.573897 -0.070981 -0.482590 -0.501805 -0.717843 -0.426924 -0.273548 -0.861921 -0.192411 -0.161455 -0.967941 -0.319660 0.262918 0.910325 -0.349437 0.286881 0.891960 -0.326592 0.239219 0.914392 0.442302 0.283322 -0.850940 0.458594 0.415597 -0.785475 0.584667 0.267914 -0.765759 -0.051258 0.664419 0.745601 -0.048953 0.616435 0.785882 -0.091449 0.648680 0.755547 0.591125 0.110723 -0.798944 0.506471 0.223119 -0.832889 0.683359 0.095024 -0.723872 -0.372359 0.184379 0.909589 -0.449848 -0.085837 0.888971 -0.350955 -0.032826 0.935817 -0.563349 0.053740 0.824470 -0.597494 0.118045 0.793137 -0.564829 0.072269 0.822037 0.004856 0.391570 -0.920136 -0.112026 0.526130 -0.842993 -0.054096 0.488044 -0.871141 0.351976 -0.207892 0.912630 0.210667 -0.183353 0.960209 0.236502 -0.196422 0.951570 -0.566180 -0.591341 0.574244 -0.502514 -0.864505 -0.010531 -0.335507 -0.620765 0.708580 -0.183594 -0.783182 -0.594069 -0.301802 -0.766609 -0.566768 -0.235427 -0.826724 -0.510981 -0.205121 -0.187137 0.960680 -0.839567 0.101166 0.533753 -0.580959 -0.008534 0.813888 -0.561673 0.036029 0.826575 -0.676952 0.397531 0.619439 -0.594810 0.306457 0.743159 -0.682665 0.389608 0.618202 -0.266868 -0.018300 0.963559 -0.396488 -0.046409 0.916866 -0.382374 -0.059904 0.922064 -0.439523 -0.031664 0.897673 -0.071203 -0.241101 0.967884 -0.157803 -0.187192 0.969566 0.669977 0.644259 -0.368865 0.641637 0.654556 -0.399823 -0.635694 0.339420 0.693317 -0.575798 0.178470 0.797876 -0.624817 0.273540 0.731286 -0.900643 0.029185 0.433579 -0.716137 0.057743 0.695567 
						-0.500431 -0.024871 0.865419 -0.233160 -0.101321 0.967146 -0.442821 -0.025503 0.896247 -0.326513 -0.091125 0.940790 0.619214 0.204660 0.758082 -0.658077 0.700720 0.275547 -0.141122 -0.189143 0.971756 -0.535688 0.038875 0.843521 -0.193148 -0.023326 -0.980892 -0.281024 0.014971 -0.959584 0.824440 -0.565738 -0.015490 0.799933 -0.582765 0.143148 0.824239 -0.565824 0.021737 0.599724 -0.217351 -0.770123 0.585938 -0.208251 -0.783140 0.673941 -0.317771 -0.666952 0.416779 -0.464651 0.781278 0.276065 -0.599311 0.751408 0.413418 -0.452132 0.790356 0.428713 0.036111 0.902719 0.156102 -0.025356 0.987415 0.178885 -0.032266 0.983341 0.509344 0.585217 0.630944 0.554344 0.494233 0.669654 0.386298 0.431406 0.815269 -0.053775 0.247997 -0.967267 -0.222045 0.403994 -0.887404 -0.116031 0.300390 -0.946733 -0.191213 -0.645792 -0.739183 -0.167965 -0.763571 -0.623496 0.713136 -0.249725 0.655038 -0.068490 0.972067 0.224488 -0.030618 0.984742 0.171308 -0.631914 0.065967 0.772226 -0.430870 -0.152017 0.889518 -0.701622 0.094535 0.706251 -0.369790 -0.534031 0.760307 -0.357015 -0.474970 0.804328 -0.372617 -0.541435 0.753661 0.863012 0.424168 0.274395 0.963817 0.234471 0.126810 0.379024 -0.620456 -0.686567 0.370691 -0.532077 -0.761237 0.321899 -0.643137 -0.694806 -0.733626 0.655626 0.178736 0.740635 -0.107189 -0.663302 0.623192 -0.098397 -0.775854 0.616396 -0.081138 -0.783245 0.550846 -0.833046 -0.051013 0.405884 -0.866159 -0.291594 -0.343801 -0.421302 -0.839229 -0.489743 -0.522561 -0.697913 -0.798462 -0.584908 -0.142620 -0.837977 -0.518500 0.170153 -0.735793 -0.562565 -0.376999 0.619565 -0.676026 -0.398909 0.664700 -0.639744 -0.385877 0.646135 -0.743249 -0.173465 -0.334904 0.092237 0.937727 -0.387794 0.058888 0.919863 -0.384269 -0.039798 0.922363 0.256775 0.560073 0.787645 0.301717 0.530533 0.792150 0.184665 0.591335 0.784998 
						-0.526192 0.038369 0.849500 -0.622229 0.160889 0.766124 -0.502718 0.008692 0.864407 -0.124895 0.172414 -0.977075 0.110269 0.033717 -0.993330 0.010717 0.086033 -0.996235 0.599154 -0.262719 -0.756303 0.801766 0.595390 -0.051791 0.908654 0.404579 0.103270 0.926049 0.338497 -0.166894 0.394868 -0.058144 -0.916896 0.344067 -0.124227 -0.930691 0.198337 0.012740 -0.980051 -0.677548 -0.174561 0.714463 -0.685677 -0.182267 0.704717 -0.689334 -0.264437 0.674456 0.824683 -0.534110 -0.186075 0.777751 -0.620891 -0.097966 0.801678 -0.588200 -0.106456 0.257637 0.738003 -0.623678 0.214151 0.753433 -0.621674 0.274311 0.516523 -0.811146 0.160830 0.628397 -0.761085 0.252273 0.554924 -0.792728 -0.065036 -0.266131 0.961741 0.725359 -0.445916 0.524416 0.622669 -0.473669 0.622833 0.698034 -0.375170 0.609914 -0.342118 -0.258134 0.903506 -0.430240 -0.087664 0.898448 -0.349041 -0.206721 0.914022 -0.711993 0.490996 0.501984 -0.787368 0.436054 0.435785 -0.733849 0.402750 0.547046 0.542131 -0.280841 0.791974 0.359060 -0.256589 0.897351 0.460921 -0.351506 0.814859 0.130818 0.028180 -0.991006 -0.008801 -0.041750 -0.999089 0.028537 0.016292 -0.999460 -0.422050 -0.448806 0.787685 -0.415465 -0.528315 0.740454 0.349729 0.747710 0.564464 0.497435 0.445691 0.744257 0.962226 -0.183119 -0.201467 0.974628 -0.200383 -0.099734 0.941494 -0.148015 -0.302787 -0.216459 -0.376922 -0.900597 -0.232206 -0.474603 -0.849018 -0.200033 -0.299261 -0.932968 0.668492 -0.075140 0.739914 0.723471 -0.025327 0.689890 0.804782 -0.060642 0.590464 0.053977 0.977760 0.202662 -0.030003 0.925282 0.378091 0.146035 0.918177 0.368273 -0.647775 -0.227849 0.726961 -0.681204 -0.237686 0.692435 -0.688280 -0.308679 0.656496 -0.826079 0.563411 -0.012743 -0.736927 0.593817 -0.322985 -0.807665 0.572886 -0.139568 0.914387 0.031437 -0.403619 0.809232 -0.092358 -0.580184 
						0.905687 -0.092788 -0.413669 0.872889 -0.481741 -0.077398 0.941995 -0.334854 -0.022748 0.899789 -0.271252 -0.341763 0.686219 0.674013 -0.273512 0.697891 0.701367 -0.145022 0.696419 0.702276 -0.147677 0.021184 -0.481588 0.876142 0.024444 -0.343395 0.938873 0.180978 -0.447984 0.875533 -0.546002 -0.563243 -0.620193 -0.567312 -0.356506 -0.742335 0.372327 -0.146636 -0.916444 0.424836 -0.233628 -0.874604 0.386598 -0.202079 -0.899837 0.152822 0.713509 -0.683777 0.079302 0.705566 -0.704193 0.089238 0.716725 -0.691622 0.901334 -0.432061 0.030353 0.807814 -0.589420 -0.004544 0.837759 -0.541614 0.069379 -0.825528 0.327681 -0.459487 -0.940003 0.318870 -0.121311 -0.862371 0.342941 -0.372435 -0.928076 -0.371503 0.025685 -0.896174 -0.385966 0.218865 -0.885144 -0.316009 0.341553 -0.160398 -0.239723 0.957499 -0.273601 -0.194527 0.941967 -0.485117 -0.000263 0.874449 -0.170228 -0.119157 0.978174 0.617727 0.785883 -0.028292 0.539395 0.840463 -0.051726 0.513513 0.838907 -0.180387 -0.338611 -0.920223 -0.196297 -0.366671 -0.916542 -0.159700 -0.380327 -0.903884 -0.195818 -0.574712 0.525926 0.626983 -0.672076 0.400004 0.623146 -0.557101 0.384853 0.735884 -0.121518 -0.807441 0.577298 -0.216414 -0.785939 0.579194 -0.159849 -0.717179 0.678309 0.325316 -0.086405 -0.941649 0.222813 0.040901 -0.974003 0.223332 0.008748 -0.974703 0.543960 -0.350138 0.762568 0.601476 -0.294311 0.742703 0.081230 0.537730 -0.839195 0.037664 0.635013 -0.771582 0.052292 0.594705 -0.802241 0.394791 -0.357226 -0.846481 0.388860 -0.304049 -0.869679 0.410080 -0.324307 -0.852443 0.915171 0.244506 0.320436 0.562768 0.213672 0.798521 0.558816 0.188816 0.807511 0.293544 -0.044032 -0.954931 0.456062 -0.153343 -0.876637 0.432002 -0.137132 -0.891386 -0.182031 0.951144 -0.249378 -0.219843 0.945011 -0.242123 -0.254536 0.964824 -0.065781 0.738195 0.317290 -0.595312 
						0.794949 0.469246 -0.384530 0.705414 0.283523 -0.649620 0.983463 -0.175046 0.046469 0.841130 -0.253095 0.477958 0.902460 -0.354865 0.244208 -0.373155 -0.365083 0.852919 -0.344710 -0.402093 0.848231 -0.349286 -0.453558 0.819930 -0.847606 0.368825 0.381486 -0.764010 0.247370 0.595900 -0.831561 0.419252 0.364327 -0.021079 0.551138 0.834148 0.210789 0.270738 0.939292 0.251939 0.014885 -0.967629 0.067182 0.125914 -0.989764 0.157869 0.074635 -0.984635 -0.266996 -0.927779 -0.260650 -0.340730 -0.888060 -0.308631 0.285536 0.158748 -0.945129 0.367538 0.024619 -0.929683 0.328461 0.064148 -0.942337 -0.920496 -0.279495 -0.273075 -0.954725 -0.247946 -0.164386 -0.846361 -0.220423 -0.484858 0.308182 0.102933 -0.945742 0.299262 0.004690 -0.954159 0.379818 -0.004075 -0.925052 -0.504377 0.642533 0.576849 -0.572722 0.566135 0.592858 -0.600245 0.555885 0.575064 -0.978520 0.077975 0.190837 -0.993770 0.035236 0.105731 -0.995903 0.079525 0.043040 -0.414771 -0.105244 0.903819 -0.588477 -0.137649 0.796710 -0.351484 -0.096746 0.931182 -0.236678 -0.720005 -0.652362 -0.101151 -0.576955 -0.810488 -0.176092 -0.663750 -0.726930 -0.075077 0.164023 -0.983595 -0.132320 0.154920 -0.979026 0.132024 -0.000324 -0.991246 -0.079671 -0.266506 0.960535 -0.278371 -0.182846 0.942909 -0.253374 -0.183163 0.949870 -0.173552 -0.140249 0.974787 -0.095155 -0.190503 0.977064 -0.050462 -0.169298 0.984272 -0.061589 0.815255 -0.575817 -0.174806 0.894749 -0.410935 -0.162067 0.884961 -0.436554 0.419463 -0.226188 -0.879141 0.436582 -0.239875 -0.867096 0.458011 -0.329894 0.825467 0.305322 -0.295277 0.905312 0.381032 -0.289283 0.878140 -0.521743 -0.130661 0.843037 -0.743574 -0.136606 0.654550 -0.770362 -0.131911 0.623812 -0.139737 -0.321544 -0.936527 -0.234503 -0.352009 -0.906145 -0.243238 -0.416348 -0.876065 -0.427729 -0.321730 0.844712 -0.301893 -0.227238 0.925864 
						-0.548626 -0.378394 0.745538 0.785838 -0.615727 0.057791 -0.083508 -0.338913 0.937104 0.317468 0.042831 -0.947301 0.482167 -0.129632 -0.866436 0.334503 -0.096630 -0.937427 0.002956 0.078308 -0.996925 0.045028 -0.026085 -0.998645 0.039832 0.021772 -0.998969 0.333584 0.198068 0.921678 0.330074 0.150467 0.931886 0.683336 -0.295679 0.667552 0.758834 -0.243713 0.603966 0.548952 0.781132 -0.297465 0.488942 0.860838 -0.141045 0.621727 0.779951 -0.071634 0.106523 0.826196 -0.553220 0.160878 0.798041 -0.580731 0.148607 0.834955 -0.529874 0.847756 0.217797 0.483606 0.542236 0.128175 0.830392 0.597095 0.125276 0.792328 -0.112164 -0.124238 0.985893 -0.182523 -0.111868 0.976817 -0.289141 -0.145319 0.946192 -0.319169 -0.765123 -0.559212 -0.175751 -0.752345 -0.634893 0.780097 0.200163 -0.592777 0.806252 0.149421 -0.572390 0.963454 0.075169 -0.257111 0.000321 0.295256 -0.955418 0.121827 0.250161 -0.960509 0.008063 0.209042 -0.977873 0.024551 0.927852 -0.372140 -0.119711 0.970476 -0.209391 -0.055363 0.936091 -0.347375 0.280352 0.009901 -0.959846 0.221292 0.022577 -0.974946 0.065161 0.161828 -0.984665 -0.019710 -0.296226 -0.954914 0.078403 -0.180172 -0.980505 0.123155 -0.191383 -0.973758 0.398579 0.076839 -0.913910 0.345859 0.040136 -0.937428 0.459738 0.202876 -0.864570 0.049757 0.629955 0.775036 -0.132818 0.699366 0.702315 -0.107954 0.714315 0.691448 0.820468 0.234145 0.521545 0.930193 0.221920 0.292392 0.982863 0.180416 -0.037825 0.218424 -0.885203 0.410739 0.203290 -0.931601 0.301320 0.071984 -0.943666 0.322974 -0.193228 0.959564 0.204698 -0.210829 0.897635 0.387044 -0.073928 0.982437 0.171327 -0.013026 0.182826 -0.983059 0.184031 0.048767 -0.981710 0.000200 0.246546 -0.969131 0.294078 -0.046940 -0.954628 0.305489 -0.044082 -0.951175 0.388387 0.052307 -0.920010 -0.658273 -0.693778 -0.292145 
						-0.787266 -0.615031 0.044147 -0.733178 -0.673569 -0.093571 -0.600539 -0.113800 0.791456 -0.567195 -0.057725 0.821558 -0.527518 0.034575 0.848840 -0.468202 0.538962 0.700220 -0.483871 0.503973 0.715458 -0.469327 0.434876 0.768515 -0.088501 -0.110467 0.989932 -0.063015 -0.076100 0.995107 -0.066082 -0.135507 0.988570 -0.326606 0.679649 -0.656815 -0.281987 0.663854 -0.692662 -0.281358 0.654495 -0.701764 0.299394 -0.392839 0.869506 0.267134 0.071840 -0.960978 0.352356 0.104099 -0.930059 0.295939 0.068319 -0.952761 -0.476236 0.034320 0.878648 -0.387147 0.173448 0.905557 -0.290106 0.853272 -0.433319 -0.235906 0.841708 -0.485670 -0.312424 0.240459 -0.919005 -0.384544 0.284235 -0.878258 -0.293986 0.262268 -0.919123 -0.602146 0.605244 0.520673 -0.046430 0.666110 -0.744407 -0.076402 0.708773 -0.701288 -0.013971 0.672692 -0.739791 -0.176094 -0.096042 0.979677 -0.159459 -0.200551 0.966619 -0.219290 -0.226134 0.949092 0.553098 -0.048346 -0.831712 0.595944 0.011832 -0.802939 0.634508 0.135233 -0.760994 -0.388309 0.112579 0.914627 -0.014625 -0.300743 0.953593 0.003725 -0.295177 0.955435 0.233470 0.012014 -0.972290 0.229145 0.039671 -0.972584 0.071243 -0.064673 -0.995360 0.889396 -0.206853 -0.407659 0.911276 -0.264513 -0.315609 0.936959 -0.276131 -0.214148 0.794378 -0.391225 0.464658 0.707002 -0.386593 0.592195 0.841283 -0.391878 0.372390 0.752501 -0.001391 -0.658590 0.780875 -0.001203 -0.624687 0.733796 0.012726 -0.679250 -0.585543 -0.244798 0.772796 -0.401404 0.000878 0.915901 -0.527887 -0.092013 0.844316 -0.746809 -0.661330 -0.070136 -0.703920 -0.525869 0.477451 -0.736968 -0.673160 -0.061108 -0.679171 0.305614 0.667328 -0.699049 0.295352 0.651228 -0.626258 0.166631 0.761600 0.650757 -0.445606 -0.614777 0.755238 -0.464180 -0.462766 0.656082 -0.456014 -0.601338 -0.556684 -0.324586 0.764687 -0.530120 -0.385276 0.755337 
						-0.595411 -0.374890 0.710594 0.427438 0.874066 0.230879 0.210392 0.909498 0.358537 0.435358 0.895710 0.090369 0.080113 -0.889985 0.448898 -0.000672 -0.926684 0.375840 0.040196 -0.903338 0.427043 -0.383519 -0.093736 0.918764 -0.543876 0.013860 0.839051 -0.393758 -0.057486 0.917415 0.664301 -0.636490 0.391899 -0.696346 0.114908 0.708448 -0.845188 0.182270 0.502429 -0.909422 0.191209 0.369312 -0.522437 0.267945 0.809485 -0.552225 0.347033 0.758034 -0.496565 0.179234 0.849293 -0.483393 0.052880 0.873805 -0.353965 0.100007 0.929896 0.827874 -0.493903 -0.265866 0.937264 -0.282687 -0.204022 0.841896 -0.517322 -0.153586 -0.736208 0.193988 0.648357 -0.827359 0.342506 0.445160 -0.840728 0.346913 0.415727 -0.926360 -0.035004 -0.375009 -0.997577 -0.048265 -0.050105 -0.985648 -0.037121 -0.164680 0.462331 0.390054 -0.796309 0.422385 0.506909 -0.751422 0.513829 0.483818 -0.708449 0.656804 -0.545994 0.520095 0.246070 0.204745 -0.947380 0.199888 0.251096 -0.947099 0.162680 0.211494 -0.963746 -0.785808 0.178950 0.592015 -0.881306 0.266836 0.389997 -0.915825 0.288712 0.279124 -0.896047 -0.058535 -0.440083 0.732624 -0.585368 0.347284 0.715870 -0.580939 0.387351 0.128028 -0.889396 -0.438844 0.016820 -0.937844 -0.346649 0.138412 -0.940686 -0.309761 0.928912 -0.368099 0.040323 0.884687 -0.398945 0.241186 0.935649 -0.350034 -0.045135 -0.010218 -0.958019 -0.286521 -0.163949 -0.898861 -0.406412 0.072194 -0.880287 -0.468916 -0.656862 -0.544969 -0.521096 -0.827653 0.437358 0.351722 -0.836392 0.422381 0.349347 -0.789845 0.350853 0.503038 -0.613603 -0.432969 -0.660325 0.485753 0.829599 -0.275336 0.444922 0.852382 -0.274753 0.502976 0.848601 -0.163982 0.410380 -0.058573 -0.910032 0.370169 0.003822 -0.928957 0.304447 0.037555 -0.951789 0.333466 -0.042926 -0.941785 0.158720 0.134760 -0.978084 0.226832 0.068774 -0.971503 
						-0.764501 0.068379 0.640985 -0.852579 0.099802 0.512980 -0.899002 0.109640 0.423997 0.076087 -0.092980 0.992757 -0.059227 -0.088206 0.994340 -0.101043 -0.096879 0.990154 -0.302952 0.667517 -0.680177 -0.259357 0.628096 -0.733642 -0.266203 0.668959 -0.693995 -0.064270 -0.785013 -0.616136 -0.071603 -0.828358 -0.555605 -0.699256 0.102786 0.707443 -0.829192 0.168704 0.532897 -0.610559 0.044197 0.790737 -0.541685 -0.170031 0.823205 -0.336830 -0.073063 0.938726 -0.356914 -0.052755 0.932646 0.404195 0.211351 -0.889920 0.262237 0.152238 -0.952919 0.202009 0.238765 -0.949833 0.239653 0.602649 -0.761170 0.314710 0.534754 -0.784216 0.399561 0.707198 0.583286 0.274172 0.649002 0.709666 0.439080 0.643794 0.626688 0.315288 0.112507 -0.942303 0.295150 0.137855 -0.945454 0.358076 0.201657 -0.911656 0.469215 -0.133798 0.872889 0.408707 -0.264532 0.873488 0.059831 -0.163598 -0.984711 -0.012622 -0.286376 -0.958034 -0.885931 0.339998 0.315479 -0.860516 0.231769 0.453646 -0.931924 0.296696 0.208542 -0.306597 0.266811 -0.913680 -0.209865 0.212538 -0.954350 -0.029190 0.171477 -0.984756 0.796533 -0.597558 0.091981 0.721848 -0.642472 0.257224 0.786676 -0.613401 0.069854 0.250181 -0.046010 0.967105 -0.996270 0.009070 0.085809 -0.946005 0.005370 0.324106 -0.977487 0.034486 0.208158 -0.699392 -0.700184 0.143503 -0.739875 -0.659758 -0.131548 -0.693574 -0.681775 -0.232677 0.202329 0.324664 -0.923935 0.225301 0.421906 -0.878200 0.254261 0.337930 -0.906176 -0.098705 -0.619242 0.778971 -0.120879 -0.543117 0.830911 -0.037867 -0.655483 0.754260 0.222697 -0.841326 0.492520 0.410359 -0.871892 0.267226 -0.070247 -0.722155 0.688156 0.036943 -0.754021 0.655811 0.402025 -0.434524 0.805956 0.348863 -0.376814 0.858083 0.317702 0.070788 -0.945544 0.365203 0.142845 -0.919903 0.318409 -0.073819 -0.945075 0.284570 -0.480157 -0.829740 
						-0.995743 -0.075240 -0.053245 -0.944675 -0.086005 -0.316533 0.461861 -0.400496 0.791383 0.503452 -0.374061 0.778854 0.665668 -0.455388 0.591192 0.623623 -0.215331 0.751484 -0.244560 0.937682 -0.246865 -0.282285 0.948840 -0.141484 -0.185711 0.926880 -0.326199 -0.545156 -0.146368 0.825458 -0.636936 -0.306450 0.707391 -0.579505 -0.259435 0.772572 -0.037932 -0.201648 -0.978723 -0.015248 -0.011388 -0.999819 0.202755 0.277529 -0.939078 0.266543 0.160538 -0.950359 0.181250 -0.014901 -0.983324 0.193297 0.132680 -0.972128 0.275934 -0.008968 -0.961135 -0.525137 -0.128116 -0.841319 -0.505217 -0.089347 -0.858355 -0.392349 -0.135638 -0.909761 -0.129591 -0.116264 0.984728 -0.249727 -0.097568 0.963388 -0.155140 -0.053192 0.986459 0.866305 0.127596 -0.482945 0.661079 0.065265 -0.747472 0.766420 0.108841 -0.633052 -0.756095 -0.173201 0.631127 -0.579962 0.042881 0.813514 -0.711694 0.163467 0.683206 -0.597300 0.064046 0.799457 0.915171 0.244506 0.320436 0.967126 0.234463 0.098461 0.562768 0.213672 0.798521 -0.665432 -0.129606 0.735121 -0.658249 -0.168205 0.733768 -0.633450 -0.202115 0.746921 0.285437 0.553204 0.782618 0.289156 0.587072 0.756131 0.218928 0.593267 0.774664 0.936092 -0.347474 0.054718 0.942846 -0.330647 0.041409 0.934303 -0.355537 0.025913 -0.131604 0.237496 -0.962432 0.059237 0.163106 -0.984829 0.004685 0.156013 -0.987744 0.903664 0.371924 -0.212282 0.926551 0.285289 -0.245181 0.889312 0.381739 -0.251794 0.150714 0.255011 -0.955120 0.337320 -0.046649 -0.940234 0.316344 0.036363 -0.947947 -0.326042 -0.507199 -0.797776 -0.474099 -0.566963 -0.673635 -0.247058 -0.432161 -0.867294 0.792806 0.393434 -0.465476 0.404041 -0.145776 -0.903050 0.371702 -0.124060 -0.920025 0.711432 -0.071810 -0.699076 0.729422 -0.114475 -0.674418 0.848990 -0.114041 -0.515957 -0.658273 -0.693778 -0.292145 -0.590535 -0.744730 -0.310878 
						-0.471197 -0.697369 -0.540047 0.433262 -0.067167 -0.898762 0.436279 -0.055672 -0.898088 0.549761 -0.070720 -0.832323 0.379020 0.202610 -0.902936 0.265482 0.062604 -0.962081 0.344270 0.182253 -0.921011 -0.655757 -0.267115 0.706139 -0.625358 -0.197556 0.754917 0.614037 -0.788492 0.035193 0.607594 -0.775243 0.172705 0.656443 -0.754310 -0.009944 0.159180 -0.001223 -0.987249 0.967261 -0.244416 -0.068309 0.918239 -0.272163 0.287687 0.966471 -0.233364 0.107124 0.525272 0.010151 -0.850873 0.390560 -0.040626 -0.919681 0.375789 -0.024725 -0.926375 0.203073 0.172268 -0.963891 0.400938 -0.114050 -0.908978 0.301685 0.037112 -0.952685 0.991218 0.131173 -0.016754 0.742810 -0.035479 0.668562 -0.682361 0.244521 0.688907 -0.763543 0.348307 0.543769 -0.757991 0.322779 0.566801 -0.798032 -0.152947 0.582882 -0.812971 -0.120423 0.569716 -0.785891 -0.282326 0.550152 0.297853 0.118034 -0.947286 0.271818 0.100504 -0.957086 0.430232 0.200914 -0.880076 -0.290201 0.353756 0.889179 -0.295268 0.406444 0.864650 -0.363752 0.281540 0.887930 0.282671 -0.327528 -0.901567 0.594905 -0.233945 -0.768998 0.520450 -0.185646 -0.833467 0.639994 -0.275690 -0.717218 0.509566 -0.145603 -0.848023 0.839949 0.540485 0.048597 0.855512 0.506821 0.105975 0.803144 0.593732 0.049417 -0.682984 0.301462 0.665322 -0.538045 0.064477 0.840446 0.300674 0.905378 -0.299811 0.241884 0.952639 -0.184313 0.357281 0.917518 -0.174676 -0.437094 0.561414 0.702683 -0.431078 0.460248 0.776108 -0.406566 0.558863 0.722755 -0.313716 0.487412 0.814869 -0.376804 0.366202 0.850832 -0.380476 0.166893 0.909607 -0.343573 0.661873 0.666245 -0.350954 0.638047 0.685367 -0.352225 0.580921 0.733804 -0.768801 0.412254 -0.488868 -0.875650 0.423852 -0.231487 -0.841340 0.439427 -0.314723 -0.463932 0.266283 0.844903 -0.460432 0.159162 0.873310 -0.447881 0.170130 0.877757 
						0.388102 -0.516475 -0.763302 0.727512 -0.658603 -0.192272 0.197822 -0.958466 -0.205448 -0.039925 -0.105502 -0.993617 -0.393838 -0.177090 -0.901959 -0.272015 -0.142936 -0.951618 0.370201 -0.462935 -0.805384 0.400393 -0.358438 -0.843331 0.349195 -0.327798 -0.877845 0.264085 0.156611 0.951700 0.058695 0.216820 0.974446 0.356844 0.149267 0.922161 -0.072063 0.059724 -0.995610 0.056162 0.016698 -0.998282 -0.047989 0.156265 -0.986549 0.128429 0.049152 -0.990500 -0.609324 0.024555 0.792541 -0.725168 0.168005 0.667762 -0.822354 0.263251 0.504413 -0.691610 0.123162 0.711693 0.978049 -0.037246 -0.205018 0.964038 -0.142141 -0.224558 0.959575 -0.085499 -0.268154 0.703542 0.053733 -0.708619 0.584223 0.017691 -0.811400 0.542852 0.006344 -0.839804 0.957202 0.268374 -0.108350 0.959875 0.181992 0.213352 0.940755 0.324554 0.098207 0.360111 -0.052524 -0.931430 0.414331 -0.271600 -0.868656 0.399439 -0.147812 -0.904765 0.793926 -0.514318 0.324281 0.773359 -0.580870 0.253981 0.879461 -0.439895 0.181771 -0.395024 -0.023052 0.918382 -0.386468 0.039084 0.921474 -0.408423 -0.058547 0.910913 0.800940 0.085188 -0.592653 0.654109 0.047045 -0.754936 0.652199 0.046543 -0.756617 -0.342593 -0.360675 0.867493 -0.286087 -0.493819 0.821156 0.372986 -0.164472 -0.913143 0.401842 -0.176932 -0.898453 0.380382 -0.255301 -0.888893 0.173390 0.061105 0.982956 -0.072336 -0.102997 0.992048 -0.797602 -0.009697 0.603107 -0.934830 -0.000426 0.355094 -0.788431 -0.060936 0.612097 -0.689002 0.352654 0.633176 -0.623620 0.202312 0.755094 -0.945430 0.035034 0.323937 -0.986107 0.072261 0.149569 -0.998717 0.050079 0.007488 0.292853 -0.117608 -0.948897 0.368705 0.027496 -0.929140 0.368276 0.018023 -0.929542 0.322289 -0.162595 -0.932573 0.385876 -0.269513 -0.882305 0.232132 -0.218189 -0.947897 0.382073 0.129057 -0.915076 0.434399 0.208971 -0.876144 
						0.473846 -0.233993 0.848951 0.975000 -0.216818 0.048639 0.987940 -0.140771 0.064484 0.986460 -0.122514 0.109025 -0.432613 -0.243378 0.868109 -0.187418 -0.295795 0.936686 -0.257705 -0.301227 0.918069 -0.296648 -0.247270 0.922419 -0.374470 0.785635 -0.492494 -0.460512 0.815969 -0.349462 -0.427623 0.829513 -0.359231 0.964438 -0.218681 -0.148456 0.932797 -0.266598 -0.242518 0.894776 -0.262432 -0.361254 -0.265047 -0.507268 0.820018 -0.273703 -0.410714 0.869713 -0.223250 -0.506639 0.832752 -0.022616 0.829224 -0.558458 -0.039088 0.856011 -0.515477 0.018053 0.805977 -0.591671 0.354685 -0.145577 -0.923583 0.400731 -0.142704 -0.905014 0.204124 -0.004746 -0.978934 -0.594211 -0.051833 0.802637 -0.089283 -0.105300 -0.990424 0.106333 -0.100090 -0.989280 -0.151111 -0.060089 -0.986689 0.174141 0.110631 -0.978486 0.189522 0.153672 -0.969776 0.141001 0.160520 -0.976909 -0.738382 0.616699 -0.272901 -0.811139 0.580324 -0.072648 -0.530096 0.012623 -0.847844 -0.247492 0.016934 -0.968742 -0.203345 -0.020097 -0.978901 -0.836534 0.044551 0.546101 -0.401170 -0.151652 0.903363 -0.574237 -0.024874 0.818311 0.636316 0.722436 -0.270535 0.562327 0.813685 -0.147327 0.593663 0.752023 -0.286401 -0.512542 0.005728 0.858643 -0.402030 0.196341 0.894328 -0.394344 0.118730 0.911261 0.304286 0.867698 -0.393077 0.403763 0.870179 -0.282426 0.488493 -0.352661 0.798126 -0.300520 0.202464 0.932039 -0.324403 0.150898 0.933805 -0.307195 0.127536 0.943062 0.375012 -0.056879 -0.925273 0.390140 0.144123 -0.909406 0.322037 0.036050 -0.946041 0.876426 -0.289241 0.384990 0.780043 -0.272782 0.563137 0.918239 -0.272163 0.287687 0.701994 -0.380202 -0.602205 -0.639435 -0.386047 0.664899 -0.592141 -0.328030 0.736047 -0.615712 0.360844 -0.700493 -0.499956 0.338869 -0.797002 -0.476108 0.293522 -0.828955 0.368425 -0.105259 -0.923679 0.387572 -0.842237 -0.374733 
						0.311261 -0.940905 -0.133474 0.962755 0.029389 -0.268772 0.956163 0.143046 -0.255519 0.968552 0.106859 -0.224694 -0.382722 -0.514189 0.767550 -0.465751 -0.534553 0.705215 0.076286 0.158229 -0.984451 0.971216 -0.116518 -0.207757 0.867585 -0.108025 -0.485414 0.887846 -0.125244 -0.442768 0.372819 0.691291 -0.618970 0.535735 0.612651 -0.581074 0.486745 0.543660 -0.683749 0.532366 -0.402752 0.744565 -0.200342 0.449471 -0.870539 -0.413584 0.026204 0.910089 -0.393482 -0.198161 0.897721 -0.442636 -0.065657 0.894294 -0.106589 -0.158740 0.981550 0.279275 0.713743 -0.642321 0.214350 0.788907 -0.575917 0.244179 0.664134 -0.706613 0.421086 0.032453 -0.906440 0.457280 -0.047981 -0.888028 0.562767 -0.029273 -0.826097 0.425123 0.122077 0.896865 -0.130745 -0.128812 -0.983012 -0.094731 -0.122543 -0.987932 -0.090285 -0.105015 -0.990364 -0.928277 -0.016075 0.371542 -0.931409 -0.059486 0.359079 -0.997042 -0.042381 0.064121 -0.829269 -0.397956 -0.392358 -0.924727 -0.379964 -0.022523 -0.812031 -0.397488 -0.427329 0.310900 0.064223 -0.948270 0.327824 0.063456 -0.942605 0.300991 -0.001186 -0.953626 -0.416515 -0.467961 0.779441 0.367069 -0.008587 0.930154 0.390674 -0.142223 -0.909476 0.312633 0.166352 -0.935194 0.332797 0.312871 -0.889583 0.405366 0.211753 -0.889291 -0.288640 0.833590 -0.470971 -0.597537 0.499425 -0.627316 -0.633962 0.550116 -0.543567 -0.516012 0.482310 -0.707890 -0.375048 0.314476 -0.872034 -0.331071 0.305656 -0.892729 -0.232553 0.246748 -0.940763 -0.892156 -0.355320 -0.278934 -0.913190 -0.337758 -0.228042 -0.597464 -0.382166 0.704973 -0.730100 -0.409331 0.547177 -0.745628 -0.535285 0.396874 -0.562310 -0.148942 0.813402 -0.427129 -0.085052 0.900182 -0.601231 -0.117658 0.790366 -0.296939 -0.647720 0.701631 -0.243610 -0.589388 0.770244 -0.221497 -0.706371 0.672294 0.251467 0.957655 -0.140216 0.072386 0.988342 -0.133940 
						-0.620649 -0.768675 0.154705 -0.640898 -0.767167 -0.026561 -0.637106 -0.769936 0.035987 0.594178 -0.324994 0.735752 0.645334 -0.334544 0.686749 0.665693 0.357075 -0.655248 0.495445 0.514181 -0.700109 0.215322 -0.049653 -0.975280 0.266885 0.042000 -0.962813 0.202455 -0.089070 -0.975232 -0.365935 0.148328 0.918744 -0.433600 0.144381 0.889463 -0.429510 0.081492 0.899378 0.138583 0.989347 -0.044580 0.178512 0.982979 0.043437 0.228300 0.943214 -0.241301 0.066182 0.087271 -0.993984 0.078041 0.076523 -0.994009 -0.582491 0.759259 0.290224 -0.615062 0.755744 0.224835 -0.481602 0.731505 0.482659 0.656568 -0.258863 0.708455 0.881028 -0.345110 0.323555 0.196969 -0.211469 -0.957332 0.343916 -0.187582 -0.920073 0.518877 -0.325745 0.790352 -0.751293 0.053457 0.657800 -0.900108 0.072891 0.429525 -0.893513 0.141259 0.426239 -0.160557 -0.710278 -0.685366 -0.207624 -0.770629 -0.602514 -0.557267 -0.279887 0.781740 -0.562456 -0.199678 0.802354 -0.548681 -0.249384 0.797970 0.601137 0.197064 -0.774468 0.805794 0.221870 -0.549063 0.746231 0.177424 -0.641607 0.139479 0.054384 0.988731 -0.002149 -0.025961 0.999661 -0.086598 -0.088155 0.992335 -0.005539 -0.001570 -0.999983 0.071173 0.029710 -0.997021 0.015102 0.037282 -0.999191 0.262370 0.191332 -0.945809 0.232802 0.396006 -0.888247 0.317861 0.189809 -0.928944 -0.445386 -0.835424 0.322022 -0.498039 -0.735161 0.459886 -0.444401 -0.732438 0.515793 -0.891774 -0.104488 0.440252 -0.987796 -0.006308 0.155624 0.145142 -0.662115 -0.735213 0.232808 0.325281 -0.916511 0.224074 0.314709 -0.922361 0.306667 0.093226 -0.947240 -0.240261 -0.595818 -0.766339 -0.327328 -0.730831 -0.598951 -0.483667 -0.029960 0.874739 -0.432034 0.034111 0.901212 -0.461034 -0.074950 0.884212 0.431229 -0.257697 -0.864658 0.477988 -0.222805 -0.849639 0.429671 -0.260891 -0.864476 0.341091 0.550666 -0.761855 
						0.283712 0.579563 -0.763946 0.369640 0.542307 -0.754500 -0.826391 0.063155 -0.559544 -0.972132 0.034515 -0.231879 -0.919667 0.078490 -0.384776 0.746388 -0.421637 -0.514905 0.813168 -0.501022 -0.296201 0.778468 -0.397018 -0.486172 0.695950 -0.713369 0.082208 0.706369 -0.707688 0.014846 0.606752 -0.746479 0.273169 -0.412763 -0.103068 0.904988 -0.452585 -0.224863 0.862904 0.366804 -0.140406 -0.919642 -0.030758 -0.151010 -0.988054 -0.029460 -0.139977 -0.989716 -0.240940 0.190166 0.951727 -0.269500 0.145467 0.951950 -0.300006 0.138868 0.943775 -0.007382 0.028033 -0.999580 -0.992610 0.108170 -0.055000 -0.976073 0.078839 -0.202647 -0.228640 -0.452324 -0.862048 -0.163186 -0.255773 -0.952864 -0.216103 -0.215056 -0.952392 0.980613 0.035884 -0.192640 0.991842 -0.043631 -0.119771 -0.350057 0.820684 0.451595 -0.474107 0.235438 0.848405 -0.465397 0.183194 0.865936 -0.479523 0.154578 0.863807 -0.681184 0.701929 0.208046 0.091620 0.097538 -0.991006 -0.052084 0.206633 -0.977031 -0.720967 0.396799 0.568117 -0.740745 0.474800 0.475248 0.754712 0.604978 -0.253795 0.004874 0.713663 -0.700472 -0.094154 0.802218 -0.589560 -0.022508 0.756520 -0.653583 -0.728987 0.661092 -0.177585 -0.632315 0.701196 -0.329396 0.153570 -0.022189 -0.987889 0.183175 0.003101 -0.983075 0.368360 -0.048673 -0.928408 0.417146 -0.190402 -0.888671 0.444505 0.058896 -0.893838 -0.660012 0.366754 0.655649 0.320712 -0.009679 -0.947127 0.270589 0.026338 -0.962335 0.311759 -0.091057 -0.945788 -0.308416 -0.103356 0.945620 -0.652449 -0.066320 0.754925 0.246592 0.005424 -0.969104 0.312747 -0.018952 -0.949648 -0.172932 0.257446 0.950692 -0.073065 0.180688 0.980823 -0.041457 0.091604 0.994932 0.991451 0.130204 -0.008465 0.980493 0.094909 -0.172122 -0.743877 0.252237 0.618889 -0.716219 0.247057 0.652681 -0.217277 0.446977 -0.867757 0.437360 -0.201630 0.876391 
						-0.725351 -0.630370 0.276586 -0.758541 -0.648847 0.060109 -0.772924 -0.633018 -0.043327 0.943737 -0.318331 -0.089588 0.959546 -0.276726 0.051901 -0.409142 0.102535 -0.906691 -0.458371 0.094076 -0.883768 0.091262 -0.097577 -0.991035 0.170323 0.002101 -0.985386 0.090118 -0.084001 -0.992382 0.603344 -0.488612 -0.630266 0.670595 -0.545685 -0.502523 0.683035 -0.468976 -0.559933 0.385547 0.083320 -0.918919 0.306413 0.120910 -0.944189 0.316098 0.053713 -0.947205 0.151425 -0.001229 0.988468 0.122890 0.074176 0.989644 -0.480289 0.706018 0.520443 -0.449308 0.830449 0.329359 -0.480046 0.682933 0.550598 0.202755 -0.855677 0.476138 0.110940 -0.881160 0.459619 0.222504 -0.854749 0.468931 0.441254 0.042943 -0.896354 0.338116 0.089298 -0.936858 0.555622 0.095019 -0.825987 0.223413 0.213395 -0.951078 0.342393 -0.017531 -0.939393 0.577694 -0.618591 -0.532554 0.636408 -0.694181 -0.336300 -0.952937 -0.104212 -0.284694 -0.552924 0.207497 0.806982 -0.630089 0.420166 0.653031 -0.556306 0.183797 0.810396 -0.518088 0.720314 0.461230 0.171148 0.802471 -0.571619 0.216368 0.861889 -0.458620 -0.410952 -0.221723 0.884283 -0.227106 0.964712 0.133240 -0.198435 0.979790 -0.025189 0.345545 -0.052673 -0.936923 0.279375 0.003043 -0.960177 0.378290 -0.070510 -0.922998 -0.165268 0.761559 -0.626670 -0.250903 0.834238 -0.491013 -0.179709 0.780672 -0.598544 -0.665510 0.149792 0.731203 -0.560310 0.020142 0.828038 -0.714483 0.227736 0.661552 0.751844 -0.153267 0.641280 0.524069 -0.132695 0.841275 0.693287 -0.131664 0.708532 0.881575 -0.471475 -0.023171 0.906605 -0.407557 -0.109378 0.868816 -0.436048 -0.234564 -0.841554 0.511149 0.174681 0.914600 0.365848 0.172226 0.967027 0.254614 -0.005550 0.935231 0.353294 -0.022965 0.742023 0.031082 0.669653 0.702546 -0.051929 0.709741 0.679720 0.298237 0.670101 0.474695 0.053374 0.878531 
						0.200708 -0.064833 -0.977503 0.055649 -0.098185 -0.993611 -0.002746 -0.174615 -0.984633 0.715981 0.449482 0.534169 0.611362 0.242152 0.753392 0.509082 0.339108 0.791101 0.237846 -0.136478 -0.961667 0.071984 -0.194083 -0.978341 0.233402 -0.116162 -0.965417 0.310834 -0.057906 -0.948699 0.314866 -0.020089 -0.948924 0.377635 -0.162748 -0.911540 0.217886 -0.060750 -0.974082 0.070839 -0.113708 -0.990986 0.160330 0.016105 -0.986932 -0.640549 0.342171 0.687471 -0.590066 0.201897 0.781703 -0.592245 0.266073 0.760560 0.297777 0.126816 -0.946175 0.245641 0.053586 -0.967879 0.261652 0.025444 -0.964827 0.463110 -0.223384 -0.857688 0.516336 -0.142101 -0.844514 0.366985 -0.101588 -0.924663 0.474678 0.065563 -0.877714 0.413618 0.057310 -0.908645 0.447909 0.036137 -0.893349 -0.338269 -0.151711 0.928740 -0.358753 -0.181390 0.915639 -0.679073 -0.222037 0.699685 -0.685324 -0.202326 0.699568 0.014007 0.442914 -0.896455 -0.425501 -0.114095 0.897737 -0.252171 -0.257513 0.932790 0.866523 -0.420652 0.268682 0.825310 -0.517654 0.225606 0.795403 -0.501941 0.339689 -0.094059 -0.883926 -0.458070 -0.309902 -0.911238 -0.271306 -0.259829 -0.797360 -0.544707 0.330792 0.011805 -0.943630 0.261875 0.043814 -0.964107 0.498486 0.242124 -0.832399 0.229303 -0.000887 -0.973355 0.346182 -0.074320 -0.935219 -0.366254 -0.061978 0.928449 -0.221036 -0.278752 0.934580 0.282443 -0.599661 -0.748754 0.226847 -0.743362 -0.629248 -0.104615 0.698832 0.707594 -0.202041 0.576448 0.791762 -0.244250 0.663608 0.707083 0.750243 -0.496296 0.436835 0.725578 -0.572674 0.381550 0.376608 0.693237 0.614482 0.421584 0.705768 0.569348 0.631630 0.746734 0.208402 -0.178006 -0.260339 0.948967 -0.280668 -0.151582 0.947760 -0.178022 -0.209216 0.961528 0.721534 -0.230762 0.652792 0.595558 -0.234866 0.768211 0.465657 -0.201692 0.861675 -0.255021 -0.074237 0.964082 
						-0.314945 -0.086692 0.945143 -0.614711 -0.034619 0.787993 -0.364895 0.242647 -0.898874 0.319403 0.428200 -0.845356 0.379694 0.521837 -0.763884 0.349665 0.500238 -0.792147 0.342178 -0.521911 -0.781359 0.212172 -0.819394 -0.532519 0.190511 -0.730686 -0.655593 -0.391261 -0.109140 0.913785 -0.594880 -0.089319 0.798837 -0.591110 -0.158249 0.790915 0.972182 -0.148956 -0.180759 0.946966 -0.167594 -0.274167 0.983578 0.067749 -0.167287 0.579878 -0.803227 0.136265 0.400217 0.774565 -0.489771 0.483172 0.730454 -0.482683 0.572918 0.703044 -0.421300 -0.124646 -0.392944 -0.911075 -0.590691 -0.633580 -0.499661 -0.474099 -0.566963 -0.673635 -0.665651 -0.732533 0.142494 -0.638059 -0.756746 0.142183 -0.679282 -0.699328 0.222522 0.089588 -0.501108 -0.860735 0.067816 -0.291681 -0.954109 0.279865 -0.145263 -0.948986 -0.577606 0.120884 0.807316 -0.375683 0.218997 0.900502 -0.461494 0.238213 0.854563 0.096552 0.444464 -0.890578 -0.022516 0.531194 -0.846951 0.046278 0.499361 -0.865157 0.416406 0.894631 -0.161992 0.386648 0.921961 0.022172 -0.592799 0.804881 -0.027498 -0.536223 0.841866 -0.061046 -0.514188 0.837932 -0.182978 0.319629 -0.010750 -0.947482 0.230723 -0.020784 -0.972797 0.351664 -0.090480 -0.931743 -0.269659 0.295000 -0.916656 -0.356897 0.348032 -0.866890 -0.237194 0.304903 -0.922374 0.234253 0.766002 -0.598637 0.155621 0.773286 -0.614663 0.149644 0.720379 -0.677245 0.181785 -0.038886 -0.982569 0.119341 -0.140390 -0.982877 -0.665278 0.642571 -0.380142 -0.756025 0.642208 -0.126472 0.085331 0.994414 -0.062117 0.064205 0.997757 0.018920 -0.421002 -0.810556 -0.407131 -0.556409 -0.670709 -0.490469 0.070325 0.399841 -0.913883 -0.023896 0.480678 -0.876572 0.035324 0.475189 -0.879174 -0.050920 -0.953579 0.296806 0.693766 -0.327954 -0.641198 0.829091 -0.257861 -0.496101 0.767106 -0.198444 -0.610056 0.601429 -0.246149 -0.760062 
						0.711149 -0.296454 -0.637482 0.571979 -0.225525 -0.788657 -0.429910 0.656500 -0.619827 -0.424537 0.625256 -0.654846 0.175530 -0.164381 -0.970653 0.138855 -0.158811 -0.977496 0.075385 -0.511901 -0.855731 0.049930 -0.604163 -0.795295 0.114656 -0.584910 -0.802953 -0.053586 -0.160431 0.985591 -0.099217 -0.144447 0.984526 0.749035 -0.232462 -0.620409 0.835919 -0.265513 -0.480356 0.837677 -0.290892 -0.462254 0.550165 -0.722344 0.418972 0.328192 -0.786419 0.523292 0.302570 0.270159 -0.914038 0.244744 0.182925 -0.952176 -0.478322 0.443253 0.758113 -0.470940 0.356716 0.806827 -0.889528 0.008111 0.456809 -0.456694 0.420667 0.783882 -0.461175 0.328570 0.824233 -0.455476 0.505004 0.733152 0.328800 0.027260 -0.944006 0.298836 0.058315 -0.952521 0.277371 0.223443 -0.934419 -0.199388 -0.097378 0.975070 -0.104108 -0.086203 0.990823 -0.434431 -0.048771 0.899384 -0.676647 0.579619 -0.454082 -0.695595 0.587513 -0.413492 0.783343 0.599163 -0.165461 0.885101 0.424609 -0.190534 0.868166 0.445874 -0.217910 0.176616 0.184156 -0.966899 0.151387 0.220862 -0.963484 0.122622 0.181981 -0.975626 0.633697 -0.270498 -0.724748 0.714450 -0.005829 -0.699662 0.827976 -0.141379 -0.542649 0.707716 0.681155 -0.187526 0.840502 0.540411 0.038881 0.968313 0.229607 -0.098236 -0.161560 -0.245867 -0.955744 -0.227440 -0.310238 -0.923051 0.651395 0.546232 0.526608 0.252123 0.075063 0.964779 -0.274738 0.098494 -0.956461 -0.274950 0.082456 -0.957916 -0.335644 0.071557 -0.939267 -0.421230 -0.275478 0.864105 0.345858 0.038839 -0.937483 0.277665 -0.050748 -0.959337 0.388271 0.084053 -0.917704 0.446782 -0.004214 -0.894633 0.268037 -0.114187 -0.956618 0.272332 -0.109902 -0.955906 -0.456161 -0.031001 0.889357 -0.454157 -0.003244 0.890916 0.263782 -0.031069 -0.964082 0.289887 -0.162960 -0.943085 0.800319 0.104529 0.590392 0.788977 0.281395 0.546198 
						0.703681 0.173049 0.689120 0.299506 0.072860 -0.951308 0.396478 -0.074119 -0.915047 0.406794 -0.099832 -0.908049 0.358353 0.115331 0.926435 0.597095 0.125276 0.792328 0.542236 0.128175 0.830392 -0.117120 0.607558 -0.785593 -0.060976 0.622229 -0.780457 -0.387782 -0.147343 0.909898 0.106552 0.711549 -0.694511 0.061400 0.763070 -0.643393 0.077791 0.758930 -0.646509 0.110188 0.250075 -0.961936 0.851389 -0.353598 -0.387434 -0.767182 0.265725 0.583800 0.357348 0.402932 -0.842585 0.386833 0.184295 -0.903546 0.081671 -0.831112 0.550075 0.160698 -0.856455 0.490572 0.205491 -0.912775 0.353008 0.653916 -0.210008 0.726836 0.280901 0.025588 -0.959395 0.368986 0.249153 -0.895417 0.306055 -0.036608 -0.951310 0.323369 -0.052656 -0.944807 0.017689 -0.347771 0.937413 0.124345 -0.258210 0.958053 -0.416214 -0.009533 0.909217 -0.392152 0.057807 0.918083 -0.370421 -0.010204 0.928808 -0.121171 -0.052903 -0.991221 -0.564693 0.653859 0.503578 -0.525955 0.648651 0.550112 0.441499 -0.035069 -0.896576 0.484857 -0.137280 -0.863752 0.504623 -0.029725 -0.862828 0.693641 0.188128 -0.695321 0.769533 0.325883 -0.549199 0.654994 0.405696 0.637490 0.499898 0.429966 0.751819 0.672101 0.524124 0.523044 0.395256 0.056241 0.916847 0.138625 -0.020300 0.990137 0.143348 -0.014140 0.989571 0.946750 -0.098601 -0.306500 0.954392 -0.044052 -0.295290 0.340416 -0.841340 -0.419838 0.408965 -0.717660 -0.563660 -0.331245 0.938820 -0.094311 -0.435162 0.897177 0.075545 -0.434020 0.884376 0.171772 0.148230 -0.212695 0.965810 -0.378891 0.275213 0.883572 -0.391965 0.297596 0.870517 -0.351085 0.343713 0.870977 -0.663014 -0.624035 0.413513 -0.678694 -0.633674 0.371258 -0.258852 -0.236659 0.936476 -0.571693 -0.000720 0.820467 -0.738135 -0.017817 0.674417 -0.967549 0.100111 0.232006 -0.016457 0.874961 -0.483914 0.032094 0.811976 -0.582808 
						0.585083 -0.744163 0.322334 0.514895 -0.731447 0.447066 0.605891 -0.761172 0.231329 0.566127 -0.823900 -0.026258 0.563244 -0.824731 0.050751 0.615976 -0.787534 0.019074 0.193107 0.072292 -0.978511 0.065529 0.284109 -0.956550 0.109316 0.173074 -0.978823 -0.467710 0.548406 0.693179 -0.443637 0.607673 0.658726 -0.465442 0.609473 0.641800 0.669982 -0.735609 0.100019 0.729193 -0.675266 0.110880 0.714211 -0.698226 -0.048812 0.389607 0.318572 -0.864128 0.314746 0.445069 -0.838360 0.366177 0.469347 -0.803510 -0.045295 -0.995266 0.085987 -0.063764 -0.930443 0.360846 -0.227680 -0.960891 0.157640 -0.500462 -0.062186 0.863522 -0.693494 -0.032672 0.719721 -0.432833 -0.074874 0.898359 -0.108544 0.010768 -0.994033 0.758706 -0.349335 -0.549845 0.897491 -0.221914 -0.381136 -0.114474 0.946809 -0.300745 -0.128265 0.968551 -0.213208 -0.075180 0.955310 -0.285888 -0.593402 -0.160525 0.788737 -0.551230 -0.060539 0.832154 0.057093 -0.168833 -0.983990 0.031099 -0.134788 -0.990386 -0.020758 -0.144478 -0.989290 -0.279410 -0.191110 0.940961 -0.382551 0.808005 0.448087 -0.288288 0.882341 0.371974 -0.382658 0.808419 0.447250 -0.437598 -0.085224 0.895123 -0.339254 0.146434 0.929228 -0.384277 0.003603 0.923211 -0.439694 -0.192032 0.877379 -0.426135 -0.283919 0.858952 -0.214268 0.617759 -0.756613 -0.454013 0.342238 0.822646 -0.534204 -0.229240 0.813680 -0.525470 -0.265670 0.808270 -0.555440 -0.251960 0.792466 -0.727486 0.085470 0.680778 -0.618928 0.037619 0.784547 -0.200687 -0.170620 0.964683 -0.183543 -0.140899 0.972861 -0.230009 -0.043319 0.972224 -0.597737 0.119965 0.792666 0.023764 -0.694579 -0.719024 0.065546 -0.659384 -0.748944 0.245938 0.027700 -0.968890 0.285320 -0.043078 -0.957464 0.312287 0.062806 -0.947910 0.248716 0.624214 0.740606 0.215990 0.593527 0.775290 0.319369 -0.168226 -0.932579 0.311105 -0.080390 -0.946970 
						0.286266 -0.108274 -0.952013 0.186029 -0.615411 -0.765939 0.206925 -0.045671 -0.977290 0.181077 -0.012181 -0.983393 0.832967 -0.446300 -0.327083 0.758793 -0.480067 -0.440191 0.744099 -0.271504 -0.610411 0.758307 -0.093073 -0.645219 0.698323 -0.108157 -0.707565 0.101187 0.506977 -0.856000 0.084224 0.598122 -0.796967 0.140287 0.497369 -0.856121 -0.658355 0.411889 0.630013 -0.633684 -0.717163 -0.290038 -0.428563 -0.811227 -0.397799 0.880132 0.435450 -0.189078 0.943810 0.296432 -0.146121 0.925248 0.378304 -0.028325 0.898971 -0.403427 0.170579 0.923956 -0.372528 -0.086767 -0.484710 0.050136 0.873237 -0.580840 0.075037 0.810552 -0.482284 -0.026195 0.875623 -0.469179 -0.849249 -0.242173 -0.469470 -0.882871 0.011659 -0.291118 -0.928998 -0.228502 -0.408781 -0.166228 0.897366 -0.469438 -0.197026 0.860703 0.299176 0.041502 -0.953295 0.181603 0.257924 -0.948945 -0.204348 0.851704 0.482538 -0.327214 0.738749 0.589220 -0.339965 -0.174410 0.924124 -0.400487 -0.105367 0.910224 -0.518473 0.213380 0.828043 -0.507522 0.402129 0.762046 -0.453364 0.378606 0.806919 -0.696293 0.076034 0.713719 0.703659 -0.626612 -0.334995 0.294909 -0.058123 -0.953756 0.255103 -0.005235 -0.966900 0.367053 -0.044846 -0.929118 0.265932 0.466113 -0.843812 0.256758 0.509876 -0.821037 0.248443 0.546308 -0.799890 0.967346 -0.253243 0.010511 0.970150 -0.238972 0.041243 0.979090 -0.200341 0.035314 0.189012 0.007504 -0.981946 0.195665 -0.027675 -0.980280 -0.541552 0.840385 0.021758 -0.548745 0.826824 0.123456 -0.234865 -0.079730 0.968753 -0.534610 0.585684 -0.609234 -0.645450 0.593892 -0.480299 -0.345264 -0.533986 0.771785 -0.351510 -0.497200 0.793243 -0.038479 -0.270138 0.962052 0.355539 0.542661 0.760993 0.522567 0.582134 0.622931 0.399469 0.603187 0.690355 -0.051241 -0.650236 -0.758002 -0.028729 -0.553557 -0.832316 0.641061 -0.088345 0.762388 
						0.575238 0.045153 0.816739 0.792484 0.001820 0.609889 0.006724 -0.207271 -0.978260 -0.018375 -0.241489 -0.970230 -0.053968 -0.218670 -0.974305 0.562263 -0.535418 0.630229 -0.681533 -0.729771 -0.054288 -0.758777 -0.623296 0.189104 -0.235829 -0.575584 -0.782999 -0.211205 -0.511675 -0.832815 0.361781 -0.931952 -0.024098 0.291721 -0.956300 -0.019732 0.260450 -0.962336 -0.077948 -0.587931 0.220048 0.778406 -0.528075 0.075843 0.845804 -0.594787 0.361825 0.717852 -0.266430 -0.961266 0.070583 -0.171168 -0.984002 -0.049418 -0.224422 -0.967246 -0.118614 -0.507682 0.676969 0.532890 0.130207 0.987422 0.089693 0.052216 0.983833 0.171304 0.181169 0.950319 0.253123 -0.270715 -0.223247 0.936416 0.858337 0.345721 0.379124 0.765688 0.260915 0.587915 0.701962 0.031043 0.711537 0.733968 0.091190 0.673035 0.713998 0.063015 0.697306 -0.726912 0.136333 0.673062 -0.382994 0.035288 0.923077 -0.462191 -0.074236 0.883667 -0.035563 -0.144646 0.988844 -0.202606 -0.123406 0.971453 -0.026936 -0.153753 0.987742 0.832651 -0.551590 0.049411 0.884234 -0.427906 0.187155 0.749306 -0.648213 0.135504 0.724517 0.642865 -0.248594 0.674811 0.645786 -0.357199 0.753484 0.576591 -0.315919 -0.243313 -0.178860 -0.953314 -0.546008 -0.237875 -0.803300 -0.501832 -0.226046 -0.834906 -0.037506 0.145334 -0.988672 -0.130481 0.130326 -0.982848 0.368886 0.031401 -0.928944 0.240802 0.013370 -0.970482 0.364898 0.077489 -0.927817 0.712562 -0.039760 0.700481 -0.133852 0.034134 -0.990413 -0.455147 0.069952 -0.887664 -0.235321 0.088261 -0.967902 -0.438667 -0.749572 0.495694 -0.369557 -0.723225 0.583415 -0.438598 -0.736551 0.514902 -0.971500 -0.173565 -0.161442 -0.751937 -0.241244 0.613508 -0.692905 -0.194877 0.694194 -0.716148 -0.243012 0.654276 0.425895 -0.904395 0.026139 0.319263 -0.928239 0.190903 0.457472 -0.875502 0.155612 -0.395861 0.902107 -0.171748 
						-0.508567 0.860376 0.033349 -0.427977 0.901395 -0.065751 0.100425 -0.031350 0.994451 0.324023 -0.134018 0.936509 0.196271 -0.139134 0.970628 0.259540 0.135246 -0.956215 0.302312 0.234471 -0.923922 0.716159 -0.626343 0.307915 0.566586 -0.804892 0.176436 0.784073 -0.591232 0.188874 -0.462105 -0.424497 0.778628 0.362926 -0.175762 -0.915092 0.368285 -0.163771 -0.915175 0.370634 -0.127842 -0.919939 0.049042 0.077805 0.995762 0.121378 0.030336 0.992143 0.163820 -0.017502 0.986335 -0.840039 0.249566 0.481717 -0.775011 0.150872 0.613674 -0.734195 0.164370 0.658741 -0.673156 -0.685162 0.278234 -0.725330 -0.634660 0.266650 -0.745768 -0.604647 0.279698 -0.697518 0.369239 0.614110 -0.679171 0.439015 0.588211 -0.635663 0.297527 0.712327 0.268682 -0.414987 -0.869250 0.176269 -0.466112 -0.866988 0.167209 -0.564733 -0.808157 -0.056136 0.025696 -0.998092 -0.328734 0.118403 -0.936971 -0.275512 0.108479 -0.955157 0.376753 0.194605 -0.905641 0.436937 0.145449 -0.887654 0.456279 0.186133 -0.870152 0.706369 -0.707688 0.014846 0.734181 -0.678616 -0.021434 0.028444 0.998229 0.052247 0.856240 0.032548 0.515551 0.850461 0.138435 0.507495 0.898936 0.148432 0.412166 -0.804838 0.404763 0.434055 0.333784 0.487597 0.806745 0.470664 0.564115 0.678418 0.226744 0.962615 0.148189 -0.261733 -0.288023 0.921161 -0.328652 -0.224001 0.917503 -0.180312 -0.344791 0.921198 -0.171843 0.239556 -0.955554 -0.348610 0.001055 0.937267 -0.351900 0.095516 0.931152 -0.813186 0.166462 0.557691 -0.886735 0.236208 0.397374 0.837399 0.470116 -0.278843 0.859877 0.481903 -0.168469 0.994989 -0.090216 0.043111 0.906539 -0.121337 0.404307 0.991210 -0.038996 0.126422 0.397795 -0.229753 0.888242 -0.239633 0.522088 0.818535 -0.100099 0.543003 0.833744 0.016514 0.672786 0.739653 0.627500 -0.491842 -0.603601 0.628326 -0.561100 -0.538864 
						0.846577 0.490931 -0.205657 0.774150 0.569459 -0.276419 0.089343 0.251594 -0.963700 0.102406 0.300396 -0.948301 0.093046 0.353137 -0.930933 -0.819787 -0.097268 0.564347 -0.535416 -0.061939 0.842314 -0.398935 -0.185560 0.898008 -0.392757 -0.037784 0.918866 -0.404817 -0.225079 0.886263 0.257769 0.889700 -0.376814 -0.080551 0.514037 0.853978 -0.107376 0.377467 0.919777 -0.172429 0.487880 0.855711 0.314310 0.342917 -0.885222 -0.364283 0.769785 0.524146 -0.391533 0.666502 0.634411 -0.358506 0.665393 0.654771 -0.231445 0.035204 0.972211 -0.347041 0.000824 0.937850 -0.228740 0.039794 0.972674 0.384520 0.517539 0.764394 0.377147 0.578354 0.723372 0.281592 0.656938 0.699385 -0.750468 0.155154 0.642437 -0.818232 0.244417 0.520342 -0.723419 0.150532 0.673799 -0.680534 0.323689 0.657343 -0.717669 0.306136 0.625485 0.095722 0.700858 -0.706848 -0.524813 -0.848356 -0.069736 -0.447112 -0.894147 -0.024349 -0.525198 -0.850980 -0.000402 -0.470143 0.794352 0.384669 -0.472896 0.770549 0.427344 0.633853 -0.767327 -0.097160 0.628083 -0.777914 0.018995 0.339191 0.066813 -0.938342 0.359218 -0.088615 -0.929037 -0.551881 -0.827819 -0.100709 0.788785 -0.081569 0.609233 -0.669947 -0.278287 0.688279 -0.677478 -0.362160 0.640205 0.185874 0.044960 -0.981544 0.203002 -0.014065 -0.979077 0.260070 0.024702 -0.965274 0.273004 -0.041693 -0.961109 0.181696 -0.024559 -0.983048 -0.382724 0.904618 -0.187589 -0.788412 0.260428 0.557301 -0.702772 0.213849 0.678513 0.404387 0.229715 -0.885269 0.435527 0.177146 -0.882573 0.452190 0.155940 -0.878184 -0.230992 -0.597986 0.767500 -0.222272 -0.619392 0.752960 -0.825528 0.327681 -0.459487 -0.862371 0.342941 -0.372435 -0.673374 0.316790 -0.667990 -0.754588 0.483807 0.443315 -0.748774 0.399785 0.528686 -0.223965 0.576870 0.785532 -0.164630 0.502276 0.848891 -0.212495 0.565172 0.797136 
						0.338610 -0.049692 -0.939614 0.234032 -0.050336 -0.970925 -0.456496 0.274132 0.846442 -0.477043 0.353318 0.804734 0.163756 0.084043 -0.982914 -0.724710 -0.306067 0.617348 -0.734939 -0.146441 0.662133 -0.783840 -0.251197 0.567886 -0.223110 -0.090219 0.970609 -0.310227 -0.126217 0.942246 -0.244454 -0.185248 0.951801 -0.300013 0.694788 -0.653653 0.475838 -0.720403 0.504576 -0.070501 0.629902 0.773469 -0.196952 0.544962 0.815001 -0.214382 0.624550 0.750985 -0.399942 -0.898338 -0.181758 -0.330174 -0.904252 -0.270763 -0.298184 0.020653 -0.954285 0.005311 0.030679 -0.999515 0.291968 -0.087115 -0.952453 0.406160 -0.049046 -0.912485 0.364726 -0.084292 -0.927292 -0.565854 -0.191773 0.801893 -0.661640 -0.193248 0.724491 0.925617 0.228771 -0.301491 -0.316127 0.372412 0.872567 -0.301665 0.345852 0.888473 -0.413055 0.274890 0.868229 -0.442876 0.233734 -0.865580 -0.639392 0.301516 -0.707295 -0.481387 0.274532 -0.832405 0.528118 -0.589354 -0.611353 0.535549 -0.685582 -0.493118 0.557694 -0.577227 -0.596479 -0.368024 0.011807 0.929741 -0.241800 0.090766 0.966072 0.435474 -0.179498 -0.882124 0.250875 -0.158378 -0.954975 0.463248 -0.037007 -0.885456 0.741229 -0.628983 -0.234436 0.730329 -0.679812 -0.066898 0.228613 -0.066415 -0.971249 0.276020 -0.065229 -0.958936 0.261472 -0.056634 -0.963548 0.406912 0.238433 -0.881801 0.375004 0.279835 -0.883779 0.414236 0.245096 -0.876548 -0.656801 0.095679 0.747969 0.172290 0.910093 0.376891 0.304849 0.933376 0.189412 0.371110 -0.357520 0.857005 0.169561 -0.281549 0.944447 0.216980 -0.017186 -0.976025 0.173182 -0.035804 -0.984239 0.260285 0.018484 -0.965355 -0.435750 -0.302764 0.847618 -0.567976 -0.301177 0.765961 -0.165246 -0.097432 0.981428 -0.258213 -0.136025 0.956464 0.020034 -0.039739 0.999009 0.965935 -0.016077 -0.258284 0.963579 -0.057553 -0.261157 0.361595 0.192014 -0.912349 
						0.339313 0.162666 -0.926502 -0.476432 -0.243809 -0.844730 -0.221303 -0.203909 -0.953649 -0.384486 -0.279185 -0.879901 -0.652204 0.091959 0.752445 -0.417261 -0.025980 -0.908415 -0.510871 -0.055194 -0.857884 0.284057 0.847548 -0.448301 0.327372 0.932829 -0.150524 0.975506 -0.205943 0.077298 0.962450 -0.067726 0.262876 -0.359714 -0.095938 0.928117 -0.193367 -0.232942 0.953072 -0.075518 -0.121015 0.989774 -0.026048 -0.137642 0.990139 0.573086 -0.272706 0.772790 0.407197 -0.290797 0.865811 0.353900 -0.286347 0.890371 0.484416 -0.539790 -0.688453 0.571565 -0.606508 -0.552685 0.790075 0.577216 -0.206406 0.859948 0.478529 -0.177482 0.385879 0.238813 -0.891104 0.339750 0.132271 -0.931168 -0.459912 -0.701278 -0.544692 -0.346289 -0.605166 -0.716839 -0.523062 -0.574280 -0.629768 0.227330 -0.106662 0.967959 0.398948 -0.138681 0.906426 -0.397392 -0.081845 0.913992 -0.487714 -0.005896 0.872983 -0.521579 -0.019553 0.852979 -0.386865 0.512596 0.766538 0.266921 0.434491 -0.860215 -0.312245 -0.175809 0.933592 -0.275712 -0.238516 0.931178 -0.906594 -0.230506 0.353489 -0.962414 -0.219534 0.159885 -0.547999 -0.013376 0.836372 -0.947012 0.160944 0.277966 -0.897284 0.123273 0.423893 0.396959 -0.404509 0.823891 0.265809 -0.345400 0.900025 0.018875 -0.078387 0.996744 0.095932 -0.156709 0.982975 -0.753852 0.223134 0.617995 -0.540727 0.602682 0.586846 -0.564217 0.519228 0.641920 -0.367882 -0.411346 0.833941 -0.341359 -0.376019 0.861443 -0.199978 -0.446684 -0.872056 -0.190410 -0.357557 -0.914274 -0.655552 -0.723714 0.215614 -0.712407 0.359498 0.602692 -0.654530 0.277799 0.703149 0.276694 -0.883451 -0.378094 0.601028 -0.767371 -0.223400 0.274617 -0.931380 -0.238990 -0.745934 0.584275 0.319696 -0.747411 0.556327 0.363150 0.377427 0.491407 -0.784900 0.377821 0.548882 -0.745641 0.858116 -0.068027 -0.508929 0.981346 -0.125990 -0.145212 
						0.963095 -0.053609 -0.263768 0.719072 -0.297789 0.627899 -0.085417 -0.756439 0.648463 -0.185277 -0.605221 0.774197 0.836215 -0.188277 -0.515070 0.848628 -0.190744 -0.493404 0.925394 -0.238657 -0.294429 0.841283 -0.391878 0.372390 0.937066 -0.347733 -0.031462 0.920615 -0.305637 0.243009 0.908989 -0.291315 0.298117 0.913701 -0.317186 0.254055 0.099873 0.251255 -0.962754 0.109618 0.266479 -0.957587 0.142783 0.122849 -0.982100 0.239381 0.084126 -0.967274 -0.186960 0.646627 0.739540 -0.376265 -0.162248 0.912195 -0.522273 -0.231455 0.820768 -0.599389 -0.014074 0.800334 -0.251947 -0.923343 0.289759 -0.415167 -0.848200 0.328929 -0.445979 -0.878437 0.171613 -0.506432 -0.044407 0.861136 -0.459899 -0.168779 0.871784 -0.089567 -0.197255 -0.976252 0.293685 0.071197 -0.953247 0.344141 -0.005034 -0.938905 0.393700 -0.164976 -0.904314 -0.250040 -0.058024 0.966495 -0.525869 -0.057648 0.848610 -0.565540 -0.215526 0.796061 -0.598096 -0.151088 0.787054 -0.557444 -0.180995 0.810245 0.384437 -0.164005 0.908466 0.484456 -0.471402 -0.736941 0.470733 -0.636643 -0.610817 0.458526 -0.449250 -0.766765 0.601031 -0.799224 0.001423 0.133996 -0.149472 -0.979644 -0.679565 -0.212973 0.702021 -0.630004 -0.163231 0.759243 0.264002 -0.041735 -0.963619 0.176758 -0.032407 -0.983721 -0.777348 0.241004 0.581074 -0.838295 0.294138 0.459069 0.630214 0.776141 0.020888 0.835914 0.545812 0.057767 0.583684 0.810239 0.053161 0.342332 -0.001401 -0.939578 -0.503862 -0.476578 0.720414 -0.187320 -0.293066 0.937563 -0.225055 -0.230495 0.946690 0.963189 -0.038466 -0.266059 -0.566644 0.018448 0.823757 -0.667271 0.073655 0.741164 -0.371720 -0.245913 0.895182 -0.090523 -0.136160 0.986542 -0.509131 -0.790050 0.341477 -0.482689 -0.678362 0.553928 -0.407178 -0.854835 0.321657 -0.616105 -0.127466 0.777282 -0.700870 -0.237361 0.672638 -0.445341 -0.162653 0.880463 
						0.900816 0.159112 0.403998 0.649937 0.224498 0.726074 0.620531 0.026515 0.783734 0.192090 0.679660 0.707929 0.122937 0.686417 0.716742 0.222800 0.671651 0.706573 -0.500769 0.143565 0.853592 -0.817212 -0.409360 0.405696 -0.708539 -0.356502 0.608998 -0.772942 -0.323350 0.545898 -0.041727 -0.257401 -0.965403 -0.083230 -0.333444 -0.939089 -0.372615 -0.925055 -0.073694 -0.536416 -0.841502 0.064279 0.025529 0.581397 -0.813220 0.395062 0.253025 -0.883122 0.380077 0.277384 -0.882383 0.287030 0.240568 -0.927222 -0.440400 -0.107358 0.891360 0.330214 0.010526 -0.943847 0.373635 -0.056093 -0.925878 0.294754 0.081178 -0.952119 -0.161697 0.019318 -0.986651 -0.361735 0.073235 -0.929400 -0.157865 0.046505 -0.986365 -0.595807 0.049035 0.801630 -0.578305 0.020718 0.815558 -0.499200 -0.004171 0.866477 0.090084 -0.668033 0.738659 0.087213 -0.506765 0.857661 -0.135145 -0.653740 0.744553 0.699907 -0.259826 0.665298 0.251654 0.098995 -0.962741 0.305674 0.074305 -0.949232 0.715226 0.308638 0.627052 0.550816 0.257923 0.793774 0.444633 0.348879 0.824976 -0.614609 -0.780494 -0.114388 -0.567979 -0.812085 -0.133857 -0.614929 -0.777963 -0.128983 0.156051 -0.124469 -0.979875 0.160015 -0.061851 -0.985175 0.250626 -0.024213 -0.967781 -0.761512 -0.257831 0.594662 -0.897429 -0.310004 0.313876 -0.950570 -0.304065 0.062943 0.255250 0.328996 -0.909180 0.267550 0.115613 -0.956583 0.320363 0.191437 -0.927750 -0.662616 0.069375 0.745739 0.429897 0.319218 -0.844564 0.339240 0.396638 -0.852992 0.087710 0.950376 -0.298485 0.075989 0.979878 -0.184568 0.151502 0.919920 -0.361655 -0.413950 0.251595 0.874840 -0.417540 0.205749 0.885058 -0.399901 0.204988 0.893342 -0.139796 -0.549856 -0.823478 -0.266089 0.161841 0.950265 -0.313666 0.122036 0.941659 0.425535 -0.022326 -0.904667 0.625493 0.021989 -0.779920 0.589161 0.021830 -0.807720 
						-0.244576 0.469960 0.848128 -0.206817 0.537006 0.817833 -0.251453 0.469654 0.846284 0.089390 0.222764 -0.970766 0.088178 0.308376 -0.947169 0.131193 0.137526 -0.981771 0.686142 0.724858 -0.061563 0.624693 0.767543 0.143657 0.801766 0.595390 -0.051791 0.433270 -0.847968 -0.305331 0.369712 -0.914497 -0.164340 -0.697148 0.114765 0.707682 0.814707 -0.405886 0.414136 0.873361 -0.355666 0.332778 -0.293743 0.478121 0.827717 -0.331556 0.445010 0.831887 -0.292528 0.447572 0.845049 0.152350 0.543141 -0.825704 0.167522 0.587030 -0.792043 0.207438 0.446820 -0.870242 0.816209 0.538086 -0.210396 0.820056 0.570814 -0.040977 0.750198 -0.399905 -0.526573 0.816159 -0.514717 -0.262586 0.787341 -0.438752 -0.433117 -0.334560 0.153919 0.929720 -0.370116 0.100250 0.923561 0.074422 0.047752 -0.996083 0.213711 0.119646 -0.969542 -0.261827 -0.347377 0.900431 -0.953814 0.190806 -0.232019 -0.983017 0.163936 0.082481 -0.904315 0.211573 -0.370743 0.158983 0.010736 -0.987223 0.286991 -0.049575 -0.956650 -0.665546 0.164689 0.727960 -0.846313 0.373237 0.380064 -0.803836 0.338748 0.488976 0.320892 0.429138 0.844316 0.503081 0.171155 0.847122 0.537377 0.331550 0.775436 -0.437085 -0.049400 0.898062 0.806202 0.588833 -0.057575 0.838465 0.539588 -0.076295 0.850429 0.524305 0.043299 0.135346 -0.235479 0.962409 0.351425 -0.267419 0.897211 -0.213358 0.639117 -0.738923 -0.301594 0.674083 -0.674279 -0.195321 0.683375 -0.703454 -0.235800 0.172217 0.956420 -0.029356 0.180692 0.983101 -0.042000 0.995105 -0.089449 0.194920 0.980815 -0.002919 0.067597 0.994964 0.074003 -0.166730 0.189858 0.967551 -0.208908 0.146728 0.966865 0.427045 -0.580684 -0.693137 0.990974 0.115794 -0.067541 0.413695 -0.283793 -0.865054 0.392591 -0.252657 -0.884328 0.388540 -0.235658 -0.890787 0.520500 -0.719518 -0.459753 0.582725 -0.775248 -0.243766 
						0.608739 -0.690250 -0.391143 0.007785 -0.558977 0.829147 -0.135697 -0.463120 0.875846 -0.118972 -0.435237 0.892420 0.421166 -0.284649 -0.861159 0.112411 -0.045696 -0.992611 -0.015464 -0.041549 -0.999017 0.164189 -0.018137 -0.986262 0.440748 0.609073 0.659372 0.500641 -0.086480 0.861324 0.540388 -0.147909 0.828314 0.561655 -0.116889 0.819073 0.228976 -0.410536 -0.882627 0.256571 -0.413613 -0.873553 0.260019 -0.305124 -0.916128 0.067642 0.502706 -0.861807 0.062460 0.562048 -0.824743 0.112749 0.467154 -0.876958 0.968503 0.124108 -0.215870 0.961865 0.131565 -0.239806 -0.722917 -0.649797 0.234852 -0.704741 -0.552487 0.445082 -0.821538 -0.376193 0.428432 -0.642526 -0.046230 0.764868 -0.688101 -0.203745 0.696423 0.264552 -0.205981 -0.942117 0.297778 -0.184075 -0.936720 0.336358 -0.018307 -0.941556 -0.489386 -0.036306 0.871311 0.154913 0.985446 -0.069986 0.526576 0.068899 -0.847331 -0.050833 0.950412 -0.306810 -0.096607 0.977363 -0.188223 -0.038362 0.964021 -0.263044 0.495278 -0.602615 0.625744 0.579878 -0.803227 0.136265 0.453957 -0.796819 0.398750 0.607594 -0.775243 0.172705 0.601450 -0.156052 0.783521 0.512741 -0.065025 0.856077 0.406096 0.087232 0.909657 0.404480 0.112287 0.907627 -0.552239 -0.813001 0.184557 0.269605 -0.303567 -0.913871 0.310045 -0.217322 -0.925550 -0.725903 0.303013 0.617453 -0.582964 0.016795 0.812324 -0.801338 -0.250896 0.543055 -0.414238 -0.088679 0.905838 0.642270 -0.188503 0.742937 -0.567942 0.157005 -0.807955 -0.799512 0.171304 -0.575704 -0.703898 0.179947 -0.687129 -0.084802 0.033582 -0.995832 0.522451 -0.191781 -0.830822 0.337822 -0.250386 -0.907295 -0.626803 0.091337 0.773806 -0.498607 -0.137440 0.855863 0.462369 -0.047040 -0.885439 0.699680 -0.531589 -0.477348 0.691679 -0.447985 -0.566471 -0.164459 0.260354 0.951404 -0.086659 0.196008 0.976766 0.027843 0.610619 -0.791435 
						-0.811865 0.262740 0.521385 -0.769337 0.260814 0.583178 0.496540 -0.168434 -0.851515 0.457155 -0.188741 -0.869129 0.508383 -0.205615 -0.836223 -0.191052 0.160677 -0.968340 -0.309305 0.221747 -0.924748 -0.199731 0.196056 -0.960036 -0.328605 -0.045724 -0.943360 -0.426766 0.414124 -0.803973 -0.550502 0.485668 -0.679024 -0.453406 0.498633 -0.738775 -0.587057 0.798601 -0.132664 -0.610440 0.791469 0.030651 -0.535499 0.805661 -0.253281 -0.495193 -0.207705 -0.843589 -0.364708 -0.179826 -0.913592 -0.429034 -0.116670 -0.895722 -0.405051 0.186507 0.895069 -0.600306 0.059366 0.797564 -0.683192 0.120767 0.720184 -0.680520 0.551323 0.482633 -0.655493 0.479295 0.583614 0.215632 0.032916 -0.975920 0.274802 0.149037 -0.949880 0.172369 0.296011 -0.939503 0.092470 -0.276235 -0.956631 0.026072 -0.301360 -0.953154 0.128996 -0.307528 -0.942755 0.415165 -0.495113 0.763217 0.293299 -0.435421 0.851108 0.448118 -0.506212 0.736844 -0.114687 -0.951533 -0.285362 -0.163973 -0.960669 -0.224114 -0.130588 -0.975074 -0.179379 -0.356775 -0.063571 0.932025 -0.270927 -0.098962 0.957499 -0.171918 -0.135739 0.975715 0.148321 -0.105501 -0.983296 0.043032 -0.150018 -0.987746 0.148736 -0.010729 -0.988819 -0.171779 -0.022108 -0.984887 0.213895 -0.029359 -0.976415 -0.773247 -0.455769 0.440866 -0.710479 -0.362388 0.603237 -0.736977 -0.466653 0.488978 0.422835 0.906012 0.018793 0.251074 0.966446 0.054258 0.490847 0.854019 0.172396 0.068379 0.105670 -0.992047 0.588563 -0.545094 0.597048 -0.589876 0.074787 0.804023 -0.510791 -0.015128 0.859572 -0.473397 -0.030319 0.880327 -0.191009 -0.537818 -0.821138 0.219707 -0.504095 -0.835234 0.234059 -0.519684 -0.821672 0.583918 0.224271 -0.780220 0.469812 0.214151 -0.856397 0.386127 -0.340965 -0.857117 0.370931 -0.484444 -0.792291 0.414345 -0.417631 -0.808643 0.588694 -0.136093 -0.796818 0.621737 -0.144359 -0.769808 
						0.682425 -0.201844 -0.702535 -0.092045 -0.125645 -0.987796 -0.343717 -0.089948 -0.934755 0.915785 0.069096 -0.395680 0.994814 0.032521 -0.096370 0.042630 0.670584 -0.740607 0.047788 0.660517 -0.749289 -0.000820 0.739472 -0.673187 0.053890 -0.112901 -0.992144 0.149137 0.130437 -0.980176 0.559733 0.056579 -0.826739 -0.838825 -0.468355 0.277517 -0.829099 -0.286231 0.480278 0.721721 -0.361518 -0.590274 0.756348 -0.363554 -0.543845 -0.133346 -0.194937 0.971709 -0.338408 -0.076118 0.937916 -0.300336 -0.114853 0.946894 -0.712605 0.206489 0.670490 -0.642191 0.122110 0.756757 -0.313245 -0.879581 0.358070 -0.337300 -0.810305 0.479203 -0.282607 -0.888447 0.361657 -0.324841 0.014638 -0.945655 -0.270384 0.034264 -0.962143 -0.696321 -0.717713 0.005030 -0.633899 -0.753989 -0.172256 -0.626218 0.023573 0.779291 0.148653 -0.724435 0.673124 0.094310 -0.755544 0.648274 0.070746 -0.673325 0.735954 0.274946 0.506508 0.817224 0.284033 0.637900 0.715828 0.250204 0.351362 0.902187 0.467284 -0.330322 -0.820081 0.351001 -0.220710 -0.909992 -0.415397 0.860348 0.295375 -0.329829 0.941528 0.068827 -0.643310 0.408391 0.647587 -0.634232 0.408617 0.656339 0.472051 -0.019820 -0.881348 -0.396096 -0.386164 0.833058 -0.376640 -0.335825 0.863345 -0.364624 -0.446698 0.817013 0.929555 0.221728 -0.294559 0.817614 0.123965 -0.562263 0.466510 -0.119478 -0.876409 0.415936 -0.136287 -0.899124 0.497840 -0.255695 -0.828719 0.976322 0.198003 0.087117 0.981166 0.184846 -0.056089 -0.126999 -0.291171 0.948204 -0.233870 -0.208182 0.949719 -0.397392 0.577503 -0.713141 -0.348350 0.609350 -0.712281 0.932827 -0.203435 -0.297403 0.287772 -0.053666 -0.956194 0.093672 0.035494 -0.994970 0.514031 -0.022990 -0.857464 -0.497580 -0.032163 0.866822 0.995090 0.043459 0.088927 0.218923 0.078433 -0.972585 -0.916473 -0.301757 0.262716 -0.875744 -0.381076 -0.296401 
						-0.378545 0.646129 -0.662737 -0.311280 0.645928 -0.697052 0.957492 -0.054198 -0.283323 0.961829 0.043125 -0.270231 0.889481 -0.415084 0.191127 0.735119 -0.677365 0.027873 -0.000014 0.750987 -0.660317 0.023319 0.774535 -0.632101 0.047793 0.746002 -0.664227 -0.822482 -0.142168 0.550737 -0.745132 -0.171873 0.644390 -0.368863 0.664332 -0.650079 0.158537 0.267325 -0.950475 0.201251 0.247103 -0.947860 0.146712 0.297966 -0.943235 0.217457 -0.788515 0.575289 0.268164 -0.784251 0.559499 0.095391 0.075474 0.992575 -0.201120 0.039040 0.978788 -0.061749 -0.003528 0.998085 -0.322660 0.018077 0.946342 0.661180 -0.107230 -0.742524 0.619019 -0.099148 -0.779093 0.536986 -0.108914 -0.836531 -0.656692 -0.270040 0.704155 -0.628386 -0.278795 0.726226 -0.633016 -0.271383 0.725011 0.129389 -0.079062 -0.988437 0.554921 -0.829617 -0.061632 0.535084 -0.844374 -0.026770 0.413427 -0.586664 -0.696350 0.367505 -0.059418 -0.928122 0.285511 0.016062 -0.958241 0.181667 0.689138 -0.701488 0.239996 0.699335 -0.673299 -0.776745 0.589450 -0.221848 -0.839269 0.537110 0.084497 -0.565416 -0.196468 0.801065 -0.686369 -0.247469 0.683855 -0.455744 -0.189771 0.869646 0.968282 0.244251 0.052651 0.957188 0.222668 0.184959 0.355579 -0.035558 -0.933970 0.415872 0.163801 -0.894550 -0.827267 0.339768 0.447421 -0.540396 0.078378 0.837752 -0.554188 -0.152700 0.818265 -0.764264 -0.182039 0.618678 -0.489419 0.799543 -0.348138 -0.473788 0.786899 -0.395366 -0.412192 0.762787 -0.498250 0.582384 0.174137 -0.794043 0.590135 0.217263 -0.777520 0.474359 -0.357014 -0.804689 0.537991 -0.486944 -0.688078 0.519808 -0.276692 -0.808234 -0.881240 -0.422945 0.211029 -0.844320 -0.371154 0.386481 -0.339584 -0.197401 0.919628 -0.387280 -0.269204 0.881784 0.062768 0.956434 0.285123 0.122181 0.911095 0.393672 0.493278 -0.184715 -0.850034 0.474803 -0.184878 -0.860455 
						0.476580 -0.205240 -0.854838 -0.121950 0.749348 0.650851 -0.082272 0.655174 0.750985 0.855950 -0.272692 -0.439304 0.925779 -0.294822 -0.236672 0.900479 -0.302135 -0.312814 -0.270286 0.367656 -0.889817 -0.275275 0.404114 -0.872305 -0.456452 -0.048317 0.888435 -0.385379 -0.075720 0.919647 -0.155605 0.291136 -0.943942 -0.131262 0.341331 -0.930733 0.093969 0.008021 -0.995543 0.091865 0.012227 -0.995696 -0.234377 0.086560 -0.968284 0.382914 0.333047 -0.861659 -0.710925 -0.617401 -0.336751 -0.763123 -0.614666 -0.199572 -0.480558 -0.172037 0.859923 -0.464712 -0.170116 0.868967 -0.465389 -0.063743 0.882808 -0.261121 -0.961782 0.082414 -0.700861 0.584882 -0.408298 0.522998 -0.178812 -0.833366 -0.372251 -0.162463 0.913803 0.400653 -0.178498 -0.898674 0.459877 -0.181397 -0.869257 0.035630 0.407405 -0.912552 -0.812746 0.146840 0.563810 -0.706367 0.099194 0.700861 -0.676078 0.028529 0.736277 0.411349 0.229473 -0.882119 0.476266 -0.108421 -0.872591 0.426440 -0.072418 -0.901612 -0.533032 -0.485254 0.693113 -0.592525 -0.595424 0.542572 0.562433 -0.285259 0.776077 0.088390 0.271943 -0.958245 0.196576 0.249330 -0.948258 -0.653772 -0.223611 0.722897 0.555140 0.602119 0.573823 -0.683746 0.111772 0.721109 -0.887008 0.291571 0.358056 -0.831105 0.266963 0.487848 0.521212 -0.490519 0.698376 0.299440 -0.533524 0.791004 0.412530 -0.734099 -0.539367 -0.355240 -0.103444 0.929034 0.208247 -0.648867 -0.731850 -0.301260 0.537537 -0.787589 -0.142541 0.772643 0.618631 -0.689137 0.042909 0.723360 -0.726309 0.084606 0.682141 0.882658 -0.317287 -0.346761 -0.567481 0.539579 0.621949 -0.601334 0.400544 0.691348 -0.507161 0.562397 0.653067 -0.169708 0.186653 -0.967657 0.282886 -0.149413 0.947444 0.253502 0.172404 -0.951847 0.238586 0.118624 -0.963849 0.269834 0.106901 -0.956954 0.177925 -0.150449 -0.972475 0.194737 -0.101549 -0.975585 
						0.176052 -0.025362 -0.984054 -0.492339 0.768763 0.408174 -0.485693 0.638972 0.596504 -0.560090 0.545837 -0.623187 -0.623468 0.557857 -0.547798 0.379621 0.221280 -0.898289 0.431048 0.232319 -0.871909 -0.991489 -0.067073 -0.111581 -0.976254 -0.064504 0.206805 0.966218 0.099089 0.237916 0.153652 0.283320 -0.946637 0.128466 0.657604 0.742329 0.692356 -0.219793 -0.687266 0.720276 -0.034515 -0.692829 -0.331197 0.663614 -0.670765 0.731744 0.060015 -0.678932 -0.390686 -0.917344 0.076448 -0.324417 -0.904456 0.276972 0.885238 0.464448 0.025319 0.420660 0.657506 -0.625084 0.616983 0.602359 -0.506455 -0.323522 0.123918 0.938071 -0.416980 0.031211 0.908379 -0.305912 0.115610 0.945014 -0.138379 0.600830 0.787308 0.270716 -0.297973 -0.915382 0.450202 -0.273438 -0.850029 0.296692 -0.219248 -0.929464 -0.029002 -0.283414 -0.958559 0.705469 0.666729 -0.240385 0.719929 0.617189 -0.317459 0.686806 0.644422 -0.336183 0.842325 -0.279020 0.461125 0.828151 -0.217279 0.516677 0.878045 -0.246611 0.410145 -0.427015 -0.098908 0.898819 0.136124 0.162227 -0.977319 0.112619 0.726646 -0.677718 0.102156 0.789798 -0.604800 0.159253 0.156648 -0.974731 0.171593 0.220764 -0.960114 -0.552206 0.597454 0.581479 -0.463472 -0.291738 0.836709 0.200228 0.228731 -0.952676 0.207933 0.281075 -0.936889 0.214173 0.028128 -0.976391 0.221779 -0.089060 0.971021 0.643552 -0.239129 0.727089 0.485782 -0.202730 0.850245 0.544867 -0.208561 0.812171 -0.381557 0.913995 0.137939 -0.446046 0.856906 0.258371 -0.382173 0.921376 0.070780 0.292081 -0.005856 -0.956376 0.180603 -0.122763 -0.975865 0.324735 0.030101 -0.945326 0.432512 0.262589 -0.862543 0.454730 0.219697 -0.863107 0.362811 0.178805 -0.914547 0.405707 -0.208911 -0.889808 -0.056551 0.808867 -0.585266 0.513322 -0.646475 -0.564421 0.521148 -0.790269 -0.322303 0.256714 0.246351 -0.934564 
						0.359695 -0.033184 -0.932480 -0.363361 0.929900 0.057043 -0.290349 -0.569292 -0.769158 -0.145329 -0.501928 -0.852612 0.204188 0.214299 -0.955187 0.158434 0.306909 -0.938459 0.149383 0.352613 -0.923769 -0.561154 -0.795117 -0.229988 0.938001 0.218842 -0.268817 0.893282 0.448970 -0.021745 0.993691 0.087816 -0.069767 -0.160174 -0.300383 0.940274 0.124501 0.907731 0.400655 -0.032874 0.714294 0.699073 0.129097 0.721389 0.680391 -0.371814 -0.475281 0.797410 0.664970 -0.746535 0.022348 -0.556402 0.729271 -0.398221 0.284666 0.328580 -0.900555 0.284650 0.318351 -0.904227 0.369993 -0.918640 -0.138581 0.301391 -0.949575 -0.086434 -0.452083 0.083304 0.888077 -0.545553 -0.016221 0.837919 -0.020913 0.820898 -0.570692 0.413734 0.178187 -0.892789 0.097618 -0.033231 -0.994669 0.946924 -0.176304 -0.268798 0.838795 -0.195582 -0.508106 0.116294 -0.169524 -0.978641 0.771596 -0.274750 -0.573718 0.832944 -0.196886 -0.517146 0.718735 -0.176591 -0.672485 0.373480 0.081201 -0.924077 0.311345 0.127748 -0.941671 0.591437 -0.099845 -0.800146 -0.547011 -0.553890 -0.627683 -0.521861 -0.667651 -0.530946 -0.608209 -0.596274 -0.523965 0.253482 -0.074919 -0.964434 0.266244 0.254269 -0.929764 0.248836 0.171593 -0.953224 -0.220768 -0.492248 -0.841994 -0.213904 -0.446892 -0.868638 -0.133534 -0.382281 0.914347 -0.161933 -0.359956 0.918809 -0.023996 -0.466425 0.884235 -0.098066 -0.026400 -0.994830 -0.410402 -0.900001 0.146864 -0.212765 -0.958008 -0.192229 -0.260675 -0.800767 -0.539278 0.955013 -0.251591 0.157011 0.961333 -0.241292 0.132730 0.158995 0.320756 -0.933722 0.119188 0.419184 -0.900044 -0.449667 0.318702 0.834403 -0.473415 0.273580 0.837277 -0.518686 0.271965 0.810556 -0.935940 0.123434 -0.329820 -0.901813 0.089695 -0.422716 -0.379475 -0.054779 0.923579 -0.473682 0.042711 0.879660 -0.461392 -0.018185 0.887010 -0.011178 -0.153160 -0.988138 
						0.183253 -0.090760 -0.978867 0.739821 -0.545598 0.393685 0.604331 -0.524114 0.600074 0.068104 0.880638 -0.468870 0.099525 0.870769 -0.481514 0.111174 0.126178 -0.985758 -0.829449 0.197526 0.522493 -0.271979 -0.113184 0.955624 -0.165319 -0.130680 0.977544 -0.213426 0.822018 -0.527955 -0.120194 0.776459 -0.618599 -0.219535 0.404981 0.887578 0.946401 0.214919 -0.241113 0.801978 0.148462 -0.578611 -0.525079 0.507104 0.683474 0.834067 -0.550468 -0.036284 0.789746 -0.601182 0.121988 0.829990 -0.529326 0.175874 0.115978 0.790203 -0.601771 0.957818 -0.179509 -0.224414 0.969491 -0.208750 0.128497 0.996077 -0.002340 -0.088466 -0.327834 0.927328 -0.180524 -0.258107 0.927621 -0.270000 -0.239536 0.911001 -0.335707 -0.776184 0.140876 0.614567 -0.587847 0.525798 0.614795 -0.564154 0.570393 0.596977 -0.614163 0.481787 0.625048 -0.722061 -0.280895 -0.632239 0.190057 0.185678 -0.964055 0.290474 0.114883 -0.949961 0.860654 0.458825 -0.220804 0.864287 0.430424 -0.260274 0.813489 0.505244 -0.288034 0.203292 -0.150162 -0.967535 0.264478 -0.087572 -0.960407 0.131164 0.622159 0.771825 -0.519432 -0.435449 0.735237 0.736624 -0.593251 0.324712 -0.573904 0.082362 0.814770 -0.730255 0.153956 0.665602 0.198506 0.815072 0.544291 -0.564081 -0.799982 0.204553 -0.404269 -0.901775 0.152869 -0.500791 -0.860571 0.092876 -0.474642 -0.048843 0.878823 -0.504142 -0.124788 0.854558 0.412510 -0.181280 -0.892733 0.348635 -0.099764 -0.931934 0.370659 -0.030864 -0.928256 0.169847 -0.736552 -0.654709 0.034587 -0.237578 0.970752 -0.118818 -0.201347 0.972287 0.843031 -0.383901 -0.376720 -0.201539 0.098511 -0.974514 -0.240684 0.127857 -0.962145 -0.042580 0.060055 -0.997286 0.072388 0.943521 0.323307 0.802041 -0.001899 -0.597266 0.832577 -0.038448 -0.552574 -0.213415 0.623431 -0.752189 -0.233777 0.643924 -0.728498 0.202008 0.159906 -0.966242 
						0.275578 0.030980 -0.960779 0.755577 -0.577330 0.309505 0.712945 -0.622363 0.323069 -0.096574 0.211813 -0.972527 0.380296 -0.126601 -0.916159 0.386635 -0.171893 -0.906072 -0.025324 0.858113 0.512836 0.523467 -0.069619 -0.849197 -0.810439 0.189110 0.554461 0.156752 0.693725 -0.702976 -0.744027 -0.297592 -0.598216 0.588386 0.022574 -0.808265 0.092815 0.523771 -0.846788 0.116425 0.416728 -0.901545 0.182911 -0.034820 -0.982513 -0.427366 0.417463 0.801925 -0.452902 0.383455 0.804887 0.143880 -0.002346 -0.989592 0.233572 -0.017916 -0.972174 0.371623 0.286129 -0.883191 0.213120 0.189306 -0.958511 0.275421 0.185367 -0.943283 0.415841 0.278733 -0.865670 -0.420924 0.879390 -0.222477 -0.513889 0.857687 -0.017082 -0.434129 0.885240 -0.166980 0.197822 -0.958466 -0.205448 -0.186089 -0.955702 0.228044 -0.174367 -0.856486 -0.485826 0.016106 0.894185 -0.447408 0.091720 0.852303 -0.514944 0.061297 0.829744 -0.554768 -0.043124 -0.351308 -0.935266 0.079311 -0.273903 -0.958481 0.688763 -0.279297 -0.669028 0.673370 -0.123110 -0.728984 0.700582 -0.383691 -0.601637 0.502610 -0.202137 -0.840550 0.375176 -0.091970 -0.922380 -0.531991 0.069765 0.843871 -0.649174 0.333195 0.683779 -0.624492 0.202514 0.754319 0.091975 -0.138570 -0.986073 0.194178 -0.110845 -0.974684 0.367639 0.076382 0.926826 0.074063 -0.006179 0.997234 -0.791094 0.469189 0.392469 -0.737727 0.364113 0.568490 0.436603 -0.740758 0.510544 0.276587 0.086186 -0.957116 0.648666 0.705307 0.285964 -0.101121 -0.112166 0.988531 0.160558 0.167486 -0.972713 0.048397 0.288899 -0.956136 0.171628 0.208075 -0.962937 -0.282452 -0.235323 0.929970 0.355931 0.060243 0.932568 -0.467542 0.300758 0.831233 -0.470306 0.262316 0.842616 0.451572 0.082357 -0.888426 0.301987 0.124316 -0.945172 0.888542 -0.122011 -0.442274 -0.853412 0.505704 0.126298 -0.682813 -0.702328 0.201252 
						-0.726532 -0.680944 -0.092014 -0.517796 -0.678838 -0.520640 -0.325521 -0.595344 -0.734576 -0.394240 -0.372169 -0.840277 -0.182302 0.228628 0.956293 0.062650 0.264159 -0.962442 -0.798920 0.233084 0.554435 -0.357400 -0.062557 0.931854 -0.788010 0.529307 -0.314442 -0.875566 0.471930 -0.103275 -0.830687 0.544395 -0.116593 -0.562081 -0.779156 0.277455 -0.323043 0.171375 0.930738 -0.376776 -0.008645 0.926264 -0.338686 0.098537 0.935725 0.324194 -0.087119 -0.941971 0.357123 -0.094322 -0.929283 0.433452 -0.192321 -0.880416 -0.510526 0.292193 0.808694 -0.765689 -0.541595 0.346980 -0.738724 -0.577840 0.346970 -0.202935 -0.878104 -0.433303 -0.272172 -0.941244 -0.199956 -0.170706 -0.934067 -0.313654 0.585290 0.259896 0.768043 0.726304 0.314345 -0.611285 0.549762 0.012282 -0.835231 0.648453 0.272526 0.710801 0.293688 0.102346 0.950406 0.740461 0.080713 0.667236 -0.277974 0.090414 -0.956324 -0.890446 0.261277 0.372613 0.120847 -0.408742 -0.904614 0.172087 0.981871 -0.079474 0.017308 0.999578 -0.023316 0.693359 -0.405762 0.595492 0.987447 -0.081134 -0.135524 0.456219 -0.061272 -0.887755 -0.483450 -0.038909 0.874507 -0.426605 -0.031571 0.903887 0.603280 0.159600 0.781397 0.582247 0.102492 0.806526 0.469614 0.882814 -0.010123 -0.356970 0.259500 0.897347 -0.393775 0.330360 0.857790 -0.364331 0.486476 0.794106 -0.695595 0.587513 -0.413492 -0.363981 -0.923977 -0.117408 -0.286647 -0.956836 -0.047955 -0.272172 -0.941244 -0.199956 0.258316 0.666255 -0.699555 0.354857 0.612492 -0.706350 -0.311160 -0.805758 -0.503918 -0.217946 -0.865182 -0.451620 0.305843 -0.096052 -0.947224 0.201161 -0.040323 -0.978728 0.908989 -0.291315 0.298117 0.901440 -0.273438 0.335616 0.915755 -0.282884 0.285252 0.716770 -0.433003 -0.546580 0.795362 -0.496711 -0.347386 -0.668335 0.414074 0.617957 0.687637 0.130830 0.714170 0.673199 0.122632 0.729222 
						0.623022 0.274709 0.732379 0.940770 0.291652 0.172890 0.752562 -0.139477 -0.643581 0.799189 -0.188715 -0.570687 0.351493 0.013751 -0.936089 0.765213 -0.370747 0.526305 0.789740 -0.484339 0.376466 0.887125 -0.277992 0.368414 0.585728 0.203802 -0.784466 0.372360 -0.204067 -0.905375 -0.952509 -0.139611 0.270620 0.044372 -0.481963 -0.875068 -0.023252 -0.404259 -0.914349 -0.058301 -0.486657 -0.871646 0.972492 -0.138196 -0.187516 0.004278 0.682705 -0.730682 -0.423086 -0.114939 0.898770 -0.435277 -0.083119 0.896451 0.490904 -0.059771 -0.869161 0.609217 -0.035087 -0.792227 -0.938770 0.036289 -0.342629 0.470088 -0.022658 -0.882329 0.496624 -0.143443 -0.856031 -0.543805 0.413645 0.730188 -0.524371 0.174469 0.833424 -0.546233 0.241090 0.802188 0.886096 0.269197 0.377314 0.874978 0.211105 0.435715 0.774849 -0.630789 -0.041398 0.281483 0.042035 -0.958645 0.262967 0.120170 -0.957292 0.331556 -0.024695 -0.943112 -0.126411 -0.876214 -0.465047 -0.148070 -0.708050 -0.690464 0.222578 -0.080528 0.971583 0.231018 -0.674343 0.701350 0.799444 -0.348633 0.489228 -0.687077 0.514621 0.512923 -0.565079 0.513806 0.645515 -0.516828 0.510092 0.687528 -0.674084 -0.182256 0.715817 -0.563036 -0.092132 0.821281 -0.204448 0.552177 -0.808271 -0.173376 0.459427 -0.871130 0.434489 -0.366948 -0.822538 0.440266 -0.327861 -0.835866 -0.765770 0.245698 0.594330 -0.809121 0.304398 0.502658 0.153264 0.380036 -0.912185 0.115095 0.441718 -0.889741 0.154399 0.354306 -0.922295 0.696705 0.129603 0.705553 0.479597 0.647488 0.592238 0.134919 -0.246040 0.959824 -0.179794 -0.155913 0.971270 -0.067620 -0.171511 0.982859 0.414232 -0.420827 -0.807042 0.441005 -0.539932 -0.716930 0.443943 -0.432994 -0.784494 -0.230287 -0.156675 0.960427 -0.036435 -0.214835 -0.975970 0.014098 -0.104218 -0.994455 0.969491 -0.208750 0.128497 0.833834 -0.191796 0.517624 
						0.944273 -0.062989 0.323081 0.126720 -0.028090 -0.991541 -0.290122 0.074571 -0.954080 0.011195 0.073952 -0.997199 0.970361 0.003860 -0.241628 0.943676 0.102045 -0.314741 0.427620 0.593256 -0.682047 0.258090 -0.854655 0.450505 -0.326145 -0.650224 -0.686176 -0.284039 -0.580555 -0.763071 -0.457650 0.714762 0.528840 -0.608473 0.624447 0.489720 0.261949 0.244191 -0.933677 0.380656 0.035610 -0.924031 0.633587 0.031052 -0.773048 -0.643173 -0.378519 0.665621 -0.702287 -0.401967 0.587551 -0.502104 0.394768 -0.769448 -0.671009 0.399768 -0.624446 -0.660710 0.441428 -0.607127 -0.316492 0.939422 0.131605 -0.285934 0.948185 0.138520 -0.254536 0.964824 -0.065781 0.333171 0.628855 -0.702523 0.301855 0.586951 -0.751247 0.296383 0.510944 -0.806903 0.024176 0.243884 -0.969503 0.195403 0.131949 -0.971806 -0.006515 -0.270317 -0.962749 0.231314 -0.007388 -0.972851 0.389891 0.920847 -0.005068 0.379796 0.911394 0.158482 0.494342 0.865921 0.076201 -0.961528 0.271596 -0.041216 -0.932191 0.240033 0.270930 -0.924623 0.258514 0.279718 -0.345176 -0.075249 -0.935516 0.701962 0.031043 0.711537 0.836462 0.043276 0.546313 0.221629 -0.179357 -0.958494 -0.026497 -0.333469 -0.942389 -0.000687 -0.317070 -0.948402 0.287037 0.884083 0.368791 0.214609 0.917998 0.333501 -0.999522 -0.012877 0.028093 -0.962748 -0.009212 -0.270242 -0.844888 -0.364487 0.391552 -0.853146 -0.498556 0.153569 0.557326 -0.221700 -0.800148 0.904360 -0.324681 0.276976 -0.691422 -0.497264 0.524084 -0.649708 -0.569356 0.503700 -0.700815 -0.610453 0.369061 0.365702 0.078076 -0.927452 0.304761 0.232240 -0.923680 0.249784 0.281188 -0.926575 0.267161 0.278364 -0.922572 -0.706876 -0.149959 0.691259 0.640915 -0.564550 0.520106 0.739895 -0.447861 0.501972 -0.816956 -0.531891 -0.222877 -0.841007 -0.505327 0.193266 -0.687248 -0.354330 0.634146 -0.675380 -0.365188 0.640702 
						0.090920 0.295239 -0.951088 0.225494 0.104697 -0.968603 0.295345 0.787689 -0.540663 0.034561 0.826487 0.561893 0.254773 -0.014708 -0.966889 0.364147 -0.001349 -0.931341 0.398863 -0.004091 -0.917001 0.073599 -0.206856 0.975599 -0.211384 -0.131971 0.968453 0.001937 -0.215501 0.976502 0.516282 -0.343437 0.784541 -0.021088 0.999691 -0.013149 -0.814637 0.045715 0.578166 -0.535804 0.053880 0.842621 -0.233885 -0.094762 0.967635 -0.239347 -0.164969 0.956817 -0.965953 0.111512 0.233451 -0.979724 0.173989 0.099344 0.537022 0.037062 0.842754 0.582635 0.065312 0.810106 -0.553646 0.042678 0.831658 -0.807006 0.135691 0.574742 0.109255 0.099079 -0.989064 -0.837005 0.433793 -0.333537 -0.691083 0.442713 -0.571323 -0.497680 -0.621727 -0.604789 -0.226874 -0.685138 -0.692181 0.298454 0.260070 -0.918308 0.985328 -0.169720 -0.018000 0.974686 -0.223569 0.001983 0.386095 0.117359 -0.914963 -0.161357 -0.079201 0.983713 -0.472340 -0.018571 0.881221 -0.498533 0.060100 0.864785 -0.310404 0.560744 0.767604 -0.293493 0.509668 0.808765 0.348209 -0.056806 -0.935694 0.376078 -0.097590 -0.921435 0.461836 -0.031136 -0.886418 0.131135 -0.942217 0.308271 0.144674 -0.958589 0.245309 0.202825 -0.694761 -0.690050 0.223023 0.257093 -0.940300 -0.300791 -0.441475 -0.845354 -0.218259 -0.374793 -0.901051 0.429778 0.624808 0.651847 0.821566 0.502198 -0.269863 0.789947 0.587866 -0.174345 -0.554506 0.139628 0.820382 -0.826831 -0.475109 -0.301033 -0.635286 -0.389212 -0.667028 -0.613603 -0.432969 -0.660325 -0.436972 0.129864 0.890051 -0.321189 0.277537 0.905434 -0.341971 -0.245039 0.907200 0.244765 0.001829 -0.969581 0.474190 -0.246446 -0.845227 0.453799 -0.188931 -0.870845 -0.045321 -0.556571 -0.829563 0.125340 -0.563348 -0.816657 0.404478 0.588851 -0.699752 0.387355 0.680030 -0.622507 0.391779 -0.113389 -0.913046 0.377076 -0.035028 -0.925520 
						-0.570250 0.290087 0.768547 -0.574904 0.531683 0.621932 0.253316 -0.281997 0.925370 0.098289 -0.230673 0.968054 0.311261 -0.940905 -0.133474 0.099576 -0.987639 -0.121049 0.112499 -0.974698 -0.193153 0.334780 0.009941 -0.942244 0.257130 0.057446 -0.964668 -0.224174 -0.269557 0.936528 -0.116831 -0.403284 0.907586 -0.924565 -0.365199 -0.108672 -0.884358 -0.318536 0.341240 -0.014292 -0.281595 0.959427 0.187732 -0.977219 -0.098990 0.226247 -0.973784 0.023582 0.260450 -0.962336 -0.077948 -0.995792 0.087307 0.027837 -0.867217 0.072051 0.492690 0.427811 0.550130 -0.717171 0.272327 -0.068619 -0.959755 -0.747198 -0.320289 0.582332 -0.558548 -0.266234 0.785585 -0.730905 -0.325351 0.599937 0.989136 -0.060478 -0.133988 0.605914 -0.744727 -0.279732 0.292180 -0.084894 -0.952588 -0.731582 -0.644913 0.221077 0.347313 0.236891 -0.907335 0.983605 0.134033 0.120653 0.995345 0.094531 -0.018774 0.982754 -0.156718 0.098149 -0.455991 -0.033383 0.889358 -0.799512 0.171304 -0.575704 0.240232 -0.063232 -0.968654 0.049325 0.061911 -0.996862 0.096401 -0.624966 -0.774677 0.162895 -0.606065 -0.778557 0.251940 0.066149 -0.965479 0.284439 -0.002823 -0.958690 0.327338 0.457548 -0.826740 -0.581763 0.317882 -0.748667 -0.350430 0.674650 -0.649651 -0.258554 0.628766 -0.733351 0.340045 0.018899 -0.940219 0.381115 0.046972 -0.923334 -0.615610 -0.770982 -0.163131 0.436998 -0.095495 -0.894379 0.717996 -0.095662 -0.689442 0.699404 0.037849 -0.713724 0.014966 -0.112703 0.993516 0.317040 -0.062834 0.946329 0.404083 -0.104705 0.908710 0.475392 -0.134596 -0.869417 0.533024 -0.208232 -0.820076 0.510384 -0.237937 -0.826374 0.449814 0.891644 0.051360 0.180073 0.280004 -0.942959 0.496612 0.009349 -0.867923 0.553879 0.035388 -0.831845 0.231064 0.575512 0.784471 0.133730 -0.144365 -0.980446 0.155181 -0.054165 -0.986400 -0.977527 0.167584 0.127890 
						-0.968559 0.193746 0.156062 0.639212 -0.320454 0.699083 0.773169 -0.343511 0.533114 -0.186117 0.107637 0.976614 -0.266381 0.120834 0.956264 -0.271920 0.200880 0.941120 0.952495 -0.215863 -0.214841 0.710423 -0.633263 -0.307046 0.734896 -0.537567 -0.413461 0.646803 -0.069829 -0.759454 0.972919 -0.187379 0.135344 0.964110 -0.263200 0.034901 0.972550 0.209117 0.102065 0.206030 -0.099256 -0.973499 0.393573 -0.109148 -0.912791 -0.250382 -0.668285 -0.700503 0.436958 0.760303 -0.480633 0.253901 0.965267 0.061588 0.228568 0.947992 0.221511 0.387458 0.913353 0.125149 0.353441 -0.173299 -0.919264 -0.531116 0.461411 -0.710644 0.101364 0.133081 -0.985908 0.199635 0.060088 -0.978026 0.172586 0.302042 -0.937542 0.160833 0.322069 -0.932954 0.196373 0.327110 -0.924357 -0.047938 0.099641 0.993868 0.036666 0.100812 0.994230 -0.036744 -0.012451 0.999247 0.497752 0.764758 -0.409132 -0.134752 -0.990787 0.013539 -0.221010 -0.940017 0.259853 -0.060658 -0.983319 0.171475 -0.660279 0.253352 0.706997 -0.585421 0.036929 0.809888 -0.607167 0.087206 0.789774 0.464877 -0.838918 0.283029 0.349212 -0.791837 0.501043 0.721076 -0.119617 0.682452 0.415116 -0.134646 -0.899750 0.671334 -0.364880 -0.645115 -0.198614 -0.041232 -0.979210 -0.061200 0.048723 -0.996936 0.474683 -0.616951 -0.627732 -0.468083 0.609280 -0.640060 0.236954 0.022081 -0.971270 0.296807 -0.015181 -0.954817 -0.085567 -0.066940 0.994081 -0.141229 -0.084500 0.986364 -0.311516 -0.134865 0.940622 -0.236882 -0.440121 -0.866130 0.550816 0.257923 0.793774 0.668068 0.203176 0.715825 0.184057 0.288908 -0.939497 0.236218 0.279033 -0.930775 0.225711 0.040815 -0.973339 0.097976 0.125360 -0.987262 0.278509 -0.000297 -0.960434 0.499999 0.224561 -0.836405 0.719140 0.197793 -0.666119 -0.347987 0.340315 0.873551 -0.324602 0.522357 0.788528 -0.809347 -0.033652 0.586366 
						-0.859125 0.031894 0.510771 0.748490 -0.123324 -0.651578 0.876202 -0.115917 -0.467796 0.650642 -0.323333 -0.687110 0.386544 -0.076095 0.919126 -0.263752 -0.365303 -0.892742 -0.637053 0.434164 0.636919 -0.621738 0.452305 0.639424 -0.625170 0.483186 0.612938 0.294303 0.019272 0.955518 -0.563219 0.165209 0.809623 0.900284 -0.326866 0.287485 -0.221459 -0.071513 0.972544 -0.721457 -0.676381 0.148355 -0.813544 -0.558952 0.160371 -0.801016 -0.576213 0.162334 0.543542 0.591786 -0.595274 0.318013 -0.623532 0.714195 0.102872 -0.777825 0.620004 -0.288935 0.326556 -0.899932 0.054000 0.325112 0.944132 0.115919 0.080363 0.990002 0.533910 -0.528231 -0.660236 0.182147 0.812883 -0.553212 0.132546 0.833044 -0.537093 0.556783 0.685437 -0.469221 -0.436785 0.699045 0.566176 -0.710925 -0.617401 -0.336751 -0.665778 -0.576070 -0.474218 -0.606528 -0.608250 -0.512012 0.717078 -0.582546 0.382674 0.721848 -0.642472 0.257224 -0.540486 0.363126 0.758956 0.358575 -0.047962 -0.932268 -0.712200 0.425916 0.558003 -0.774693 0.115322 0.621732 -0.866056 0.178731 0.466907 -0.049465 -0.392675 -0.918346 0.173218 -0.278544 -0.944674 -0.027734 -0.481961 -0.875754 -0.608799 -0.775296 -0.168164 -0.631799 0.664453 -0.399164 -0.364250 0.068916 0.928748 -0.348226 0.172858 0.921335 -0.432957 -0.089438 0.896967 -0.477560 -0.100479 0.872835 0.385999 0.016031 -0.922360 -0.137642 -0.224619 0.964677 0.010313 -0.318528 0.947857 -0.227656 -0.160007 0.960505 0.391225 -0.068046 -0.917776 0.299100 -0.005688 -0.954205 0.355461 -0.934657 -0.008046 0.753175 0.407932 -0.516061 0.736634 0.592708 -0.325680 -0.453418 0.605992 0.653594 -0.439884 0.613898 0.655463 -0.094360 -0.169161 0.981061 0.059904 -0.238744 0.969233 0.100668 0.107722 0.989071 0.045564 0.983480 -0.175189 0.272782 0.961808 -0.022718 0.261153 -0.044853 -0.964255 -0.003319 -0.147186 0.989103 
						-0.175384 -0.139244 0.974603 0.033294 -0.181847 0.982763 0.401393 -0.157359 -0.902287 0.408603 -0.220883 -0.885582 0.426165 -0.147781 0.892493 0.323074 -0.048346 -0.945138 0.309055 -0.076159 -0.947990 0.662796 0.029705 -0.748210 -0.685662 -0.004259 0.727908 -0.725189 -0.075606 0.684386 -0.048969 -0.911584 -0.408187 -0.107134 -0.906128 -0.409212 -0.762850 0.102932 0.638330 -0.714686 0.102599 0.691880 -0.282628 0.932692 0.224071 -0.275449 0.929538 0.245125 -0.184697 0.982425 0.027004 -0.665529 -0.301677 0.682687 -0.693157 -0.393158 0.604119 0.393955 0.322251 0.860787 0.331784 0.253328 0.908705 0.308044 0.400306 0.863055 0.117595 -0.147322 -0.982073 0.076034 -0.107267 -0.991319 -0.007355 -0.224464 -0.974455 0.360869 0.100106 -0.927228 0.773359 -0.580870 0.253981 0.734381 -0.614043 0.289198 -0.608688 -0.204503 0.766602 -0.618288 -0.164171 0.768614 -0.464749 0.156119 0.871571 -0.400322 0.347234 0.848039 -0.538095 0.241877 0.807433 -0.514163 0.130898 0.847645 0.391323 -0.076601 -0.917060 0.490694 -0.201801 -0.847641 -0.347602 0.210271 0.913761 -0.375256 0.051576 0.925485 -0.122127 0.095376 -0.987921 -0.016141 0.075204 -0.997037 -0.428443 -0.056137 0.901823 -0.471900 -0.034605 0.880973 -0.554558 0.133058 0.821438 -0.570004 0.156246 0.806649 -0.693865 0.085515 0.715010 -0.056754 0.997392 0.044597 -0.592650 -0.487797 -0.640953 -0.593419 -0.478275 -0.647384 0.288717 0.003276 -0.957409 0.373043 -0.088206 -0.923612 -0.140205 -0.941506 0.306444 0.793926 -0.514318 0.324281 0.800370 -0.419457 0.428327 -0.096607 0.977363 -0.188223 -0.136104 0.983868 -0.116098 -0.344390 0.360037 0.867046 0.268130 -0.008388 -0.963346 0.373916 -0.144189 -0.916186 -0.039710 -0.370397 -0.928024 -0.066400 -0.342752 -0.937076 -0.028700 -0.411332 -0.911034 0.053364 0.117798 -0.991603 -0.205160 0.977910 -0.040014 -0.166387 0.985793 -0.022965 
						-0.515540 -0.178691 0.838026 -0.606415 -0.156967 0.779501 -0.617515 -0.205221 0.759315 -0.492490 -0.680650 -0.542373 -0.127042 -0.593012 -0.795108 0.606348 0.018649 0.794981 -0.268419 -0.877981 0.396360 -0.308088 -0.510568 0.802747 0.772948 0.347124 0.531090 0.024431 0.178067 -0.983715 0.037947 0.135145 -0.990099 0.659314 -0.649065 -0.379500 -0.138637 0.182222 -0.973435 -0.039744 0.162407 -0.985923 0.414841 0.396800 0.818814 -0.985245 0.060227 0.160201 -0.394570 0.544837 0.739911 -0.308908 -0.637184 -0.706096 -0.151436 -0.431613 -0.889257 0.941330 0.065765 -0.331018 0.979791 0.025499 -0.198394 -0.486295 -0.287601 0.825108 -0.591693 -0.338410 0.731695 -0.201664 0.977937 0.054508 -0.270193 -0.957156 -0.104155 0.493001 0.695608 -0.522570 0.553605 0.638005 -0.535230 0.364598 -0.004325 -0.931155 -0.453380 0.539030 0.709854 -0.463666 0.526928 0.712293 0.837461 0.484165 -0.253461 0.830379 0.546093 0.110692 0.806054 0.590757 -0.035824 0.623550 -0.286870 -0.727249 0.590762 -0.335388 -0.733836 0.784389 -0.619069 -0.038570 0.816657 -0.576541 0.025924 0.815387 -0.575770 -0.060269 -0.422223 0.054703 0.904840 -0.514671 0.383091 0.767043 -0.529503 0.184760 0.827943 -0.448223 -0.035362 0.893222 -0.516119 -0.778291 -0.357609 0.083948 -0.266536 0.960162 -0.041341 -0.356494 0.933382 0.132924 -0.452980 0.881556 0.163589 0.908109 0.385458 0.786472 -0.375968 -0.490010 -0.306925 -0.288491 0.906956 -0.546545 0.033608 0.836755 -0.611720 0.163670 0.773958 -0.583749 0.102341 0.805459 -0.686010 0.255359 0.681309 0.573850 0.112774 -0.811158 -0.401350 0.251567 0.880700 -0.560511 0.700866 0.441150 -0.032460 -0.984709 -0.171156 -0.266996 -0.927779 -0.260650 0.340481 0.421181 0.840642 0.321446 0.486647 0.812310 0.524760 -0.075652 -0.847882 0.814538 -0.281513 -0.507226 -0.215144 -0.039095 0.975799 -0.063149 -0.061688 0.996096 
						-0.093453 0.068586 0.993259 0.600901 -0.072200 -0.796056 0.585071 0.016704 -0.810810 -0.480091 0.558740 -0.676256 -0.454594 0.574297 -0.680828 -0.341456 0.523309 -0.780740 -0.419443 -0.281571 0.863010 -0.420703 -0.298923 0.856536 -0.435798 -0.355903 0.826688 -0.254264 -0.106188 0.961287 -0.164785 -0.123586 0.978556 -0.712369 0.375300 -0.593026 -0.859861 0.405197 -0.310570 0.917667 -0.367929 -0.150050 0.906356 -0.392937 0.155306 0.841858 -0.464301 -0.275135 0.504164 -0.291112 -0.813064 0.466569 -0.304463 -0.830431 0.241886 0.008659 -0.970266 -0.019110 -0.697543 0.716288 -0.082700 -0.569349 0.817926 0.006309 -0.658431 0.752615 0.944273 -0.062989 0.323081 0.857571 0.053948 0.511528 0.552609 -0.325886 0.767087 0.262568 -0.244358 -0.933460 0.180890 -0.282706 -0.941996 0.220103 -0.365600 -0.904373 0.816573 0.028221 0.576552 0.820693 -0.568831 -0.053799 0.071511 0.672069 -0.737027 -0.374709 0.044494 0.926074 -0.347200 0.093114 0.933157 0.556161 -0.479000 -0.679150 0.568909 -0.380372 -0.729150 -0.407235 -0.156144 0.899877 0.908104 -0.320425 -0.269585 0.873657 -0.287683 -0.392378 -0.767045 -0.641581 0.004077 -0.820970 -0.568632 0.051632 -0.722223 -0.674336 0.153832 -0.332111 -0.271834 0.903221 -0.708431 0.248286 0.660666 0.238164 -0.179897 -0.954419 0.278754 -0.039797 -0.959538 -0.078543 -0.293105 -0.952849 0.440837 0.679169 -0.586849 0.016772 -0.320173 -0.947211 -0.002913 -0.338218 -0.941063 0.038659 -0.303313 -0.952106 -0.340674 -0.224131 0.913075 0.411374 0.188655 -0.891729 0.983988 -0.177942 0.010168 0.902460 -0.354865 0.244208 -0.279583 -0.864220 -0.418278 -0.244787 -0.951570 0.185994 0.189029 0.448275 -0.873681 0.107885 0.574938 -0.811053 0.720931 -0.693007 -0.000276 0.695950 -0.713369 0.082208 0.954860 0.191211 -0.227333 0.983553 0.167623 -0.067272 -0.008657 0.206885 0.978327 -0.122828 0.110148 0.986296 
						0.937906 -0.185946 -0.292841 0.937050 -0.307925 -0.164681 0.525309 -0.575411 -0.626859 0.621678 -0.777797 -0.092455 0.603750 -0.797135 0.007927 0.636594 -0.765706 -0.091877 -0.278159 0.679547 -0.678854 -0.343640 0.708781 -0.616069 0.297455 -0.033994 -0.954130 0.268170 0.079819 -0.960059 0.173433 0.004489 -0.984835 0.294138 0.150420 -0.943852 -0.520764 -0.041259 -0.852703 -0.413047 -0.027841 -0.910284 -0.517796 -0.678838 -0.520640 -0.563170 -0.633198 -0.530942 -0.258046 -0.474897 -0.841359 -0.599292 0.021349 0.800246 0.582237 -0.434350 0.687270 0.697782 -0.500339 0.512603 0.852493 -0.096296 -0.513792 -0.889070 -0.165034 -0.426988 -0.831846 -0.096033 -0.546635 0.483143 -0.138584 0.864504 0.517253 -0.839458 -0.166613 0.538553 -0.840595 -0.057971 -0.394143 -0.876081 -0.277729 0.399019 0.020648 -0.916710 0.521354 0.167077 -0.836825 -0.599112 0.310363 0.738065 -0.371128 -0.111616 0.921849 -0.367209 -0.070753 0.927444 -0.453998 -0.053040 0.889423 -0.336274 -0.073050 0.938927 0.946789 0.227047 -0.228124 -0.694975 0.276668 0.663675 -0.702673 0.286942 0.651088 -0.631850 0.202284 0.748229 0.337792 -0.860894 0.380470 0.463752 -0.861732 0.205795 0.423724 0.711549 0.560496 0.747808 -0.471197 0.467714 -0.667344 0.102106 0.737717 -0.925684 0.242651 0.290223 -0.956873 0.290013 0.016939 0.806051 -0.447804 -0.386979 -0.365781 0.321582 0.873378 0.334810 -0.068758 -0.939774 -0.655155 0.437604 0.615854 -0.780725 0.494127 0.382501 -0.785791 0.493272 0.373115 -0.733425 0.581993 0.351242 0.254001 0.130398 -0.958374 0.586047 -0.040230 0.809278 -0.292194 -0.332349 0.896754 0.570684 -0.358932 0.738572 0.816419 -0.546690 -0.185984 -0.173549 -0.789711 -0.588419 -0.244462 -0.847776 -0.470654 -0.137285 -0.737727 -0.660994 -0.629597 -0.083048 0.772470 -0.726095 -0.159837 0.668759 0.590808 0.153153 -0.792142 0.725345 0.138670 -0.674274 
						-0.291348 -0.329338 0.898138 0.172612 0.751348 -0.636932 -0.306873 0.103300 -0.946128 -0.483967 -0.055519 0.873324 -0.497832 -0.032306 0.866671 0.387211 -0.070835 -0.919266 0.759226 -0.323496 0.564736 0.756359 -0.495369 0.427235 -0.447104 -0.086438 0.890296 0.327613 0.479546 -0.814067 0.258665 0.544031 -0.798200 -0.205499 0.333961 0.919913 -0.261022 0.262692 0.928903 0.382754 0.176246 -0.906883 0.598989 -0.497188 -0.627707 -0.356247 0.131334 0.925116 -0.778197 -0.303874 0.549609 -0.523322 0.165673 -0.835875 -0.703908 0.200615 -0.681371 -0.682218 0.228955 -0.694377 -0.829864 0.466081 0.306748 -0.784276 0.402612 0.472032 -0.828126 0.517528 0.215342 0.400303 0.507351 -0.763120 -0.575179 0.298400 0.761660 0.879779 0.187542 -0.436825 -0.708286 -0.193590 0.678863 -0.654547 -0.207793 0.726904 -0.450966 -0.179944 0.874214 -0.480682 -0.135798 0.866316 0.161169 0.725059 0.669563 0.245832 0.552504 0.796433 -0.392158 -0.395086 0.830734 -0.563122 -0.323895 0.760254 -0.158262 -0.488857 0.857888 -0.169286 -0.479989 0.860786 -0.304103 -0.088225 0.948545 -0.185848 -0.160414 0.969396 -0.058978 -0.182968 0.981348 0.298281 0.335226 0.893673 0.300023 0.366277 0.880811 -0.311882 0.293895 0.903524 -0.640886 0.130640 0.756438 0.860712 -0.367220 0.352597 0.020020 -0.089144 0.995818 -0.461321 0.347808 0.816218 -0.462309 0.309526 0.830941 -0.434612 0.331745 0.837292 -0.535499 0.805661 -0.253281 -0.587057 0.798601 -0.132664 -0.571663 0.740533 0.353287 -0.585726 0.693478 0.419540 -0.594749 0.733989 0.327924 -0.625526 -0.355472 0.694519 -0.035839 -0.924985 -0.378311 0.098826 -0.449184 -0.887957 0.062382 -0.386370 -0.920232 0.017164 -0.426058 -0.904533 -0.178604 0.897793 0.402577 -0.197846 0.005604 -0.980217 -0.605692 -0.024697 -0.795316 -0.109968 -0.022391 -0.993683 -0.073087 0.946684 0.313763 0.130207 0.987422 0.089693 
						-0.395893 0.523338 -0.754577 -0.112760 0.078864 -0.990488 0.245092 -0.029638 -0.969047 0.141698 -0.033501 -0.989343 0.448642 -0.017790 -0.893534 0.314738 -0.065968 -0.946884 -0.362576 0.145559 -0.920517 -0.340688 0.198576 -0.918966 0.198715 -0.036533 -0.979376 0.154910 0.059773 -0.986119 -0.213601 0.185736 -0.959102 0.032211 0.071569 -0.996915 0.131564 0.919157 0.371270 0.293337 0.873955 0.387500 0.341022 0.064803 -0.937819 0.469703 0.181452 0.863976 0.199492 0.068628 -0.977493 0.253183 -0.017175 -0.967266 -0.297395 -0.357224 0.885408 -0.579715 -0.035612 0.814041 -0.584306 -0.069095 0.808587 -0.314735 -0.348542 0.882870 0.189856 -0.164840 -0.967875 0.088706 0.450085 -0.888569 -0.724383 0.119224 -0.679010 -0.489268 0.118468 -0.864050 0.337107 0.255289 -0.906193 -0.654547 0.747820 0.111055 -0.277188 -0.356730 0.892138 -0.326924 0.852679 -0.407504 0.050402 -0.226342 -0.972743 0.147044 -0.190397 -0.970632 0.590073 0.216342 0.777824 -0.497074 -0.858427 -0.126571 -0.549480 -0.808623 -0.210239 -0.367936 -0.893534 -0.257333 0.303628 0.119380 -0.945282 0.301084 0.248380 -0.920682 0.228535 0.201298 -0.952497 0.082673 -0.595357 0.799196 -0.033097 -0.463607 0.885422 0.128773 -0.589591 0.797371 -0.501143 -0.004615 0.865352 0.451516 0.694151 -0.560614 0.571707 0.614925 -0.543155 -0.118140 -0.246396 0.961942 -0.598331 -0.008269 0.801207 0.383527 -0.057774 -0.921721 0.504595 0.587027 -0.633074 0.454709 0.664425 -0.593110 -0.039645 -0.138166 -0.989615 -0.741089 0.062410 0.668499 -0.600809 -0.296280 0.742460 -0.563192 -0.275896 0.778907 -0.745125 -0.317892 -0.586288 0.288110 -0.034457 -0.956977 0.469662 -0.452943 0.757799 0.291139 -0.406137 0.866193 -0.093252 0.535624 -0.839292 -0.306745 -0.194503 0.931706 -0.501126 0.415890 -0.758886 -0.439253 -0.040325 0.897458 -0.473431 -0.040171 0.879915 0.161554 0.944478 0.286115 
						0.335479 0.097412 -0.936998 -0.073265 -0.262091 0.962258 -0.254825 -0.187166 0.948701 -0.109919 -0.268021 0.957122 0.689735 0.709982 -0.142099 0.686142 0.724858 -0.061563 0.780085 0.609497 -0.141352 -0.415481 -0.154179 0.896440 -0.404437 -0.295465 0.865524 -0.458233 -0.189208 0.868460 0.904360 -0.324681 0.276976 -0.168355 -0.918001 0.359071 0.856736 0.214900 -0.468851 0.412377 -0.006686 0.910989 0.591815 -0.033150 -0.805392 0.488324 -0.042724 -0.871616 0.332437 0.121795 -0.935228 0.591760 -0.284405 0.754277 0.537604 -0.392887 0.746071 0.419389 -0.204070 0.884572 -0.270003 -0.154600 0.950367 -0.213883 -0.119455 0.969528 0.757484 0.191180 -0.624234 0.506276 0.000321 -0.862371 0.554662 0.024877 -0.831704 -0.420077 -0.011584 0.907415 -0.540471 -0.136535 0.830210 -0.873675 -0.109986 0.473914 -0.782127 -0.053937 0.620780 -0.631080 -0.612931 -0.475451 -0.244890 -0.399731 0.883314 0.174960 0.166337 -0.970423 -0.537959 0.016972 0.842800 0.175921 0.983594 -0.039931 0.348384 -0.072076 -0.934577 -0.277404 0.275070 0.920534 -0.182173 0.478095 0.859208 0.099872 0.354421 -0.929737 0.900284 -0.326866 0.287485 0.876426 -0.289241 0.384990 0.944395 -0.307716 0.115881 0.376719 -0.256072 -0.890230 -0.230216 -0.494141 -0.838347 0.924157 -0.275710 0.264420 0.889724 -0.307694 -0.337218 0.404878 0.211380 -0.889602 -0.242875 -0.409785 0.879254 -0.155989 -0.481372 0.862525 -0.148412 -0.189272 0.970644 0.376229 -0.172037 -0.910415 -0.339559 0.427772 0.837682 -0.304597 0.314263 0.899144 0.572547 -0.339907 -0.746092 0.583138 -0.333063 -0.740959 0.286469 -0.004403 -0.958079 0.346456 -0.168512 -0.922807 0.983988 -0.177942 0.010168 -0.468412 0.002104 0.883508 0.914137 -0.147232 -0.377725 0.973307 0.212688 -0.086236 -0.677050 0.032537 0.735217 0.699296 -0.236493 0.674579 0.709060 -0.279666 0.647318 0.793755 -0.244331 0.557005 
						0.341314 0.648641 0.680271 -0.177671 0.142406 -0.973732 -0.326124 0.168836 -0.930128 -0.106061 0.093616 -0.989943 -0.283251 0.096176 0.954211 -0.165285 0.146794 0.975260 0.076823 0.057241 -0.995400 -0.265136 -0.110107 0.957903 -0.124199 -0.161474 0.979030 -0.946588 0.204323 0.249446 0.359581 -0.103235 -0.927386 0.068487 -0.709615 -0.701253 -0.538626 0.105619 0.835899 -0.379383 -0.288609 0.879075 -0.417258 -0.174891 0.891801 -0.327668 0.499320 0.802068 -0.275132 0.679205 0.680428 -0.336749 0.622687 0.706301 0.506374 -0.274440 0.817476 0.440211 -0.628924 0.640835 0.604692 -0.646346 0.465386 0.451377 -0.660173 0.600358 -0.487829 -0.034904 0.872241 0.123459 0.344058 -0.930796 0.227480 -0.712255 0.664038 0.268360 -0.716628 0.643760 0.195521 0.298109 0.934292 0.159632 0.072763 0.984491 0.056073 -0.107779 0.992592 0.720900 -0.055882 -0.690783 0.825533 -0.025276 -0.563788 0.459607 -0.631573 0.624402 -0.224422 -0.967246 -0.118614 -0.138031 0.164053 -0.976747 0.525415 0.850834 -0.004602 0.517454 0.853574 0.060444 0.023621 -0.234429 0.971846 0.170060 -0.514895 -0.840216 0.132435 -0.627536 -0.767242 0.322673 -0.402694 -0.856575 -0.364535 -0.158314 0.917633 0.650563 -0.460087 0.604225 0.422824 0.289645 -0.858677 0.356370 0.161261 -0.920324 -0.083818 -0.925090 0.370382 0.017381 -0.875701 0.482540 0.089290 -0.961023 0.261653 0.798222 -0.591405 -0.114374 -0.754291 0.239904 -0.611139 -0.916327 0.270151 -0.295572 -0.776164 0.281362 -0.564274 0.372092 -0.003100 -0.928191 0.264162 0.160565 -0.951019 -0.731726 -0.241890 0.637234 0.378307 0.272262 -0.884736 0.494841 -0.868036 -0.040573 0.485884 -0.872726 0.047603 0.501737 -0.865019 -0.001391 0.158060 -0.919662 -0.359497 0.269897 -0.840506 -0.469793 0.115039 -0.863744 -0.490624 0.446987 -0.894538 0.002083 0.425895 -0.904395 0.026139 0.489565 -0.871960 0.003513 
						0.346952 -0.739509 -0.576846 0.193885 0.960419 -0.200011 -0.328992 -0.343791 0.879529 -0.981848 0.017859 -0.188826 -0.174367 -0.856486 -0.485826 0.379720 -0.076082 -0.921967 0.373023 -0.070197 -0.925163 0.492831 -0.864771 -0.096381 0.836363 -0.538566 -0.102191 0.394019 -0.085916 -0.915078 -0.059849 0.750394 -0.658276 -0.638647 0.665279 0.386695 -0.424001 0.155257 -0.892254 0.043693 0.149651 0.987773 0.817861 0.509844 -0.266763 0.736380 0.663444 -0.132615 0.840647 0.511958 -0.176669 0.746447 0.543030 0.384623 0.597437 0.459491 0.657219 0.837739 0.265953 0.476930 -0.342161 -0.711861 0.613335 0.018278 0.079348 0.996679 0.222732 0.144296 -0.964142 -0.369534 0.200436 0.907342 -0.492779 0.033386 0.869514 -0.394569 -0.045044 0.917762 -0.427570 -0.073064 0.901025 0.665267 0.061051 -0.744105 0.763061 0.084911 -0.640724 -0.763893 -0.125458 0.633030 -0.784489 0.530740 0.320767 0.137505 -0.137814 -0.980867 0.223208 -0.069016 -0.972324 0.147911 -0.031189 -0.988509 -0.504969 0.059913 0.861056 -0.941697 0.138411 0.306676 0.291842 0.096359 -0.951600 0.891819 0.116745 -0.437070 -0.457448 -0.168922 -0.873045 -0.105620 -0.169491 -0.979856 -0.281441 -0.689671 0.667192 -0.062737 -0.772790 0.631554 -0.524517 0.027349 0.850961 -0.607697 0.037629 0.793277 -0.520268 -0.004225 0.853993 -0.893343 0.407306 0.189842 -0.873148 0.457137 0.169230 -0.301741 -0.653766 -0.693932 -0.340459 -0.781427 -0.522934 -0.281411 -0.348461 0.894082 0.400218 0.169995 -0.900515 -0.633411 -0.645438 -0.426849 0.484792 0.866463 -0.119240 -0.291118 -0.928998 -0.228502 -0.120479 -0.878465 -0.462368 -0.374683 -0.813379 -0.445002 -0.432365 0.145925 -0.889813 0.516798 -0.079041 -0.852451 0.090483 0.015753 0.995773 0.324877 0.588437 0.740403 0.256341 0.371680 0.892269 0.618344 -0.236842 -0.749370 0.663439 -0.207260 -0.718952 0.568771 -0.174684 -0.803732 
						0.381811 0.191814 -0.904117 0.022451 0.973964 -0.225589 -0.075927 0.997099 -0.005342 0.018286 0.998781 -0.045845 0.228568 0.947992 0.221511 0.261027 0.952544 0.156607 0.387458 0.913353 0.125149 0.040933 0.003599 -0.999155 -0.069887 0.026934 -0.997191 -0.635763 -0.297621 0.712199 0.344127 0.290100 -0.892983 0.193815 0.312543 -0.929921 0.202693 0.361896 -0.909916 -0.002765 -0.473000 0.881058 0.399154 0.022972 -0.916596 -0.426953 -0.039722 0.903401 -0.581316 0.040367 0.812676 -0.510301 -0.022932 0.859690 0.903749 -0.284401 0.319929 -0.616437 0.193505 0.763257 -0.613060 0.236755 0.753727 0.078025 -0.009019 -0.996911 -0.544039 0.030325 0.838512 -0.672231 -0.557630 0.486985 0.382179 -0.265459 -0.885139 0.425181 -0.197857 -0.883218 0.364257 -0.003212 -0.931293 0.302839 0.012971 -0.952954 -0.045875 0.337041 -0.940372 0.671027 -0.458560 -0.582620 -0.414702 -0.349899 0.839996 0.820928 -0.559180 -0.115735 0.861151 -0.508321 -0.005393 -0.090219 0.448074 -0.889433 -0.903547 0.326238 0.277799 -0.911262 0.411380 0.019173 -0.929059 0.369856 -0.007536 -0.031850 -0.050754 0.998203 -0.486138 0.539383 -0.687558 -0.572675 0.531781 -0.623900 -0.104991 -0.202890 -0.973557 -0.309811 -0.273206 -0.910701 -0.137578 -0.581868 -0.801562 0.834480 0.213851 0.507850 0.853099 0.318406 0.413328 0.891952 0.139647 -0.430024 0.738817 0.088797 -0.668030 -0.424136 0.489099 0.762163 -0.308908 -0.637184 -0.706096 -0.603634 -0.791299 -0.097327 0.145818 -0.919527 0.364977 0.349392 0.102331 -0.931372 -0.016239 -0.997892 -0.062837 0.097246 -0.995212 0.009860 0.245071 0.149783 -0.957865 0.240365 0.133887 -0.961405 -0.859204 0.121176 0.497076 -0.884823 0.080616 0.458901 0.518067 -0.852238 0.072781 -0.120138 -0.087788 -0.988868 -0.058497 -0.064759 -0.996185 0.015616 -0.000506 -0.999878 0.362234 0.491560 0.791932 -0.179133 -0.700907 -0.690392 
						-0.282372 -0.631817 -0.721854 -0.327486 -0.488914 -0.808527 0.833194 0.152984 -0.531397 0.355014 -0.420793 -0.834804 -0.684953 0.258085 0.681345 -0.568031 0.046396 0.821698 -0.148329 -0.182776 -0.971901 -0.236391 0.080968 0.968279 0.419596 0.171582 -0.891347 -0.841421 0.350916 0.410936 -0.913696 0.406072 0.016284 -0.906609 0.402021 -0.128216 -0.837005 0.433793 -0.333537 -0.328811 0.360653 0.872819 -0.343534 0.527887 0.776737 -0.727486 0.474731 0.495373 -0.120380 0.909447 -0.398013 -0.097813 0.903880 -0.416452 -0.426618 0.322934 0.844814 0.253701 0.321975 -0.912123 0.237221 0.312808 -0.919716 -0.223463 -0.311440 0.923617 0.958318 0.257591 -0.123590 0.929555 0.201678 -0.308630 0.727156 -0.105593 0.678302 -0.331758 -0.321137 0.887022 -0.308265 -0.465189 0.829802 -0.093169 -0.304810 0.947845 0.563592 0.143114 0.813562 0.567290 -0.304089 -0.765318 0.555836 -0.200500 0.806750 0.330931 0.251081 -0.909639 0.112499 -0.974698 -0.193153 0.239403 -0.900256 -0.363627 0.125598 0.090770 -0.987920 0.032770 0.205050 -0.978203 -0.002982 0.188418 -0.982084 -0.875759 -0.195136 0.441551 -0.261418 0.043762 -0.964233 -0.819679 -0.055060 0.570171 -0.452475 0.053569 0.890167 -0.282925 -0.187638 0.940609 0.980536 -0.056112 -0.188150 0.984361 -0.173640 0.029708 0.981742 -0.127679 -0.140998 -0.571934 0.058782 0.818191 0.260083 0.075245 -0.962650 0.273478 0.142472 -0.951268 0.175834 0.089915 -0.980305 0.788849 0.362600 0.496224 0.652781 0.355203 0.669110 0.268080 0.366045 -0.891148 -0.868041 -0.485154 0.105499 -0.281984 0.632814 -0.721132 -0.347359 0.171196 -0.921973 0.752007 0.659003 -0.014157 0.632759 0.722976 0.277347 0.631630 0.746734 0.208402 0.503045 0.240752 0.830051 -0.951447 0.127500 0.280165 -0.989744 0.138041 0.036756 -0.285539 -0.209332 0.935226 -0.385695 0.489806 -0.781876 -0.409682 0.218132 -0.885765 
						-0.236190 -0.132118 0.962683 0.390705 0.326995 0.860479 -0.531150 -0.199087 0.823556 0.830869 0.051675 -0.554063 0.232190 0.650543 0.723106 0.265614 0.597089 0.756924 0.375608 0.681336 0.628252 -0.554060 0.826157 -0.102385 -0.112878 -0.023589 0.993329 0.522833 -0.606568 0.598933 0.919132 -0.215364 -0.329870 -0.383087 -0.100538 -0.918225 0.420637 -0.194274 -0.886184 0.401641 -0.182953 -0.897337 -0.371933 -0.326116 -0.869088 -0.173504 -0.272805 -0.946295 -0.233542 -0.320212 -0.918108 -0.298313 0.952082 -0.067445 0.021807 -0.159786 0.986911 -0.569678 -0.738931 0.359788 -0.679441 -0.665759 0.308423 0.074669 -0.651216 0.755210 -0.729577 -0.657253 0.189038 -0.246452 -0.265548 0.932065 -0.383851 -0.072886 0.920514 -0.423987 -0.037361 0.904897 -0.493390 0.482530 0.723692 -0.513098 0.412112 0.752923 -0.487071 0.381604 0.785583 0.563244 -0.824731 0.050751 -0.640785 -0.086301 0.762855 0.044163 -0.516787 -0.854974 0.841146 -0.257382 0.475635 -0.792168 -0.603593 -0.090249 -0.860940 -0.508670 -0.006128 -0.267215 0.803249 0.532342 -0.313708 0.726326 0.611586 -0.308428 0.738604 0.599447 0.879530 0.316770 0.355084 0.390705 0.326995 0.860479 -0.699853 0.156791 0.696866 0.052966 -0.235193 -0.970504 0.330186 -0.192408 -0.924098 0.363545 -0.161889 -0.917402 0.286706 0.479777 -0.829225 0.319366 0.461829 -0.827478 -0.839418 0.221195 0.496437 -0.872279 0.274716 0.404550 -0.402662 -0.112939 0.908354 -0.416927 -0.089016 0.904571 -0.758922 -0.445265 0.475160 0.716159 -0.626343 0.307915 0.812774 -0.227281 0.536416 0.445552 -0.025375 -0.894897 -0.602054 -0.716706 0.351943 -0.610521 -0.666977 0.427091 0.236634 0.114947 -0.964775 0.469762 0.874971 -0.117261 0.070773 0.185830 -0.980030 -0.038222 -0.291385 -0.955842 0.091293 -0.154832 -0.983714 -0.972898 0.230157 -0.022315 -0.916327 0.270151 -0.295572 -0.896016 0.252054 -0.365546 
						0.270773 0.908610 -0.317978 -0.584605 -0.014569 0.811187 -0.328046 0.491799 0.806548 0.061938 -0.987455 -0.145246 -0.074324 -0.984391 -0.159534 0.980186 -0.159390 0.117599 0.911751 -0.395633 0.110384 0.276872 0.208866 -0.937932 0.327844 -0.006334 -0.944710 0.947631 0.246324 -0.203274 0.181525 -0.298885 0.936865 -0.628924 0.777214 -0.019854 -0.559416 0.808768 -0.181515 0.046403 -0.027201 -0.998552 0.711855 -0.418878 -0.563742 0.103464 -0.895168 0.433554 0.985582 -0.151852 0.074627 0.965730 -0.144832 0.215381 0.426156 -0.138621 -0.893966 0.509403 -0.154397 -0.846564 0.610389 -0.203519 0.765509 0.548731 -0.184675 0.815346 0.727865 -0.181320 0.661314 -0.981848 0.017859 -0.188826 0.927402 0.208332 -0.310682 0.219581 0.159231 -0.962512 0.875988 0.208585 0.434899 -0.232577 -0.028742 0.972153 0.194952 -0.962102 -0.190664 0.211161 -0.970929 -0.112733 0.785004 -0.208837 0.583229 0.740343 -0.203353 0.640734 -0.469707 -0.058175 0.880904 -0.051082 -0.882893 -0.466788 -0.590691 -0.633580 -0.499661 0.952283 0.107616 -0.285616 0.926425 0.088794 0.365858 0.870306 0.219573 0.440858 0.360323 0.068491 -0.930310 0.198863 0.257075 -0.945709 -0.427468 -0.029529 0.903548 -0.628147 0.207070 0.750036 -0.557650 0.164375 0.813638 0.087433 -0.791055 0.605465 -0.385338 0.849213 0.361043 -0.421607 -0.053516 0.905198 0.422775 -0.189085 -0.886289 0.666038 -0.228935 0.709917 -0.394013 0.358032 -0.846502 -0.460106 0.380564 -0.802168 -0.538262 0.407347 -0.737796 0.291305 -0.454417 0.841811 0.337243 -0.287494 0.896445 -0.089707 -0.292507 0.952046 0.251515 0.195836 -0.947834 0.238329 0.113128 0.964573 0.422835 0.906012 0.018793 -0.092059 0.833546 -0.544726 -0.143414 0.868446 -0.474589 0.099503 0.980433 -0.169856 0.092883 0.913426 -0.396263 0.093173 0.915244 -0.391980 -0.267123 -0.209136 0.940695 -0.455020 -0.016825 0.890322 
						-0.519454 -0.848289 -0.102826 -0.590535 -0.744730 -0.310878 0.472479 -0.195824 -0.859312 -0.530994 0.167324 -0.830691 -0.386223 0.130406 -0.913141 0.261601 0.812613 -0.520793 0.253299 0.609604 0.751147 0.352349 0.545275 0.760608 0.211565 -0.711808 -0.669754 -0.491502 -0.166848 0.854744 -0.597289 0.508004 0.620627 -0.586149 0.492799 0.643101 0.153196 0.244661 -0.957430 0.152523 0.278062 -0.948376 -0.723700 -0.224301 -0.652647 -0.950125 0.220080 0.220972 0.787340 -0.321489 0.526062 0.973298 0.182204 0.139614 0.963910 0.264386 0.031274 -0.639609 -0.318732 -0.699507 -0.745125 -0.317892 -0.586288 -0.032460 -0.984709 -0.171156 0.049550 -0.986812 -0.154103 -0.098779 -0.986406 -0.131326 -0.169251 -0.087778 0.981656 -0.394613 -0.038731 0.918031 -0.376651 0.136203 0.916287 0.813224 0.346846 -0.467295 0.763925 0.395698 -0.509746 0.906539 -0.121337 0.404307 0.773914 -0.158938 0.613022 0.384006 -0.045199 -0.922224 0.433880 -0.054811 -0.899302 -0.933604 0.352647 0.063426 -0.096861 -0.590661 0.801085 0.619803 -0.406416 -0.671320 -0.663233 -0.740545 0.108234 -0.509632 -0.844465 0.164787 -0.492776 -0.869757 0.026364 0.526919 0.849481 0.027167 0.008988 0.704748 -0.709401 0.449028 -0.222168 -0.865456 0.439476 -0.179368 -0.880164 0.884430 -0.448664 0.128388 0.725183 -0.687271 -0.042055 0.700235 -0.712060 -0.051401 0.072792 -0.765975 0.638736 -0.308065 0.446299 -0.840186 -0.143957 0.540775 -0.828758 -0.009799 0.396604 -0.917938 -0.063251 -0.215387 -0.974478 0.353491 0.315242 -0.880720 0.063825 0.009898 -0.997912 -0.834818 0.405944 0.371871 -0.787419 0.342429 0.512557 0.428082 -0.200813 -0.881147 0.372521 -0.043189 -0.927018 0.386404 -0.096109 -0.917309 0.223899 0.233647 -0.946191 -0.033527 -0.022900 0.999175 0.141174 0.041630 0.989109 -0.251799 -0.200849 0.946709 0.090322 0.169670 0.981353 -0.372826 -0.206616 0.904605 
						-0.359656 -0.083246 0.929364 -0.362231 -0.144503 0.920819 0.497309 -0.485487 0.719018 0.352592 0.736184 0.577678 0.231676 0.571339 0.787336 -0.899724 -0.435641 -0.026729 -0.830921 -0.431367 -0.351415 -0.622732 0.189692 0.759093 0.261880 0.230132 0.937261 -0.568365 -0.555027 -0.607377 -0.260240 0.610982 -0.747647 0.346143 0.190468 -0.918644 -0.500347 0.141736 0.854145 -0.543525 0.083545 0.835225 -0.534001 -0.069886 0.842590 -0.304228 0.309934 0.900770 -0.735193 -0.674188 -0.070442 -0.780698 -0.611571 0.128418 0.554791 0.725732 -0.406841 0.570714 0.741579 -0.352628 -0.284813 -0.719324 -0.633604 -0.280368 -0.434661 -0.855841 -0.562215 -0.112865 0.819254 -0.533628 -0.157659 0.830894 -0.571176 -0.133355 0.809922 -0.444907 0.632153 0.634381 0.196934 -0.205890 -0.958554 0.222275 -0.185664 -0.957143 0.190656 -0.209250 -0.959096 -0.467272 -0.140138 -0.872937 -0.611267 -0.118061 -0.782569 0.386648 0.921961 0.022172 -0.197359 -0.232078 0.952465 -0.228145 -0.239190 0.943789 -0.591887 -0.085885 0.801432 -0.472130 0.472077 0.744470 0.367029 -0.022737 -0.929932 0.340690 -0.053057 -0.938678 0.489565 -0.871960 0.003513 -0.651421 -0.252250 0.715556 -0.637125 -0.206174 0.742674 0.371802 0.307923 -0.875755 -0.102286 0.233779 -0.966894 0.016331 0.091951 -0.995630 -0.387624 -0.121089 0.913830 -0.284306 -0.190587 0.939599 -0.548023 0.064467 0.833975 -0.511448 0.082019 0.855391 -0.606489 -0.326338 0.725035 -0.501169 -0.661224 0.558222 -0.494684 0.534247 -0.685469 0.331727 -0.853151 -0.402605 0.342621 -0.820658 -0.457310 0.372238 -0.806191 -0.459886 0.055834 0.998437 0.002677 0.815093 -0.505685 -0.282675 -0.253773 -0.227081 0.940231 -0.241025 -0.290493 0.926024 -0.218387 -0.234972 0.947151 -0.210347 -0.876929 0.432146 -0.154907 -0.937899 0.310403 -0.563170 -0.633198 -0.530942 0.333271 -0.164954 -0.928289 -0.293785 -0.205101 0.933608 
						-0.002493 0.654897 0.755714 -0.107072 0.521204 0.846689 0.596316 0.626535 -0.501858 0.600694 0.694652 -0.395758 0.227004 -0.103543 0.968374 0.390138 -0.677302 0.623743 0.513421 -0.107840 -0.851334 0.394350 -0.059586 -0.917026 0.483236 -0.078474 -0.871966 -0.309080 -0.126399 0.942599 -0.147264 -0.839060 0.523729 -0.291468 -0.813353 0.503491 0.092329 -0.230258 -0.968740 0.858337 0.345721 0.379124 0.839910 0.461830 0.285069 0.579537 -0.423672 0.696160 0.495144 -0.398665 0.771944 0.694465 0.718206 -0.043585 0.730432 0.674275 -0.108732 -0.042926 0.435902 -0.898970 0.707466 0.660221 -0.252191 0.944290 -0.242749 0.222237 -0.163973 -0.960669 -0.224114 0.539821 0.827081 0.156620 0.296537 -0.225289 0.928068 0.227856 0.232795 -0.945457 -0.233009 0.806178 0.543860 -0.462415 -0.872847 0.155923 0.211458 0.743868 -0.633992 0.359408 -0.049721 -0.931855 0.195676 0.606683 0.770485 -0.244560 0.937682 -0.246865 -0.282285 0.948840 -0.141484 -0.182745 0.658802 0.729784 -0.095090 0.825719 0.556009 -0.123447 -0.095590 -0.987736 -0.222359 -0.067539 -0.972623 0.980060 -0.178206 0.087893 0.124325 -0.716423 -0.686499 0.167229 -0.768533 -0.617569 -0.152334 0.421130 -0.894116 -0.608789 -0.179297 -0.772806 0.101455 0.074329 -0.992060 0.048299 0.075866 -0.995948 0.663586 -0.637161 0.392020 -0.324928 0.789584 0.520556 -0.978832 0.203679 -0.020072 -0.969545 0.228385 -0.088444 0.151492 0.966610 -0.206676 0.323900 0.379437 -0.866670 -0.164357 0.050666 -0.985099 -0.321092 0.086768 -0.943065 -0.611991 -0.623610 -0.486393 -0.436327 -0.577135 -0.690315 0.803445 -0.594811 0.025998 0.750580 -0.637652 0.173291 -0.843878 0.505588 0.179585 -0.047259 -0.321587 0.945700 -0.123800 -0.130004 0.983754 -0.333614 -0.124667 0.934430 -0.609765 0.062988 0.790075 0.304272 0.336623 -0.891125 0.211947 0.534323 -0.818277 -0.855608 0.204955 0.475320 
						-0.669802 -0.624027 0.402436 -0.607035 -0.568153 0.555617 0.381575 -0.074833 -0.921304 -0.210886 0.602713 -0.769587 -0.424648 0.443985 0.789019 -0.335442 0.459237 0.822545 -0.470661 -0.028335 0.881859 -0.555896 0.017547 0.831067 -0.320341 -0.132953 0.937926 0.534067 -0.195953 -0.822420 0.329460 0.151391 -0.931953 -0.601278 0.208001 0.771492 -0.264810 -0.128147 0.955748 0.759749 0.068668 -0.646580 0.887981 -0.457769 0.044025 0.632484 -0.766217 -0.113467 0.367576 0.163092 -0.915581 0.060032 0.043386 -0.997253 0.334016 -0.419845 -0.843898 -0.251065 0.535041 0.806658 0.073115 0.991942 -0.103469 0.117764 -0.008194 -0.993008 -0.616669 0.387340 0.685337 -0.565686 0.233910 0.790750 -0.827031 -0.086862 -0.555405 -0.959288 -0.068572 -0.273978 -0.926360 -0.035004 -0.375009 -0.585165 0.023554 0.810572 -0.644328 -0.754614 0.124095 -0.276069 0.875935 0.395630 -0.719469 0.395190 0.571130 0.784916 0.558767 -0.267744 0.293092 0.064215 -0.953925 0.227548 -0.004013 -0.973758 -0.383572 0.707587 -0.593459 -0.006532 -0.014885 -0.999868 0.908654 0.404579 0.103270 0.973002 0.216144 0.080920 -0.410664 -0.636875 -0.652491 0.396131 -0.096231 -0.913137 0.408970 -0.140639 -0.901645 0.379618 0.380963 0.843064 0.243893 0.249455 0.937170 -0.359133 -0.036149 0.932586 -0.400453 -0.201080 0.893983 0.521466 0.048316 0.851903 0.531406 0.199664 0.823251 -0.831846 -0.096033 -0.546635 -0.708752 -0.125102 -0.694277 -0.676238 -0.343161 0.651876 -0.846361 -0.220423 -0.484858 -0.428799 -0.735803 -0.524141 -0.205463 0.972138 -0.112835 -0.724151 -0.655950 0.212921 -0.601400 0.680497 0.418619 0.554074 0.746299 -0.368835 0.511568 0.809784 -0.287313 0.495489 0.818693 -0.290229 0.857851 0.428278 -0.284024 0.708255 0.696767 -0.113538 0.672964 0.727639 -0.132895 -0.428040 0.696252 -0.576208 -0.639280 -0.664505 0.386982 -0.822351 -0.165724 0.544311 
						0.765688 0.260915 0.587915 -0.667343 0.398998 0.628851 -0.761687 0.579627 0.289595 0.948142 -0.239887 0.208520 0.827886 -0.366512 0.424587 0.946699 -0.297290 0.124013 -0.677632 -0.311005 0.666402 0.744301 0.197461 0.637985 -0.497817 0.123175 0.858491 -0.505604 0.329982 0.797168 -0.564752 -0.434385 0.701687 -0.388051 -0.161140 -0.907442 -0.254709 -0.120348 -0.959500 -0.451233 -0.471416 -0.757730 0.188469 -0.150714 -0.970446 0.084323 -0.229280 -0.969701 0.297900 -0.063819 -0.952461 0.253493 0.014187 -0.967233 -0.162432 -0.304630 0.938518 -0.301699 0.456370 0.837081 -0.318697 0.235290 0.918189 -0.292621 0.202040 0.934641 -0.280784 0.218832 0.934491 -0.010814 -0.073707 0.997221 -0.756454 -0.229360 0.612513 -0.852550 -0.277293 0.443021 -0.090791 0.585974 0.805227 0.296026 0.455238 -0.839718 0.056075 0.601715 -0.796740 0.325827 0.786038 0.525339 -0.181638 0.593872 -0.783788 -0.681683 0.141467 0.717841 -0.958575 0.132395 0.252202 -0.918241 0.309428 0.247159 0.713998 0.063015 0.697306 -0.340758 0.180382 0.922684 -0.360814 0.839840 0.405564 0.230757 -0.570987 0.787861 -0.373859 0.275852 0.885514 -0.632741 0.067611 0.771406 0.137617 0.206732 -0.968671 0.457743 0.829728 -0.319409 0.327399 0.853687 -0.405004 0.134250 -0.264220 -0.955073 -0.279822 -0.130930 0.951082 -0.556750 0.805717 0.202111 -0.526341 0.783941 0.329246 -0.461896 -0.642239 0.611704 0.711812 -0.203321 -0.672298 0.234628 0.387313 0.891593 -0.274425 0.276757 0.920921 0.264108 0.162875 -0.950641 -0.758873 -0.408188 0.507439 0.236818 0.217893 -0.946805 0.205678 0.297485 -0.932308 0.179042 0.295398 -0.938448 0.374658 0.484975 0.790209 0.390618 0.467265 0.793146 0.796533 -0.597558 0.091981 0.799933 -0.582765 0.143148 -0.542002 0.759491 -0.359733 -0.657571 0.734453 -0.167866 -0.619364 0.774780 -0.126902 0.298466 0.290324 -0.909192 
						0.364412 0.238403 -0.900204 -0.419201 0.762318 -0.493095 -0.343071 0.702019 -0.624077 -0.368705 0.733499 -0.570996 -0.187479 -0.018215 -0.982100 -0.293763 -0.185851 0.937637 -0.296968 -0.208080 0.931940 -0.177270 0.218105 0.959690 0.089873 0.011216 0.995890 -0.465981 -0.080307 0.881143 -0.316124 -0.162350 0.934724 -0.412274 0.672903 0.614192 0.003062 -0.236077 -0.971729 -0.408735 -0.246604 0.878705 -0.812722 -0.580104 -0.054420 0.947091 0.211002 -0.241861 0.930428 0.297610 -0.213849 -0.573403 -0.238037 0.783931 -0.404516 -0.106863 0.908266 0.893183 0.436466 0.108265 0.881681 0.453048 0.131858 0.882093 0.448362 0.144513 -0.282126 0.005813 0.959360 0.377677 -0.243293 -0.893403 0.409166 -0.255239 -0.876034 0.703497 0.704505 -0.093619 0.092134 -0.046110 -0.994678 0.513193 -0.807511 0.290790 0.323626 -0.903134 0.282162 0.421120 -0.901342 0.101198 -0.111125 -0.825689 0.553072 0.226841 0.088478 -0.969905 0.135340 0.309889 -0.941091 -0.707713 -0.690790 0.148164 0.269767 -0.657410 0.703589 -0.571035 0.508065 0.644817 -0.393351 -0.653747 0.646444 0.099024 0.012154 -0.995011 -0.245994 -0.245336 0.937708 0.876765 -0.309036 0.368484 -0.646284 0.709067 0.282030 0.178701 0.725586 0.664523 0.056089 -0.175449 -0.982889 0.263323 0.670394 -0.693710 -0.284017 0.176980 0.942344 -0.322939 0.222804 0.919820 -0.104266 -0.893198 -0.437409 0.295384 -0.383020 0.875239 0.402535 -0.455156 0.794228 -0.635286 -0.389212 -0.667028 0.013503 0.992880 0.118352 -0.399235 0.036142 0.916136 0.231493 0.050823 0.971508 0.293688 0.102346 0.950406 -0.141183 0.812862 -0.565087 0.926067 -0.362653 0.104323 0.949351 -0.300303 0.092467 -0.205785 -0.969859 0.130480 0.101593 0.090466 0.990704 0.193387 0.252743 0.948010 0.121909 -0.817035 -0.563553 0.022456 -0.900184 -0.434931 -0.086591 0.682926 -0.725338 -0.118535 0.714258 -0.689772 
						0.179655 0.078974 -0.980555 0.128643 0.113328 -0.985194 0.776973 0.598047 0.196603 0.450255 0.597785 0.663267 0.212020 0.011199 0.977201 -0.258339 -0.078192 -0.962885 -0.139305 -0.145540 -0.979496 0.614096 -0.113355 -0.781049 0.966655 -0.170363 -0.191193 -0.050331 0.735151 0.676033 -0.034542 0.733772 0.678517 0.015385 0.853664 0.520597 0.485986 -0.554481 0.675551 0.585352 -0.558786 0.587471 0.774450 0.342416 -0.531958 0.728798 0.223304 -0.647294 0.820155 0.171088 -0.545962 0.244338 0.627682 0.739131 -0.370832 0.085149 0.924788 -0.315905 0.126261 0.940352 0.941495 0.288481 -0.174261 -0.388182 -0.497564 -0.775722 0.520870 -0.118976 -0.845304 0.506058 -0.100319 -0.856645 -0.257420 0.142893 0.955676 -0.298475 0.254336 0.919906 -0.076153 -0.447657 0.890957 0.416273 -0.157641 -0.895470 0.276469 -0.165877 -0.946599 0.003661 -0.261008 0.965330 0.018572 0.078852 -0.996713 0.775371 0.570038 -0.271765 -0.094380 0.022412 -0.995284 0.930882 -0.062837 -0.359876 0.910578 -0.184174 -0.370038 0.958980 -0.203947 -0.196881 0.715437 -0.330741 -0.615435 0.823483 -0.557245 -0.106552 -0.396845 -0.718521 0.571176 -0.400388 -0.629038 0.666334 0.630214 0.776141 0.020888 0.915624 -0.108778 -0.387039 -0.631799 0.664453 -0.399164 -0.527408 0.668529 -0.524319 0.358873 0.092755 -0.928766 -0.511018 0.151878 0.846046 0.062871 -0.252327 0.965597 -0.214244 -0.154652 0.964460 -0.893324 -0.125207 0.431619 0.265130 0.898902 0.348829 0.356776 -0.083826 -0.930421 -0.291123 -0.208993 0.933579 -0.124447 0.145506 0.981499 -0.160429 0.086935 0.983211 0.014482 0.117249 0.992997 0.166982 -0.265004 -0.949679 0.140150 -0.353065 -0.925042 -0.211200 0.129871 0.968777 -0.469911 -0.135932 0.872185 -0.525703 -0.201641 0.826424 0.067752 -0.007060 -0.997677 0.676692 0.730363 -0.093042 0.579963 0.783170 0.224247 -0.365145 -0.138858 0.920537 
						0.134479 -0.556110 0.820156 0.275911 0.069871 -0.958640 -0.472280 -0.056305 0.879648 -0.073743 0.869454 -0.488479 -0.038961 0.859412 -0.509797 0.328244 -0.201091 -0.922940 0.779034 0.604473 -0.166489 0.791016 0.608401 -0.064358 -0.341479 0.433429 0.833985 -0.356677 0.112032 0.927486 -0.408429 -0.741365 -0.532506 -0.133246 -0.987217 -0.087450 0.931850 0.337868 -0.132289 0.885486 0.428197 -0.180451 0.647835 0.330654 -0.686278 0.679840 0.288075 -0.674411 0.219207 -0.857339 0.465745 -0.469234 0.123659 0.874373 -0.520226 0.147029 -0.841277 0.297629 -0.078671 -0.951435 0.218723 -0.200109 -0.955048 -0.478098 -0.876727 0.052646 -0.309902 -0.911238 -0.271306 -0.124797 -0.099847 0.987145 -0.753363 -0.196245 0.627640 0.552677 -0.237652 0.798793 0.258958 0.673886 0.691967 0.172014 -0.020575 -0.984880 0.004520 0.000287 -0.999990 0.485884 -0.872726 0.047603 0.934550 -0.048572 0.352501 0.065684 -0.545680 0.835415 0.053101 -0.956666 -0.286305 -0.318920 0.465380 0.825658 -0.325361 0.284943 0.901636 0.064205 0.997757 0.018920 0.566586 -0.804892 0.176436 0.669982 -0.735609 0.100019 0.617836 -0.707708 0.342677 0.967461 -0.115395 -0.225173 -0.323455 -0.132274 0.936953 -0.042144 0.363755 -0.930541 -0.432529 -0.108631 0.895052 0.439264 -0.148508 -0.885998 -0.370533 -0.135958 0.918815 -0.897249 0.275683 0.344881 -0.871017 0.304092 0.385822 -0.693574 -0.681775 -0.232677 -0.739875 -0.659758 -0.131548 -0.156476 0.581394 -0.798434 0.421900 -0.814605 -0.398019 0.213696 -0.143053 -0.966370 -0.576186 0.359698 0.733912 0.795885 -0.212688 0.566860 -0.057186 0.902237 -0.427432 -0.052437 0.922141 -0.383283 -0.435177 -0.207677 0.876066 -0.353564 -0.153815 0.922678 -0.299710 -0.379465 0.875317 0.198079 0.057255 -0.978512 -0.014571 0.738128 -0.674503 -0.726060 -0.159658 -0.668839 -0.524560 -0.718612 -0.456545 -0.527697 0.843231 0.102454 
						-0.518550 0.853417 0.052772 0.617779 0.149722 0.771966 0.681022 0.154244 0.715833 0.402773 -0.055075 -0.913641 0.722105 0.165227 0.671763 0.101906 0.835858 -0.539405 -0.426640 -0.130508 0.894956 -0.409835 -0.666066 -0.623211 -0.309496 -0.622200 -0.719083 -0.397516 0.697141 0.596637 0.879833 0.320080 -0.351345 0.099693 -0.386863 -0.916733 -0.350901 -0.010058 0.936359 -0.677955 0.149956 -0.719646 -0.310341 0.134026 0.941130 -0.506458 -0.333051 -0.795348 -0.829269 -0.397956 -0.392358 -0.603185 -0.343873 -0.719666 -0.299709 0.229975 -0.925898 -0.180643 0.005050 0.983536 0.893346 0.448286 -0.031185 0.744594 -0.330918 -0.579718 -0.321109 -0.169491 0.931752 -0.773562 0.626528 0.095208 0.056570 -0.944096 -0.324781 0.054102 -0.937940 -0.342552 0.905547 -0.276280 -0.321952 -0.170039 -0.198001 0.965341 -0.287879 -0.127360 0.949160 -0.403444 -0.102015 0.909300 -0.451312 -0.160662 0.877784 0.934537 -0.017678 0.355427 -0.723700 -0.224301 -0.652647 -0.453388 -0.025279 0.890955 -0.519133 -0.522694 0.676234 -0.566948 -0.475341 0.672771 0.388283 0.282567 -0.877150 0.226848 0.208181 -0.951420 0.262740 0.167534 -0.950211 -0.206897 0.878203 -0.431224 -0.516328 -0.007621 0.856357 -0.610742 -0.454746 0.648228 0.569935 0.577274 -0.584747 0.531383 0.611410 -0.586352 -0.500544 -0.144482 0.853569 -0.523199 -0.232521 0.819876 -0.575497 -0.228764 0.785156 0.094000 -0.240877 -0.965993 0.075763 -0.840506 -0.536479 -0.038103 0.431602 -0.901259 0.922720 -0.178088 -0.341866 0.488617 0.384311 -0.783300 0.470171 0.339382 -0.814714 -0.567918 0.054922 0.821251 -0.459912 -0.701278 -0.544692 -0.510162 -0.752135 -0.417166 -0.474161 -0.719461 -0.507491 0.242535 -0.965598 0.093792 0.135344 -0.948132 0.287624 0.062789 -0.996743 0.050611 -0.493352 -0.068064 0.867162 -0.141878 0.321100 0.936357 -0.148167 0.285043 0.946994 0.628146 0.750634 0.204894 
						0.364827 -0.023944 -0.930767 0.250009 -0.038928 -0.967461 0.265407 0.198842 -0.943409 0.244907 0.161919 -0.955930 0.342742 0.478742 0.808291 0.320769 0.138033 -0.937046 0.395415 0.197491 -0.897019 0.419150 0.094319 -0.903005 -0.622490 -0.344700 0.702629 -0.123298 0.545442 -0.829030 0.279398 0.172297 -0.944590 -0.556058 -0.749459 0.359320 0.204233 0.245112 0.947739 -0.349260 -0.028117 0.936604 -0.155738 -0.082615 0.984338 -0.024640 0.181423 -0.983096 0.417700 -0.047170 -0.907360 0.288253 0.464018 -0.837614 0.097967 -0.038651 -0.994439 -0.441745 0.720883 -0.534031 0.370113 -0.140578 -0.918289 -0.327834 0.927328 -0.180524 -0.326205 0.908002 -0.262912 0.227985 -0.003301 -0.973659 0.307655 0.041986 -0.950571 -0.789462 0.356406 0.499725 -0.382258 -0.234789 0.893730 0.205565 0.339829 -0.917747 -0.378375 0.743944 -0.550799 0.314825 0.912762 0.260291 0.544187 0.672545 0.501541 -0.109975 -0.089654 0.989883 -0.247786 -0.108525 0.962717 0.818708 0.048630 0.572147 0.399483 -0.206498 -0.893181 0.416624 -0.859838 -0.295132 -0.452301 0.302789 0.838893 -0.338278 0.076867 0.937902 -0.325589 0.061868 0.943485 -0.481841 0.211346 0.850390 -0.645778 -0.240085 0.724797 -0.623022 -0.286992 0.727653 0.939011 -0.187018 -0.288587 0.055834 0.998437 0.002677 -0.535447 0.800013 0.270696 -0.560987 0.698543 0.444220 0.177488 0.607801 -0.774000 0.135726 0.656044 -0.742418 0.846838 0.421548 0.324289 -0.658241 0.552704 0.511114 0.079480 0.835541 0.543650 0.709741 -0.549184 -0.441208 -0.351803 -0.054207 0.934503 0.023251 0.042530 -0.998825 0.384160 0.538844 -0.749712 0.064744 -0.262761 -0.962686 -0.509635 0.686281 0.518931 0.228610 -0.177769 -0.957150 0.359718 -0.088592 -0.928846 0.383395 0.083170 0.919832 -0.365299 -0.203328 0.908413 -0.325488 -0.287702 0.900714 0.241977 0.094197 -0.965699 -0.679802 0.733368 0.006422 
						-0.670391 0.733688 0.110806 -0.383869 -0.174419 0.906765 0.961321 -0.275426 0.001853 0.946699 -0.297290 0.124013 0.893298 -0.317140 0.318498 0.328168 -0.079620 -0.941258 0.364208 -0.124362 -0.922977 -0.075927 0.997099 -0.005342 0.018286 0.998781 -0.045845 -0.249071 0.247564 -0.936309 -0.102803 0.187649 -0.976842 -0.129623 0.288821 0.948568 -0.366965 -0.226580 0.902218 -0.646719 -0.104252 0.755570 0.565106 -0.668046 0.484117 -0.115869 -0.393520 -0.911985 -0.626808 -0.775891 -0.071450 -0.632224 -0.760750 -0.146805 -0.705254 -0.704627 -0.078219 0.314925 -0.113548 -0.942300 0.180739 -0.164620 -0.969656 -0.660844 -0.339408 0.669393 -0.806404 0.119327 0.579201 -0.559237 0.788690 -0.255387 0.607778 -0.138983 -0.781850 0.306501 0.154796 -0.939199 0.272856 0.250978 -0.928741 0.044975 -0.363090 -0.930668 0.055995 0.000713 -0.998431 0.206275 0.336046 -0.918980 0.317646 0.084940 -0.944397 -0.399858 -0.110483 0.909894 -0.255147 0.150947 -0.955047 -0.328088 0.509158 0.795687 -0.380999 0.423809 0.821721 -0.360191 -0.225907 0.905113 -0.293762 -0.315277 0.902388 -0.215470 0.174763 -0.960745 -0.433925 -0.039195 0.900096 -0.708405 -0.226883 0.668346 -0.366343 -0.208300 0.906865 -0.652574 -0.684265 0.325466 -0.445617 -0.878579 -0.171825 0.894936 -0.177759 0.409257 0.432047 0.094883 -0.896846 0.911469 -0.267053 0.312900 0.861593 -0.197038 0.467797 -0.579861 0.645472 0.497119 -0.205294 0.178572 -0.962272 -0.415744 -0.090145 0.905003 -0.429585 -0.091259 0.898403 0.648840 0.054176 -0.758994 -0.371739 -0.292839 0.880940 0.084677 -0.888324 -0.451342 -0.129086 0.568824 0.812266 0.310432 -0.650355 0.693304 -0.533727 -0.137528 0.834399 0.816573 0.028221 0.576552 0.097721 -0.217172 0.971230 -0.603218 0.028398 0.797071 0.088400 0.104473 -0.990591 -0.420069 -0.074291 0.904446 -0.452210 -0.028308 0.891462 -0.303459 -0.284099 -0.909506 
						-0.393232 0.051616 0.917989 -0.325517 0.147678 0.933933 -0.095336 0.791576 0.603588 0.044587 0.831873 0.553172 -0.546148 0.022613 0.837383 -0.473050 0.198808 -0.858312 -0.560927 0.068722 0.825008 0.485176 -0.204067 -0.850271 -0.518302 -0.283271 0.806921 0.825310 -0.517654 0.225606 0.892011 -0.424215 0.156071 0.365248 -0.101313 -0.925381 0.032591 -0.315117 -0.948493 -0.725597 0.634812 0.265560 -0.505098 -0.041265 0.862075 -0.471874 -0.081803 0.877863 -0.442358 -0.116564 0.889231 -0.812031 -0.397488 -0.427329 -0.639609 -0.318732 -0.699507 0.429431 0.209142 -0.878549 0.652330 0.077485 -0.753964 0.639283 0.096855 -0.762848 0.749584 0.095891 -0.654926 -0.030637 0.025022 -0.999217 0.422495 -0.159503 -0.892220 0.917921 -0.192808 -0.346764 0.553074 -0.331591 0.764302 0.915984 0.379191 -0.131097 0.695707 -0.288909 0.657665 0.740137 -0.200219 0.641958 0.271118 -0.901630 -0.336985 0.861593 -0.197038 0.467797 0.908859 -0.400174 0.117625 -0.435465 -0.145856 0.888311 -0.390450 -0.155899 0.907328 -0.178908 0.341654 -0.922640 -0.063188 0.310373 -0.948512 0.021379 0.039394 -0.998995 0.142177 -0.669852 0.728755 -0.463455 0.858098 0.221084 0.015690 0.183385 0.982916 -0.075958 -0.084147 0.993554 -0.130117 -0.091481 0.987269 -0.779003 0.480553 -0.402768 -0.788010 0.529307 -0.314442 0.886139 -0.046181 -0.461113 -0.491697 -0.024415 0.870424 -0.779136 0.005679 0.626830 0.424729 0.123630 -0.896840 -0.300768 -0.141907 0.943081 0.753939 -0.614590 0.232067 -0.238815 0.849463 -0.470511 0.829708 0.542884 -0.129852 0.773195 0.607981 -0.180360 0.662072 0.555599 0.502962 0.617092 0.571449 -0.540965 0.893277 -0.095442 0.439257 -0.164606 -0.843431 -0.511400 0.214609 0.917998 0.333501 -0.352486 0.721617 0.595837 -0.480826 0.148680 0.864119 -0.478203 0.269764 0.835793 0.829990 -0.529326 0.175874 0.190226 -0.840543 -0.507249 
						-0.145929 -0.816862 -0.558070 0.122428 -0.417974 -0.900171 -0.401838 0.060468 0.913712 -0.498231 -0.073756 0.863902 -0.490740 -0.245778 0.835923 -0.585887 0.521262 -0.620502 -0.630979 0.551635 -0.545495 -0.225897 -0.350261 0.909004 -0.619155 0.541217 0.568974 -0.419144 0.142308 0.896698 -0.383406 0.203965 0.900776 0.834460 0.089277 -0.543789 -0.382290 -0.144527 0.912670 0.241977 -0.619559 0.746722 0.311036 -0.561811 0.766567 -0.729553 0.065329 0.680797 0.538868 -0.283957 -0.793089 0.983463 -0.175046 0.046469 0.734748 0.672860 -0.086049 0.469703 0.181452 0.863976 0.247197 -0.120225 -0.961478 -0.029942 -0.784253 -0.619718 0.093619 -0.414831 0.905069 0.360211 -0.537799 0.762247 0.004246 -0.831962 -0.554816 -0.067410 0.205615 -0.976309 -0.536677 0.094106 0.838524 -0.485479 0.037755 0.873433 0.143453 0.357974 -0.922646 -0.491948 0.036496 0.869859 0.968133 0.017054 0.249856 -0.772276 -0.609827 0.178049 0.429597 0.397327 0.810912 -0.474161 -0.719461 -0.507491 -0.294042 0.037105 0.955072 -0.555408 0.122875 0.822450 0.943454 -0.289042 -0.162323 0.946470 -0.322655 -0.009391 -0.533949 -0.286166 0.795618 -0.559017 -0.261968 0.786684 -0.444911 0.169052 0.879475 -0.568332 0.082033 0.818700 -0.330796 -0.092730 0.939135 -0.487506 -0.739431 0.464305 -0.483558 -0.002264 0.875309 0.292015 0.919499 -0.263153 -0.499866 0.204566 -0.841598 -0.587100 0.257127 -0.767593 -0.568365 -0.555027 -0.607377 -0.451233 -0.471416 -0.757730 -0.271515 0.818794 0.505823 -0.313564 0.313729 0.896243 0.563130 -0.001717 -0.826367 0.046637 0.095076 0.994377 0.619209 -0.397177 -0.677371 0.563892 -0.813504 -0.142256 -0.182809 0.503419 0.844482 0.854555 -0.394080 0.338286 0.884687 -0.398945 0.241186 -0.621864 0.554803 -0.552701 -0.699980 0.576477 -0.421548 -0.724609 0.588790 -0.358146 0.340984 0.222420 -0.913378 0.315667 -0.930082 -0.187886 
						0.019311 -0.274852 -0.961293 -0.119711 0.970476 -0.209391 -0.088548 0.978898 -0.184168 -0.937397 0.170509 0.303668 0.821471 0.094771 -0.562320 0.276320 -0.020074 -0.960856 0.963817 0.234471 0.126810 0.962450 -0.067726 0.262876 -0.104632 -0.168066 0.980207 0.469174 0.469218 -0.748138 0.431755 0.375537 -0.820098 -0.136104 0.983868 -0.116098 -0.623917 -0.460585 0.631339 -0.047226 -0.960337 -0.274813 -0.669080 0.605273 0.431251 0.384993 -0.032493 0.922347 0.817559 -0.424017 -0.389624 -0.286270 -0.703465 0.650527 -0.300632 -0.229659 0.925677 -0.344854 -0.129936 0.929620 0.360329 -0.082557 -0.929165 -0.257485 -0.330056 0.908166 -0.252530 0.414689 0.874221 -0.184295 0.523459 0.831881 -0.657151 -0.122692 0.743707 -0.341008 0.507512 0.791294 -0.346862 0.577798 0.738807 -0.534095 0.107212 0.838599 0.804782 -0.060642 0.590464 0.882105 -0.039319 0.469409 0.184239 0.348703 -0.918946 -0.071225 -0.734112 -0.675283 -0.763123 -0.614666 -0.199572 -0.700169 -0.640068 -0.316348 -0.597987 -0.801460 0.008589 -0.540241 -0.209633 -0.814981 -0.967075 0.166413 0.192544 -0.130159 -0.294028 0.946893 0.883731 -0.310730 -0.349954 -0.361039 -0.770528 -0.525297 -0.383904 -0.810133 -0.443060 -0.067775 0.909982 0.409071 -0.585044 0.033171 0.810323 0.558816 0.188816 0.807511 0.237934 -0.437743 0.867046 0.099443 -0.356170 0.929115 0.796802 0.426911 0.427615 -0.453317 0.752116 -0.478356 0.757382 -0.325162 0.566253 0.058862 0.033480 -0.997705 -0.342885 -0.730446 0.590659 -0.176305 -0.796460 -0.578418 0.000936 0.250854 -0.968024 0.722105 0.165227 0.671763 -0.841340 0.439427 -0.314723 0.225331 0.353575 0.907861 -0.032668 -0.581027 0.813229 0.574189 -0.596747 -0.560536 -0.692724 0.058630 0.718816 -0.815955 -0.513050 0.266452 -0.292287 0.511154 -0.808263 -0.324135 -0.190495 0.926633 -0.361734 -0.182978 0.914148 -0.197109 0.344099 0.918011 
						0.341628 0.139963 -0.929355 0.249173 -0.822620 -0.511087 0.959847 -0.209552 -0.186500 0.632759 0.722976 0.277347 0.316136 0.021927 -0.948460 -0.217171 0.588210 0.779004 -0.296548 -0.266019 0.917220 -0.684444 0.036278 -0.728162 0.237079 0.302054 -0.923340 -0.482552 -0.009424 0.875817 0.110524 0.819349 -0.562541 0.096578 0.859531 -0.501875 0.878525 -0.079746 -0.470992 -0.242677 -0.093844 0.965558 0.859064 -0.135796 -0.493527 0.382498 0.222751 -0.896703 0.758034 0.578787 -0.300650 -0.430377 -0.155644 0.889129 0.226722 -0.957406 0.178805 0.617779 0.149722 0.771966 0.324497 -0.051873 -0.944463 0.361368 -0.083133 -0.928710 0.249216 -0.058857 0.966658 -0.920739 -0.355372 0.161090 0.454830 -0.170042 -0.874195 -0.616319 -0.689243 -0.380913 -0.795736 -0.513352 0.321363 -0.547066 -0.236903 0.802867 -0.690612 -0.236089 0.683605 -0.074635 0.015204 -0.997095 -0.133229 -0.217139 0.967006 -0.874101 -0.066088 0.481228 -0.579976 -0.087869 0.809881 -0.500502 0.122974 0.856957 -0.504743 0.105401 0.856811 -0.484745 0.280874 0.828331 0.865877 -0.473908 0.160213 -0.489693 -0.124450 0.862968 -0.377930 -0.220789 0.899122 0.920733 0.362451 -0.144502 0.295753 0.915443 0.272935 -0.945191 0.324376 -0.037346 -0.859861 0.405197 -0.310570 0.310366 0.228407 -0.922769 0.172294 0.048076 -0.983872 -0.181793 0.754181 -0.631001 -0.260426 0.782819 -0.565131 0.927442 0.292134 -0.233470 0.698854 0.199739 -0.686810 0.426684 -0.069941 -0.901692 0.256834 0.089996 -0.962256 0.669129 -0.285613 -0.686069 0.498876 -0.795895 0.343035 -0.693999 -0.567023 0.443678 0.366614 0.171565 -0.914418 -0.424835 0.067762 0.902731 -0.409029 0.001775 0.912520 0.131508 0.171335 -0.976396 0.249599 0.035931 -0.967682 0.342896 0.050984 -0.937989 0.452489 -0.890715 -0.043373 0.075438 0.880008 -0.468930 -0.423156 -0.062068 0.903928 0.000016 -0.001485 -0.999999 
						-0.023598 -0.274627 0.961261 0.313908 -0.949453 0.000662 -0.938770 0.036289 -0.342629 -0.998290 0.020383 -0.054778 -0.972132 0.034515 -0.231879 0.482321 -0.873617 -0.064492 0.738369 -0.146280 -0.658342 -0.959288 -0.068572 -0.273978 -0.686893 0.313679 -0.655579 -0.511597 0.270193 -0.815637 0.714580 0.051901 0.697626 0.673199 0.122632 0.729222 0.213206 0.900128 0.379885 -0.448456 0.011737 0.893728 -0.567559 -0.201926 0.798187 -0.546675 -0.391202 0.740343 -0.521059 -0.294999 0.800920 -0.975162 0.219291 0.031157 -0.065081 0.535933 -0.841748 0.102536 -0.966500 -0.235296 0.144917 -0.671126 -0.727041 -0.144601 0.527246 -0.837318 -0.341817 0.084942 0.935920 -0.121892 0.659554 -0.741708 -0.118885 0.701276 -0.702908 -0.565144 -0.097321 0.819232 -0.615354 -0.238549 0.751289 -0.585274 -0.206390 0.784129 -0.551106 -0.027247 0.833991 0.181499 -0.033731 -0.982813 0.408621 -0.064669 -0.910410 -0.409320 -0.161775 0.897934 -0.523979 -0.011455 0.851654 -0.257480 0.136308 0.956621 -0.738382 0.616699 -0.272901 -0.647287 0.622297 -0.440188 0.943980 -0.322230 0.071200 -0.592279 -0.312078 0.742841 -0.720416 -0.025692 -0.693066 0.436852 -0.340358 -0.832657 -0.409417 0.064751 0.910047 -0.509156 -0.024276 0.860332 -0.605408 -0.313962 0.731375 -0.770803 0.372174 0.517059 0.683473 0.020239 -0.729695 -0.467135 0.254655 0.846721 0.948142 -0.239887 0.208520 -0.944675 -0.086005 -0.316533 -0.487089 0.665296 0.565796 -0.559416 0.808768 -0.181515 -0.880760 0.349057 -0.320034 -0.941014 0.287793 -0.177956 -0.554204 -0.393801 0.733334 -0.436204 0.861362 -0.260350 -0.520548 0.851630 -0.061292 0.371673 -0.918720 -0.133466 -0.489419 0.799543 -0.348138 0.323154 0.182801 -0.928523 -0.726060 -0.159658 -0.668839 0.676713 -0.162166 -0.718166 0.917161 -0.328038 0.226288 0.604564 -0.145403 -0.783174 -0.212765 -0.958008 -0.192229 0.962400 0.191437 -0.192710 
						-0.491868 -0.451442 0.744490 0.720878 0.013540 -0.692930 0.279738 0.124704 -0.951943 -0.538968 -0.356018 0.763390 -0.496880 -0.399228 0.770537 -0.635079 -0.718796 0.282854 -0.901813 0.089695 -0.422716 -0.819837 0.115731 -0.560780 0.234315 0.016286 -0.972024 -0.614227 0.275917 0.739320 0.164421 -0.377941 -0.911113 -0.035675 -0.241495 0.969746 -0.520548 0.851630 -0.061292 -0.581336 0.541079 -0.607686 -0.502560 -0.146397 0.852057 -0.488891 -0.025901 0.871961 -0.477097 -0.035726 0.878124 -0.646022 -0.755459 -0.109255 -0.197397 -0.181917 0.963297 -0.588670 -0.795951 -0.141174 0.905319 -0.422460 0.043871 -0.452096 0.063011 0.889741 -0.470474 0.051382 0.880917 -0.722061 -0.280895 -0.632239 -0.835789 -0.277699 -0.473645 -0.342057 -0.725673 -0.596989 0.680203 -0.136018 -0.720294 0.693394 0.052428 -0.718649 -0.575120 -0.246453 0.780063 -0.509373 -0.267617 0.817876 0.160460 0.124943 -0.979103 -0.896047 -0.058535 -0.440083 0.579963 0.783170 0.224247 0.831809 -0.490628 0.259575 -0.579642 0.667930 0.466781 -0.788730 -0.610737 0.070042 -0.631080 -0.612931 -0.475451 0.366531 -0.037362 -0.929655 -0.558812 0.349585 0.752010 -0.481259 -0.862544 -0.156230 -0.509606 0.092077 0.855467 -0.524422 0.165498 0.835220 0.192593 -0.019712 -0.981081 -0.547158 -0.089615 0.832218 0.478589 -0.877349 -0.034820 0.729193 -0.675266 0.110880 -0.513709 0.026675 0.857550 0.702459 0.134810 0.698840 0.859017 -0.401843 0.317194 0.790068 -0.420512 0.446052 -0.500326 -0.147327 0.853211 0.028444 0.998229 0.052247 0.857657 0.319527 0.402899 -0.883640 0.238375 -0.402936 0.213399 0.242273 -0.946448 -0.685346 -0.717985 -0.121644 -0.008823 0.931761 -0.362965 -0.482140 -0.038117 0.875265 -0.340730 -0.888060 -0.308631 -0.302592 -0.898141 -0.319033 -0.268919 -0.876191 -0.399966 0.859017 -0.401843 0.317194 -0.330174 -0.904252 -0.270763 0.704648 -0.703830 -0.089968 
						0.701120 0.162405 -0.694302 -0.500920 -0.292090 0.814717 -0.367936 -0.893534 -0.257333 -0.420402 -0.824725 -0.378274 0.616122 -0.547404 0.566341 -0.944909 0.287817 0.155908 -0.497192 0.291599 0.817172 0.893298 -0.317140 0.318498 -0.377286 -0.804142 0.459359 -0.565941 0.817046 0.110214 -0.295796 0.227656 0.927727 -0.279339 0.143757 0.949370 0.768373 -0.595836 0.233629 -0.394143 -0.876081 -0.277729 0.290017 -0.052341 -0.955589 -0.450296 -0.479651 0.753106 0.626689 0.037435 -0.778370 0.538811 -0.016261 -0.842270 -0.679193 0.449661 -0.580088 -0.468667 -0.480663 0.741158 0.238877 -0.220239 -0.945744 -0.078822 -0.039886 -0.996090 -0.561154 -0.795117 -0.229988 -0.528965 -0.014470 0.848520 0.300971 0.285178 -0.909995 -0.736927 0.593817 -0.322985 -0.559237 0.788690 -0.255387 -0.773917 0.323198 -0.544605 -0.431917 -0.483341 0.761465 0.796460 -0.559924 -0.228332 0.231967 -0.457102 -0.858632 0.628146 0.750634 0.204894 -0.492894 -0.331318 0.804540 -0.473660 0.108271 0.874027 -0.200283 -0.152402 0.967812 0.196038 -0.595942 0.778731 0.232105 0.947306 0.220767 0.061746 -0.846139 -0.529374 -0.074324 -0.984391 -0.159534 0.799444 -0.348633 0.489228 0.059129 -0.089570 -0.994224 0.790068 -0.420512 0.446052 -0.484318 0.626945 0.610226 -0.795473 -0.544906 0.265142 0.952622 0.284373 0.107902 0.695422 -0.600283 0.395030 0.070990 -0.490254 -0.868684 0.324868 0.139672 -0.935389 -0.886206 -0.461831 0.036753 0.259098 0.752769 -0.605150 0.443051 -0.069937 -0.893764 0.763620 -0.528717 -0.370597 0.477804 -0.129133 -0.868924 -0.638866 -0.680589 0.358676 -0.514600 -0.206684 0.832147 -0.525847 -0.274454 0.805084 -0.354261 0.531597 -0.769353 -0.480016 -0.149927 0.864353 0.053082 -0.076345 0.995667 0.157410 0.013483 -0.987441 -0.305680 0.726858 -0.615009 -0.472171 0.567299 0.674704 0.839910 0.461830 0.285069 0.761693 0.394649 -0.513883 
						0.830034 0.459696 -0.315790 -0.386487 0.233282 0.892305 0.166212 -0.925388 -0.340632 0.558410 0.029094 0.829055 0.779921 0.360276 0.511786 0.268749 0.550003 -0.790740 0.251116 0.579301 -0.775468 0.920293 -0.386332 0.061716 -0.474606 -0.410395 0.778669 -0.464247 -0.399915 0.790280 0.361781 -0.931952 -0.024098 0.750503 -0.635062 0.182870 0.768373 -0.595836 0.233629 0.734381 -0.614043 0.289198 -0.513045 -0.191819 0.836654 -0.524414 -0.218894 0.822846 0.175921 0.983594 -0.039931 0.913276 -0.245526 -0.325030 -0.904315 0.211573 -0.370743 0.000744 -0.114837 -0.993384 -0.308131 -0.216465 0.926390 0.327429 0.579039 0.746662 -0.191183 -0.323394 0.926750 0.185585 -0.755616 -0.628174 -0.419820 0.082928 0.903811 -0.963027 -0.268272 0.024689 0.510493 -0.298781 0.806304 0.731472 -0.635632 0.246820 0.785838 -0.615727 0.057791 0.265918 0.167653 -0.949305 -0.797281 0.043163 0.602063 -0.710944 -0.530233 0.461964 -0.461739 -0.209189 0.861996 -0.046010 0.939921 -0.338278 0.020082 -0.594865 -0.803575 0.260485 0.343837 -0.902177 0.797017 0.537320 -0.275771 -0.815748 0.304208 -0.491947 0.785345 0.338040 -0.518616 0.275426 0.933803 0.228370 -0.088548 0.978898 -0.184168 0.725505 -0.388514 -0.568067 -0.497377 -0.155820 0.853426 0.038865 -0.068775 0.996875 0.457908 -0.131474 -0.879224 0.517802 0.485550 0.704360 -0.410619 -0.448028 0.794143 -0.688317 -0.649166 0.323734 0.553545 0.640782 -0.531964 0.016725 0.311259 -0.950178 -0.842103 0.325148 -0.430281 -0.457293 -0.079549 0.885751 -0.299511 -0.333205 0.894018 -0.518184 -0.084102 -0.851124 0.828461 -0.474308 0.297801 -0.643076 0.047287 0.764341 -0.875650 0.423852 -0.231487 -0.425192 -0.289493 0.857558 -0.405825 -0.151011 0.901389 -0.383755 -0.431676 0.816326 0.650051 0.067280 0.756906 -0.546008 -0.237875 -0.803300 0.776973 0.598047 0.196603 -0.176048 -0.127164 0.976133 
						0.778421 0.615708 0.122325 -0.449054 -0.350311 0.821969 0.903749 -0.284401 0.319929 -0.961167 0.220563 -0.165861 0.840723 -0.013479 -0.541298 0.398905 -0.066329 -0.914590 0.189589 -0.371419 -0.908903 0.061938 -0.987455 -0.145246 0.187732 -0.977219 -0.098990 -0.435443 -0.476181 0.763964 0.750580 -0.637652 0.173291 0.027774 -0.369445 0.928837 -0.942955 0.112373 0.313381 -0.549480 -0.808623 -0.210239 -0.452669 0.823743 -0.341378 -0.467381 -0.099545 0.878434 0.090178 0.838960 0.536670 -0.516119 -0.778291 -0.357609 0.411146 0.271940 -0.870062 0.432895 0.224885 -0.872943 -0.357825 -0.071429 0.931053 -0.467003 -0.021322 0.883998 -0.540735 0.271645 0.796125 0.514746 -0.056188 0.855499 -0.385300 0.118594 0.915139 -0.450640 -0.055271 0.890993 0.748764 -0.650596 -0.126796 -0.464058 -0.028670 0.885341 -0.700169 -0.640068 -0.316348 0.789746 -0.601182 0.121988 0.351406 -0.047524 -0.935016 0.857571 0.053948 0.511528 -0.546476 -0.555901 0.626369 -0.735810 -0.526887 0.425410 -0.479382 0.693311 -0.538065 0.161554 0.944478 0.286115 0.455004 -0.029304 0.890007 -0.446122 -0.081862 0.891220 -0.322899 -0.323688 0.889361 -0.316536 -0.320392 0.892835 0.449705 -0.053103 -0.891597 -0.315939 -0.331061 0.889146 -0.478614 -0.043493 0.876948 -0.236317 0.228065 0.944532 -0.466406 -0.021869 0.884300 0.623022 0.274709 0.732379 -0.032050 -0.356512 -0.933741 0.389891 0.920847 -0.005068 0.044428 -0.956335 -0.288875 0.893277 -0.095442 0.439257 -0.896016 0.252054 -0.365546 -0.469608 -0.054358 0.881200 -0.313803 -0.311340 0.896992 -0.327628 -0.277938 0.903001 0.182430 0.383404 -0.905384 0.828461 -0.474308 0.297801 -0.185326 -0.415686 0.890427 -0.260177 -0.384600 0.885658 -0.700861 0.584882 -0.408298 -0.247933 -0.372662 0.894233 -0.246871 -0.360544 0.899479 0.065786 -0.096266 0.993179 0.710264 -0.368627 -0.599699 -0.291908 -0.360306 0.885985 
						0.231018 -0.674343 0.701350 -0.278727 -0.406314 0.870184 -0.469179 -0.849249 -0.242173 0.716287 0.073317 0.693943 0.115288 -0.319031 0.940706 -0.263383 -0.389567 0.882534 -0.859550 0.099346 -0.501302 -0.520487 0.077952 0.850304 -0.513697 0.013229 0.857870 0.108129 -0.399315 0.910415 -0.362265 -0.220622 0.905588 -0.363881 -0.247506 0.897960 -0.341168 -0.305191 0.889080 -0.371407 -0.073517 -0.925555 -0.319692 -0.229853 0.919220 -0.461645 -0.306291 0.832508 -0.429697 -0.264192 0.863460 -0.413803 -0.348321 0.841094 -0.283692 -0.337435 0.897584 -0.379420 -0.313072 0.870647 0.340401 -0.292704 0.893561 -0.766758 -0.077168 0.637281 -0.396195 -0.245193 0.884822 0.257182 -0.371219 -0.892219 0.048203 0.998560 0.023552 0.681630 0.475225 0.556365 -0.406454 -0.107784 0.907291 0.873361 -0.355666 0.332778 0.991451 0.130204 -0.008465 -0.281867 0.953677 -0.105122 -0.362917 -0.299467 0.882389 -0.389322 -0.288259 0.874834 -0.357412 -0.185900 0.915259 -0.368641 -0.229953 0.900681 -0.627704 0.770674 0.109768 0.753939 -0.614590 0.232067 0.494342 0.865921 0.076201 -0.388493 -0.264461 0.882685 -0.026768 -0.885490 -0.463886 0.656443 -0.754310 -0.009944 -0.394221 -0.297585 0.869501 0.441662 0.452665 0.774615 -0.371584 -0.270019 0.888265 -0.393222 -0.171390 0.903328 -0.423387 -0.135970 0.895687 -0.336571 -0.308772 0.889595 -0.919667 0.078490 -0.384776 -0.632315 0.701196 -0.329396 0.788943 -0.545389 -0.283055 -0.883640 0.238375 -0.402936 -0.422311 -0.114817 0.899150 -0.399462 -0.148348 0.904667 -0.447120 -0.148191 0.882113 0.566798 -0.083019 0.819664 0.929133 -0.185573 0.319804 0.929133 -0.185573 0.319804 0.485251 0.554544 -0.676027 -0.394118 -0.212254 0.894214 -0.514188 0.837932 -0.182978 -0.446073 -0.055249 0.893290 -0.440565 -0.083407 0.893838 -0.422254 -0.142813 0.895157 -0.642254 0.480890 0.596870 0.048203 0.998560 0.023552 
						-0.499987 0.033315 0.865392 -0.481905 0.056817 0.874379 -0.376836 -0.275274 0.884432 -0.487802 -0.038196 0.872118 -0.434943 -0.027514 0.900038 0.098651 -0.550094 0.829255 -0.484950 -0.064605 0.872152 -0.819837 0.115731 -0.560780 0.026072 0.916716 -0.398687 -0.452269 -0.169540 0.875619 -0.411557 -0.234807 0.880617 -0.424084 -0.195166 0.884343 -0.396434 -0.193243 0.897495 -0.440430 -0.222650 0.869740 0.866523 -0.420652 0.268682 0.687331 0.131896 -0.714269 -0.407991 -0.224115 0.885051 -0.437445 -0.149737 0.886691 -0.776745 0.589450 -0.221848 -0.430292 -0.103403 0.896748 -0.448291 -0.037751 0.893090 0.222578 -0.080528 0.971583 -0.491991 -0.128727 0.861031 -0.453270 -0.077231 0.888021 -0.378004 0.074479 0.922803 -0.556402 0.729271 -0.398221 -0.323142 -0.258081 0.910480 -0.303586 -0.234040 0.923613 -0.592650 -0.487797 -0.640953 -0.859550 0.099346 -0.501302 -0.244223 -0.779992 -0.576167 -0.542002 0.759491 -0.359733 -0.505687 -0.064482 0.860304 -0.457862 -0.020819 0.888780 -0.773917 0.323198 -0.544605 -0.931994 0.264370 -0.247983 -0.486778 -0.195799 0.851299 -0.440927 -0.217022 0.870910 -0.497471 -0.205343 0.842827 -0.507837 -0.170642 0.844383 -0.511421 0.439196 0.738618 -0.525343 -0.101210 0.844850 -0.107456 -0.137262 0.984689 -0.422745 -0.204528 0.882868 -0.779003 0.480553 -0.402768 -0.446866 -0.127771 0.885429 -0.489104 0.003417 0.872219 -0.432602 -0.146142 0.889662 0.442087 0.874280 0.200482 -0.616319 -0.689243 -0.380913 0.865877 -0.473908 0.160213 -0.744027 -0.297592 -0.598216 -0.331245 0.938820 -0.094311 -0.835789 -0.277699 -0.473645 -0.554060 0.826157 -0.102385 0.507594 0.114806 0.853913 0.834508 0.046729 -0.549010 -0.381085 -0.404960 0.831133 -0.317777 -0.346458 0.882601 -0.281867 0.953677 -0.105122 -0.421999 -0.449458 0.787340 0.854555 -0.394080 0.338286 -0.488229 -0.010840 0.872648 0.526919 0.849481 0.027167 
						-0.387048 -0.144152 0.910721 -0.429976 -0.055769 0.901116 -0.378914 -0.149369 0.913298 -0.476237 0.061616 0.877155 -0.446692 0.011174 0.894618 -0.384995 -0.088905 0.918626 -0.328829 -0.242972 0.912599 -0.309432 -0.215872 0.926095 -0.130588 -0.975074 -0.179379 0.415737 0.255315 0.872913 -0.471675 0.091199 0.877043 -0.468794 0.047203 0.882045 -0.366761 -0.119967 0.922548 0.517454 0.853574 0.060444 -0.455323 0.093872 0.885364 -0.445617 0.069016 0.892559 -0.427323 -0.084361 0.900154 -0.417949 -0.143827 0.897013 -0.447558 0.028862 0.893789 -0.471086 0.026291 0.881696 -0.503367 -0.258226 0.824585 -0.414901 -0.017053 0.909706 -0.467592 0.048327 0.882623 -0.815748 0.304208 -0.491947 -0.473242 0.075842 0.877661 -0.446745 -0.069051 0.891992 -0.462875 -0.042035 0.885426 -0.478857 -0.007894 0.877858 -0.487978 0.001595 0.872855 -0.472780 0.007927 0.881145 -0.541573 0.098542 0.834858 -0.405476 -0.131643 0.904577 -0.699980 0.576477 -0.421548 0.507594 0.114806 0.853913 -0.491353 0.040687 0.870010 -0.483526 -0.004360 0.875319 -0.486726 0.014413 0.873436 0.934537 -0.017678 0.355427 -0.339088 0.873345 -0.349696 -0.599718 0.114911 0.791918 0.452489 -0.890715 -0.043373 0.694465 0.718206 -0.043585 -0.586483 0.138650 0.798006 -0.598936 0.170834 0.782363 -0.560959 0.111261 0.820333 
					</float_array>
					<technique_common>
						<accessor count="5613" offset="0" source="#meshId0-normals-array" stride="3">
							<param name="X" type="float" />
							<param name="Y" type="float" />
							<param name="Z" type="float" />
						</accessor>
					</technique_common>
				</source>
				<source id="meshId0-tangents" name="meshId0-tangents">
					<float_array id="meshId0-tangents-array" count="16839"> 
						0.703998 0.603567 0.374290 0.702442 0.605270 0.374465 0.700485 0.600596 0.385493 0.177606 -0.017172 -0.983952 0.590288 -0.038704 -0.806264 0.363623 0.044823 -0.930467 0.925949 0.360832 0.111443 0.928538 0.357039 0.101692 0.900700 0.379237 0.211942 0.651293 0.726383 -0.219511 0.521052 0.755125 -0.397859 0.520261 0.756752 -0.395796 0.976503 0.210833 0.044623 0.979489 0.201483 0.002347 0.964145 0.241247 0.110563 0.655092 0.752566 0.067065 0.648634 0.756020 0.087795 0.625108 0.777751 -0.065902 0.634536 0.727153 0.261940 0.601762 0.725764 0.333392 0.629476 0.746308 0.216295 -0.098543 0.750678 0.653278 -0.348705 0.709658 0.612201 0.086739 0.855235 0.510930 0.961449 -0.018378 -0.274369 0.970137 -0.006978 -0.242457 0.978076 0.045163 -0.203294 0.729135 0.160825 0.665205 0.710522 0.091362 0.697719 0.695320 0.074604 0.714818 0.968195 0.218729 0.121476 0.984013 0.142841 0.106368 0.981464 0.154835 0.112933 0.677844 0.129790 -0.723658 0.873789 -0.009529 -0.486212 0.781901 0.064918 -0.620013 0.585047 0.647140 0.488804 0.567193 0.661828 0.490179 0.514504 0.698528 0.497337 0.594118 0.780681 -0.193803 0.572315 0.819783 -0.020312 0.591343 0.769793 -0.240275 0.539620 0.349811 0.765795 0.342066 0.284046 0.895717 0.543033 0.378436 0.749601 0.901704 0.432156 0.013098 0.902676 0.430313 0.002575 0.893231 0.434549 -0.115351 0.228272 0.868874 -0.439261 0.347204 0.853525 -0.388517 0.375449 0.841243 -0.389035 0.774914 0.223035 -0.591408 0.812256 0.210782 -0.543885 0.728959 0.226827 -0.645886 0.873796 0.114721 -0.472567 0.918042 0.180315 -0.353109 0.888114 0.141275 -0.437374 0.969726 -0.215688 -0.114497 0.959610 -0.211283 -0.185763 0.965674 -0.205896 -0.158371 0.574378 0.638646 0.512076 0.519173 0.664624 0.537340 0.546804 0.647402 0.530920 0.733914 0.679231 0.003926 
						0.707862 0.705696 -0.030393 0.703057 0.710866 -0.019499 0.905217 0.351682 0.238541 0.923874 0.331067 0.191968 0.918795 0.345521 0.190870 -0.066138 0.026648 0.997455 0.146857 0.007181 0.989132 0.201551 -0.041716 0.978589 -0.267334 0.055721 0.961992 0.127541 -0.073874 0.989078 0.737051 0.675318 -0.026481 0.724405 0.686715 -0.060496 0.721161 0.690275 -0.058709 0.685876 0.370923 0.626092 0.654648 0.350268 0.669887 0.639884 0.353172 0.682509 0.832986 -0.169252 -0.526771 0.825139 -0.176122 -0.536775 0.916745 -0.074888 -0.392390 0.346789 -0.259356 -0.901372 0.484301 -0.273061 -0.831198 0.534567 -0.169719 -0.827909 0.890890 0.431592 0.141575 0.876270 0.454560 0.159769 0.884349 0.445615 0.139121 0.657899 0.261556 0.706227 0.538014 0.242178 0.807398 0.563616 0.265578 0.782179 0.807606 0.512759 0.291292 0.814161 0.515593 0.267031 0.817335 0.501604 0.283472 0.832933 -0.188107 -0.520422 0.847990 -0.070755 -0.525268 0.824548 -0.027460 -0.565125 0.694198 0.227385 -0.682924 0.871882 0.294350 -0.391382 0.710351 0.237057 -0.662725 0.828304 0.456145 0.325336 0.834590 0.460348 0.302555 0.832004 0.451679 0.322111 0.794288 -0.293817 -0.531769 0.754686 -0.414234 -0.508782 0.769622 -0.364869 -0.523978 0.682102 0.174593 -0.710108 0.859195 0.105092 -0.500740 0.739817 0.164947 -0.652276 0.770060 -0.358064 -0.528013 0.820373 0.305834 0.483171 0.860723 0.236224 0.450947 0.937581 0.031951 0.346296 0.783673 0.289417 0.549632 0.789806 0.312886 0.527550 0.799954 0.316585 0.509752 0.630066 0.759123 0.163551 0.612439 0.753357 0.239526 0.591507 0.743843 0.311153 0.698730 0.665481 0.262510 0.644027 0.655473 0.394441 0.673634 0.658984 0.334599 0.718405 0.560155 0.412457 0.718226 0.567483 0.402635 0.708748 0.571398 0.413740 0.332319 0.371273 0.867018 0.345360 0.312311 0.884979 
						0.327487 0.343331 0.880271 0.595148 0.793728 0.125676 0.593550 0.797276 0.109767 0.617667 0.786381 0.009628 0.957780 0.284122 0.043954 0.958167 0.283425 0.039814 0.949744 0.305350 0.068904 0.808587 0.528761 0.258067 0.814747 0.518312 0.259885 0.828852 0.513789 0.221415 0.310697 0.880236 -0.358680 0.394447 0.854568 -0.337823 0.198529 0.896662 -0.395707 0.632738 0.145628 0.760550 0.670870 0.160329 0.724036 0.681514 0.181016 0.709064 0.780008 0.178198 -0.599861 0.735727 0.640971 0.218775 0.725744 0.638690 0.255676 0.736425 0.630760 0.244583 0.881631 0.085541 -0.464122 0.889170 0.104832 -0.445406 0.885605 0.119593 -0.448778 0.470166 0.707129 0.528122 0.375847 0.682655 0.626675 0.493007 0.724387 0.481879 0.972595 0.226382 0.053006 0.968367 0.238538 0.073249 0.953189 0.290371 0.084348 0.984300 0.165845 -0.060402 0.980041 0.197177 -0.025322 0.953386 0.300061 0.031911 0.867189 0.481483 -0.127114 0.346879 -0.118876 0.930346 0.413677 -0.052145 0.908929 0.366092 -0.126275 0.921972 0.688724 0.711968 0.136971 0.672880 0.732675 0.102077 0.671366 0.733670 0.104859 0.866347 0.150229 -0.476313 0.279277 0.288308 0.915905 0.343064 0.315619 0.884699 0.969947 0.209557 0.123651 0.937768 0.217915 0.270379 0.947162 0.215957 0.237165 0.811217 0.522605 0.262317 0.808029 0.540340 0.234781 0.811401 0.527656 0.251411 0.614911 0.783524 -0.089305 0.641994 0.765073 0.050079 0.620404 0.779539 -0.086132 0.700518 0.572157 0.426510 0.664927 0.598907 0.446299 0.711576 0.566384 0.415776 0.874735 0.322304 -0.361881 0.538622 0.189692 -0.820916 0.256404 0.899532 -0.353694 0.442594 0.848184 -0.291024 0.415181 0.853782 -0.314136 0.589059 0.668229 0.454399 0.575048 0.668491 0.471635 0.616408 0.637773 0.461829 0.242370 0.845388 0.476000 0.484208 0.857039 0.176144 
						0.394696 0.853289 0.340753 0.433890 0.787846 -0.437080 0.486218 0.797638 -0.356883 0.470940 0.793545 -0.385359 0.739271 0.427963 0.519929 0.728973 0.452703 0.513477 0.727191 0.483650 0.487110 0.721132 0.220117 0.656900 0.734483 0.211425 0.644852 0.702013 0.189430 0.686508 0.858823 0.067675 -0.507782 0.787584 0.508557 0.347967 0.774337 0.514538 0.368311 0.794759 0.503906 0.338286 0.596754 0.641520 0.482013 0.656050 0.641443 0.397680 0.603800 0.640990 0.473875 -0.051934 0.038709 0.997900 0.075550 0.065383 0.994996 0.106000 0.064295 0.992285 0.682449 0.727185 -0.073921 0.692148 0.721297 0.025719 0.649421 0.733996 -0.198753 0.684147 0.458569 0.567148 0.679122 0.501593 0.535908 0.668634 0.522172 0.529400 0.650457 0.233630 0.722719 0.693382 0.326712 0.642246 0.662983 0.263219 0.700835 0.762975 0.199955 0.614725 0.804536 0.231197 0.547055 0.730154 0.161616 0.663894 0.145249 0.794590 0.589517 -0.136446 0.744705 0.653297 0.041155 0.770194 0.636480 0.674137 0.608697 0.418362 0.677577 0.612090 0.407720 0.694421 0.609605 0.382311 0.384722 0.696353 0.605873 0.335392 0.672643 0.659594 0.132943 0.583499 0.801159 0.884925 0.195493 0.422717 0.938583 0.042738 0.342397 0.744082 0.554711 0.372342 0.727638 0.565677 0.388012 0.738837 0.560518 0.374085 0.702249 0.524034 0.481907 0.711532 0.528051 0.463556 0.706967 0.549989 0.444645 0.737095 0.557868 -0.381412 0.811760 0.508476 -0.287224 0.746241 0.571295 -0.341681 0.632407 0.705806 0.319216 0.583675 0.701022 0.409747 0.567667 0.718857 0.401247 0.694584 0.616007 0.371602 0.680939 0.617228 0.394148 0.699583 0.622345 0.351097 0.820214 0.431441 0.375643 0.823640 0.409499 0.392337 0.825454 0.418494 0.378798 0.823220 0.473341 0.313461 0.822970 0.465116 0.326170 0.833522 0.438823 0.335670 
						0.819970 0.445614 0.359274 0.823412 0.455304 0.338660 0.825555 0.426019 0.370091 0.779031 0.311612 0.544068 0.764822 0.307350 0.566201 0.754127 0.285042 0.591645 0.982166 0.085941 -0.167222 0.991844 0.122727 -0.034400 0.993258 0.108468 -0.040911 -0.131157 0.774767 0.618493 -0.584047 0.637293 0.502740 -0.472571 0.668854 0.573856 0.692153 0.721700 0.008599 0.742365 0.667118 0.062027 0.729206 0.683719 0.028058 0.853262 0.167903 -0.493713 0.842512 0.187314 -0.505062 0.818107 0.537366 0.204787 0.813035 0.539041 0.220021 0.812151 0.545215 0.207730 0.317752 0.723245 -0.613148 0.178097 0.730414 -0.659376 0.363290 0.739274 -0.567005 0.809341 0.244025 0.534247 0.857256 0.347570 0.379878 0.841139 0.322325 0.434271 0.007020 0.579898 0.814658 0.138012 0.607899 0.781928 -0.101284 0.567189 0.817336 0.745225 0.543680 0.386072 0.760376 0.530863 0.374182 0.767431 0.526266 0.366188 0.988652 0.059397 -0.137982 0.973612 -0.007076 -0.228100 0.989232 0.084369 -0.119591 0.822996 0.381248 0.421102 0.809862 0.355950 0.466286 0.800329 0.336123 0.496483 0.686355 0.596892 0.415497 0.695983 0.592714 0.405337 0.697227 0.589252 0.408236 0.854526 0.435139 0.283618 0.811584 0.452682 0.369337 0.832470 0.442738 0.333133 0.511350 0.651810 -0.560058 0.550695 0.691481 -0.467535 0.381759 0.540842 -0.749500 0.705555 0.672696 0.222874 0.705870 0.658891 0.260020 0.711393 0.676161 0.191639 0.907503 0.377402 0.184406 0.890944 0.395463 0.223220 0.874894 0.405283 0.265151 0.726697 0.681186 0.088860 0.724822 0.682548 0.093604 0.708098 0.674345 0.209420 0.873258 0.136497 -0.467749 0.777854 0.261320 -0.571537 0.907698 0.232840 -0.349099 0.808349 0.249878 -0.533042 0.968061 0.057143 -0.244117 0.936585 -0.144310 -0.319349 0.973919 0.052248 -0.220797 0.553626 0.759055 -0.342541 
						0.550402 0.760377 -0.344796 0.582922 0.756740 -0.295884 0.732277 0.286173 0.617960 0.742641 0.316766 0.590037 0.721989 0.288776 0.628760 0.908127 0.380092 0.175601 0.932054 0.335751 0.136183 0.951396 0.286996 0.111704 0.453510 0.714495 0.532754 0.367351 0.769692 0.522137 0.451225 0.708558 0.542533 0.870664 -0.185825 -0.455428 0.902313 -0.065913 -0.426012 0.980417 0.010553 -0.196651 0.892971 0.404897 0.196624 0.884153 0.416038 0.212568 0.886886 0.412021 0.208977 0.821278 0.253294 0.511219 0.780863 0.233474 0.579433 0.742890 0.202496 0.638052 0.963292 0.229888 -0.138634 0.965086 0.231900 -0.121784 0.959327 0.260879 -0.107866 0.753575 0.277338 0.595993 0.779258 0.295056 0.552900 0.669149 0.315024 0.673052 0.854391 0.450842 0.258374 0.766596 0.473580 0.433651 0.825432 0.461044 0.325731 0.799698 0.286267 0.527764 0.784045 0.293415 0.546975 0.809302 0.243154 0.534702 0.812401 0.534980 0.231952 0.811233 0.538356 0.228194 0.811915 0.529348 0.246141 0.635212 0.769180 -0.069768 0.661870 0.749615 -0.002072 0.658173 0.752822 -0.008184 0.261106 0.532119 0.805402 -0.039181 0.010604 0.999176 0.294092 0.645564 0.704809 0.982913 -0.138124 -0.121670 0.951643 -0.206468 -0.227478 0.965965 -0.141068 -0.216820 0.698136 0.659950 0.277619 0.438920 0.705272 0.556723 0.590039 0.684377 0.428349 0.624300 0.674055 0.394842 0.703641 0.596436 0.386204 0.733532 0.585091 0.345831 0.696911 0.601533 0.390478 0.673655 0.711445 0.200088 0.630599 0.712058 0.308737 0.624847 0.718372 0.305791 0.667390 0.657359 0.349958 0.706098 0.673190 0.219637 0.699816 0.671521 0.243549 0.227093 0.295193 0.928057 0.254159 0.310382 0.916006 0.730586 0.554566 0.398373 0.727268 0.557675 0.400101 0.723071 0.556094 0.409789 0.328167 0.699726 0.634579 0.529709 0.693894 0.487770 
						0.617070 0.690896 0.376678 0.706967 0.665234 0.240128 0.665816 0.660120 0.347752 0.679837 0.668866 0.300732 0.381217 0.765671 -0.518093 0.743773 0.547998 0.382753 0.694143 0.680965 0.233350 0.642641 0.666777 0.377387 0.620661 0.771378 -0.140558 0.616394 0.769195 -0.168517 0.530119 0.762370 0.371168 0.501803 0.780424 0.373003 0.516685 0.767255 0.379943 0.670163 0.662336 0.334951 0.678008 0.655285 0.333027 0.657329 0.669997 0.344996 0.785470 0.616691 -0.052249 0.831945 0.540494 0.125435 0.760040 0.649352 -0.026091 0.531479 0.797928 -0.284326 0.598006 0.798064 -0.074046 0.590123 0.803240 -0.080996 0.649857 0.219067 -0.727802 0.658020 0.232405 -0.716238 0.770599 0.334803 -0.542295 0.784047 0.610347 0.112898 0.778438 0.621500 0.088161 0.786611 0.609771 0.097069 0.970652 -0.012508 -0.240162 0.979246 -0.056466 -0.194649 0.513964 0.821695 -0.246289 0.995282 0.082076 -0.051747 0.994761 0.046746 -0.090917 0.632180 0.620282 0.464327 0.654101 0.626467 0.423900 0.588463 0.635771 0.499506 0.727745 0.342254 0.594348 0.743157 0.377246 0.552634 0.717496 0.346965 0.603999 0.350933 -0.112648 -0.929600 0.149401 -0.081168 -0.985440 0.904859 0.403896 0.134530 0.901963 0.401691 0.158452 0.929035 0.355959 0.100927 0.654034 0.609816 0.447620 0.487497 0.765090 0.420695 0.553146 0.756767 0.348329 0.552041 0.753832 0.356353 0.716605 0.440748 0.540572 0.865349 0.261591 0.427483 0.932347 -0.046612 -0.358548 0.858045 -0.146911 -0.492113 -0.345117 0.250576 0.904492 -0.090453 0.439463 0.893695 -0.535574 0.142701 0.832344 0.782880 0.569031 0.251599 0.744340 0.611499 0.268376 0.757671 0.597286 0.263027 0.899914 0.326276 0.289307 0.878046 0.327236 0.349216 0.869384 0.320583 0.376030 0.733308 0.417956 -0.536258 0.729956 0.405931 -0.549895 0.723451 0.458843 -0.515831 
						0.688412 0.605676 0.399055 0.673749 0.608384 0.419442 0.689897 0.606560 0.395129 0.747623 0.663773 0.021564 0.749905 0.653094 0.105414 0.749839 0.658427 0.064927 0.687731 0.652535 0.318157 -0.072594 0.183041 0.980421 -0.186955 0.173055 0.967005 0.070684 0.278830 0.957736 0.721767 0.637117 0.270432 0.752124 0.629825 0.193985 0.761785 0.627165 0.162319 0.643141 0.330627 0.690692 0.632390 0.330261 0.700722 0.606026 0.299609 0.736863 0.409597 0.337108 0.847696 0.357781 0.309139 0.881150 0.383284 0.369160 0.846649 0.760403 0.243389 0.602121 0.768149 0.263249 0.583650 0.803838 0.339817 0.488230 0.811190 0.355108 0.464616 0.804651 0.334742 0.490393 0.700468 0.674251 0.233945 0.660062 0.666779 -0.346012 0.745879 0.599900 -0.289454 0.659070 0.669621 -0.342395 0.707070 0.562559 0.428461 0.718176 0.569752 0.399506 0.713494 0.573712 0.402220 0.695364 0.592425 0.406818 0.610564 0.649304 0.453449 0.662117 0.604114 0.443449 0.711721 0.654504 -0.255102 0.802582 0.575636 -0.156542 0.755511 0.637138 -0.152508 0.651355 0.751142 0.107341 0.648842 0.760000 -0.037475 0.660695 0.750010 0.031090 0.790093 0.243966 0.562347 0.788123 0.197350 0.583022 0.820795 0.045920 -0.569374 0.820923 0.035500 -0.569935 0.264789 0.801537 0.536121 0.221888 0.806377 0.548199 0.296484 0.790959 0.535239 0.969629 0.024589 -0.243342 0.966144 -0.011621 -0.257743 0.973884 0.043655 -0.222808 0.469780 0.813939 -0.341776 0.420843 0.808353 -0.411652 0.378066 0.819253 -0.431151 0.963467 0.002323 -0.267816 0.966510 0.123306 -0.225064 0.954011 -0.032195 -0.298037 0.711851 0.158907 0.684117 0.677030 0.155346 0.719373 0.653825 0.128119 0.745720 0.477454 0.711702 0.515285 0.400988 0.768679 0.498339 0.433086 0.736993 0.518920 0.402255 0.041974 0.914565 0.585575 0.047138 0.809247 
						0.417824 0.030110 0.908029 0.331545 0.469245 0.818466 0.208668 0.531230 0.821129 0.431264 0.433931 0.791022 0.150583 0.236237 0.959957 0.055829 0.148597 0.987321 0.034725 0.172565 0.984386 0.713483 0.621166 0.324184 0.712491 0.664767 0.224590 0.710566 0.675045 0.198522 0.818837 -0.202226 -0.537226 0.819033 -0.150465 -0.553666 0.808001 0.537033 0.242342 0.803370 0.542613 0.245289 0.808316 0.544015 0.225107 0.784610 0.333079 0.522920 0.797213 0.379214 0.469732 0.787808 0.374081 0.489308 0.219082 0.515240 0.828571 0.309426 0.417489 0.854376 0.235580 0.473134 0.848909 0.002936 0.816654 0.577120 0.174996 0.755888 0.630880 0.061333 0.800984 0.595535 -0.168466 0.480367 0.860736 -0.026081 0.538240 0.842388 0.103855 0.581339 0.807006 0.710641 0.645187 0.280577 0.709829 0.620032 0.334219 0.648491 0.670734 0.359964 0.685300 0.698986 0.204408 0.435484 -0.311903 0.844435 0.485829 -0.260447 0.834349 0.528005 -0.143209 0.837079 0.667059 -0.381907 0.639671 0.613320 -0.367209 0.699283 0.586117 -0.399346 0.704975 0.804530 0.503343 0.315242 0.714461 0.571422 0.403760 0.792506 0.511160 0.332640 0.685249 0.352527 0.637305 0.676491 0.307032 0.669396 0.697197 0.404430 0.591906 0.752965 0.626070 0.202683 0.749567 0.631624 0.197994 0.761518 0.622626 0.180073 0.838044 0.180874 -0.514750 0.798842 0.211337 -0.563195 0.823236 0.438442 0.360625 0.822853 0.418405 0.384514 0.823170 0.429147 0.371784 0.843135 0.506927 0.179301 0.834862 0.515488 0.193072 0.835617 0.508136 0.208667 0.024505 0.759773 -0.649726 0.373986 0.795676 -0.476482 0.389939 0.799550 -0.456802 0.779821 0.588809 0.212566 0.754736 0.588606 0.289684 0.755108 0.595434 0.274354 0.816683 0.287490 0.500379 0.816636 0.314045 0.484233 0.824612 0.252074 0.506433 0.524647 0.284694 0.802306 
						0.328380 0.200139 0.923099 0.571155 0.315359 0.757846 0.130574 0.507504 -0.851699 0.538060 0.480988 -0.692201 0.406792 0.515525 -0.754159 0.741883 0.434614 0.510608 0.735210 0.446179 0.510285 0.732453 0.413579 0.540800 0.526232 0.676596 0.515070 0.585088 0.654924 0.478275 0.554647 0.661682 0.504523 0.943930 0.285922 -0.165061 0.936295 0.220225 -0.273593 0.752157 0.626133 0.205468 0.764116 0.631390 0.132188 0.764575 0.621789 0.169718 0.693019 -0.372791 0.617051 0.606738 -0.458469 0.649365 0.842090 0.429275 0.326509 0.836910 0.427198 0.342174 0.841637 0.432928 0.322832 -0.377772 0.457912 0.804739 -0.272386 0.506411 0.818140 -0.529601 0.444927 0.722193 0.817244 0.480230 0.318577 0.838318 0.476293 0.265271 0.811761 0.481001 0.331183 0.859719 0.435990 0.266074 0.811891 0.491640 0.314837 0.792333 0.511399 0.332684 0.189322 0.706244 0.682185 0.098879 0.716440 0.690606 0.087222 0.719270 0.689234 0.578186 0.736500 0.351096 0.487739 0.725468 0.485600 0.595455 0.744424 0.302103 0.956439 -0.054551 -0.286791 0.983251 0.066176 -0.169820 0.973186 -0.006368 -0.229930 0.716630 0.694767 0.061159 0.721126 0.692697 0.012148 0.723602 0.683487 0.096153 0.706332 0.664846 0.243052 0.684762 0.650618 0.328325 0.686933 0.657293 0.309982 0.695624 0.683197 0.222145 0.707786 0.677236 0.200975 0.722564 0.674160 0.153003 0.820373 0.369949 0.436035 0.824305 0.361248 0.435914 0.818137 0.367853 0.441967 0.811838 0.526789 0.251817 0.804262 0.535988 0.256668 0.638094 0.768529 -0.046908 0.665923 0.745787 0.018660 0.647514 0.761459 -0.030116 0.524282 0.730453 0.437682 0.388349 0.708653 0.589064 0.375497 0.696850 0.611067 0.983654 0.063407 -0.168538 0.967023 0.010812 -0.254458 0.962764 0.006232 -0.270272 0.434247 0.746468 0.504197 0.497035 0.791224 0.356260 
						0.361861 0.696403 0.619741 0.558438 0.746649 0.361471 0.715128 0.634525 0.293209 0.805260 0.515372 0.293168 0.775031 0.524225 0.352868 0.824766 0.511263 0.241601 0.986435 0.163396 0.015760 0.984022 0.173533 0.039836 0.978574 0.201267 0.043406 0.475345 0.808956 -0.345886 0.490391 0.816208 -0.305485 0.649827 0.663122 -0.371474 0.549311 0.737709 -0.392484 0.573530 -0.093123 0.813875 0.536216 -0.169065 0.826976 0.438780 -0.271081 0.856730 0.777548 0.277568 0.564247 0.774717 0.262446 0.575270 0.775822 0.233819 0.586028 -0.499809 0.633171 0.591004 -0.728262 0.564609 0.388396 -0.703233 0.556951 0.441893 0.900530 0.406718 0.153706 0.900283 0.380317 0.211778 0.866145 0.381205 0.323226 0.947484 -0.270155 -0.171143 0.983815 -0.157110 -0.086164 0.570028 0.163177 0.805259 0.556040 0.138865 0.819473 0.249954 0.092884 0.963792 0.789976 0.585728 0.181275 0.783883 0.569356 0.247712 0.788573 0.599993 0.134764 0.780495 0.214818 0.587095 0.781616 0.222171 0.582852 0.773979 0.260028 0.577358 0.736487 0.639088 0.221706 0.736412 0.651527 0.182237 0.742271 0.651637 0.156216 0.965094 0.243845 -0.095564 0.966493 0.254881 0.030447 0.961337 0.266537 0.069199 0.845245 0.355962 0.398561 0.865674 0.371728 0.335302 0.799560 0.329098 0.502393 0.975878 0.134493 -0.171968 0.965844 0.250397 -0.066690 0.966923 0.237117 -0.093994 -0.519850 0.685166 0.510200 -0.359856 0.708471 0.607101 -0.117218 0.770052 0.627120 0.868758 0.368095 0.331309 0.904895 0.296297 0.305570 0.905040 0.197891 0.376487 0.981034 0.192210 0.025039 0.975302 0.219833 0.021426 0.996432 0.079781 -0.027521 0.744764 0.657783 0.112464 0.743279 0.646636 0.171457 0.749221 0.641838 0.163438 0.921433 0.279279 0.270120 0.914540 0.291725 0.280203 0.875254 0.291360 0.386058 0.082288 -0.452080 0.888174 
						0.262179 -0.269078 0.926747 0.210971 -0.356101 0.910320 0.706219 0.388696 0.591752 0.743789 0.392443 0.541078 0.784835 0.402317 0.471355 0.865920 0.437678 0.242115 0.854026 0.450422 0.260306 0.852413 0.450295 0.265757 0.880158 0.456634 0.129644 0.887790 0.451218 0.090726 0.894596 0.430781 0.118849 0.800989 0.567936 0.189384 0.805244 0.556264 0.205309 0.805038 0.558998 0.198581 0.827521 0.560539 -0.031689 0.872493 0.405357 0.272840 0.842047 0.398431 0.363607 0.866227 0.401184 0.297828 0.809487 0.407356 0.422839 0.872044 0.387834 0.298535 0.826309 0.451751 0.336354 0.835485 0.430917 0.340992 0.725624 0.684772 -0.067511 0.716020 0.692325 -0.089447 0.734167 0.677702 -0.041447 0.795927 0.506217 0.332031 0.821218 0.449730 0.351205 0.821104 0.443732 0.359013 0.822505 0.428448 0.374055 0.878805 0.433052 0.200417 0.879299 0.416268 0.231420 0.859666 0.415245 0.297566 0.788537 0.352563 0.503893 0.753664 0.336921 0.564336 0.691014 0.341833 0.636906 0.861306 0.397247 0.316775 0.709302 0.669071 0.221889 0.713526 0.670189 0.204270 0.922911 0.312088 0.225469 0.917254 0.325616 0.229391 0.949337 0.310609 0.047767 0.403397 0.774641 0.487033 0.394693 0.779622 0.486217 0.348100 0.791161 0.502882 0.510826 0.844179 -0.162539 0.562662 0.814772 -0.139850 0.483996 0.852854 -0.195931 0.608251 0.384911 0.694171 0.566440 0.423015 0.707251 0.633568 0.348078 0.690966 0.711860 0.300786 0.634652 0.867598 0.320824 0.379927 0.789486 0.313347 0.527754 -0.252776 0.184726 0.949727 0.155536 0.541764 0.826015 -0.273757 0.214597 0.937553 0.687710 0.582670 0.433071 0.669037 0.591636 0.449840 0.685564 0.582858 0.436210 0.712990 0.637029 0.292984 0.637047 0.685959 0.351613 0.712785 0.636237 0.295195 0.729076 0.250323 0.637014 0.724308 0.257391 0.639631 
						0.690402 0.213589 0.691176 0.843780 -0.294033 -0.448977 0.928406 -0.070987 -0.364723 0.807155 -0.343906 -0.479821 0.856939 0.291529 0.425050 0.833984 0.206865 0.511545 0.837871 0.263325 0.478154 0.677785 0.647178 0.348955 0.648407 0.641650 0.409700 0.686089 0.645831 0.334940 0.663801 0.743384 0.082147 0.580518 0.670605 0.461831 0.471792 0.696145 0.541104 0.388686 0.706619 0.591281 0.790181 0.508890 0.341532 0.787985 0.514200 0.338641 0.785036 0.510183 0.351327 0.813466 0.395918 0.426054 0.876219 0.383124 0.292329 0.539400 0.570995 0.618880 0.341810 0.630032 0.697299 0.488058 0.608507 0.625714 0.584033 0.666138 0.463860 0.545899 0.676866 0.493808 0.529817 0.685429 0.499481 -0.314950 0.618026 0.720313 -0.069324 0.629110 0.774218 -0.150328 0.636853 0.756188 0.782718 0.242463 0.573205 0.772117 0.233023 0.591216 0.730902 0.185492 0.656792 0.741443 0.593264 -0.313529 0.769561 0.552962 0.319388 0.770412 0.556960 0.310260 0.785549 0.563267 0.256209 0.528798 0.690831 0.493077 0.454674 0.703661 0.546016 0.399672 0.722942 0.563575 0.267763 0.719429 -0.640878 0.674654 0.557063 -0.484275 0.696670 0.557171 -0.451898 0.986094 0.161431 -0.039488 0.995359 0.048559 -0.083080 0.987734 0.153944 -0.026145 0.306403 0.825201 0.474511 0.250423 0.843068 0.475947 0.326809 0.810997 0.485263 0.992671 -0.044225 0.112468 0.982234 -0.186881 0.017086 0.991657 0.013013 0.128245 0.725614 -0.268995 -0.633345 0.561217 0.650617 0.511598 0.548088 0.652563 0.523222 0.596235 0.631438 0.495771 0.387871 0.563144 -0.729675 0.553629 -0.048243 0.831365 0.570478 -0.033254 0.820639 0.502445 -0.132709 0.854364 0.687295 0.675747 0.266443 0.679533 0.680727 0.273580 0.693488 0.676253 0.248508 0.752243 0.614262 0.238355 0.760860 0.614626 0.208153 0.763339 0.606949 0.221196 
						0.511867 0.668808 0.539155 0.437253 0.673826 0.595624 0.378326 0.682103 0.625784 0.612640 0.789900 0.027027 0.610444 0.784936 0.105991 0.606197 0.783164 0.138488 0.795543 0.570107 0.205159 0.797538 0.567700 0.204082 0.805948 0.549410 0.220444 0.997135 -0.075189 -0.008216 0.996469 -0.083898 -0.003335 0.563504 0.688202 0.456992 0.476248 0.712327 0.515537 0.595539 0.683791 0.421619 0.512841 0.709094 0.483921 0.615708 0.737191 0.278303 0.628248 0.725320 0.281452 0.874364 0.196365 0.443765 0.934653 0.205637 0.290063 0.943151 0.213927 0.254364 0.799777 0.321916 0.506682 0.797337 0.299321 0.524081 0.553143 0.321401 -0.768592 0.628285 0.437801 -0.643108 0.541351 0.367109 -0.756419 0.850598 0.406790 0.333173 0.850111 0.413786 0.325719 0.822700 0.393578 0.410196 0.880439 -0.005557 -0.474126 0.910333 0.049774 -0.410873 0.969094 0.246035 0.018007 0.968280 0.235615 -0.083188 0.463386 0.678118 0.570465 0.477293 0.678065 0.558945 0.361747 0.719862 0.592400 0.693660 0.719950 -0.022528 0.705667 0.708539 0.002616 0.710491 0.696532 0.100228 0.524662 0.758778 0.385987 0.529987 0.752216 0.391517 0.542007 0.740389 0.397558 0.586155 0.802214 -0.113467 0.069486 0.673938 0.735513 0.242890 0.673868 0.697786 0.175773 0.678830 0.712947 0.366393 -0.178836 0.913112 0.142879 -0.345181 0.927597 0.118406 -0.426486 0.896711 0.843422 0.421700 0.332880 0.827196 0.393409 0.401218 0.832011 0.401251 0.383086 0.693570 0.518530 0.500088 0.700984 0.545969 0.458845 0.689881 0.528913 0.494282 0.686371 0.494082 0.533646 0.693497 0.488657 0.529411 0.684291 0.467067 0.559995 0.685401 0.496694 0.532466 0.901478 0.033686 -0.431512 0.927759 0.009401 -0.373063 0.865587 0.385430 0.319692 0.842531 0.369564 0.391873 0.885855 0.378073 0.268926 0.930662 0.346003 0.118956 
						-0.087574 0.592014 0.801156 -0.307703 0.566628 0.764363 0.879619 0.092327 -0.466633 0.824941 0.476144 -0.304564 0.739448 0.509218 -0.440357 0.727123 0.512754 -0.456482 0.827366 0.334562 0.451146 0.822257 0.315277 0.473807 0.820150 0.329051 0.468059 0.754667 0.343111 0.559243 0.644019 0.292846 0.706740 0.706185 0.313327 0.634925 0.995842 0.073548 -0.053749 0.997278 0.071967 -0.016029 0.835051 0.451878 0.313840 0.838679 0.447257 0.310772 0.970882 0.161972 0.176502 0.949429 0.224572 0.219435 0.937139 0.224743 0.266948 0.532626 0.721560 -0.442335 0.543493 0.739660 -0.396885 0.567432 0.742748 -0.355452 0.879989 0.444196 0.168252 0.867331 0.419836 0.267347 0.883903 0.438473 0.162654 0.174857 0.828192 0.532469 0.355074 0.850386 0.388285 0.259701 0.848893 0.460365 0.386112 0.660586 0.643850 0.627540 0.660284 0.412575 0.589668 0.667610 0.454520 0.622538 0.665479 0.411805 -0.397775 0.676259 0.620039 -0.243806 0.744837 0.621109 -0.694084 0.646785 0.316095 0.458815 0.705800 0.539756 0.436946 0.708356 0.554355 0.435666 0.704584 0.560139 0.737221 0.395049 -0.548126 0.726681 0.379566 -0.572595 0.732510 0.424551 -0.532152 0.166865 0.575594 0.800530 0.178399 0.605809 0.775351 0.192775 0.565057 0.802215 0.755855 0.652202 0.057585 0.756652 0.636171 0.150874 0.755002 0.647132 0.105795 0.180692 0.118272 0.976403 0.220830 0.115131 0.968493 0.214155 0.138850 0.966881 0.801352 0.534252 0.269092 0.802264 0.536799 0.261188 0.796492 0.532608 0.286232 0.532631 0.598640 -0.598276 0.444475 0.506328 -0.738968 0.562524 0.664819 -0.491511 0.385120 0.268549 0.882929 0.730415 0.645724 0.222564 0.738638 0.639853 0.212139 0.490266 0.763420 0.420512 0.504970 0.755187 0.417969 0.400931 0.775055 0.488410 0.710112 -0.443491 -0.546861 0.769720 -0.404030 -0.494258 
						0.864405 -0.243320 -0.440000 0.618507 0.747489 0.242299 0.618408 0.743568 0.254321 0.579994 0.749384 0.319421 0.856904 0.291536 0.425115 0.907464 0.320799 0.271286 0.870167 0.306417 0.385900 0.649976 0.276077 0.708035 0.701394 0.281708 0.654742 0.754887 0.599717 0.265489 0.729838 0.630740 0.263635 0.724490 0.626709 0.286968 0.689086 0.716249 0.110218 0.243614 0.818814 0.519804 0.097372 0.859292 0.502132 0.142862 0.835342 0.530843 0.502514 0.803248 0.319801 0.562246 0.801576 0.203360 0.571354 0.793222 0.210601 0.772481 0.576726 0.265820 0.774593 0.571981 0.269896 0.777718 0.568424 0.268421 0.009735 0.053969 0.998495 0.658534 0.218738 -0.720061 0.660813 0.609300 0.438269 0.621243 0.626017 0.471339 0.620473 0.624803 0.473957 0.576214 0.089488 0.812385 0.561814 0.095042 0.821786 0.553994 0.073786 0.829244 0.897795 0.302601 0.319996 0.907718 0.303542 0.289673 0.836005 0.279143 0.472413 0.916667 0.369558 0.152145 0.919901 0.365391 0.142377 0.886513 0.397276 0.237205 0.928277 0.330197 0.171089 0.673668 0.667004 0.318240 0.697900 0.654887 0.289927 0.662021 0.671663 0.332561 0.693305 0.653176 0.304449 -0.041975 -0.024575 0.998816 -0.099059 -0.040683 0.994250 -0.051548 -0.013384 0.998581 0.677294 0.602438 0.422305 0.693233 0.601059 0.397689 0.653625 0.033306 0.756085 0.644371 -0.015689 0.764552 0.602916 -0.083729 0.793399 0.881808 0.421324 0.211896 0.873251 0.429345 0.230425 0.894334 0.405138 0.189815 0.915900 0.381671 0.124316 0.884333 0.415541 0.212791 0.853700 0.441565 0.276073 0.923927 0.365342 0.113511 0.921286 0.366219 0.130827 0.914382 0.380813 0.137428 0.576768 0.777181 -0.251651 0.478084 0.828608 -0.291281 0.521302 0.813532 -0.257701 0.825222 0.476734 0.302876 0.806021 0.487154 0.336171 0.816610 0.477599 0.324110 
						0.772246 0.634273 -0.036521 0.684711 0.714741 0.142535 0.948306 0.240188 -0.207428 0.637116 0.763353 -0.106653 0.569137 0.723556 -0.390575 0.606002 0.742738 -0.284783 0.888807 0.428629 0.162171 0.860902 0.462406 0.212200 0.879408 0.438142 0.186209 0.917917 0.262135 -0.297847 0.947300 0.295841 -0.122886 0.880404 0.276309 -0.385411 0.656372 0.754434 -0.002252 0.666592 0.743748 0.049942 0.755579 0.651676 0.066469 0.752823 0.645331 0.129635 0.597199 0.671730 0.438329 0.581893 0.668016 0.463848 0.528409 0.682103 0.505489 0.590626 0.663605 0.459118 0.206915 0.057373 0.976675 0.233932 0.052869 0.970814 0.272946 0.050192 0.960719 0.384367 0.809930 0.443029 0.457427 0.818663 0.347205 0.483998 0.814847 0.319014 0.090985 0.076355 0.992921 -0.218965 0.011088 0.975670 -0.110662 0.020095 0.993655 0.823018 0.488003 0.290678 0.841392 0.478170 0.251819 0.820795 0.497254 0.281131 -0.070108 0.452350 0.889081 0.012679 0.414712 0.909864 0.014595 0.406638 0.913473 0.872553 0.303348 0.382925 0.883990 0.300669 0.357994 0.859634 0.310914 0.405415 0.300032 0.799481 0.520396 0.424586 0.803157 0.417930 0.432305 0.797059 0.421675 0.737007 0.469454 0.486244 0.722512 0.451726 0.523375 0.848882 0.457769 0.264286 0.843384 0.453691 0.287867 0.860932 0.448810 0.239513 0.866664 0.464604 -0.181758 0.892803 0.436698 0.110439 0.441901 0.671164 0.595199 0.264610 0.666025 0.697418 0.424924 0.665541 0.613592 0.684304 0.604341 0.408043 0.685647 0.605515 0.404030 0.258100 0.687325 0.678947 0.157036 0.699073 0.697594 0.040447 0.700032 0.712965 0.919408 0.307127 0.245687 0.879477 0.313310 0.358269 0.882248 0.308615 0.355522 0.897480 0.365824 0.246379 0.886027 0.374702 0.273046 0.922528 0.358280 0.143450 0.824371 0.399912 0.400603 0.791588 0.375529 0.482043 
						0.880602 0.122350 -0.457789 0.107362 0.651309 0.751179 0.058034 0.722750 0.688669 0.007160 0.696321 0.717695 0.737765 0.457887 0.496027 0.861983 0.407733 0.301228 0.845331 0.389909 0.365220 0.844647 0.382769 0.374244 0.801871 0.541084 0.253440 0.798353 0.552830 0.238771 0.804039 0.530644 0.268212 0.151653 -0.002190 0.988431 0.231073 -0.073998 0.970118 0.343512 -0.112297 0.932410 0.708619 0.474269 0.522426 0.718427 0.513912 0.468782 0.708460 0.502447 0.495613 0.811060 0.341819 0.474702 0.809394 0.329637 0.486025 0.809081 0.335896 0.482246 0.729764 0.660625 0.176123 0.719430 0.660652 0.214383 0.732718 0.663894 0.149565 0.570053 0.676855 0.465733 0.630409 0.763890 -0.138044 0.640795 0.767662 -0.008792 0.632644 0.761081 -0.143239 0.810861 0.547697 0.206233 0.798823 0.550172 0.243294 0.812189 0.545489 0.206858 0.444983 0.749608 0.489977 0.470684 0.721470 0.507876 0.581408 0.733240 -0.352596 0.665349 0.729788 -0.157225 0.665978 0.730043 -0.153330 0.413212 0.705821 0.575390 0.589558 0.712036 0.381348 0.571153 0.703943 0.422195 0.519908 -0.142530 0.842247 0.482777 -0.178403 0.857379 0.529589 -0.097145 0.842673 0.793315 0.385795 0.470972 0.873847 0.373953 0.310725 0.871483 0.362933 0.329843 0.681907 0.089716 0.725916 0.616408 -0.030639 0.786831 0.871379 0.149430 -0.467300 0.905329 0.368037 0.211960 0.891994 0.377353 0.248900 0.894207 0.377758 0.240194 0.872371 0.359286 0.331484 0.835709 0.359163 0.415443 0.880462 0.355873 0.313275 0.409714 0.867986 -0.280597 0.478557 0.839897 -0.256040 0.360317 0.875600 -0.321709 0.659435 0.666365 0.347998 0.659297 0.169583 0.732509 0.709543 0.220741 0.669196 0.650234 0.734807 -0.193016 0.691101 0.710724 -0.131339 0.688492 0.710859 -0.143727 0.837593 0.468676 0.280680 0.894887 0.246173 0.372259 
						0.893870 0.242180 0.377286 0.266310 0.068626 0.961441 0.245491 0.084138 0.965741 0.217027 0.078804 0.972980 0.735642 0.332979 0.589878 0.700101 0.264831 0.663116 0.981993 0.159214 0.101685 0.215910 0.799013 0.561214 0.378293 0.776958 0.503220 0.362152 0.783800 0.504483 0.734135 0.188219 0.652396 0.676855 0.099846 0.729314 0.728590 0.179146 0.661108 0.843893 0.183337 -0.504215 0.787165 0.602862 0.130111 0.796080 0.495475 0.347507 0.755085 0.487366 0.438543 0.766768 0.489361 0.415444 0.705360 0.683693 0.187166 0.770256 0.232893 0.593689 0.770121 0.226177 0.596454 0.790812 0.285351 0.541472 0.855582 0.317550 0.408829 0.849357 0.319544 0.420101 0.788234 0.319993 0.525634 0.760620 0.488928 -0.427092 0.985177 0.094181 -0.143374 0.988500 0.105921 -0.107924 0.987616 0.118674 -0.102618 0.270195 0.657322 0.703507 0.232301 0.662334 0.712285 0.021700 0.645094 0.763795 -0.524003 0.309662 0.793429 -0.213680 0.469248 0.856824 -0.558514 0.316840 0.766600 0.878058 0.362492 0.312430 0.875561 0.354359 0.328363 0.889087 0.361980 0.280170 0.736642 0.328734 0.591010 0.903167 0.242581 -0.354180 0.734308 0.643960 0.214726 0.877767 0.325679 0.351367 0.848525 0.312204 0.427240 0.841876 0.292646 0.453435 0.815003 0.472065 0.336043 0.696832 0.710493 -0.098108 0.696220 0.711980 -0.091443 0.725300 0.685678 -0.061527 0.726212 0.684339 -0.065544 0.733337 0.678712 -0.039580 0.743212 0.669005 -0.008249 -0.411235 0.383330 0.827009 -0.362236 0.416319 0.833945 0.332516 0.681919 0.651475 0.221264 0.615990 0.756041 0.083043 0.516298 0.852373 0.738399 0.352367 0.574982 0.822752 0.376359 0.425949 0.715672 0.360675 0.598103 0.695937 0.356315 0.623467 0.711612 0.430984 0.554853 0.692885 0.371117 0.618210 0.469962 0.005831 0.882667 0.426198 0.090762 0.900065 
						0.530967 -0.266846 0.804281 0.421660 -0.380750 0.822941 0.487580 -0.366422 0.792465 0.804332 0.238086 -0.544395 0.762989 0.238385 -0.600850 0.652626 0.147197 0.743244 0.727351 0.195040 0.657967 0.923006 0.336483 0.186650 0.902269 0.340171 0.264942 0.925111 0.344048 0.160628 0.872988 0.396779 0.283652 0.842057 0.416362 0.342904 0.836985 0.409872 0.362575 0.658891 -0.058501 0.749960 0.618828 -0.146484 0.771747 0.671816 0.026763 0.740234 0.763871 0.636480 0.106743 0.771776 0.626513 0.108825 0.805520 0.491395 0.331163 0.774094 0.524551 0.354435 0.876389 0.401078 0.266606 0.737778 0.025089 -0.674577 0.388332 0.137009 -0.911278 0.928510 0.353726 0.112903 0.889285 0.379667 0.255002 0.854848 0.196285 -0.480319 0.520217 0.661309 0.540412 0.356707 0.689342 0.630529 0.401757 0.675460 0.618340 0.981105 -0.038897 -0.189526 0.961574 -0.047678 -0.270374 0.736334 0.268542 0.621045 0.747113 0.292979 0.596645 0.744212 0.289189 0.602095 0.736200 0.240438 0.632613 0.519406 0.180563 0.835233 0.609337 0.206035 0.765674 0.539209 0.833303 -0.121900 0.564405 0.825187 0.022643 0.546786 0.828437 0.121312 0.995055 0.099165 -0.005667 0.984891 0.156112 0.074959 0.992991 0.116593 0.019359 0.831486 0.452562 0.322207 0.807599 0.430143 0.403436 0.820409 0.436072 0.369825 0.535867 0.039405 0.843382 0.579814 0.112032 0.807009 0.616728 0.167457 0.769158 0.253754 0.690083 0.677786 0.107190 0.697389 0.708632 0.846150 0.468196 -0.254602 0.811863 0.453839 0.367299 0.809405 0.467049 0.355990 0.822740 0.474443 0.313054 0.970183 -0.121432 -0.209758 0.936169 -0.164802 -0.310529 0.809212 0.365536 0.459955 0.839960 0.379041 0.388323 0.810865 0.369194 0.454085 0.826197 0.497875 0.263664 0.800880 0.507789 0.317397 0.828882 0.493764 0.262966 0.785077 0.278883 0.553063 
						0.792504 0.306805 0.527074 0.779605 0.260794 0.569388 0.403402 0.759689 -0.510038 0.174643 0.766467 -0.618084 0.298679 0.775953 -0.555597 0.634005 0.685727 0.357514 0.581854 0.712265 0.392587 0.598700 0.702304 0.385134 0.673509 0.688161 0.269852 0.671451 0.676543 0.302395 0.684799 0.665375 0.297198 0.832223 0.361129 0.420703 0.790047 0.347622 0.504959 0.847980 0.457019 0.268446 0.952281 0.295898 -0.074868 0.950746 0.301736 -0.070975 0.923278 0.347191 0.164366 0.907964 0.367779 0.200847 0.899306 0.371175 0.231254 0.984775 0.173818 -0.002398 0.041822 0.730410 0.681728 -0.085223 0.718691 0.690087 0.963916 0.018831 -0.265540 0.980857 0.061951 -0.184610 0.971259 0.052332 -0.232201 0.190072 0.064873 0.979625 0.122451 0.065055 0.990340 0.935983 0.325680 0.133675 0.820015 0.468962 0.328102 0.813454 0.474131 0.336885 0.803312 0.473520 0.361205 0.709668 0.563255 0.423220 0.722311 0.678548 0.133563 0.733065 0.672298 0.103106 0.674371 0.590410 0.443440 0.668233 0.593432 0.448668 0.128030 0.243596 0.961389 0.822154 0.395889 0.409066 0.822544 0.396299 0.407883 0.821512 0.386561 0.419152 0.524913 0.706381 0.474861 0.542656 0.704334 0.457644 0.936808 0.321299 0.138412 0.929051 0.326405 0.174138 0.856120 0.407087 0.318336 0.862850 0.390078 0.321450 0.812497 0.393644 0.429992 0.718774 0.562126 0.409119 0.874594 0.386919 0.292197 0.885426 0.385580 0.259516 0.886997 0.384760 0.255336 0.660619 0.691987 0.291096 0.524743 0.679185 0.513179 0.735272 0.650382 0.190732 0.728346 0.646529 0.226963 0.948794 0.302613 0.090640 0.960151 0.278752 0.020173 0.963919 0.265733 0.015699 -0.030329 0.293071 0.955610 0.131418 0.334632 0.933140 0.613093 0.626157 0.481710 0.635264 0.617981 0.463184 0.786142 0.607088 0.115867 0.889912 0.237385 -0.389493 
						0.413016 -0.077084 0.907456 0.254761 -0.210394 0.943838 0.179094 -0.283165 0.942201 0.318917 0.804427 0.501188 0.213551 0.835458 0.506366 0.641006 0.739479 -0.205627 0.627900 0.738026 -0.247102 0.941359 0.333076 0.053893 0.926696 0.339626 0.160902 0.943758 0.325482 0.058152 0.762043 0.586216 0.275029 0.727079 0.617875 0.299310 0.700963 0.636306 0.322127 0.822167 0.421017 0.383128 0.843014 0.426193 0.328156 0.852370 0.422322 0.308399 0.957706 0.247721 -0.146405 0.959374 0.246312 -0.137593 0.874512 0.431100 0.222221 0.892132 0.397616 0.214483 0.873422 0.430607 0.227401 0.838442 0.402891 0.367006 0.835777 0.332957 0.436595 0.837854 0.413580 0.356303 0.842177 0.325116 0.430160 0.881747 0.317886 0.348526 0.765744 0.328549 0.552893 0.786632 0.536712 0.305207 0.791157 0.544680 0.278199 0.803584 0.545510 0.238057 0.771334 0.575804 0.271100 -0.294439 0.541858 0.787207 0.747919 0.550494 0.370909 0.750406 0.545735 0.372912 0.746743 0.538410 0.390499 0.855273 0.430194 0.288862 0.765740 0.256734 0.589687 0.734581 0.165706 0.657976 0.810816 0.354536 0.465706 0.972733 0.218099 0.078888 0.976674 0.199825 0.078606 0.755381 0.608000 0.244410 0.768028 0.599452 0.225366 0.754888 0.600589 0.263510 0.824419 0.455426 0.336036 0.826467 0.448700 0.340030 0.821565 0.453757 0.345159 0.642086 0.614385 0.458538 0.662005 0.611712 0.433080 0.627905 0.625804 0.462714 0.452562 0.827277 -0.332868 0.548757 0.808022 -0.214395 0.474820 0.823052 -0.311660 0.434795 0.791919 0.428740 0.411918 0.798479 0.439039 0.495109 0.760311 0.420468 0.518005 0.671966 0.529276 -0.176384 -0.022307 0.984069 -0.005994 0.044541 0.998990 0.007605 0.044802 0.998967 0.591348 0.440178 -0.675686 0.639301 0.484162 -0.597396 0.710938 -0.043172 -0.701928 0.877776 0.044560 -0.476994 
						0.937352 0.302746 0.172384 0.954201 0.298205 0.023975 0.958151 0.281394 -0.052574 0.519145 0.168770 -0.837857 0.696081 0.288323 -0.657527 0.739507 0.297971 -0.603607 0.573803 0.818588 0.025744 0.599174 0.792584 -0.113147 0.579316 0.814015 0.042113 0.867328 0.425530 0.258200 0.855185 0.439698 0.274453 0.853754 0.442301 0.274726 0.933779 0.303271 0.189957 0.954072 0.297637 0.034048 0.937725 0.309679 0.157389 0.729897 0.549490 0.406585 0.728869 0.549638 0.408225 0.745368 0.539445 0.391697 0.920533 0.224405 0.319784 0.936606 0.244241 0.251227 0.934325 0.243994 0.259815 0.743836 0.624139 0.239080 0.696092 0.644073 0.317216 0.745544 0.626586 0.227055 0.821485 0.325003 0.468546 0.852120 0.327112 0.408520 0.837022 0.334279 0.433189 0.844572 0.386345 0.370723 0.831955 0.382662 0.401771 0.625556 0.323711 0.709853 0.623922 0.332290 0.707322 0.811698 0.518514 0.268866 0.674087 0.621912 0.398537 0.689331 0.628713 0.359921 0.498409 0.758264 -0.420266 0.562410 0.717744 -0.410534 0.604763 0.694235 -0.390256 0.976949 0.006617 -0.213372 0.906551 -0.197193 -0.373202 0.945969 -0.096853 -0.309456 0.891490 0.324083 0.316569 0.907991 0.327360 0.261510 0.774938 0.305931 0.553063 0.708098 0.686279 0.166189 0.694907 0.690030 0.202392 0.631098 0.716677 0.296797 0.678205 0.644705 0.352693 0.939554 0.330415 0.089794 0.962340 0.270462 0.027418 0.956873 0.264621 -0.119874 0.937705 0.347171 -0.013478 0.930444 0.365781 -0.021884 0.651748 0.666244 -0.362415 0.687461 0.627857 -0.364956 0.639784 0.285076 -0.713728 0.604558 0.249207 -0.756575 0.377986 -0.061921 -0.923738 0.694435 0.650026 0.308589 0.697019 0.646656 0.309839 0.699262 0.660600 0.273203 0.501947 0.823748 -0.263609 0.564801 0.802454 -0.192529 0.597722 0.789708 -0.138167 0.684966 0.689870 0.234311 
						0.666548 0.688715 0.285282 0.567903 0.673879 0.472625 0.711289 0.695610 -0.100969 0.829204 0.305522 0.468057 0.787359 0.251225 0.562984 0.805951 0.270491 0.526572 0.938908 0.222621 0.262473 0.970078 0.110785 0.216043 0.981491 0.128512 0.141984 0.636641 0.684902 0.354398 0.558103 0.669316 0.490446 0.527825 0.665570 0.527653 0.162863 -0.124748 0.978731 0.255729 -0.123569 0.958819 0.176107 -0.157342 0.971715 0.761071 0.593756 0.261200 0.656217 0.130835 0.743143 0.628347 0.094610 0.772159 0.580394 0.014940 0.814198 0.988992 0.024588 -0.145911 -0.569821 -0.110896 0.814252 -0.696651 -0.226318 0.680777 0.355135 -0.143008 0.923812 0.353092 -0.123466 0.927406 0.394427 -0.092200 0.914290 0.994181 0.096901 0.047063 0.993205 0.110391 0.036847 0.947912 0.198431 0.249174 0.791239 0.326155 0.517266 0.899215 0.321228 0.297025 0.869393 0.313170 0.382205 0.814898 0.478461 0.327134 0.816968 0.498074 0.290665 0.819705 0.476006 0.318593 0.548961 -0.105373 0.829180 0.496843 -0.228498 0.837219 0.747072 0.562333 0.354493 0.781498 0.522497 0.340966 0.765824 0.544607 0.341930 0.706705 0.668799 0.230816 0.720856 0.675175 0.156544 0.713128 0.670689 0.204023 0.744953 0.667102 -0.004461 0.735798 0.676475 -0.031341 0.749869 0.661086 0.025698 0.766061 0.233683 0.598784 0.775463 0.289821 0.560946 0.783664 0.331243 0.525498 0.953192 0.252490 0.166357 0.966176 0.244362 0.082409 0.461375 0.754148 0.467326 0.516886 0.704317 0.486585 0.695830 -0.014856 0.718053 0.677970 -0.057523 0.732836 0.875515 -0.245786 -0.416009 0.810894 -0.309536 -0.496627 0.815539 0.504509 0.283489 0.813952 0.518443 0.262106 0.814951 0.495499 0.300559 0.818519 0.130432 0.559476 0.720196 0.312718 0.619294 0.559060 0.369982 0.742001 0.636634 0.352636 0.685818 0.669925 0.673729 0.311914 
						0.617558 0.696753 0.364906 0.677274 0.672253 0.298960 0.776684 0.618954 0.116869 0.772212 0.627657 0.098670 0.932339 0.344358 0.110283 0.938829 0.335223 0.078900 0.981006 0.191891 -0.028368 0.984084 0.165735 -0.064121 0.978228 0.207226 -0.011270 0.716108 0.681703 0.149900 0.725675 0.666471 0.170914 0.555629 0.730456 0.397128 0.491599 0.751394 0.440157 0.499772 0.749617 0.433938 0.759469 0.641418 0.108577 0.845362 0.491709 0.208771 0.807846 0.436222 0.396351 0.845642 0.440153 0.301919 0.848609 0.455447 0.269129 0.839909 0.460983 0.286439 0.341494 0.676021 0.652976 0.856327 0.446682 0.259191 0.842023 0.455026 0.289739 0.867662 0.436148 0.238617 0.857997 0.409066 0.310656 0.857694 0.421203 0.294872 0.843895 0.408233 0.348119 0.666988 0.715491 0.207844 0.693659 0.707645 0.134450 0.626516 0.701029 0.340641 0.674391 0.735398 -0.066229 0.664291 0.745163 -0.058730 0.037131 0.220609 0.974655 0.071604 0.280283 0.957243 0.095005 0.281652 0.954802 0.752851 0.607529 0.253228 0.758637 0.598902 0.256488 0.763858 0.610316 0.209847 0.763935 0.366318 0.531239 0.646333 0.388489 0.656758 0.537633 0.475201 0.696516 0.322420 -0.075213 0.943604 0.088902 -0.208347 0.974006 0.131796 -0.135699 0.981945 0.981027 0.065156 -0.182596 0.968510 0.026532 -0.247558 0.539090 0.155207 -0.827824 0.542556 0.814581 -0.205162 0.658962 0.743686 -0.112700 0.657268 0.743273 -0.124675 0.646097 0.743094 -0.174269 0.457790 0.757897 0.464780 0.891627 0.297550 0.341268 0.924279 0.286388 0.252369 0.871819 0.289194 0.395345 0.412316 0.888426 0.201727 0.542868 0.838203 0.052056 0.528073 0.847543 0.053002 0.841456 0.310208 0.442405 0.851739 0.291719 0.435248 0.910122 0.339105 0.238089 0.914681 0.337160 0.222897 0.561750 0.213479 -0.799290 0.509024 0.198508 -0.837550 
						0.647874 0.241918 -0.722312 0.776859 0.560214 0.287490 0.773533 0.563772 0.289496 0.770930 0.570786 0.282613 0.482566 0.826609 -0.289564 0.399714 0.809906 -0.429278 0.428524 0.807914 -0.404527 0.813993 0.511902 0.274538 0.820203 0.476826 0.316074 0.685539 0.613776 0.391555 0.808870 0.344184 0.476724 0.808563 0.339910 0.480299 0.805883 0.333906 0.488936 0.806965 0.542494 0.233468 0.523970 0.539060 0.659446 0.596787 0.629310 0.497809 0.805415 0.323817 0.496436 0.834511 0.346944 0.428043 0.681321 0.449377 0.577809 0.682815 0.455366 0.571319 0.687326 0.391379 0.611887 0.755719 0.226791 -0.614373 0.909804 0.311139 0.274680 0.843212 0.315501 0.435262 0.652105 0.736090 0.181469 0.647332 0.740581 0.180281 0.909016 0.396040 0.129774 0.893124 0.449780 0.005305 0.865032 0.303942 0.399174 0.879958 0.314468 0.356067 0.881504 0.311356 0.354976 0.627893 0.769331 -0.117817 0.823979 0.481193 0.299184 0.847282 0.455923 0.272484 0.829635 0.396532 0.393025 0.825473 0.398150 0.400090 0.798604 0.395771 0.453428 0.630885 0.307187 0.712474 0.489893 0.250436 0.835037 0.615431 0.203093 -0.761576 0.713905 0.286905 -0.638769 0.532487 0.148727 -0.833270 0.527956 0.802879 -0.276854 0.587715 0.806392 -0.065751 0.576885 0.813651 -0.071941 0.310885 0.032313 0.949898 0.297336 0.050862 0.953417 0.938415 0.332065 0.095446 0.903165 0.406674 0.137511 0.905226 0.344397 0.248911 0.871499 0.398660 0.285587 0.886287 0.384940 0.257521 0.865714 0.500021 -0.022750 0.875471 0.416082 0.245817 0.874398 0.414666 0.251954 0.893633 0.400732 0.202077 0.516361 0.018718 0.856166 0.480149 -0.000332 0.877187 0.701524 0.620389 0.350688 0.581390 0.705247 0.405725 0.466240 0.709053 0.529021 0.229778 0.730570 0.643016 0.804683 0.298859 0.512999 0.805809 0.323952 0.495709 
						0.694994 0.664930 0.273589 0.709931 0.656144 0.255879 0.713985 0.648528 0.263888 0.804167 0.545008 0.237237 0.794473 0.557412 0.241048 0.759288 0.599987 0.251986 0.745892 0.637106 0.194269 0.810960 0.543393 0.216950 0.816316 0.546239 0.187752 0.866891 0.437645 0.238678 0.884470 0.415432 0.212434 0.873915 0.431274 0.224223 0.674535 0.659472 0.331812 0.609161 0.714360 0.344400 0.669560 0.661238 0.338311 0.815685 0.316293 0.484371 0.816594 0.323272 0.478193 0.797434 0.286760 0.530912 0.823542 0.011519 0.567139 0.824737 0.154461 0.544013 0.781390 -0.083695 0.618406 0.606978 0.686024 0.401184 0.513649 0.678079 0.525713 0.628439 0.689412 0.360244 0.661783 0.746944 -0.064172 0.648662 0.327363 0.687074 0.440571 0.411540 0.797830 0.814221 0.262865 0.517635 0.811069 0.226162 0.539461 0.806112 0.226985 0.546499 0.712631 0.350791 0.607538 0.761455 0.371208 0.531404 0.948052 0.318114 0.000425 0.949713 0.312862 -0.012758 0.951099 0.302166 -0.064085 0.696313 0.634435 0.335618 0.921893 0.366032 0.127018 0.957357 0.273261 0.093783 0.922323 0.362445 0.133989 0.836937 0.325310 0.440125 0.909082 0.304967 0.283840 0.867222 0.344374 0.359628 0.810716 0.335558 0.479730 0.795893 0.333721 0.505159 0.806072 0.549315 0.220230 0.847982 0.449378 0.281045 0.770903 0.262871 0.580179 0.763738 0.271371 0.585716 0.752043 0.254464 0.608012 0.554010 0.658514 0.509345 0.611022 0.650693 0.450833 0.511863 0.821350 0.251754 0.527671 0.820882 0.218440 0.725406 0.658336 0.200950 0.636633 0.671958 0.378379 0.986002 0.135011 -0.097833 0.983343 0.170198 -0.063785 0.940999 0.232901 0.245516 0.934125 0.236057 0.267744 0.915606 0.246114 0.317951 0.718543 0.393822 -0.573237 0.715906 0.443674 -0.539103 0.884761 0.405414 0.229862 0.875062 0.412976 0.252423 
						0.888704 0.401383 0.221580 0.982053 0.141102 0.125146 0.691563 0.713408 0.113088 0.688508 0.715579 0.117915 0.494888 0.336502 0.801157 0.620276 0.326409 0.713243 0.668042 0.310590 0.676206 0.467850 0.766945 0.439217 0.517858 0.758755 0.395113 0.826974 0.435455 0.355659 0.821606 0.410855 0.395173 0.824805 0.419638 0.378946 0.728467 0.559359 0.395541 0.717188 -0.404091 -0.567760 0.881687 -0.279308 -0.380283 0.058256 0.296208 0.953345 0.047134 0.316882 0.947293 -0.091371 0.294695 0.951213 0.292459 0.842769 0.451893 0.369090 0.808786 0.457862 0.699972 0.620895 0.352886 0.654846 0.634548 0.410518 0.669182 0.634037 0.387547 0.331727 -0.423632 0.842907 0.426436 -0.215157 0.878556 0.383448 -0.332128 0.861776 0.825571 0.351769 0.441237 0.790122 0.341376 0.509088 0.805594 0.524436 0.275654 0.802237 0.519225 0.294653 0.969130 0.245487 -0.022884 0.933145 0.350873 0.078292 0.691599 0.619510 0.371345 0.685900 0.624205 0.374045 0.789164 0.492269 0.367275 0.827938 0.472525 0.302057 0.851164 0.452584 0.265871 0.559284 0.680712 0.473110 0.710375 0.630510 0.312770 0.685770 0.707949 0.168903 0.692125 0.699275 0.178822 0.671375 0.704117 0.231244 0.824120 0.344182 0.449849 0.817474 0.338604 0.465922 0.812472 0.332098 0.479166 0.157413 0.632762 0.758177 0.131943 0.662847 0.737038 0.118280 0.701866 0.702420 0.695573 0.704826 0.139275 0.694798 0.709350 0.118656 0.798712 0.506279 0.325178 0.810233 0.489632 0.322153 0.672790 0.705987 0.221216 0.728542 0.684738 0.018965 0.685332 0.727931 -0.020893 0.713150 0.385309 0.585623 0.730035 0.384869 0.564734 0.704819 0.675136 0.217764 0.725123 0.353577 -0.590914 0.626405 0.233512 -0.743700 0.687248 0.301347 -0.660969 0.985060 0.092045 -0.145550 0.986363 0.119297 -0.113389 0.757391 0.233434 -0.609809 
						0.788502 0.235049 -0.568345 0.593968 0.224715 -0.772467 0.959834 0.275740 -0.051826 0.962578 0.258147 -0.082482 0.956701 0.268166 -0.113179 0.800834 0.542584 -0.253511 0.209601 -0.265747 0.940981 0.336527 -0.126570 0.933129 0.971637 -0.125120 -0.200668 0.977328 -0.123533 -0.171956 0.928316 0.357753 0.101199 0.954402 0.289652 0.072240 0.964833 0.256453 0.057697 0.735908 0.544997 0.401767 0.735000 0.539689 0.410501 0.765399 0.527881 0.368110 0.511853 -0.079057 0.855428 0.536364 -0.135140 0.833097 0.480043 -0.215656 0.850324 0.860723 0.425543 0.279409 0.966874 -0.106423 -0.232010 0.982516 -0.019915 -0.185112 0.963481 -0.119905 -0.239429 0.700982 0.620993 0.350701 0.376656 0.077184 -0.923132 0.557412 0.186928 -0.808919 0.417326 0.791645 -0.446248 0.365060 0.782662 -0.504154 0.394352 0.786745 -0.474889 0.550026 0.702418 0.451752 0.881967 0.311107 0.354043 0.831602 0.309736 0.460980 0.678081 0.723363 0.130199 0.672244 0.703823 0.229611 0.684301 0.717456 0.130341 0.185778 0.362260 0.913375 0.018410 0.432344 0.901521 0.188754 0.405187 0.894536 0.160609 0.193279 0.967909 0.228985 0.276905 0.933214 0.213859 0.239436 0.947066 0.600040 0.744451 -0.292820 0.482099 0.694966 -0.533481 0.507146 0.705035 -0.495711 0.988369 0.151308 -0.015252 0.986987 0.111039 -0.116307 0.877802 0.316821 0.359287 0.936823 0.258191 0.236007 0.893937 0.249388 0.372402 0.688492 0.231776 -0.687211 0.693074 0.717563 -0.068937 0.627418 0.732573 -0.263977 0.693896 0.712565 -0.103726 0.736424 0.016282 0.676325 0.773267 0.108791 0.624678 0.719245 0.055822 0.692511 -0.230701 0.535856 0.812180 0.606172 0.112788 0.787296 0.673653 0.168264 0.719638 0.638715 0.149740 0.754733 0.711487 0.352619 0.607821 0.700118 0.366794 0.612615 0.690846 0.460110 0.557701 0.845613 0.431022 0.314894 
						0.821285 0.473101 0.318852 0.852580 0.426799 0.301580 0.863478 0.499299 -0.071458 0.806822 0.556064 -0.199577 0.851443 0.515146 -0.098327 0.897932 0.330656 0.290489 0.872728 0.321721 0.367207 0.374471 0.717130 0.587789 0.601961 0.550528 0.578414 0.405058 0.718001 0.566040 0.781298 0.220509 0.583908 0.865583 0.427228 0.261233 0.858153 0.438593 0.266852 0.855893 0.431637 0.284847 0.881514 0.465368 -0.079778 0.866803 0.483789 -0.120836 0.842331 0.522892 -0.130624 0.511003 0.662227 0.548025 0.543503 0.654598 0.525458 0.585885 0.643655 0.492389 0.424993 -0.050533 0.903785 0.392244 -0.062705 0.917721 0.400961 -0.072088 0.913255 0.684316 0.597466 0.418028 0.714713 0.577984 0.393854 0.712318 0.581728 0.392677 0.940481 0.307985 0.143665 0.965291 0.254299 0.059538 0.969734 0.242130 0.031441 0.707958 0.705923 -0.021644 0.681761 0.716308 -0.148677 0.693019 0.711005 -0.119149 0.862621 0.282564 0.419573 0.846331 0.267753 0.460470 0.831186 0.259992 0.491461 0.670977 0.676112 0.304404 0.650256 0.693717 0.309716 0.997548 -0.025003 -0.065362 0.498824 0.207299 -0.841547 0.481615 0.183110 -0.857040 0.387615 0.168902 -0.906216 0.588395 0.639857 0.494342 0.759812 0.367367 -0.536403 0.666601 0.276383 -0.692283 0.843145 -0.117842 -0.524614 0.705345 0.594382 0.386261 0.698983 0.595625 0.395795 0.706930 0.605765 0.365101 0.750775 0.659858 0.030409 0.869375 0.374029 0.322937 0.873706 0.390461 0.290137 0.511925 0.660437 0.549323 0.443101 0.679315 0.584973 0.223118 0.171713 0.959548 0.128388 0.115262 0.985003 0.044131 0.783131 0.620289 -0.154331 0.796218 0.584995 -0.051577 0.766067 0.640688 0.628480 0.773558 -0.081373 0.943838 0.322820 0.070412 0.968428 0.245452 -0.043590 0.980669 0.133355 -0.143194 0.746923 0.599176 0.288260 0.759938 0.590883 0.270836 
						0.141745 0.164488 0.976141 0.198563 0.196176 0.960254 0.767018 0.599857 0.227714 0.762375 0.588668 0.268802 0.762203 0.576316 0.294799 0.358003 0.682118 0.637612 0.574003 0.704899 0.416699 0.813797 0.379675 0.439979 0.837487 0.398100 0.374342 0.798639 0.384982 0.462564 0.695894 0.099597 0.711204 0.961797 0.264981 -0.068780 0.956402 0.291940 -0.008158 0.952688 0.303355 0.019014 0.836055 0.341724 0.429229 0.927215 0.352374 0.126903 0.910138 0.382006 0.160372 0.921616 0.363962 0.134745 0.916736 0.342380 0.205840 0.886299 0.327262 0.327678 0.908094 0.368751 0.198466 0.645848 0.440817 -0.623346 0.612469 0.430132 -0.663226 0.638699 0.415619 -0.647553 0.566661 0.651326 0.504648 0.534488 0.656743 0.531988 0.588730 0.644292 0.488145 0.683922 0.602528 0.411353 0.650805 0.614449 0.445987 0.812013 0.355741 0.462691 0.406112 -0.321544 0.855385 0.451207 -0.248960 0.856990 0.401142 -0.247989 0.881809 0.881578 0.401788 0.247761 0.881100 0.410435 0.234959 0.761558 0.597214 0.251725 0.747937 0.610256 0.261110 0.825330 0.457519 0.330917 0.848507 0.445506 0.285587 0.363435 -0.347451 0.864403 0.609647 0.230271 -0.758489 0.621501 0.296878 0.724983 0.580170 0.271913 0.767767 0.673450 0.721581 0.160583 0.679363 0.722107 0.130485 0.664060 0.721158 0.197370 0.652675 0.741986 0.153205 0.667401 0.737268 0.104937 0.847551 0.424603 0.318387 0.560579 0.677212 0.476587 0.614032 0.663988 0.426714 0.807763 0.364259 0.463503 0.797600 0.378585 0.469583 0.799088 0.366548 0.476551 0.703041 0.442723 0.556533 0.693357 0.442528 0.568705 0.502729 0.796943 -0.334881 0.467576 0.821584 -0.326147 0.604720 0.755799 -0.251162 0.654607 0.602030 0.457219 0.648692 0.605830 0.460617 0.944233 0.328059 0.028296 0.948141 0.317822 -0.004173 0.930419 0.366311 -0.011691 
						0.665337 0.718764 0.201755 0.690937 0.711190 0.129673 0.831645 0.469563 0.296441 0.834032 0.470745 0.287731 0.958157 0.223572 0.178747 0.618666 0.105463 0.778543 0.648306 0.134673 0.749375 0.569318 0.074434 0.818741 0.867478 0.435802 0.239912 0.849358 0.408410 0.334352 0.859842 0.412332 0.301088 0.804530 0.552467 0.217972 0.696199 0.659085 0.284454 0.970952 0.221074 -0.091538 0.950497 0.309919 0.022464 0.949105 0.314829 0.009113 0.533827 -0.389515 0.750538 0.584175 -0.421068 0.693860 0.634794 0.750917 -0.182101 0.666727 0.744834 0.026405 0.569167 0.816139 0.099827 0.533603 0.823358 0.193259 0.545368 0.826528 0.139374 0.728997 0.337999 0.595248 0.655027 0.321282 0.683899 0.278349 0.128242 0.951880 0.912944 0.369596 0.173011 0.918476 0.355380 0.173515 0.871496 0.396038 0.289219 0.685557 0.710462 -0.158919 0.619953 0.746292 -0.242295 0.680789 0.715280 -0.157802 0.826756 0.521179 0.211770 0.837731 0.505085 0.207594 0.807861 0.542495 0.230347 0.884306 0.313442 0.346059 0.923842 0.325999 0.200601 0.871144 0.330993 0.362701 0.931086 0.309383 0.193289 0.841352 0.332273 0.426287 0.668728 0.661677 0.339096 0.660571 0.677911 0.322621 0.720865 0.682067 0.123037 0.710731 0.685503 0.157947 0.711760 0.685591 0.152849 0.842455 0.275213 0.463171 0.849438 0.278068 0.448478 0.837198 0.275228 0.472598 0.615025 0.641892 0.457951 0.945225 -0.045056 -0.323296 0.901889 -0.219007 -0.372333 0.667878 0.743970 0.021152 0.687600 0.720328 0.091288 0.908822 0.368512 0.195552 0.916768 0.371065 0.147811 0.894704 0.371254 0.248345 0.781995 0.338930 0.523077 0.709282 0.292992 0.641152 0.580818 0.794628 0.176682 0.547615 0.795014 0.260902 0.576212 0.817032 0.020945 0.258745 0.042775 0.964998 0.263927 0.047263 0.963384 0.845916 0.343883 0.407639 
						0.858199 0.349769 0.375707 0.516065 0.700314 -0.493191 0.590730 0.750038 -0.297458 0.535106 0.709292 -0.458875 0.616789 0.641425 0.456230 0.580407 0.761556 -0.288377 0.542527 0.753403 -0.371548 0.582268 0.218985 0.782950 0.409570 0.003470 0.912272 0.100615 0.105253 -0.989342 0.268647 0.098583 -0.958181 0.694865 0.636303 0.335085 0.707448 0.639961 0.299946 0.690098 0.710148 0.139479 0.692193 0.712132 0.117205 0.581337 0.799937 -0.148822 0.644412 0.763250 -0.046720 0.654616 0.755767 -0.017135 0.837406 0.513834 0.186346 0.803573 0.550050 0.227407 0.083973 0.231625 0.969174 0.066177 0.240264 0.968449 0.850705 0.281598 0.443852 0.882218 0.298330 0.364267 0.853433 -0.179693 -0.489247 0.920934 -0.073667 -0.382692 0.830965 -0.179346 -0.526624 0.620787 0.781706 -0.059657 0.608975 0.779102 -0.148829 0.654332 0.673044 0.344764 0.649896 0.665225 0.367574 0.626230 0.670224 0.398291 0.896302 0.404410 0.181921 0.830657 0.348848 0.433951 0.708263 0.611870 0.352106 0.706330 0.606789 0.364562 0.151701 0.603637 0.782693 0.003616 0.578300 0.815816 0.588113 0.704857 0.396610 0.303686 0.730498 0.611677 0.373299 0.724438 0.579514 0.670523 0.740775 0.040637 0.686984 0.722842 0.074512 0.892748 0.450176 0.018497 0.875727 0.482732 -0.008507 0.582191 0.662836 0.470853 0.835272 0.467337 0.289682 0.812172 0.488840 0.318454 0.749946 0.398984 0.527630 0.759367 0.429788 0.488512 0.973055 0.013714 -0.230164 0.973802 0.049138 -0.222024 0.389530 -0.079471 0.917579 0.674221 0.588880 0.445698 0.700041 0.573950 0.424881 0.930499 0.148038 0.335046 0.739366 0.427709 0.520003 0.903351 0.164739 0.396003 0.662296 0.600037 0.448686 0.663509 0.597366 0.450455 0.791940 0.268037 0.548624 0.778621 0.247415 0.576659 0.369270 0.770456 0.519651 0.187993 0.786949 0.587682 
						0.207262 0.772933 0.599681 0.523743 0.826090 -0.208008 0.686508 0.427005 0.588535 0.694905 0.476361 0.538691 0.454163 0.764184 0.457995 0.442042 0.768038 0.463375 0.362081 0.786245 0.500715 0.197330 0.863929 0.463345 0.317640 0.811612 0.490297 0.096707 0.781429 0.616454 0.047308 0.782701 0.620597 0.119851 0.807669 0.577327 0.783387 0.576704 0.231771 0.769912 0.586559 0.251363 0.778840 0.598359 0.188079 0.764144 0.598276 0.241143 0.937704 0.341881 -0.061872 0.531383 0.768736 0.355918 0.453392 0.739798 0.497126 0.601558 0.651691 0.461981 0.749578 0.003184 0.661908 0.708417 -0.074575 0.701844 0.657272 -0.191280 0.728976 0.706639 0.550944 0.443984 0.697751 0.538542 0.472353 0.603469 0.769032 -0.210751 0.811150 0.509052 0.287927 0.814006 0.499968 0.295680 0.818510 0.510662 0.263184 0.676408 0.703760 0.217243 0.578471 0.707193 0.406510 0.757768 0.245169 0.604714 0.754108 0.226351 0.616512 0.770834 0.249625 0.586091 0.781894 0.581009 -0.225986 0.834238 0.502527 0.226964 0.865207 0.468627 0.178341 0.839410 0.502247 0.207700 0.774489 0.582868 0.245829 0.953866 0.287471 0.086609 0.405399 0.688531 0.601312 0.468821 0.699469 0.539398 0.698406 0.697326 0.161140 0.705317 0.701276 0.103631 0.565231 0.673034 0.477010 0.519264 0.687410 0.507772 0.177639 -0.170326 0.969244 0.074768 -0.217507 0.973191 0.202260 -0.208487 0.956883 0.843082 0.441883 0.306515 0.340490 0.656909 0.672708 0.430726 0.833301 0.346532 0.478318 0.820345 0.313443 0.268001 0.059969 0.961550 0.638947 0.641082 0.425160 0.598747 0.644912 0.474963 0.774424 0.449624 0.445091 0.679509 0.715753 0.161137 0.640221 -0.082467 0.763752 0.699461 0.082019 0.709948 0.648648 -0.022711 0.760750 0.487392 0.713514 0.503335 0.372823 0.682037 0.629149 0.527159 0.747222 0.404677 
						-0.393044 0.694211 0.602982 -0.670933 0.618242 0.409421 -0.609227 0.645570 0.460523 0.676280 0.431063 -0.597353 0.706681 0.446519 -0.548838 0.672831 0.418543 -0.610017 0.777600 0.507798 0.370781 0.475898 -0.082234 0.875647 0.628552 0.073457 0.774291 0.565924 0.037648 0.823597 0.962419 0.249157 -0.108029 0.962483 0.217326 -0.162469 0.609920 -0.303980 0.731843 0.575477 -0.308999 0.757196 0.821043 0.451884 0.348841 0.809561 0.358485 0.464865 0.815366 0.349939 0.461216 0.857078 0.367805 0.360744 0.605292 0.697751 0.383100 0.785176 0.551922 0.280857 0.778246 0.562077 0.280005 0.775368 0.562038 0.287956 0.664566 0.741243 -0.094399 0.643620 0.740837 -0.192129 0.671643 0.737296 -0.072733 0.637162 0.636489 0.434634 0.633584 0.641170 0.432981 0.665923 0.637958 0.386726 0.862361 0.423343 0.277696 0.872715 0.454025 0.179525 0.851990 0.306939 0.424148 0.522749 0.821075 -0.229279 0.779712 0.568561 0.262274 0.774940 0.559823 0.293370 -0.660392 0.592131 0.461804 -0.775164 0.510638 0.371980 -0.849131 0.457328 0.264250 0.386333 -0.424253 0.818997 0.345999 -0.383161 0.856430 0.357894 -0.421072 0.833433 0.594961 0.803721 -0.007342 0.621275 0.781877 0.051822 0.610781 0.779562 0.138670 0.315530 0.653949 0.687598 0.086299 0.574373 0.814032 -0.112893 0.527260 0.842171 0.818252 0.427438 0.384396 0.845831 0.447326 0.290637 0.828061 0.419074 0.372413 0.601497 0.642562 0.474675 0.812356 0.271483 0.516114 0.830628 0.299328 0.469532 0.740808 0.138091 0.657370 0.716997 0.074937 0.693037 0.729708 0.142714 0.668699 0.862297 0.416341 0.288279 0.854556 0.419994 0.305515 0.863325 0.411572 0.292024 0.984647 0.010603 -0.174236 0.909484 0.368822 0.191855 0.890048 0.383280 0.246803 0.541296 0.807416 0.234688 0.448881 0.807463 0.382766 0.461945 0.811061 0.358869 
						0.937103 0.339219 0.082267 0.947094 0.319582 0.029662 0.935541 0.342039 0.088155 0.815104 0.543758 0.199834 0.813237 0.526807 0.247226 0.720579 0.666914 0.189712 0.123159 -0.199151 -0.972199 0.257321 -0.028648 -0.965901 0.032635 -0.130148 -0.990957 0.900855 0.417665 0.118387 0.928526 0.357181 0.101294 0.597288 0.638932 0.484782 0.561250 0.731488 -0.387200 0.473572 0.779805 -0.409431 0.924505 0.362151 0.118899 0.910674 0.381313 0.158977 0.923791 0.360582 0.128807 0.820250 0.396577 0.412209 0.814345 0.370434 0.446789 0.825590 0.397238 0.400754 0.150005 0.154307 0.976569 0.004104 0.065735 0.997829 0.624813 0.689331 0.366647 0.577736 0.718815 0.386685 0.600274 0.705757 0.376269 0.903919 0.331368 0.270416 0.885634 0.338228 0.318204 0.772082 0.629420 0.087860 0.751825 0.613569 0.241437 0.703702 0.569785 0.424440 -0.014200 0.742866 0.669289 0.175489 0.708255 0.683796 -0.081489 0.766986 0.636468 0.701863 0.702018 0.120663 0.698458 0.694287 0.173556 0.617991 0.668491 0.413771 0.527911 0.682985 0.504817 0.572617 0.663288 0.481829 0.699862 0.493201 -0.516668 0.687103 0.515336 -0.512171 0.628426 0.455760 -0.630367 0.673400 0.643929 0.363163 -0.073924 0.196805 0.977652 -0.053009 0.220094 0.974037 -0.173038 0.201044 0.964178 0.681310 0.727370 0.082156 0.650712 0.758782 -0.028716 0.803630 0.544912 0.239269 0.791517 0.571290 0.217092 0.813001 0.513988 0.273580 0.912630 0.377416 0.157045 0.942101 0.333681 -0.033198 0.822465 -0.016396 -0.568579 0.843920 -0.169230 -0.509078 0.803878 -0.010382 -0.594704 0.940470 0.325378 0.098216 0.940329 0.301676 0.157393 0.878351 0.448474 0.165441 0.061022 0.058952 0.996394 0.877102 0.378922 0.295146 0.877235 0.391709 0.277529 0.878843 0.385289 0.281402 0.848770 0.494707 0.186696 0.812216 0.545568 0.206543 
						0.790705 0.568215 0.227852 0.703959 0.591958 0.392464 0.702767 0.578136 0.414582 0.705079 0.595795 0.384568 0.873995 0.381114 0.301470 0.674817 0.736760 0.042504 0.679384 0.732637 -0.040987 0.675442 0.730736 0.099007 0.683594 0.248325 -0.686320 0.847779 0.250141 -0.467653 0.836534 0.200330 -0.509979 0.818010 0.226949 -0.528539 0.942605 0.319890 0.095746 0.934284 0.337628 0.114547 0.922726 0.358099 0.142624 0.826832 0.455172 0.330406 0.825035 0.435928 0.359560 0.824067 0.449157 0.345214 0.044274 0.767292 0.639767 0.048470 0.780863 0.622820 0.368271 -0.074778 0.926706 0.507379 0.046010 0.860494 0.458528 0.010667 0.888616 0.742676 0.208189 0.636467 0.674555 0.174049 0.717414 0.912431 0.369747 0.175376 0.897281 0.388956 0.208807 0.777488 0.569560 0.266673 0.818402 0.325961 0.473252 0.824136 -0.167970 -0.540913 0.375471 0.875380 0.304517 0.791761 0.225594 0.567647 0.801025 0.188593 0.568148 0.789090 0.190729 0.583918 0.858315 0.450664 -0.245352 0.707407 0.579382 0.404836 0.705333 0.594812 0.385621 0.699467 0.625296 0.346050 0.792687 0.238744 -0.560936 0.837331 0.258159 -0.481904 0.865481 0.282783 -0.413492 0.857134 0.299549 -0.419037 0.597191 -0.231301 0.768025 0.923463 0.350547 0.155991 0.904973 0.365818 0.217256 0.634644 0.641134 0.431479 0.637044 0.630006 0.444149 0.289288 0.632063 0.718894 0.678089 0.633805 0.372137 0.526818 0.812610 -0.249254 0.609849 0.739507 -0.284982 0.471040 0.773533 -0.423991 0.543106 0.759813 -0.357379 0.677736 0.734567 -0.032942 0.834147 0.316945 0.451381 0.930157 0.236111 0.281175 0.621145 0.658153 0.425458 0.531233 0.731757 0.426994 0.854792 0.289072 0.431009 0.702203 0.634875 0.322249 0.689864 0.641931 0.334684 0.948233 0.307388 0.079793 0.957122 0.288420 0.027039 0.821987 0.436551 0.365732 
						0.550249 0.642891 0.532840 0.592353 0.633100 0.498300 0.840300 0.339182 0.422908 0.864013 0.326005 0.383669 0.837640 0.343347 0.424820 0.734188 0.678176 -0.032324 0.721988 0.687653 -0.076593 0.735385 0.677491 -0.014638 0.628072 0.735387 -0.254422 0.727842 0.684924 -0.033552 0.705652 0.705326 -0.067610 0.740101 0.672496 -0.000321 0.706383 0.585374 0.397945 0.738735 0.554955 0.382486 0.711133 0.591929 0.379356 0.519226 0.707754 -0.479050 0.570497 0.732283 -0.371881 0.566760 0.737373 -0.367512 0.865817 0.392784 0.309969 0.647266 0.621817 0.440897 0.614036 0.628790 0.477055 0.731280 0.552436 0.400056 0.744003 0.542435 0.390160 0.746485 0.638737 0.186481 0.751974 0.582328 0.308915 0.763468 0.562524 0.317308 0.969929 0.242222 0.023812 0.973425 0.224660 -0.044405 0.965057 0.257605 0.048016 0.679755 0.726388 0.101458 0.695908 0.707655 0.122216 0.680146 0.727959 0.086472 0.985736 -0.073389 -0.151455 0.971483 -0.117816 -0.205766 0.982535 -0.103089 -0.154913 0.664893 0.683544 0.301141 0.668720 0.696137 0.261165 0.680399 0.699899 0.217253 0.602355 0.798211 0.005217 0.616023 0.782340 -0.091984 0.634954 0.767616 0.087179 0.630786 0.765460 -0.127201 0.635843 0.762999 0.116347 0.485613 0.021457 0.873911 0.607665 0.116396 0.785618 0.528072 0.054047 0.847478 0.593214 -0.261056 -0.761542 0.729886 -0.152204 -0.666409 0.627818 -0.209514 -0.749632 0.715529 0.687745 0.122576 0.646977 0.760416 0.056464 0.662722 0.613719 0.429125 0.672763 0.615457 0.410613 0.690307 0.608023 0.392153 0.970608 0.021294 -0.239724 0.953016 0.293918 0.073299 0.948091 0.309138 0.074550 0.742627 0.240676 0.624964 0.814838 0.267985 0.514026 0.876748 0.424486 0.226109 0.899470 0.399640 0.176751 0.873075 0.433307 0.223574 0.615464 0.714516 0.332672 0.605089 0.712595 0.355071 
						0.589789 0.719805 0.366101 0.634741 0.756932 -0.155426 0.605738 0.739401 -0.293885 0.202548 0.771234 0.603466 0.037823 0.761266 0.647336 0.819334 0.400733 0.410006 0.820718 0.401605 0.406368 0.819032 0.386736 0.423818 0.639100 0.767322 -0.052604 0.927947 0.323957 0.184301 0.769209 0.335636 0.543753 0.353418 -0.080744 0.931974 0.491582 0.036031 0.870085 0.635237 0.684661 0.357370 0.608291 0.696711 0.380232 0.701784 0.673738 0.231465 0.689119 0.658675 0.302096 0.686723 0.662928 0.298224 0.623067 0.625545 0.469555 0.645603 0.618402 0.448080 0.597855 0.110308 0.793978 0.629485 0.184361 0.754824 0.621953 0.117320 0.774216 0.627544 0.751398 -0.203935 0.643571 0.749701 -0.154160 0.322961 -0.307061 0.895215 0.236562 -0.401065 0.884978 0.598359 0.655318 0.461003 0.701654 0.556926 0.444427 0.700191 0.513240 0.496303 0.699335 0.559586 0.444740 0.736321 0.435641 -0.517734 0.728430 0.341900 -0.593712 0.798307 0.452373 -0.397574 0.816824 0.516232 0.257494 0.839107 0.505441 0.201069 0.908079 0.373195 0.190049 0.932759 0.313783 0.177484 0.736508 0.561090 0.377801 0.744889 0.550349 0.377169 0.467338 0.853335 0.231117 0.763676 0.365187 0.532389 0.771921 0.401461 0.492917 0.752056 0.376095 0.541262 0.005626 0.790322 0.612666 0.219072 0.836118 0.502906 0.745893 0.585690 0.317192 0.775790 0.569057 0.272625 0.763780 0.581930 0.279279 -0.048663 -0.191366 0.980312 0.093945 -0.202906 0.974681 0.685238 0.665408 0.296110 0.686503 0.656347 0.312926 0.768961 0.633667 0.084647 0.786121 0.603795 0.132079 0.360002 0.561183 0.745300 0.702441 0.690484 0.172650 0.709847 0.698356 0.091741 0.481681 0.834883 0.266372 0.667549 0.623911 0.406342 -0.091533 0.745918 0.659718 0.765041 0.604878 0.220986 0.044539 0.575605 0.816514 -0.440265 0.378483 0.814197 
						0.787874 0.600713 0.135638 0.800614 0.573412 0.173828 0.285504 0.037804 0.957632 0.267149 0.066008 0.961392 0.245972 0.787375 0.565277 0.538628 0.608532 0.582726 0.816571 0.381174 0.433496 0.812541 0.353677 0.463347 0.812763 0.357509 0.460004 0.348986 0.638452 0.685994 0.404146 0.652232 0.641294 0.792125 0.590592 0.154079 0.818997 0.502060 0.277813 0.812131 0.498934 0.302503 0.819713 0.497104 0.284534 0.707529 0.533361 0.463604 0.709361 0.553706 0.436139 0.929190 0.350932 -0.115984 0.912031 0.372050 0.172564 0.930794 0.360773 0.058861 0.876326 0.383541 0.291461 0.546077 0.747449 0.378312 0.561930 0.748945 0.351164 0.609823 0.735298 0.295724 0.619484 0.339353 0.707869 0.636099 0.353232 0.686006 0.633531 0.356618 0.686631 0.939802 0.327719 0.096809 0.817287 0.529846 0.226506 0.827139 0.517190 0.219899 0.909706 0.233447 0.343421 0.856677 0.410073 0.312962 0.876075 0.401002 0.267751 0.790314 0.322166 0.521165 0.775054 0.279594 0.566673 0.418105 0.746026 0.518299 0.495059 0.690621 0.527218 0.473380 0.718036 0.510230 0.376780 0.683284 0.625428 0.517084 0.738801 0.432200 -0.062707 0.033572 0.997467 -0.189767 0.000200 0.981829 0.853785 0.418936 0.309102 0.796493 0.409137 0.445203 0.544359 0.681713 0.488815 0.667211 0.646532 0.369899 0.498480 0.726386 0.473161 0.353356 0.684308 0.637857 0.797688 0.571775 0.191749 0.792055 0.577011 0.199267 0.801643 0.563521 0.199530 0.762898 0.220257 0.607844 0.745400 0.223224 0.628132 0.809181 0.536829 0.238833 0.802312 0.546189 0.240777 0.770330 0.560819 0.303438 -0.038013 0.508431 0.860263 0.113187 0.581453 0.805668 0.847803 0.359173 0.390160 0.813400 0.350500 0.464252 0.965449 0.014210 -0.260205 0.964359 -0.015183 -0.264160 0.751760 0.582165 0.309743 0.758795 0.581297 0.293809 
						0.764628 0.576618 0.287846 0.965591 0.241328 -0.096926 0.966677 0.235753 -0.099774 0.461662 0.020448 0.886820 0.259336 0.039706 0.964971 0.331837 0.012406 0.943255 0.757389 0.651784 0.039245 0.763737 0.643017 0.056877 0.675469 0.631116 0.381359 0.688725 0.639677 0.341279 0.767292 0.637452 0.070121 0.772076 0.624100 0.119991 0.679935 0.729918 0.070060 0.686791 0.723256 0.072247 0.669017 0.737014 -0.096052 0.820754 0.305418 0.482786 -0.029025 -0.452671 0.891205 0.063357 -0.378484 0.923437 0.826858 0.237814 0.509657 0.828797 0.261861 0.494494 0.840966 0.279201 0.463491 0.727265 -0.139871 0.671953 0.361398 0.784669 0.503673 0.689999 0.662823 0.290805 0.557670 0.747867 0.360137 0.795300 0.554779 0.244374 0.770512 0.568104 0.289084 0.813110 0.519066 0.263482 0.506139 0.657244 0.558438 0.579176 0.650219 0.491701 0.573988 0.646949 0.501991 0.802035 0.368679 0.469911 0.651315 0.710188 0.267250 0.663596 0.702396 0.257448 0.687893 0.228417 0.688933 0.601299 0.121291 0.789765 0.589738 0.796281 -0.134706 0.787509 0.569988 0.234400 0.779201 0.547315 0.305438 0.641298 0.343351 0.686183 0.598335 0.190131 -0.778361 0.578710 0.685015 0.442548 0.452979 0.699909 0.552212 0.519988 0.684083 0.511510 0.636162 0.768796 0.065198 0.709712 0.678646 0.189073 0.901189 0.242463 0.359264 0.693803 0.636869 0.336206 0.962307 0.269746 0.034664 0.782851 0.611002 0.117567 0.967171 0.241577 -0.078870 0.554595 0.673719 0.488392 0.548786 0.668941 0.501351 0.452757 0.772053 0.446033 0.813865 0.482119 0.324321 0.770769 0.518768 0.369858 0.851498 0.444070 0.278843 0.743356 0.668894 -0.001346 0.630273 0.773547 -0.066196 0.804974 0.508065 0.306410 0.812299 0.519555 0.265015 0.804183 0.521585 0.285023 0.925825 0.360468 0.113623 0.924216 0.352094 0.147834 
						0.920093 0.359580 0.155341 0.870404 0.434989 0.230614 0.867982 0.433328 0.242560 0.714815 0.698648 -0.030509 0.692557 0.719200 -0.055817 0.878594 0.217882 0.424970 0.856204 0.199681 0.476489 -0.129442 0.599579 0.789778 0.121725 0.626347 0.769982 -0.232716 0.732131 0.640177 0.786449 0.544944 0.290748 0.974387 0.055615 -0.217893 0.715838 0.328902 0.615954 0.659656 0.343067 0.668699 0.785920 0.587407 0.193088 0.355261 0.816516 0.455072 0.450484 -0.118108 0.884938 0.553722 0.055812 0.830829 -0.047194 0.035533 0.998254 0.675061 0.233450 0.699852 0.546450 0.135199 0.826507 0.889593 0.377648 0.256916 0.845124 0.381121 0.374849 0.892677 0.379899 0.242495 0.957158 0.285304 -0.049497 0.940107 0.286451 0.184784 0.874964 0.325076 0.358838 0.927776 0.296803 0.226141 0.971493 0.217736 -0.093771 0.162105 0.178389 0.970515 0.220006 0.230874 0.947784 0.225286 0.251009 0.941404 0.477950 0.782124 -0.399807 0.449395 0.808297 -0.380395 0.409831 0.830015 -0.378303 0.685037 0.613442 0.392955 0.747696 0.630368 0.208777 0.804435 0.333693 0.491460 0.798503 0.297483 0.523351 0.815861 0.535056 0.219285 0.811035 0.521593 0.264882 0.828015 0.474387 0.298911 0.793854 0.282812 0.538342 0.815391 0.500185 0.291466 0.803826 0.496660 0.327403 0.920274 0.329283 0.211350 0.833663 0.533854 -0.141442 0.665549 0.643970 -0.377289 0.751178 0.594201 -0.287501 0.713697 0.623795 -0.318616 0.909866 0.345065 0.230379 0.889819 0.393534 0.230981 0.906017 0.358523 0.224933 0.927450 0.245882 0.281742 0.961733 0.229889 0.149068 0.909899 0.262841 0.320935 0.812543 0.301107 0.499108 0.812033 0.295775 0.503109 0.857782 0.319394 0.402737 0.797885 0.555836 0.233294 0.815949 0.375257 0.439783 0.843262 0.502114 0.191808 0.853415 0.486686 0.186602 0.807365 0.476885 0.347480 
						0.822160 0.483838 0.299922 0.915908 0.345345 0.204570 0.947906 -0.061035 -0.312649 0.980061 0.044987 -0.193537 0.806875 0.515663 0.288174 0.799250 0.518207 0.304404 0.800888 0.504754 0.322183 0.213169 -0.407316 0.888061 0.190679 0.321873 0.927383 -0.098192 0.242117 0.965266 0.037359 0.327366 0.944159 0.712557 0.624014 0.320732 0.921660 0.043751 -0.385523 0.946496 0.246920 -0.207787 0.910185 0.186120 -0.370032 0.746041 0.358193 0.561356 0.706443 0.638406 0.305577 0.579503 0.684044 0.443013 0.852065 0.343735 0.394755 0.853205 0.345908 0.390371 0.928264 0.359479 0.095395 0.952983 0.297000 0.060123 0.862784 0.293468 0.411679 0.802465 0.278242 0.527856 0.816254 0.343633 0.464378 0.840921 0.300944 0.449761 0.975183 0.202752 0.088932 0.277957 0.029016 0.960155 0.524066 0.037073 0.850871 0.966992 0.244246 0.072601 0.554692 0.732099 0.395409 0.463152 0.759467 0.456838 0.550115 0.735925 0.394699 0.873962 0.303140 0.379863 0.886867 0.316899 0.336216 0.779952 0.322667 0.536247 0.820142 -0.204322 -0.534434 0.824285 -0.234469 -0.515343 0.774745 -0.302243 -0.555355 0.723509 0.676460 0.137611 0.867427 0.357430 0.346142 0.887728 0.353169 0.295313 0.964287 0.019360 -0.264152 0.966757 0.030681 -0.253851 0.705348 0.611438 0.358648 0.706430 0.607830 0.362629 0.707223 0.617226 0.344773 0.991331 0.085242 -0.099983 0.481434 -0.077062 0.873088 0.397454 -0.264577 0.878652 0.962327 -0.170799 -0.211550 0.074243 0.715399 0.694761 0.101475 0.758431 0.643805 0.820156 0.483574 0.305777 0.817123 0.473533 0.328750 0.848326 0.444752 0.287297 0.829377 0.458593 0.319103 0.808697 0.463718 0.361905 -0.130129 0.749055 0.649603 -0.220758 0.745313 0.629106 0.727881 0.598543 0.334568 0.719793 0.594309 0.358740 0.706133 0.597755 0.379560 0.606358 0.784742 -0.128493 
						0.593670 0.803876 0.036605 0.592245 0.805749 0.003709 0.638228 0.769295 0.029158 0.778825 0.246791 0.576651 0.783101 0.230003 0.577798 0.790977 0.589280 0.164635 0.486136 0.715965 0.501066 0.671437 0.689059 0.272709 0.665165 0.717040 0.208346 0.818849 0.445265 0.362251 0.823148 0.426276 0.375120 0.943343 0.320142 0.087255 -0.012354 0.770032 0.637886 0.219963 0.827169 0.517115 0.831726 0.475944 0.285847 0.514744 0.752907 0.410085 0.513475 0.756656 0.404740 0.424470 0.803961 0.416499 0.791264 0.292710 0.536864 0.232012 0.022238 0.972459 -0.114301 0.078752 0.990320 0.088464 0.053623 0.994635 0.827643 0.374051 0.418440 0.828097 0.356369 0.432732 0.826290 0.372838 0.422181 0.537719 0.656883 0.528549 0.797072 0.506327 0.329103 0.817870 0.485194 0.309314 0.772772 0.527809 0.352479 0.344046 0.647057 -0.680404 0.747005 0.609840 0.264722 0.738400 0.604509 0.298890 0.177812 0.135520 0.974688 0.216694 0.148349 0.964902 0.225717 0.182156 0.957012 0.951287 0.264221 0.158871 0.935228 0.266344 0.233258 0.967245 0.090366 -0.237216 0.712273 0.254705 0.654059 0.617423 0.785848 0.035098 0.638316 0.668267 0.382062 0.568055 0.678081 0.466390 0.959042 -0.047036 -0.279331 0.566221 -0.194441 0.800991 0.595472 -0.132632 0.792352 0.525878 -0.217273 0.822341 0.810669 0.364638 0.458099 0.783959 0.348965 0.513451 0.864129 0.388019 0.320502 0.874485 0.392394 0.285137 0.857919 0.394244 0.329464 0.973134 0.230148 -0.006465 0.700311 0.698736 0.146055 0.697018 0.680475 0.226095 0.524314 0.742778 0.416383 0.703546 0.706780 -0.074054 0.705698 0.703631 -0.083030 0.716744 0.697244 0.011384 0.890376 0.084938 -0.447233 0.555344 0.370418 0.744569 0.523103 0.382628 0.761550 0.809618 0.543771 0.220980 0.808601 0.544828 0.222094 0.788821 0.558179 0.257290 
						0.796204 0.552674 0.246194 0.654632 0.648415 -0.388607 0.699456 0.598528 -0.390545 0.756821 0.650234 0.066465 0.834500 0.474033 0.280894 0.838692 0.474139 0.267933 0.969680 0.145817 -0.196108 0.586983 0.751889 0.300190 0.523971 0.657283 0.541694 0.799578 0.328674 0.502642 0.321787 0.625058 -0.711165 0.750355 0.357215 0.556206 0.821696 0.440008 0.362227 0.828533 0.459812 0.319539 0.696118 0.710293 0.104422 0.869500 0.432760 0.238094 0.854876 0.443076 0.269945 0.724876 0.681017 0.103778 0.709644 0.686652 0.157843 0.849678 0.278508 0.447751 0.912757 0.311361 0.264441 0.895111 0.308410 0.321962 0.827749 0.278282 0.487227 0.822351 0.473456 0.315560 0.811910 0.492698 0.313130 0.827961 0.465130 0.313266 0.275890 -0.146677 0.949932 0.122000 0.207826 0.970528 -0.087810 -0.477894 0.874018 0.797370 0.258494 0.545327 0.791806 0.251162 0.556741 0.800407 0.291202 0.523976 0.968561 0.214878 -0.125372 0.965016 0.262146 0.004939 0.724061 0.311620 0.615328 0.722533 0.318429 0.613635 0.710648 0.298903 0.636897 0.760053 0.566620 0.318215 0.787818 0.555980 0.265007 0.709656 0.580406 0.399396 0.713254 0.578984 0.395027 0.692129 0.591000 0.414339 0.980469 0.185488 0.065386 0.962030 0.215803 0.167116 0.866348 0.334157 -0.371188 0.924125 0.376295 -0.066301 0.611267 0.630337 0.478568 0.650957 0.606843 0.456066 0.699666 0.636318 0.324910 0.897775 0.332087 0.289342 0.309125 0.099184 -0.945835 0.698953 0.699083 0.150822 0.793707 0.563912 0.228108 0.799837 0.562154 0.210342 0.795378 0.547485 0.260066 0.849921 0.388131 0.356354 0.808498 0.480609 -0.339624 0.833596 0.462913 0.301379 0.827397 0.463176 0.317620 0.832746 0.318593 0.452805 0.892161 0.312525 0.326155 0.455164 0.355474 0.816373 0.484730 0.680904 0.549006 -0.019111 0.292540 0.956062 
						-0.252942 0.140529 0.957221 -0.484496 -0.268891 0.832443 0.928971 -0.056590 -0.365802 0.911825 -0.044314 -0.408181 0.935923 0.338437 0.097506 0.790528 0.575508 0.209418 0.552575 0.648432 0.523638 0.660081 0.688944 0.299415 0.298444 0.775130 0.556871 0.333237 0.744773 0.578158 0.397973 0.727078 0.559442 0.615977 -0.170492 0.769093 0.901321 0.355574 0.247362 0.865061 0.354276 0.355187 0.890244 0.355471 0.284791 0.736033 0.648756 0.193316 0.729637 0.649325 0.214493 0.725710 0.653713 0.214487 0.804282 0.494916 0.328920 0.428584 -0.027342 0.903088 0.438571 -0.021198 0.898447 0.960358 -0.092111 -0.263111 0.937114 -0.212092 -0.277189 0.967165 -0.098015 -0.234489 0.628261 0.453435 -0.632206 0.613314 0.105184 0.782804 0.444322 0.842405 0.304847 -0.609147 0.745758 0.269787 -0.734844 0.660052 0.155997 -0.352937 0.891561 0.283821 0.666024 0.735543 -0.124052 0.442188 0.690303 0.572671 0.972973 0.229416 0.026320 0.449729 -0.006529 0.893141 0.414006 0.014062 0.910165 0.568767 0.815572 -0.106519 0.140959 0.065483 0.987847 0.616511 0.741170 0.265671 0.624022 0.685289 0.375466 0.652120 0.681752 0.331592 0.410826 0.777589 -0.476002 0.449726 0.785826 -0.424528 0.510814 -0.262341 0.818685 0.866076 0.451860 0.213859 0.865406 0.447812 0.224806 0.893777 0.422175 0.151431 0.370696 0.786521 0.493932 0.379064 -0.262095 0.887478 0.446142 -0.177616 0.877160 0.383797 -0.296744 0.874439 0.778879 0.284753 0.558805 0.767466 0.240631 0.594216 0.948565 -0.230763 -0.216734 0.975909 -0.188427 -0.109985 0.729124 0.663403 0.168150 0.743356 0.656976 0.125717 0.384631 0.861833 -0.330609 0.385221 0.860379 -0.333694 0.366476 0.879125 -0.304686 0.662473 0.667508 0.339947 0.603651 0.700930 0.379872 0.723458 0.555061 0.410507 -0.595760 0.663898 0.452006 -0.605548 0.657408 0.448472 
						-0.708711 0.594476 0.379905 -0.336994 0.748370 0.571294 0.504695 0.749943 0.427631 0.489006 0.756228 0.434733 0.741064 0.606920 0.287179 0.532871 0.823503 -0.194656 0.562383 0.816760 -0.128955 0.387238 0.882641 -0.266443 0.743262 0.250935 0.620155 0.855331 0.454086 0.249429 0.133060 0.608549 0.782281 0.986062 0.161723 -0.039072 0.989024 0.124186 -0.080057 0.987410 0.100496 -0.122153 0.221228 0.799977 0.557759 0.822007 0.413702 0.391351 0.703034 0.584120 0.405645 0.712068 0.577514 0.399296 0.589357 0.757511 0.280777 0.526211 0.765270 0.370760 0.252245 0.749786 -0.611713 0.720146 0.587822 0.368585 0.732042 0.599120 0.324299 0.807326 0.495418 0.320602 0.770575 0.513677 0.377294 0.772092 0.516282 0.370577 0.348674 0.149208 -0.925291 0.406115 0.169953 -0.897879 0.601377 0.715369 0.355800 0.841546 0.469202 0.267673 0.837124 0.464865 0.288312 0.841206 0.460325 0.283677 0.991848 -0.119244 -0.044936 0.988623 -0.087293 -0.122495 0.371330 0.928465 -0.008113 0.402225 0.722560 0.562248 0.349458 0.932293 0.093323 0.722741 0.556574 0.409720 0.809822 0.494989 0.314919 0.835093 0.477170 0.273732 0.638771 0.342800 0.688811 0.744707 0.374325 0.552533 0.801649 0.568298 0.185464 0.792882 0.589791 0.153248 0.846078 0.479417 0.233048 0.834258 0.493536 0.245834 0.590500 0.634718 0.498440 0.564011 0.642401 0.518857 0.818405 0.468528 0.332707 0.822969 0.459210 0.334435 0.825322 0.466920 0.317536 0.670781 0.230927 -0.704788 0.633474 0.211555 -0.744281 0.682131 0.725654 0.090129 0.681911 0.691874 0.237293 0.689083 0.704382 0.170324 0.863369 0.462350 0.202054 0.866735 0.463577 0.184027 0.848930 0.483425 0.213586 0.705586 0.652803 0.275674 0.988734 0.134133 -0.066437 0.988314 0.152416 -0.001962 0.194834 0.338108 -0.920719 0.551553 0.251103 -0.795448 
						0.327582 0.275959 -0.903624 0.691498 0.719170 0.068001 0.662540 0.735051 -0.144017 0.702082 0.709521 0.060500 0.240961 0.060477 0.968649 0.312391 0.038659 0.949167 0.744957 0.196105 0.637637 0.710057 0.484007 0.511425 0.930749 -0.093921 -0.353392 0.945573 -0.037809 -0.323206 0.888559 0.389026 0.243150 0.792632 0.508285 0.336720 0.917847 0.235927 0.319211 0.883958 0.279387 0.374915 0.719416 0.343940 0.603445 0.682818 0.109884 0.722278 0.632571 0.026251 0.774058 0.707921 0.698667 -0.103501 0.632079 0.748672 -0.199914 0.649214 0.742049 -0.166985 0.942775 0.296164 0.153172 0.954886 0.269837 0.124015 0.952867 0.261831 0.153263 0.770747 0.247525 0.587095 0.789612 0.287646 0.542008 0.803575 0.323195 0.499812 0.772403 0.611121 0.172992 0.766815 0.597196 0.235271 0.986778 0.154184 -0.049969 0.697442 0.698432 0.160526 0.840912 -0.358278 -0.405590 0.862950 -0.287333 -0.415640 0.786330 -0.408086 -0.463844 0.181769 0.741524 0.645835 0.360048 0.691847 0.625870 0.379351 0.690850 0.615483 0.601239 0.747663 -0.281978 -0.531606 0.687687 0.494451 -0.407804 0.715096 0.567744 0.561231 0.827281 -0.025032 0.590324 0.755569 -0.283960 0.591560 0.764531 -0.256027 0.940545 -0.187115 -0.283483 0.953357 -0.122683 -0.275790 0.012660 0.658658 0.752336 -0.211816 0.646918 0.732551 0.436831 -0.047597 0.898284 0.287879 -0.204441 0.935591 0.722615 0.604134 0.335932 0.392906 0.886794 -0.243355 0.563543 0.082690 0.821938 0.565985 0.080041 0.820521 0.472042 -0.008970 0.881531 0.747015 0.569779 0.342520 0.822340 0.425105 0.378209 0.827588 0.434788 0.355045 0.827827 0.423772 0.367587 0.440432 0.671391 0.596031 0.765810 0.516662 -0.382879 0.671531 0.536093 -0.511517 -0.407789 0.259518 0.875419 -0.076030 0.464065 0.882532 0.586609 0.244198 0.772176 0.587388 0.258931 0.766766 
						0.778991 0.573896 0.252619 0.787259 0.566092 0.244466 0.729155 0.179826 0.660300 0.950285 0.146913 -0.274544 0.615292 0.773827 0.150357 0.591399 0.772849 0.230112 0.572356 0.782404 0.245464 0.682948 0.723332 0.101847 0.680045 0.691832 0.242709 0.686321 0.710495 0.155435 0.855462 0.163507 -0.491377 0.782537 0.008319 -0.622549 0.432940 0.711264 0.553775 0.637023 0.680804 0.361535 0.693231 0.681565 0.234306 0.646007 0.708623 0.283775 0.239507 0.726640 0.643918 0.196305 0.734444 0.649659 0.487353 0.801811 -0.345813 0.463431 0.792143 -0.397168 0.653565 0.641171 0.402185 0.489991 0.697088 0.523429 0.936737 0.322621 0.135793 0.521115 0.817852 -0.244043 0.629470 0.757125 -0.174728 0.852047 -0.219992 -0.474995 0.956453 -0.022725 -0.290999 0.822747 0.417564 0.385653 0.124569 0.643061 0.755616 0.163636 0.719386 0.675061 0.840916 0.362953 0.401404 0.725416 0.666310 0.172636 0.717836 0.572053 0.396821 0.723874 0.577724 0.377150 0.922331 0.373130 0.100396 0.924329 0.367132 0.104070 0.851764 0.436009 0.290505 0.843506 0.447626 0.296863 0.843225 0.325378 0.427903 0.905732 0.240292 0.349154 0.893108 0.233228 0.384660 0.964947 0.261670 0.020168 0.829968 0.455848 0.321490 0.543428 0.649080 -0.532335 0.566915 0.702845 -0.429671 0.671532 0.261416 -0.693330 0.141080 0.279542 0.949712 0.051316 0.219954 0.974160 0.726922 0.561166 0.395825 -0.463236 0.271677 0.843566 -0.755513 0.134237 0.641233 -0.755854 0.080154 0.649815 0.847571 0.390725 0.359107 0.909210 0.357816 0.212849 0.713688 0.560304 0.420367 0.908803 0.348054 0.230078 0.787184 0.548644 0.281657 0.780969 0.554947 0.286568 0.986221 0.107331 -0.125890 0.980934 0.193595 0.017007 0.757517 0.212982 0.617095 0.735599 0.179053 0.653325 0.836427 0.457293 0.302113 0.831526 0.452893 0.321640 
						0.767666 0.521210 0.372866 0.806787 0.494981 0.322627 0.675739 0.736091 0.039336 0.680911 0.724999 0.103622 0.869696 0.225413 0.439110 0.861722 0.024768 0.506776 0.847203 -0.007486 0.531216 0.854312 0.418707 0.307955 0.874882 0.410137 0.257622 0.710619 0.612414 0.346367 0.710617 0.604463 0.360068 -0.274298 0.439987 0.855086 0.100268 0.584325 0.805302 0.713008 0.669835 0.207220 0.706165 0.064233 0.705128 0.701935 0.179776 0.689179 0.722448 0.140693 0.676960 0.082685 0.725089 0.683673 0.388500 0.716819 0.578998 0.757047 0.215403 0.616831 0.894126 0.386564 0.226067 0.279839 0.643129 0.712794 0.444126 0.703901 0.554324 0.291356 0.646174 0.705386 0.138119 0.070255 0.987921 0.795332 0.559237 0.233882 0.738476 0.652934 0.168318 0.384490 -0.122510 0.914964 0.848793 0.331915 0.411562 -0.160947 0.350628 0.922581 -0.015785 0.352064 0.935843 -0.028840 0.394381 0.918494 0.730234 0.557208 0.395320 -0.244012 0.783181 0.571913 0.770449 0.619448 0.150639 0.771462 0.631551 0.077395 0.980169 0.194989 -0.035334 0.969910 0.243078 0.013708 0.811647 0.528876 0.248033 0.821311 0.516534 0.242158 0.800470 0.330640 0.499925 0.653622 0.730537 -0.197723 0.796752 0.579351 0.171866 0.805360 0.559521 0.195784 0.901709 0.277312 0.331691 0.882108 0.280569 0.378372 0.178875 -0.338309 0.923878 0.654684 0.715619 0.243473 0.497219 0.763643 0.411854 0.433105 0.771926 0.465350 0.618994 0.781381 0.079314 0.582867 0.800037 -0.142152 0.573387 0.803018 -0.162446 0.720783 0.626227 0.297173 0.716358 0.626836 0.306446 0.731890 0.624714 0.272156 0.391233 -0.248411 0.886131 0.809696 0.502137 0.303730 0.553171 0.767151 0.324779 0.507759 0.777445 0.371162 0.726006 0.434777 -0.532809 0.958658 0.269598 0.091061 0.956988 0.256015 0.136496 0.210384 0.737050 0.642259 
						0.248639 0.732544 0.633686 0.571072 0.806627 -0.152413 0.510369 0.836015 -0.201498 0.920220 0.367428 0.134874 0.904528 0.374066 0.204703 0.907722 0.378270 0.181529 0.220503 0.002205 0.975384 0.703775 0.639055 0.310338 0.671824 0.660336 0.335572 0.734286 0.326102 0.595384 -0.051847 0.393705 0.917774 0.063260 0.355385 0.932577 -0.163817 0.303787 0.938551 0.601567 0.797497 0.046004 0.770590 0.580611 0.262832 0.965192 -0.115818 -0.234500 0.671581 0.079701 0.736632 0.567726 -0.200279 0.798483 0.517273 -0.311019 0.797305 0.484022 -0.317082 0.815587 0.858472 0.450479 0.245144 0.709846 0.700261 -0.075851 0.711460 0.682998 0.165340 0.702448 0.687110 0.185599 0.806468 0.503154 0.310556 0.812467 0.493493 0.310423 0.805260 0.484081 0.342377 0.911510 0.411268 0.002733 0.896883 0.435472 -0.077231 0.883280 0.467278 0.038302 0.597099 0.039982 0.801170 0.613455 -0.072687 0.786377 0.629307 0.066097 0.774341 0.660653 0.089227 0.745369 0.676945 0.608442 0.414179 0.794511 0.224946 0.564049 0.782612 0.237458 0.575441 0.714100 0.544251 0.440286 0.708628 0.573021 0.411697 0.688493 0.234069 -0.686432 0.540222 0.832232 0.124699 0.598319 0.780505 0.181179 0.635577 0.755125 -0.160711 0.710757 0.703376 -0.009257 0.861606 0.471374 0.188257 0.756530 0.650613 0.066067 0.714428 0.673530 0.189606 0.714424 0.666990 0.211476 0.596574 0.795669 0.104930 0.596471 0.787936 0.152904 0.559183 0.774321 0.296211 0.962104 0.017672 -0.272110 0.379228 0.769870 -0.513310 0.354465 0.758939 -0.546230 0.849229 0.434526 0.299995 0.837969 0.426451 0.340509 0.747531 0.633431 0.199909 0.758131 0.633255 0.155646 0.692198 0.693295 0.200511 0.799665 0.251059 0.545441 0.635787 0.199507 0.745635 0.882669 0.432919 0.182965 0.912190 0.393312 0.114959 0.382793 0.726964 0.570081 
						0.372811 0.722740 0.581944 0.491391 0.762935 0.420078 0.374596 0.774512 0.509715 0.672267 0.666050 0.323164 0.908164 0.205043 -0.364959 0.959305 -0.002586 -0.282359 0.748747 0.544867 0.377488 0.763329 0.532771 0.365354 0.765425 0.533106 0.360446 0.568800 0.799913 -0.191326 0.724345 0.570207 0.387541 0.400557 0.880611 -0.253137 0.899584 0.370002 0.232052 0.380347 -0.208041 0.901141 0.321519 -0.202577 0.924980 0.342709 -0.219043 0.913548 0.655696 0.143409 0.741281 0.813360 0.566491 0.132410 0.869776 0.372758 0.323329 0.746514 0.665367 0.001762 0.954529 0.260810 -0.144404 0.962437 0.237282 -0.131952 0.813404 0.534100 0.230457 0.774497 0.228018 0.590053 0.784663 0.242885 0.570361 0.631207 0.018077 0.775404 0.895150 0.400045 0.196650 0.639240 -0.367678 -0.675415 0.709540 -0.292165 -0.641243 0.762565 -0.262813 -0.591121 0.604586 0.793060 0.074368 0.643831 0.759753 0.090863 0.801106 0.497775 0.332340 0.891549 0.313616 0.326779 0.684960 0.595608 0.419620 0.529381 0.656034 0.537936 0.455518 0.666976 0.589616 0.668175 0.670404 -0.322647 0.643363 0.758242 -0.105604 0.715500 0.602230 -0.354089 0.339751 -0.446353 0.827852 0.489068 0.741233 0.459768 0.856065 0.417457 0.304767 0.882156 0.392879 0.259707 0.663270 0.642238 0.384192 0.636571 0.645152 0.422559 0.734259 0.599939 0.317708 0.703922 0.662997 0.254811 0.716287 0.663772 0.215268 0.695933 0.663188 0.275426 0.703061 0.665605 0.250348 0.716688 0.661549 0.220706 0.930051 0.352826 0.102564 0.386630 0.360184 0.848990 0.207473 0.260291 0.942976 0.879638 0.422472 0.218528 0.886841 0.411923 0.209361 0.874138 0.457520 0.162964 0.881163 0.468856 0.061029 0.867993 0.476366 -0.140226 0.468284 0.133881 0.873376 0.343939 -0.075438 0.935957 0.743550 0.646363 0.171312 0.677378 0.727289 0.110499 
						0.666775 0.711536 0.221648 0.673863 0.730272 0.112298 0.830067 0.478893 0.285746 0.835361 0.481412 0.265357 0.594567 0.789314 -0.153209 0.565966 0.810292 0.152015 0.569163 0.813390 0.120208 0.695787 0.344846 0.630049 0.715536 0.179727 0.675060 0.672698 0.134251 0.727636 0.992042 0.003069 -0.125867 0.983809 -0.037138 -0.175330 0.537655 0.649362 0.537825 0.576720 0.646125 0.499917 0.957909 0.262175 0.116944 0.960925 0.258967 0.097770 0.978508 0.181258 0.098321 0.668906 0.164695 0.724873 0.613234 0.118784 0.780919 0.804355 0.332304 -0.492532 0.848380 0.341098 -0.404850 0.810515 0.364599 -0.458402 0.953480 0.293170 0.070192 0.955554 0.291850 0.041711 0.962267 0.263485 -0.067957 0.889106 0.263207 0.374449 0.613003 0.582979 -0.533256 0.668756 0.581807 -0.462889 0.678706 0.366210 0.636591 0.681165 0.375938 0.628240 0.822573 0.440415 0.359733 0.878226 0.409612 0.246854 0.775930 0.516310 0.362433 0.763655 0.519791 0.382948 0.709981 0.659145 0.247902 0.709358 0.657445 0.254122 0.874603 0.424005 0.235135 0.841629 0.437315 0.316884 0.731355 0.681552 -0.024612 0.742826 0.668383 0.038389 0.739041 0.552458 0.385498 0.730104 0.544796 0.412487 0.725055 0.561684 0.398507 0.726248 0.554954 0.405696 0.584477 0.646884 0.489825 0.838023 0.071870 -0.540881 -0.737860 0.009684 0.674884 -0.748803 0.033048 0.661968 0.778581 0.581161 0.236778 0.774644 0.577499 0.257724 0.788926 0.080786 0.609155 0.597161 0.559268 -0.574994 0.597829 0.505017 -0.622542 0.987706 0.117489 0.103121 0.985440 0.146503 0.086286 0.898911 0.392889 0.193901 0.759665 0.616802 0.206069 0.758653 0.615793 0.212710 0.987396 0.127857 -0.093281 0.988916 0.102392 -0.107525 0.987559 0.129300 -0.089490 0.977271 0.197863 0.076098 0.976155 0.207413 0.064049 0.984821 0.167300 0.046239 
						0.490683 0.740210 0.459695 0.468101 0.721975 0.509543 0.438192 0.711924 0.548773 0.847900 -0.234707 -0.475372 0.979141 0.053168 -0.196101 0.764634 0.260836 -0.589321 0.776856 0.046002 0.627996 0.720457 0.425846 0.547355 -0.573864 0.739515 0.351849 0.743734 0.654305 0.136910 0.743222 0.658491 0.118367 0.731565 0.437290 0.523059 0.724469 0.688825 0.025765 0.727953 0.680613 0.082770 0.757041 0.348710 -0.552531 0.154175 0.718731 0.677979 0.897250 0.402087 0.182396 0.608000 0.438602 -0.661789 0.606577 0.669750 -0.428369 0.325224 0.085240 0.941787 0.196158 0.071596 0.977955 0.759342 0.328119 0.561905 0.680415 0.277139 0.678402 0.975107 0.195220 0.105149 0.729566 -0.274129 0.626567 0.642592 0.113797 0.757710 0.616434 0.118193 0.778485 0.603879 0.762288 0.232911 0.872340 0.431815 0.229259 0.866331 0.438123 0.239829 0.222122 0.122193 0.967332 -0.093017 -0.060013 0.993854 0.027291 0.023364 0.999354 0.687831 0.643455 0.335936 0.719221 0.631108 0.290559 0.337930 0.374374 0.863509 0.293317 0.453324 0.841702 0.354755 0.414678 0.837968 0.794369 0.503195 0.340253 0.817503 0.488953 0.304326 0.767570 0.519911 0.374871 0.673717 0.643382 0.363546 0.268580 -0.543517 0.795270 0.705618 0.696267 0.131587 0.711437 0.645417 0.278020 0.712807 0.661693 0.232526 0.847956 0.070255 -0.525390 0.582821 0.714340 0.387347 0.727980 0.542681 0.418978 0.636040 0.666626 0.388669 0.688678 0.591594 0.419212 0.689630 0.586090 0.425334 0.666778 0.595408 0.448215 0.751848 0.320137 0.576400 0.865906 0.417621 0.275318 0.827924 0.461881 0.318131 0.993717 -0.050149 0.100063 0.963218 -0.265450 -0.041803 0.782586 0.368637 -0.501663 0.755730 0.385041 -0.529731 0.597608 0.742064 0.303653 0.520688 0.740272 0.425302 0.891439 0.400185 0.212578 0.889169 0.449761 0.084224 
						0.899222 0.434068 0.054633 0.762002 0.352505 0.543225 0.755950 0.350784 0.552711 0.741819 0.670057 0.026982 0.752879 0.656195 0.050815 0.772645 0.629274 0.083870 0.791792 0.351502 0.499512 0.779871 0.363191 0.509798 0.763000 0.341100 0.549074 0.669471 0.697997 0.254182 0.677325 0.707021 0.203352 0.602548 0.760303 -0.242644 0.492658 0.818110 -0.296620 0.393801 0.791771 0.466925 0.285459 0.840477 0.460556 0.539522 0.737045 0.407038 0.796574 0.520432 0.307603 0.812873 0.517688 0.266903 0.707227 0.683050 0.182407 0.693350 0.506919 0.512151 0.699597 0.551342 0.454518 0.699252 0.540931 0.467376 -0.321361 0.036038 0.946271 -0.511276 -0.019430 0.859197 0.685042 0.701826 -0.195343 0.932981 0.311108 0.180993 0.957213 0.270583 0.102607 0.950876 0.287310 0.115273 -0.427883 0.700013 0.571749 0.541972 0.745194 0.388526 0.817015 0.384400 0.429793 0.873196 0.352684 0.336368 0.889645 0.347439 0.296342 0.787619 0.564580 0.246792 0.756822 0.589085 0.283195 0.550281 0.744418 0.378197 0.414420 0.780002 0.468884 0.456408 0.763989 0.456083 0.253268 -0.296944 0.920695 0.235488 -0.254830 0.937873 0.356992 -0.172934 0.917960 0.727811 0.535259 0.428705 0.640489 0.619383 0.454025 0.933012 0.315317 0.173389 0.912473 0.322548 0.251704 0.988645 0.099925 -0.112232 0.679647 0.174488 0.712484 0.986322 0.160660 -0.036841 0.985670 0.157749 -0.059746 0.983890 0.177988 -0.016752 0.705905 0.580489 0.405870 0.838152 0.306134 0.451423 0.058617 0.376962 0.924372 -0.069855 0.438844 0.895844 0.958619 -0.275626 -0.071273 0.565552 0.015683 0.824564 0.824293 0.411102 0.389275 0.821342 0.408109 0.398553 0.655672 0.681962 0.324071 0.659837 0.680457 0.318737 0.212759 0.093857 0.972587 0.057117 0.064691 0.996269 0.929808 0.361660 -0.068251 0.922947 0.377996 0.072725 
						0.341031 0.339783 0.876496 0.268075 0.332136 0.904335 0.825971 0.521871 0.213125 0.768154 0.582336 0.266130 0.764323 0.581666 0.278344 0.752703 0.590967 0.290164 0.807588 0.548081 0.217734 0.801967 0.562826 0.200193 0.759986 0.613321 0.215078 0.926873 0.250333 0.279712 0.947778 0.271008 0.168143 0.912922 0.248130 0.324044 0.550800 0.746890 -0.372524 0.587908 0.755210 -0.289865 0.397787 0.347746 -0.849022 0.374969 0.376744 -0.847031 0.563040 0.633763 -0.530406 0.582941 0.696766 0.417967 0.666526 0.739068 -0.097577 0.613862 0.786483 -0.067956 0.490034 0.489415 0.721346 -0.448553 0.500312 0.740600 -0.510586 0.518507 0.685896 0.573001 0.796619 -0.192530 0.851615 0.485554 0.197455 0.830716 0.518194 0.203436 0.272344 -0.399956 0.875137 0.871101 0.303617 0.386005 0.785556 0.289062 0.547125 0.745394 0.552757 0.372622 0.560160 0.764865 0.318123 0.648262 0.695572 0.309734 0.622035 0.695834 0.359008 0.647104 0.706434 0.286720 -0.036514 0.779974 0.624746 0.663188 0.603289 0.442972 0.658685 0.608353 0.442765 0.685588 0.596182 0.417774 0.718078 0.497046 0.487143 0.721216 0.502100 0.477224 0.643241 0.199288 -0.739274 0.554837 0.830425 -0.050497 0.610106 0.643031 0.462905 0.374385 0.697663 0.610821 0.234865 0.737965 0.632650 0.559140 0.361828 0.745951 0.888940 0.398662 0.225510 0.812203 0.526700 0.250825 0.732903 0.565991 0.377501 0.623439 0.657417 0.423234 0.617796 0.654596 0.435697 0.679674 0.619140 0.393331 0.833057 0.473956 0.285275 0.499160 0.804671 -0.321471 0.720585 0.539999 0.434923 0.609766 0.787639 -0.088380 0.441701 0.383744 0.810950 0.984315 -0.158319 -0.077836 0.968765 -0.192707 -0.156069 0.990504 -0.097287 -0.097142 0.500549 0.717055 0.485059 0.395390 0.698661 0.596272 0.747493 0.265603 0.608859 0.638619 0.230107 0.734313 
						0.716246 0.547255 0.433017 0.787735 0.282908 0.547209 0.662187 0.737207 -0.134289 0.644913 0.651934 0.398835 0.648735 0.649348 0.396851 0.526269 0.835645 0.157282 0.644312 0.496066 -0.582048 0.652923 0.531600 -0.539530 0.839932 0.301697 0.451103 0.801283 0.315512 0.508329 0.810042 0.327996 0.486056 0.954557 0.275718 0.113143 0.934778 0.308968 0.175297 0.862918 0.282392 0.419079 0.766936 0.581616 0.271168 0.863823 0.423746 0.272487 0.552941 0.083414 0.829035 0.633421 0.731786 -0.251528 0.550331 0.760510 -0.344618 0.574888 0.754769 -0.315953 0.557042 0.660425 0.503530 0.611347 0.631097 0.477463 0.548826 0.670460 0.499274 0.783823 0.241849 0.571954 0.764435 0.527537 0.370598 0.354247 0.354133 0.865505 0.390394 0.693806 0.605166 0.415065 0.704855 0.575239 0.821114 0.300289 0.485384 0.817599 0.287712 0.498751 0.707400 0.388208 -0.590661 0.703555 0.463485 -0.538694 0.779899 0.336105 0.528008 0.708068 0.285218 0.645980 0.704323 0.553029 0.445070 0.700672 0.555608 0.447614 0.680980 0.676156 0.281212 0.685191 0.685966 0.244875 0.698526 0.694727 0.171509 0.772869 0.464594 -0.432234 0.740900 0.492140 -0.457018 0.910871 0.362992 0.196345 0.650542 0.615545 0.444859 0.447965 0.217248 -0.867255 0.617743 0.784254 0.057786 0.846364 0.448509 0.287240 0.842793 0.444669 0.303264 0.856591 0.439387 0.270540 0.784918 0.585469 0.202807 0.776916 0.601835 0.184921 0.818090 0.481547 0.314391 0.810433 0.493990 0.314917 0.800994 0.506332 0.319431 0.642682 0.269944 0.717001 0.996882 -0.059717 0.051571 0.979026 0.203646 0.005945 0.982228 0.187304 -0.012057 0.985714 0.158812 -0.056100 0.980277 0.197547 -0.005650 0.653147 0.746409 -0.127564 0.517369 0.747168 -0.417217 0.667325 0.739247 -0.090508 0.988014 0.111618 -0.106628 0.637176 -0.152643 0.755451 
						0.759842 0.648116 0.050847 0.696995 0.716730 -0.022281 0.667673 0.729888 0.146545 0.672083 0.737035 0.071302 0.527845 0.812064 0.248862 0.576845 0.805517 0.135620 0.681861 0.714751 -0.155552 0.700596 0.705445 -0.107295 0.645603 0.756727 0.102765 0.723916 0.672371 0.154476 0.708548 0.705344 -0.021206 0.714447 0.695866 0.073041 0.973506 -0.049139 -0.223321 0.934623 -0.176906 -0.308519 0.750746 0.581631 0.313186 0.408987 0.822572 -0.395102 0.933829 0.288959 0.210868 0.923783 0.301188 0.236453 0.710390 0.536799 0.455184 0.785771 0.239942 0.570080 0.779464 0.229547 0.582876 0.711488 0.529041 0.462495 0.929190 0.348571 0.122902 0.822828 0.469619 0.320018 0.511857 0.752798 -0.413881 0.630895 0.732115 -0.256865 0.847395 0.337124 0.410207 0.719075 0.570447 0.396890 0.710322 0.549171 0.440288 0.829397 0.465568 0.308782 0.985135 0.171421 0.011158 0.973089 0.203852 0.107429 0.632965 0.474088 -0.612042 0.478484 -0.392857 0.785313 0.377081 -0.464558 0.801246 0.491974 -0.421905 0.761550 0.862173 0.387861 0.325916 0.844630 0.378717 0.378383 0.872568 0.391535 0.292104 0.705448 0.601406 0.375039 0.707260 0.615088 0.348497 0.705479 0.619551 0.344175 0.755348 0.485618 0.440027 0.694831 0.120634 0.708983 0.643295 0.074930 0.761943 0.711336 0.654918 0.255116 0.610977 0.642209 0.462898 0.726251 0.635393 0.262365 0.707942 0.138378 0.692582 0.710939 0.130352 0.691068 0.955977 0.282939 -0.077800 0.498050 0.718817 0.485024 0.715410 0.215122 0.664764 0.740846 0.248929 0.623844 0.304097 0.620443 -0.722893 0.729687 0.655060 0.196095 0.660044 0.750197 0.039323 0.692498 0.714160 0.102094 0.809919 0.531091 0.248946 0.513102 0.790681 0.333991 0.708291 0.700957 -0.083572 0.656551 0.667461 0.351334 0.649566 0.658780 0.379569 0.955552 -0.077257 -0.284520 
						0.852520 0.391812 0.345966 0.714065 0.659788 0.234075 0.696967 0.644524 0.314364 0.708020 0.654726 0.264653 0.010515 0.186410 0.982416 -0.048061 0.129609 0.990400 0.006742 0.217718 0.975988 0.822501 0.357160 0.442639 0.801876 0.340538 0.490946 0.801274 0.334942 0.495756 0.123954 0.820860 0.557517 0.806712 0.081017 0.585365 0.467252 0.061463 0.881985 0.897712 0.173237 -0.405095 0.768167 0.325991 0.551044 0.840663 0.291027 0.456717 0.864808 0.356274 0.353803 0.720451 0.606346 -0.336595 0.777925 0.572451 -0.259100 0.794062 0.554716 -0.248505 0.581876 0.760205 0.288979 0.601163 0.766200 0.227023 0.550595 0.326709 0.768184 0.523024 0.794973 0.307350 0.500755 0.788299 0.357531 0.850820 0.342782 0.398253 0.771854 0.312264 0.553835 0.281301 0.680567 0.676534 0.415346 0.697527 0.583904 0.286775 0.385150 -0.877165 0.719132 0.536170 0.442008 0.798660 0.552425 0.238682 0.669328 0.616380 0.414819 0.350671 -0.024714 0.936172 0.879949 0.368697 0.299586 0.914765 0.368509 0.165549 0.950006 0.310937 0.028408 0.809017 0.515041 0.283241 0.160801 0.863433 0.478148 0.079467 0.875417 0.476791 0.213072 0.841127 0.497097 0.865283 0.440375 0.239489 0.963341 0.006222 -0.268208 0.034495 0.749575 0.661020 0.440551 0.772301 0.457674 0.810187 0.368081 0.456195 0.697431 0.556228 0.451886 0.700174 0.562042 0.440301 0.682531 0.690662 0.239036 0.844084 0.468834 0.260224 0.904012 0.394357 0.165063 0.903742 0.393463 0.168634 0.745034 0.595546 0.300415 0.733901 0.607081 0.304700 0.877681 0.402210 0.260581 0.882240 0.392830 0.259492 0.108505 0.552803 -0.826218 0.656764 0.669721 0.346604 0.291444 0.886322 0.359853 -0.153250 0.881995 0.445644 0.534631 0.708280 0.460988 0.575089 0.746621 -0.334410 0.557529 0.784396 -0.271818 0.474910 0.821119 -0.316581 
						0.689226 0.319394 -0.650350 0.716470 0.697023 -0.028791 0.697321 0.707292 -0.116110 0.722254 0.691524 -0.011986 0.899590 0.371519 0.229591 0.920100 0.378994 0.098891 0.721817 0.685515 0.095129 0.675644 0.687551 0.266042 0.685872 0.699037 0.202304 0.317825 0.721727 0.614896 0.716143 0.667673 0.203351 0.997438 0.063269 0.033391 0.730903 0.552096 0.401211 0.743304 0.470706 0.475326 0.755630 0.478418 0.447369 0.913109 0.385370 0.133122 0.942642 0.329726 0.052025 0.920092 0.377000 0.106310 0.605716 0.787946 -0.110676 0.699827 0.687475 0.193962 0.659376 0.734005 0.162664 0.696857 0.681022 0.224944 0.712285 0.561727 0.420847 0.807888 0.509835 0.295611 0.705946 0.590325 0.391352 0.708087 0.599841 0.372562 0.824943 0.465174 -0.321063 0.859334 0.480593 -0.174859 0.880103 0.474779 0.001835 0.660189 0.358609 0.659962 0.520141 0.421690 0.742718 0.871649 0.455564 -0.180802 0.950171 -0.190171 -0.247002 0.698533 0.715257 0.021419 0.414769 -0.251402 0.874508 0.388127 -0.297069 0.872415 0.691474 0.705910 0.153474 0.969759 0.238917 0.049868 0.980763 0.194955 0.009835 0.928504 0.310356 0.203864 0.554552 0.754729 0.350508 0.596690 0.801838 -0.031892 0.823882 0.271759 0.497359 0.871892 0.296674 0.389600 0.669222 0.223137 0.708768 0.681467 0.363529 0.635177 0.684873 0.249982 0.684440 0.588067 0.723978 0.360601 0.527953 0.774968 -0.347405 0.378712 0.824464 -0.420519 0.528413 0.778523 -0.338646 0.640338 0.724783 0.254277 0.810126 0.498132 0.309128 0.343722 0.676375 0.651438 0.832548 0.317737 0.453770 0.857993 0.480647 0.181180 0.854967 0.485896 0.181486 0.848509 0.491847 0.195241 0.972563 0.082057 0.217689 0.955015 0.171398 0.242009 0.989424 0.055701 0.133934 0.886843 0.443444 0.129872 0.896472 0.425716 0.122895 0.861323 0.484212 0.153824 
						0.926684 0.365066 0.089356 0.682382 0.014447 0.730853 0.697555 0.539332 0.471739 0.139425 0.742907 -0.654714 0.794088 0.169434 -0.583709 0.755829 0.600167 0.261768 0.752756 0.605831 0.257541 0.862100 0.470272 0.188756 0.530114 0.747169 0.400896 0.725251 0.640656 0.252132 0.823558 0.409765 0.392231 0.769238 0.538857 0.343374 0.648849 0.739400 -0.179675 0.887933 0.447343 -0.107051 0.204093 0.176431 0.962922 0.087396 0.101091 0.991031 0.119614 0.142644 0.982520 0.313509 0.222850 -0.923065 0.532407 0.385596 -0.753564 0.364241 0.378559 -0.850895 0.775221 0.155005 0.612377 0.891578 0.449853 -0.052164 0.745736 0.611775 0.263836 0.876507 0.399385 0.268750 0.713418 0.587623 0.381753 0.729995 0.591231 0.342861 0.713549 0.584669 0.386017 0.682856 0.353221 0.639487 0.569361 0.380855 0.728545 0.409935 0.663262 0.626128 0.618136 0.627644 0.473256 0.936122 0.341684 0.083225 0.915757 0.356649 0.184907 0.929194 0.346683 0.128098 0.709338 0.597188 0.374441 0.313871 0.689735 0.652496 0.808715 0.506361 0.299295 0.429862 0.082410 0.899126 0.544283 0.723209 -0.425118 0.612172 0.765433 -0.198388 0.817799 0.191345 0.542763 0.849683 0.290598 0.439990 0.824590 0.265165 0.499739 0.778820 0.223674 0.586012 0.827825 0.243200 0.505529 0.437665 0.692801 0.573128 0.467127 0.685477 0.558492 0.942031 -0.092429 -0.322542 0.921830 -0.167829 -0.349374 0.705348 0.556611 0.438941 0.799628 0.415256 0.433771 0.738221 -0.338648 -0.583394 0.472337 -0.144621 0.869473 0.925021 -0.212391 -0.315003 0.973797 -0.014084 -0.226984 0.909913 -0.230466 -0.344882 0.660547 0.722989 -0.202397 0.615385 0.726527 0.305712 0.534265 0.843049 -0.061884 0.738672 0.331014 -0.587191 0.815621 0.412198 -0.406024 0.652430 0.686301 0.321445 0.609548 0.706966 0.358678 0.655911 0.685933 0.315083 
						0.818040 0.385143 0.427171 0.760626 0.129796 0.636083 0.764746 0.061670 0.641374 0.747922 0.016765 0.663575 0.938026 -0.153570 -0.310682 0.922661 -0.198483 -0.330607 0.877432 -0.323713 -0.354009 0.706072 0.707440 0.031474 0.703894 0.709664 -0.030164 0.648547 0.294361 0.701953 0.821662 0.367198 0.435932 0.808876 0.485452 0.331746 0.803595 0.469531 0.365752 0.710687 0.618902 0.334491 0.839569 0.392632 0.375451 0.680814 0.643397 0.350047 0.638165 0.642240 0.424586 0.651714 0.641931 0.403973 0.399632 0.828400 -0.392490 0.702456 0.573097 0.422037 0.718348 0.564149 0.407077 0.734272 0.676911 0.051346 0.805990 0.296684 0.512209 0.165587 0.527872 0.833026 0.874368 0.413838 0.253416 0.852694 0.414811 0.317561 0.844286 0.423193 0.328767 0.866270 0.413113 0.280915 0.796801 0.580112 0.169049 0.741216 0.395876 0.542108 0.424002 0.742476 0.518605 0.331770 0.302102 0.893680 0.206439 0.339997 0.917489 0.804927 0.558717 0.199820 0.428490 0.688562 0.585046 0.341187 0.728065 0.594569 0.285950 0.730917 0.619671 0.533633 0.843591 0.059919 0.739189 0.673474 0.005691 0.707288 0.705290 -0.048062 0.599695 0.768025 -0.224730 0.557739 0.723501 -0.406784 0.977844 0.049119 -0.203491 0.477227 0.180302 -0.860085 0.386270 0.147111 -0.910579 0.152572 0.802352 0.577021 0.318418 0.827651 0.462173 0.875356 0.437100 0.206629 -0.454047 -0.553545 0.698161 -0.151882 -0.005706 0.988382 0.862557 0.298837 0.408278 0.801452 0.482297 0.353645 0.645169 -0.058469 0.761800 0.676087 0.073327 0.733164 0.853552 0.435204 0.286436 0.862424 0.425089 0.274816 0.437725 0.677097 0.591554 0.382710 0.687511 0.617140 0.824252 0.520158 0.223704 0.987573 0.091093 -0.128068 0.990641 0.119505 -0.065940 0.990801 0.134444 0.015406 0.754303 0.344519 -0.558869 0.983720 -0.117344 -0.136111 
						0.959256 -0.178389 -0.219099 0.933942 -0.037812 -0.355419 0.503699 0.186601 0.843486 0.892513 0.418275 0.168719 0.663175 0.608117 0.436340 0.645729 0.644145 0.410014 0.983594 0.074767 -0.164174 0.899636 0.394750 0.186623 0.847113 0.278755 0.452433 0.534387 0.653288 0.536325 0.336856 0.734319 0.589324 0.257006 0.767063 0.587846 0.188785 0.801038 0.568066 0.886852 0.435598 0.154106 0.905801 0.404659 0.125601 0.681162 0.586370 0.438393 0.814631 0.319629 0.483955 0.812975 0.313934 0.490426 0.857594 0.441138 0.264445 0.825904 0.418748 0.377535 0.834337 0.419339 0.357822 0.851088 0.399522 0.340632 0.104896 0.085146 0.990831 0.290045 0.116741 0.949866 0.624248 0.512780 -0.589382 0.743998 0.489035 0.455316 0.716740 0.459973 0.524126 0.710190 0.646870 0.277831 0.761562 0.291484 -0.578844 0.718940 0.636109 0.280163 0.829656 0.194651 -0.523242 0.885654 0.250100 0.391238 0.971078 0.066648 0.229270 0.952460 0.145075 0.267904 0.789088 0.594421 0.154935 0.787088 0.597897 0.151698 0.790000 0.602565 0.113207 0.238166 0.620952 0.746790 0.654582 0.742192 -0.143783 0.404075 0.649942 0.643661 0.735845 0.586328 0.338749 0.732025 0.591425 0.338166 0.188985 0.529547 0.826961 0.081910 0.600443 0.795462 0.189220 0.579745 0.792522 0.804224 0.236680 0.545166 0.893764 0.358548 0.269498 0.886773 0.345768 0.306722 0.913466 0.356311 0.196526 0.469874 0.164616 -0.867248 0.630865 0.234089 -0.739738 0.838521 0.366801 0.402914 0.232495 -0.209448 0.949778 0.790695 0.578998 0.198903 0.698237 0.703510 -0.132434 -0.030402 0.056132 0.997960 -0.229355 -0.167113 0.958890 -0.178866 -0.121198 0.976380 0.778230 0.291545 -0.556201 0.287248 0.694874 0.659272 0.125492 0.717265 0.685407 0.715549 0.602606 0.353350 0.756052 0.653498 0.036427 0.692160 0.706807 -0.146076 
						0.869591 0.413363 0.270080 -0.862888 0.455651 0.218645 0.472462 0.737259 0.482938 0.289934 0.809652 0.510295 0.696512 0.407719 -0.590455 0.680778 0.439760 -0.585792 0.604530 0.333698 -0.723319 0.750389 0.548888 0.368291 0.887425 0.447272 0.111465 0.739722 0.672009 0.034842 0.340561 0.013473 0.940126 0.579104 0.748306 -0.323538 0.799412 0.541224 0.260800 0.798008 0.550635 0.244916 0.536947 0.688140 -0.488008 0.587522 0.742483 -0.321771 0.570894 0.719182 -0.396052 0.924792 0.305799 0.226377 0.629004 0.769482 0.110684 0.518926 0.016075 0.854668 0.458895 -0.057585 0.886622 0.702959 0.571529 0.423325 0.342762 -0.112219 0.932696 0.719583 0.594088 0.359526 0.656275 0.679746 0.327487 0.652659 0.680117 0.333882 0.845568 0.461134 0.269015 0.823560 0.483516 0.296583 0.833032 0.473176 0.286641 0.724045 0.522210 0.450618 0.741223 0.189263 0.644025 0.986095 0.159790 -0.045649 0.437653 0.840621 -0.319088 0.178653 -0.370739 0.911392 0.171948 -0.302323 0.937569 0.957448 0.283819 0.052349 0.940100 0.328088 0.092576 0.941471 0.327137 0.081327 0.067112 0.656182 -0.751612 0.410722 0.774644 -0.480867 0.616458 0.625398 0.478389 0.964877 0.262473 -0.010949 0.875553 0.428222 0.223680 0.858765 0.439911 0.262680 0.815037 0.332756 0.474329 0.811498 0.317647 0.490482 0.491556 0.698643 0.519875 0.466038 0.717588 0.517567 0.699979 0.601454 0.385073 0.700507 0.602685 0.382180 0.153517 0.586782 0.795059 0.650428 0.758935 0.030994 0.482284 0.779007 -0.400686 0.524426 0.817540 0.237920 0.511237 -0.007437 0.859407 0.544083 0.038664 0.838140 0.863788 0.429728 0.263064 0.503390 -0.156378 0.849791 0.752676 0.634785 0.174721 0.966046 0.233826 -0.109911 0.956019 0.290126 0.043059 0.156864 0.727809 0.667598 0.021951 0.770915 0.636560 -0.037383 0.777515 0.627752 
						0.676366 0.055474 0.734474 0.589873 0.678835 0.437301 0.912751 0.385053 0.136452 0.668058 -0.067102 0.741077 0.602039 -0.171826 0.779760 0.046719 0.762985 0.644726 0.245802 0.740858 0.625069 0.818257 0.460497 0.344091 0.837143 0.465399 0.287395 -0.074840 0.790042 0.608468 0.688422 0.718933 0.095972 0.697190 0.575101 0.428001 0.698967 0.577989 0.421158 0.949963 0.310316 0.035692 0.665920 0.657632 0.352237 0.886575 0.280590 0.367768 0.080916 0.810369 0.580306 -0.008002 0.812823 0.582456 0.841842 0.422552 0.335786 0.830442 0.346059 0.436587 0.553306 0.801110 -0.228202 0.572181 0.794033 -0.205233 0.485336 0.817514 -0.310031 -0.128426 0.670018 0.731152 0.289043 0.128099 0.948707 0.902851 0.340655 0.262326 0.409614 0.154380 -0.899101 0.892347 0.391240 0.225052 0.980274 0.197572 0.005358 0.977438 0.209150 0.029509 0.494076 0.778999 -0.386070 0.553735 0.724898 -0.409755 0.634031 0.672109 0.382458 0.983963 0.035493 -0.174809 0.344775 0.361682 -0.866208 0.091092 0.792923 0.602474 -0.303044 0.752495 0.584735 -0.447748 0.725603 0.522515 0.880803 0.303421 0.363486 0.805494 0.506796 0.307143 0.725138 0.585649 0.362202 0.688597 0.596780 0.411933 0.719664 0.584204 0.375219 0.688595 0.487198 0.537099 0.922611 0.347161 0.168131 0.680392 0.641231 0.354811 0.866468 0.370871 0.334197 0.630206 0.681854 -0.371369 0.728590 0.683108 -0.050206 0.717506 0.691533 -0.083469 0.693667 0.711324 -0.113336 0.884512 0.463135 -0.056077 0.845530 0.511192 -0.154147 0.879142 0.425956 0.213708 0.870735 0.381785 0.309939 0.527468 0.818862 -0.226367 0.270952 -0.146188 0.951427 0.823355 0.371380 0.429143 0.826725 0.368736 0.424923 0.738999 0.041495 0.672427 0.758445 0.192940 0.622524 0.761742 0.187990 0.620007 0.728106 0.595665 0.339184 0.712549 0.592768 0.375367 
						0.304721 -0.296319 0.905174 0.136683 -0.471955 0.870963 0.858082 0.324726 0.397804 0.630257 0.733255 -0.255175 0.669226 0.720902 -0.180104 0.702421 0.209770 0.680148 0.720803 0.398935 -0.566828 0.721692 0.359119 -0.591772 0.964313 0.263637 0.024420 0.799067 0.303870 0.518802 0.788776 0.512151 0.339902 0.794526 0.505012 0.337182 0.801985 0.535291 0.265111 0.799389 0.529548 0.283825 0.383629 0.655369 -0.650631 0.311718 0.692335 0.650772 0.556275 0.738331 -0.381346 -0.145334 0.018359 0.989212 -0.046689 0.052220 0.997544 -0.767878 0.222847 0.600585 -0.664818 0.284218 0.690823 0.803014 -0.127653 0.582129 0.839969 -0.042304 0.540983 0.794079 -0.157672 0.587008 0.631793 0.754793 0.176423 0.842636 0.383146 0.378370 0.871688 0.386878 0.300810 0.480633 0.052432 0.875353 0.525637 0.076658 0.847248 0.302609 0.854580 -0.422044 0.441613 0.829252 -0.342519 0.719313 0.640864 0.268106 0.709214 0.636376 0.303384 0.319056 0.737652 0.595040 0.696656 0.534599 0.478408 0.721529 0.631536 0.283828 0.353065 -0.182078 0.917710 0.446154 -0.095612 0.889834 0.376301 -0.185685 0.907700 0.413420 -0.284103 0.865084 0.821876 0.398898 0.406695 0.798869 0.533677 0.277482 0.798563 0.526672 0.291401 0.291459 0.745914 0.598885 0.573243 0.568773 0.589822 0.601423 0.549575 0.579877 0.684908 0.503932 0.526264 0.763698 0.642652 0.061351 0.809544 0.546012 0.215659 0.804982 0.547718 0.228054 0.989531 0.113385 -0.089289 0.806623 0.374064 0.457642 0.945404 0.319628 0.063637 0.549134 0.662018 0.510082 0.594664 0.640941 0.485356 0.820387 0.495332 0.285678 0.813516 0.495876 0.303808 0.823054 0.484789 0.295908 0.851727 0.424997 0.306493 0.898454 0.437226 0.040168 0.906120 0.397014 -0.146039 0.736639 0.594662 0.322086 0.933082 0.330040 -0.142941 0.799511 0.423258 0.426186 
						0.825491 0.435934 0.358505 0.809171 0.441589 0.387609 0.819986 0.533733 -0.206763 0.675269 0.227205 -0.701705 0.766857 0.390723 -0.509182 -0.229249 0.419576 0.878295 -0.493384 0.279317 0.823744 0.641292 0.679569 0.356272 0.476182 0.813900 -0.332893 -0.708790 -0.044588 0.704008 0.803102 0.566826 0.183671 0.827593 0.399218 0.394608 0.794394 0.467520 0.387766 0.761492 0.467700 0.448761 0.590324 0.682626 0.430743 0.916025 0.354684 0.187342 0.173545 -0.287659 0.941878 0.295047 -0.179582 0.938455 0.594601 -0.003823 0.804012 0.556834 -0.033894 0.829932 0.940577 -0.082198 -0.329482 0.952248 -0.013644 -0.305021 0.777717 0.264686 0.570174 0.786154 0.269714 0.556072 0.771971 0.248064 0.585256 0.885246 0.417702 0.204609 0.928112 0.354226 0.114595 0.923386 0.355218 0.145531 0.929742 0.352009 0.108022 0.556233 0.720867 -0.413469 0.498811 0.710217 -0.496768 0.858553 -0.351070 -0.373679 0.739024 0.603147 0.300095 0.732153 0.596832 0.328244 0.528237 0.709680 0.466175 0.854997 0.450861 0.256328 0.842918 0.430939 0.322150 0.846640 0.451451 0.281767 0.717928 0.405363 0.565916 0.693215 0.185458 0.696461 0.713790 0.205735 0.669460 0.850915 0.264069 0.454105 0.727232 0.680770 0.087666 0.977296 0.208911 0.035325 0.818419 0.410975 0.401610 0.727879 0.594949 0.340922 0.815265 0.264205 0.515305 0.838650 0.264630 0.476064 0.719367 0.163174 0.675193 0.625385 0.169103 0.761773 0.735302 0.677735 -0.002427 0.924122 0.208098 0.320457 0.914153 0.178972 0.363722 0.915241 0.236525 0.326174 0.704900 -0.041318 0.708103 0.579284 0.717525 0.386766 0.735390 0.586146 0.340049 0.726880 0.578204 0.370574 0.737222 0.596196 0.317889 0.656660 0.200741 0.726981 0.652127 0.138943 0.745268 -0.570382 -0.167040 0.804215 0.878407 0.412027 0.242147 0.728718 0.584024 0.357613 
						0.969075 0.188058 -0.159773 0.960512 0.274187 -0.047318 0.611727 0.050154 0.789478 0.562984 -0.016068 0.826312 0.950530 0.240049 -0.197154 0.704586 0.655706 0.271306 0.656189 0.688653 0.308500 0.642709 0.731122 0.228879 0.624783 0.728605 0.280678 0.680711 0.662751 0.312079 0.677580 0.300161 0.671408 0.648787 0.218696 0.728867 0.979779 0.194442 0.047165 -0.385640 -0.052698 0.921143 -0.285382 -0.070956 0.955784 0.616953 0.786216 -0.035120 0.644952 0.763984 -0.019134 -0.015825 0.075805 0.996997 0.037345 0.119533 0.992128 0.810841 0.540888 0.223553 0.153760 0.204503 0.966714 0.090755 0.841138 0.533152 0.509517 -0.277017 0.814650 0.763617 -0.402849 -0.504581 0.648110 0.761220 -0.022299 0.820866 0.476322 0.315112 0.960192 0.279328 -0.002676 0.532026 -0.132461 0.836302 0.776043 0.266552 0.571584 0.682907 0.694559 0.226332 0.704317 0.459759 -0.540888 0.925488 0.301680 0.229044 0.925698 0.308119 0.219423 0.961762 0.273815 -0.006348 0.980400 0.174497 -0.091471 0.620060 0.769692 -0.151984 0.606650 0.771371 -0.192255 0.097773 0.817583 0.567449 0.978365 0.203813 -0.035515 0.974850 0.222490 -0.012901 0.789049 0.596592 0.146562 0.479644 0.692739 -0.538567 0.973206 0.199419 0.114468 0.982763 0.174532 0.060954 0.684236 0.728787 0.026288 0.940993 0.324989 0.094417 0.136852 0.724275 0.675794 0.112725 0.736735 0.666720 0.700851 0.042406 0.712046 0.821065 0.342384 0.456755 0.698013 0.711618 -0.079858 0.677656 0.716678 -0.164788 0.760213 -0.294298 -0.579194 0.884749 -0.135507 -0.445933 0.536288 0.741979 0.402322 0.538710 0.742371 0.398342 0.518395 0.682018 0.515867 0.876759 0.440272 0.193529 0.881381 0.441064 0.169204 0.684686 0.649303 0.331076 0.619354 0.659877 0.425397 0.849704 0.326964 0.413640 0.814072 0.366732 0.450328 0.479083 0.661257 0.577251 
						0.506987 0.011648 0.861875 0.605755 0.121725 0.786285 0.721907 0.646609 0.246470 0.808044 0.550526 0.209728 0.871058 0.437969 0.222354 0.902620 0.406674 0.141046 0.641707 0.674973 0.364176 0.618452 0.676761 0.399390 0.679715 0.657377 0.325336 0.683521 0.672577 0.283617 0.906742 0.224425 0.357004 0.704131 0.594336 0.388541 0.660931 0.697589 0.276658 0.580669 0.375808 0.722214 0.329451 0.700006 0.633604 0.678048 0.476875 0.559323 0.828548 0.389696 0.402052 0.744398 0.663659 0.073683 0.908504 0.381920 0.169579 0.937823 0.340814 0.065833 0.719730 0.019339 0.693984 0.693771 0.716135 0.076368 0.756508 0.532389 0.379812 0.756657 0.528453 0.384976 0.340726 0.708378 -0.618147 0.154985 0.683156 -0.713637 0.236266 0.721400 -0.650969 0.617555 0.660771 0.426623 0.387100 -0.181878 0.903921 0.959544 0.274874 0.060987 0.671953 0.604021 0.428530 0.199760 0.180838 0.963013 0.820253 0.495718 0.285392 0.734226 0.657569 0.168865 0.795302 0.579738 0.177198 0.653639 0.756647 -0.015534 0.036669 0.169050 -0.984925 -0.090465 0.034622 0.995298 0.895240 -0.145926 -0.421012 0.716280 0.654600 0.241747 0.723282 0.652418 0.226303 0.792440 0.336366 -0.508819 0.858518 0.393927 -0.328280 0.865874 0.359969 0.347396 0.816854 0.363731 0.447716 0.817367 0.258286 -0.514975 0.775007 0.277772 -0.567633 0.343093 0.685205 -0.642481 0.422129 0.713309 -0.559461 0.599746 0.257402 0.757661 0.254492 0.632331 -0.731704 0.896199 -0.273355 -0.349436 0.820421 0.233951 0.521705 0.378646 -0.120127 0.917713 0.798796 0.501919 0.331666 0.567843 -0.014839 0.823003 0.549839 -0.051561 0.833678 0.549808 -0.036931 0.834474 0.218665 0.195953 0.955922 0.024665 0.136306 0.990360 0.020909 0.160881 0.986752 0.784909 0.602437 0.144871 0.566091 -0.066082 0.821690 0.296613 0.691506 0.658666 
						-0.585899 -0.094239 0.804886 0.720766 0.558573 0.410478 0.641923 0.614248 0.458950 0.278257 0.309380 -0.909317 0.529762 0.262252 -0.806583 0.234786 0.373262 -0.897525 0.618098 0.250126 0.745246 0.594756 0.238544 -0.767699 0.784580 0.485812 0.385254 0.822467 0.463432 0.329815 0.689963 0.217963 0.690249 0.921492 -0.050328 -0.385122 0.964774 0.035918 -0.260615 -0.819896 -0.116260 0.560584 0.958473 0.243584 0.148314 0.978612 0.202311 0.037263 0.811093 0.543057 0.217298 0.812958 0.538771 0.220963 0.862310 0.418507 0.285084 0.918285 0.375197 0.126412 0.902453 0.371540 0.218027 0.907463 0.366827 0.204815 0.914967 0.355047 0.191775 0.634647 0.770164 0.063807 0.343217 0.657990 0.670262 0.191776 0.622552 0.758717 0.961270 0.262847 -0.082891 0.816431 0.335721 0.469822 0.822874 0.424085 0.378193 0.654613 0.213352 -0.725233 0.803575 0.549056 0.229793 0.609051 0.653382 0.449609 0.271488 0.692582 0.668300 0.395794 0.695851 0.599282 -0.534561 0.692253 0.484799 0.866980 0.439889 0.234189 0.932598 0.328936 0.148537 0.847300 0.516001 0.125796 0.873865 0.424687 0.236644 0.615235 0.648832 0.447775 0.783959 0.574988 0.234088 0.562304 0.008106 0.826891 0.634506 0.118975 0.763706 0.968910 0.237130 0.070593 0.600687 0.748913 0.279829 0.815921 0.484764 0.315083 0.846902 0.448901 0.285036 0.734459 0.109671 0.669733 0.572514 0.722451 0.387675 0.829815 0.397926 -0.391232 0.922126 0.347343 0.170401 0.914039 0.272344 0.300600 0.185571 0.611350 0.769295 0.827611 0.465213 0.314066 0.821443 0.465328 0.329699 0.829183 0.468084 0.305536 0.731629 0.368881 -0.573277 0.741148 0.351400 -0.572029 0.592274 0.801774 0.079807 0.575329 0.812603 0.093130 0.626843 0.650481 0.428885 0.614142 0.651615 0.445227 0.664463 0.603394 0.440915 0.840082 0.372196 0.394629 
						0.822090 0.371751 0.431242 0.792193 0.572444 0.211515 0.793327 0.572288 0.207651 0.798770 0.564182 0.208963 0.981261 0.041806 -0.188095 0.724676 0.596363 0.345248 0.711632 0.602532 0.361297 0.941329 0.322127 0.100670 0.873650 0.479207 -0.084238 0.833777 0.293422 0.467674 0.719905 0.600645 0.347797 0.907693 0.361284 0.213467 0.596006 0.780712 -0.187792 0.808140 0.349590 0.474022 0.200651 -0.366345 0.908587 0.226277 0.095490 0.969371 0.191134 0.103804 0.976060 0.746188 0.243316 0.619678 0.700317 0.602517 0.382791 -0.110617 -0.020110 0.993660 -0.124364 -0.046444 0.991149 -0.147091 -0.029284 0.988689 0.667100 0.719850 0.191817 0.856888 0.457446 0.237669 0.844119 0.470441 0.257193 0.012557 0.119386 0.992769 0.656203 0.754142 0.025823 0.781281 0.579780 0.231202 0.841140 0.411171 0.351314 0.833083 0.428502 0.349797 0.828667 0.230224 0.510204 0.803282 0.546114 0.237690 0.794208 0.533957 0.290041 0.344318 -0.154115 0.926117 0.701392 0.634782 0.324194 0.805524 0.498217 0.320798 0.674923 0.272123 0.685878 0.678285 0.730813 0.076430 0.710936 0.611913 0.346601 0.449699 0.798398 -0.400415 0.758057 0.554156 0.343891 0.708934 0.373379 -0.598331 0.946705 0.322082 -0.003468 0.785190 0.268843 0.557854 0.905070 0.373924 0.202557 0.901753 0.367491 0.227579 0.981748 -0.022098 -0.188896 0.673950 0.732866 0.093265 0.662954 0.743239 0.089933 0.384790 0.589342 -0.710361 0.990014 0.003335 -0.140928 0.875887 0.310368 0.369451 0.495039 0.853519 -0.162609 0.426332 0.875864 -0.226061 0.822484 0.413998 0.390033 0.148851 0.605092 0.782117 0.130002 0.643298 0.754498 0.587524 -0.015815 0.809052 0.864095 0.485455 -0.132939 0.830608 0.472109 -0.295304 0.983594 0.175515 -0.041688 0.992718 0.071578 -0.096892 0.821919 0.460410 0.335368 0.820795 0.461412 0.336740 
						0.724683 0.663446 0.186209 0.736066 0.654840 0.171440 0.282737 -0.052471 -0.957761 0.650429 0.289329 -0.702304 0.569988 0.810824 -0.132961 0.608009 0.761394 -0.224956 0.622447 0.756433 -0.200921 0.580228 0.735686 0.349430 0.190535 -0.020362 0.981469 0.966402 0.206681 -0.152805 0.965012 0.201059 -0.168305 0.966753 0.120213 -0.225692 0.670122 0.732612 0.119236 0.634691 0.766675 0.096838 0.489541 0.208253 0.846747 0.604564 0.233998 0.761412 0.513367 0.201219 0.834245 0.664255 0.446965 -0.599156 0.865731 0.392123 0.311046 0.888124 0.388064 0.246254 0.155321 0.087478 0.983983 0.911475 -0.082960 -0.402902 0.648219 0.699444 0.300981 0.644975 0.703437 0.298638 0.908089 0.373854 0.188703 0.908464 0.371183 0.192137 0.706783 0.606047 0.364917 0.782497 0.563670 0.264526 0.553314 0.832825 0.015665 0.883014 0.453911 0.119381 0.989697 0.140104 0.029525 0.209773 0.173416 0.962249 0.989449 0.112497 -0.091294 0.346514 0.463867 0.815325 0.412939 0.444644 0.794841 0.275734 0.509939 0.814821 0.628264 0.689915 0.359584 0.548487 0.733938 0.400621 0.647407 0.222012 0.729092 0.689909 0.271646 0.670995 0.455627 -0.347910 -0.819367 0.395066 0.421918 0.816032 0.711289 0.701637 0.042122 0.749525 0.656704 0.083384 0.876347 0.309030 0.369480 0.792345 0.464814 0.395142 0.698580 0.702101 0.137986 0.688261 0.676731 0.261404 0.245995 0.667526 0.702777 0.938683 -0.157929 -0.306483 0.841617 0.461105 0.281181 0.704045 0.613912 0.356978 0.918422 0.391260 0.058446 0.905893 0.408512 0.111693 0.908091 0.414137 -0.062144 0.961729 0.256009 0.097662 0.968832 0.241636 0.054559 0.918192 0.366193 0.151082 0.540977 0.736421 0.406238 0.491766 0.720677 0.488662 0.672997 0.738536 0.040477 -0.003410 0.129477 0.991577 -0.207590 -0.124104 0.970311 0.699031 0.612157 0.369621 
						0.702535 0.637211 0.316871 0.893645 0.348609 0.282613 0.657855 0.641697 0.394274 0.816744 0.333723 0.470699 0.814130 0.323114 0.482483 0.889897 0.393489 0.230759 0.101342 0.140650 0.984859 0.016260 0.084251 0.996312 0.900610 0.404728 0.158419 0.858070 0.431898 0.277813 0.905809 -0.257172 -0.336710 0.564677 -0.148136 0.811909 0.112425 0.077793 0.990610 0.160970 0.081624 0.983578 0.637026 0.258879 0.726071 0.616801 0.272850 0.738315 0.861377 0.394247 0.320311 0.733482 0.605959 0.307927 0.630047 0.731083 -0.261836 0.916867 0.301264 0.261905 0.945323 0.286106 0.156549 0.407218 -0.168158 0.897718 0.298955 -0.364273 0.882004 0.601542 0.783599 0.155307 0.359895 0.675770 0.643281 0.580710 0.797301 -0.164580 0.646957 0.410943 -0.642319 0.682178 0.723748 0.104026 0.687731 0.725958 0.003317 0.723471 0.432152 0.538362 0.337665 0.433545 -0.835477 0.717480 0.607678 0.340515 0.996499 0.069305 -0.046756 0.918065 0.368119 0.147123 0.899088 0.388561 0.201645 0.980953 -0.059618 -0.184869 0.769642 0.593417 0.235601 0.699714 0.670736 0.245996 0.683676 0.698773 0.210483 0.226531 0.791455 0.567699 0.729517 0.595770 0.335952 0.778317 0.595932 0.197704 0.692859 0.595190 0.407057 0.751851 0.600572 0.272091 0.717630 0.586118 0.376130 0.430176 0.721797 0.542179 0.476388 0.714600 0.512251 0.641604 -0.437748 -0.629858 0.555610 -0.489004 -0.672438 0.810329 0.537759 0.232772 0.904097 0.410878 0.117419 0.946450 0.275376 0.168526 0.776708 0.520506 0.354679 0.448804 0.835673 -0.316584 0.810390 0.292000 0.507941 0.805315 0.266010 0.529817 0.805810 0.344194 0.481872 0.846355 0.367448 0.385572 0.732299 0.496563 0.466008 0.897062 0.391733 0.204512 0.820887 0.393990 0.413421 -0.654696 0.457925 0.601397 0.831423 -0.316976 -0.456358 0.822668 0.477300 0.308871 
						0.819201 0.478180 0.316629 0.410575 0.775850 -0.479045 0.372357 0.768797 -0.519906 0.620333 0.750397 0.228235 0.329564 0.771621 -0.544049 0.769901 0.277109 0.574859 0.565685 0.733579 0.376647 0.895954 -0.165734 -0.412066 0.935981 -0.065900 -0.345829 0.911909 0.372414 0.172422 -0.096239 0.843897 0.527802 0.977051 0.212355 0.016638 0.835759 0.447634 0.318010 0.551487 0.751043 -0.363039 0.893503 0.379135 0.240643 0.479439 0.657894 -0.580787 0.156536 0.508569 -0.846672 0.418962 0.631185 -0.652746 0.687099 0.725334 -0.042252 0.899352 0.405667 0.163098 0.015399 0.038816 0.999128 0.601828 0.708495 0.368563 0.724736 0.589347 0.356971 0.587538 0.652746 0.478248 0.971501 -0.022949 0.235924 0.984385 -0.007451 0.175874 0.339742 0.017753 0.940351 0.701591 0.663576 0.259687 0.697097 0.651712 0.298876 0.716884 0.582307 0.383401 0.627984 0.641678 0.440325 -0.225652 0.742865 0.630264 -0.683644 0.362209 0.633589 0.669052 0.650798 0.358931 0.733318 0.134019 0.666546 0.711164 0.129720 0.690955 0.842559 0.276686 0.462103 0.815553 0.493377 0.302410 0.811060 0.495092 0.311554 0.826190 0.392908 0.403774 0.627404 0.677251 0.384311 0.693234 0.088535 0.715254 0.659315 0.103428 0.744719 0.668752 0.122112 0.733389 0.796082 0.310596 0.519407 0.758550 0.311417 0.572383 0.729965 0.289174 0.619297 0.608311 0.781995 -0.135802 0.994451 0.024310 0.102352 0.807317 0.544807 0.226770 0.352557 0.031309 0.935266 0.772104 0.227647 0.593323 0.791490 0.246287 0.559363 0.644248 0.650645 0.402003 -0.033850 -0.599124 0.799940 0.027607 -0.499103 0.866103 -0.018025 -0.568353 0.822587 0.857072 0.258560 0.445616 0.842277 0.262977 0.470544 0.841665 0.080136 0.534021 0.823107 0.285810 0.490721 0.949439 0.311771 0.036947 0.949305 0.309439 0.055388 0.357250 -0.044293 -0.932958 
						0.844134 0.430309 0.319800 0.933424 0.275238 0.230138 0.884946 0.338123 0.320225 0.893571 0.344906 0.287352 0.768416 0.352101 -0.534380 0.879021 0.325066 0.348790 0.848003 0.296730 0.439138 0.854709 0.294489 0.427492 0.687194 0.188896 0.701486 0.806696 0.541633 0.236379 0.811168 0.484022 0.328221 0.516480 0.027137 0.855869 0.868064 0.402169 -0.291076 0.672085 0.688982 0.271304 0.695018 0.698939 0.168625 0.731248 0.673822 0.106021 0.790163 0.511840 0.337140 0.815084 0.340181 0.468951 0.631653 0.774585 0.032121 0.785819 0.598104 0.157353 0.842807 0.466596 0.268260 0.885791 0.368154 0.282552 0.865844 0.398609 0.302366 0.818128 0.542835 0.189727 0.795744 0.536375 0.281236 0.597272 0.633718 0.491596 0.726435 0.521412 0.447683 0.861775 0.381550 0.334310 0.794332 0.566467 0.219435 0.752757 -0.073071 -0.654230 0.723555 -0.073643 -0.686327 0.622187 0.770447 0.138905 0.604587 0.759147 0.241186 0.551488 0.210928 -0.807075 0.832753 0.489130 0.259373 0.909023 0.397624 0.124788 0.832973 0.479549 0.276022 0.846289 0.460708 0.267478 0.846156 0.464338 0.261553 0.814172 0.466780 0.345312 0.651552 0.321618 0.687053 0.658573 0.309475 0.685935 0.300498 0.038193 0.953017 0.987583 -0.054833 -0.147221 0.836524 0.458234 0.300414 0.827768 0.467063 0.310891 0.810262 0.356125 0.465458 0.811486 0.356291 0.463192 -0.531851 0.670710 0.516994 0.748498 0.553046 0.365911 0.960918 0.080861 -0.264759 0.693812 0.653431 0.302742 0.868626 0.353186 0.347489 0.683712 0.728242 0.046925 0.780901 0.243577 0.575208 0.591727 0.786917 -0.174989 0.860091 0.422276 0.286228 0.567504 0.823188 -0.017343 0.520430 0.845298 0.120926 0.850380 0.356805 -0.386709 0.728232 0.545447 0.414929 0.715208 0.548188 0.433552 0.748899 0.614686 0.247611 0.657928 0.605957 0.447154 
						0.696179 0.570265 0.436041 0.723912 0.552773 0.412787 0.014262 0.056496 0.998301 -0.106287 0.075131 0.991493 -0.282353 0.155384 0.946643 0.801892 0.550145 0.233042 0.804800 0.540751 0.244715 0.997113 0.075932 0.000745 0.998964 -0.020162 -0.040797 0.743501 0.668404 -0.021052 0.762177 0.645881 0.043861 0.957019 0.286751 0.043468 0.724447 0.538796 0.429971 0.729783 0.203426 0.652714 0.824602 0.475987 -0.305724 0.985188 0.071315 -0.155942 0.309482 -0.332070 0.891039 0.273382 -0.396329 0.876462 0.248837 -0.349338 0.903351 0.549401 0.831383 0.083432 0.581637 0.812910 -0.029595 0.323508 0.675973 0.662120 0.498029 0.665159 0.556354 0.666984 0.611007 0.426382 0.598042 0.727860 0.335507 0.874551 0.343740 0.342058 0.874699 0.337227 0.348109 0.983482 0.179599 -0.022541 0.674314 0.737449 0.038344 0.811413 0.466145 0.352587 0.818464 0.478325 0.318310 0.735126 0.554267 0.390356 0.717288 0.691902 -0.082272 0.915059 0.380460 0.133853 0.889422 0.410745 0.200544 0.715832 0.555228 0.423446 0.713129 0.556346 0.426528 0.687587 0.725763 -0.022190 0.651574 0.676324 0.343566 0.378498 0.677137 0.631051 0.711950 0.564771 0.417327 0.475521 -0.035412 0.878991 0.518214 -0.409665 0.750752 -0.076767 0.842199 0.533674 0.812884 0.389714 0.432830 0.369240 0.195807 -0.908472 0.500789 0.179489 -0.846755 0.813617 0.490452 0.312224 0.701502 0.712454 -0.017448 0.728993 0.561957 0.390863 0.726445 0.556048 0.403843 0.307823 0.893513 0.326926 0.776608 0.421809 0.467929 0.993767 0.042332 0.103125 0.959669 0.277957 -0.042139 0.699510 0.650140 0.296655 0.766767 0.337434 0.546083 0.326786 0.800740 -0.502022 0.666059 0.739391 0.098316 0.609882 0.660438 0.438025 0.974443 0.197109 0.107747 0.739327 0.549931 0.388551 0.734846 0.554625 0.390376 0.563517 0.716188 -0.411732 
						0.869792 0.344531 0.353214 0.884632 0.396328 0.245664 0.957143 0.239474 -0.162880 0.961227 0.115112 -0.250585 0.691162 0.576970 0.435201 0.659611 0.725755 -0.195434 0.699048 0.573185 0.427541 0.745724 0.604341 0.280477 0.423220 0.734946 0.529847 0.124816 0.556879 0.821162 0.133786 0.577587 0.805291 0.529207 0.840406 0.116868 0.987366 0.157389 -0.018363 0.676626 0.587962 0.443258 0.696992 0.569580 0.435638 0.697965 0.573688 0.428633 0.705629 0.566742 0.425313 0.191497 0.510201 -0.838465 0.402918 0.635956 -0.658192 0.832413 0.285627 0.474874 0.425039 0.786225 0.448545 0.428950 0.778435 0.458302 0.353327 0.778724 0.518410 0.703569 0.710617 -0.003777 0.812127 0.503692 0.294523 0.355945 0.786286 0.505032 0.660716 0.733400 -0.159932 0.106939 0.084187 0.990695 0.718114 0.257484 -0.646541 0.672366 0.236005 -0.701588 0.960419 0.276662 0.032465 -0.477828 -0.003855 0.878445 -0.143656 -0.035567 0.988988 0.698906 0.567153 0.435739 0.712653 0.572740 0.405085 0.772417 0.629620 0.083370 0.779844 0.608435 0.147141 0.724571 0.687880 0.042632 0.703866 0.586064 0.401374 0.880554 0.418056 0.223280 0.955935 0.285471 -0.068520 0.709237 0.695830 0.113154 0.698742 0.697986 0.156766 0.583460 0.790800 -0.184959 0.592613 0.790558 -0.154360 0.423900 0.482849 0.766267 0.701374 0.581302 0.412507 0.461998 0.681057 0.568083 0.813833 0.381819 0.438052 0.692849 0.647018 0.318322 0.649986 0.646580 -0.399315 0.818210 0.436972 0.373616 0.097203 0.088554 0.991317 0.127788 0.129201 0.983350 0.512138 0.154556 -0.844883 0.623013 0.065138 0.779494 0.306719 0.843779 -0.440410 0.973626 -0.055897 -0.221196 0.566124 -0.395163 0.723429 0.924293 0.368074 0.101021 0.791757 0.497060 0.355038 0.817972 0.483286 0.312019 0.538196 0.842813 -0.003265 0.976461 0.108479 0.186432 
						0.987015 -0.158496 -0.026099 0.974089 0.224389 0.028291 0.869245 0.339003 0.359847 0.805548 0.329178 0.492681 0.797471 0.259808 0.544555 0.703503 0.707223 -0.070144 0.690413 0.719968 -0.070535 0.706027 0.584056 0.400506 0.777727 0.522807 0.349018 0.844262 0.424390 0.327283 0.865141 0.420736 0.272970 0.269035 0.795200 0.543394 0.837481 0.363194 0.408309 0.714555 0.634420 0.294828 0.705937 0.676601 0.209440 0.542838 0.660827 0.518300 0.737998 0.613087 0.281927 0.021479 0.367499 0.929776 0.054434 0.067958 0.996202 -0.784215 0.535211 0.313936 0.912805 0.361797 0.189444 0.985834 0.079195 -0.147852 0.720239 0.655846 0.226102 0.702065 0.694338 0.158115 0.989326 0.084309 -0.118851 0.727791 0.679485 0.092852 0.726763 0.556462 0.402697 0.737688 0.553853 0.386087 0.830488 0.463504 0.308957 0.730872 0.560224 0.389839 -0.247481 -0.087714 0.964914 0.325229 -0.138760 0.935399 0.764061 0.318696 -0.560931 0.854809 -0.238123 -0.461085 0.898533 0.351396 0.262983 0.719900 0.566108 0.401578 0.292492 0.495350 0.817971 0.202844 0.571884 0.794860 0.750336 0.273369 0.601885 0.745254 0.257137 0.615205 0.818051 0.476377 0.322269 0.676793 0.612468 0.408453 0.664917 0.683285 0.301675 0.655572 0.041239 0.754005 0.720848 0.566238 0.399691 0.547671 0.064806 0.834180 0.650721 0.729970 -0.209062 0.634046 0.735581 -0.238552 0.384319 0.473635 -0.792445 0.479532 0.588002 -0.651385 0.955983 0.290195 0.043401 0.902927 0.390679 0.179145 0.465679 0.826757 0.315620 0.875183 0.475986 -0.086558 0.725959 0.618341 0.301060 0.738119 0.419197 0.528634 0.953087 0.301528 0.026570 0.466634 0.868545 -0.166983 0.446146 0.874596 -0.189829 0.699296 0.711094 -0.073005 0.668360 0.736777 -0.102249 0.656247 0.748193 -0.097709 0.831723 0.381461 0.403391 0.948845 0.310852 0.055361 
						0.984437 0.173204 -0.029746 0.987814 0.137560 0.072812 0.993784 0.099347 0.050243 0.332713 0.696095 0.636203 0.282646 0.788774 0.545844 0.776737 0.593440 0.210973 -0.074813 -0.218666 0.972928 -0.270485 -0.157255 0.949794 0.714428 0.672953 0.191646 0.761934 0.213217 0.611551 0.804356 0.251131 0.538465 0.793994 0.178415 0.581155 0.641797 0.158961 0.750219 0.994661 -0.019939 -0.101256 0.742599 0.567631 0.355446 0.549513 0.810997 -0.200800 0.564228 0.725080 0.394850 0.807094 0.188864 0.559401 0.726377 0.573835 0.378273 0.734474 0.579336 0.353438 0.696406 0.686520 0.209068 0.717018 0.564778 0.408548 0.932107 0.346689 0.104798 0.953074 0.302001 0.021111 0.453304 0.723970 0.519983 0.910844 0.386603 0.144573 0.913230 0.387595 0.125625 0.740280 0.538388 0.402646 -0.371521 0.724353 0.580763 -0.299545 0.722253 0.623396 0.832465 0.441707 0.334510 0.983484 0.061248 -0.170317 0.537933 -0.433023 -0.723269 0.635025 -0.355753 -0.685699 0.371111 -0.267364 0.889266 0.505216 0.693713 -0.513342 0.253358 0.700893 0.666752 0.687951 0.660941 0.299800 0.450625 0.766818 0.457085 0.918966 -0.198172 -0.340924 0.908401 -0.245303 -0.338577 0.984782 0.126783 -0.118872 0.789969 0.249387 0.560139 -0.744342 0.543506 0.388016 0.701794 0.694614 0.158103 0.705206 0.683974 0.186718 0.414516 0.128713 -0.900894 0.790502 0.587190 0.174110 0.643623 0.225528 -0.731360 0.713536 0.697550 0.065505 0.792431 0.112750 0.599450 0.968074 -0.033927 -0.248357 0.783338 0.601536 0.156640 -0.578416 0.676872 0.455279 0.200080 0.794111 0.573896 0.807246 0.453982 -0.377166 0.701114 0.566560 0.432954 0.798542 0.559270 0.222593 0.576044 0.644683 0.502551 -0.012128 0.475987 0.879369 0.779428 0.617048 0.108368 0.774284 0.509355 0.375555 0.757329 0.514168 0.402597 0.944816 0.316596 0.084195 
						0.868196 0.331667 0.369096 0.961165 0.274702 0.026456 0.277557 0.805868 0.523009 0.410111 -0.009080 -0.911990 0.731226 0.631330 0.258324 0.939433 0.342720 0.003114 0.718341 0.570751 0.397781 0.502167 0.747529 -0.434775 0.823980 0.440964 0.355820 0.834222 0.299726 0.462859 0.775009 0.283296 0.564894 0.770058 0.254947 0.584818 0.459751 0.408855 0.788332 0.866412 0.426764 0.259236 0.401127 0.777538 0.484284 0.855958 0.279993 0.434671 0.214428 0.214182 0.952967 0.546596 0.738953 0.393931 0.700189 0.287833 0.653367 -0.683984 0.586657 0.433588 0.842583 0.469590 0.263701 0.855378 0.426004 0.294701 0.589535 0.801121 -0.103211 -0.054562 0.526075 0.848686 0.745174 0.610205 0.269010 0.716590 -0.290264 -0.634229 0.397152 -0.041688 0.916805 0.746855 0.295032 0.595956 0.611857 0.313229 0.726305 0.673392 0.738248 -0.039148 0.696435 0.673689 0.247226 0.294689 0.715410 0.633519 0.518340 0.727148 0.450089 0.768547 0.518793 0.374419 0.762306 0.520197 0.385078 0.817963 0.480981 0.315585 0.365548 0.818024 0.444086 0.545205 0.728680 0.414461 0.721393 0.538488 0.435456 0.116562 0.097932 0.988343 0.903635 -0.175447 -0.390721 0.231062 0.745291 0.625421 0.153147 0.785038 0.600218 0.906984 0.219563 0.359404 0.708399 0.687975 0.157671 0.825665 0.465587 0.318599 0.821213 0.487407 0.296722 0.208138 0.115444 0.971263 0.678850 0.117255 0.724854 0.741666 0.597619 0.304604 0.757764 0.599230 0.258297 0.640355 0.690071 0.337264 0.803956 0.572811 0.159819 0.516880 0.036599 0.855275 0.865943 0.296466 0.402803 0.829454 0.428619 0.358177 0.821900 0.435176 0.367563 0.746315 0.631171 0.211275 0.743401 0.633259 0.215263 0.830415 0.450327 0.328049 0.781698 0.372760 0.499998 0.772197 0.245980 0.585837 0.800489 0.441745 0.405066 0.695653 0.718377 -0.001055 
						0.707048 0.675186 0.210255 0.714966 0.236840 0.657822 -0.225498 0.687161 0.690623 -0.026161 0.682268 0.730634 -0.143486 0.694598 0.704943 0.867862 0.466539 0.170751 0.516877 0.749785 0.413110 -0.259140 0.599450 0.757302 0.602323 0.750480 -0.272007 0.673332 0.715761 -0.185231 0.388931 0.799437 -0.457858 0.367653 0.800120 -0.473962 0.931840 -0.070491 -0.355956 0.800698 0.449634 0.395870 0.697998 0.396156 0.596539 0.644939 0.367179 0.670248 0.690703 0.405536 0.598724 0.184349 0.725581 0.662984 0.812999 0.517598 0.266692 0.993409 0.111677 -0.025821 0.974621 0.223533 -0.012076 0.807473 0.551972 0.208121 0.882542 0.371232 0.288630 0.819001 0.488981 0.300226 0.823815 0.464840 0.324427 0.736218 0.388613 0.554042 0.658899 0.367480 0.656362 0.687817 0.385731 0.614915 0.574293 0.712710 0.402781 0.735260 0.668326 0.112845 0.751844 0.589372 0.295587 0.711220 0.559888 0.425079 0.775445 0.407203 0.482568 0.905121 0.380644 0.189381 0.647645 0.761269 -0.032009 0.694547 0.719435 -0.004244 0.174500 0.304278 -0.936464 0.646552 0.366074 0.669298 0.460143 0.729984 -0.505363 0.832803 0.502903 0.231361 0.852267 0.383133 0.356162 0.788074 0.388673 0.477360 0.637987 0.357981 0.681778 0.620034 0.624712 0.474650 0.679684 0.346969 0.646253 0.825017 0.469963 0.313818 -0.194522 0.080895 0.977557 0.176686 0.679619 -0.711969 0.871922 0.407498 0.271472 0.784389 0.587321 0.199471 0.084902 0.781239 0.618432 0.112290 0.761725 0.638095 0.639552 0.362427 0.677953 0.815714 0.500662 0.289738 0.810175 0.515317 0.279400 0.926455 0.357840 0.116759 0.680684 0.599802 0.420603 0.875221 0.315457 0.366708 0.409663 0.680781 -0.607218 0.567590 0.736194 0.368592 0.064984 0.683333 0.727209 0.618941 0.704649 0.346961 0.945800 -0.152526 -0.286702 0.180093 0.081417 0.980274 
						0.653101 0.374168 0.658376 0.645804 0.349749 0.678685 0.884635 0.351793 0.306044 0.664949 0.376498 0.645052 0.671540 0.385513 0.632783 0.436945 -0.032325 0.898907 0.326471 0.782301 -0.530492 0.429274 0.772351 -0.468186 0.666599 0.725102 0.172838 0.712858 0.595842 0.369872 0.963868 0.257816 0.066995 0.702183 0.684410 0.196270 0.797270 0.510502 0.322099 0.715963 0.695002 -0.066093 0.747594 0.421398 0.513349 0.784027 0.425206 0.452219 0.785197 0.431491 0.444163 0.383366 -0.444885 0.809387 0.702986 0.658602 0.268430 0.420063 -0.450404 0.787835 0.207143 0.529340 0.822734 0.818419 0.425950 0.385690 0.810155 0.420800 0.408138 -0.691829 0.292704 0.660074 -0.548332 0.378071 0.745918 0.938591 -0.233285 -0.254213 0.718230 0.320092 0.617808 0.661277 0.349857 0.663561 0.681501 0.383145 0.623503 0.712333 0.402124 0.575220 0.815445 0.542138 0.202821 -0.376575 0.625230 0.683578 0.353721 0.005874 -0.935332 0.415350 0.239958 -0.877442 0.814824 0.481216 0.323253 -0.179700 0.338019 0.923824 -0.590048 -0.018589 0.807154 0.739089 0.618632 0.266535 0.788573 0.504663 0.351380 0.509245 -0.420176 0.751081 0.751911 0.530973 0.390766 0.765093 0.522058 0.376945 0.915222 0.364233 0.172346 0.744895 0.401349 0.532964 0.865557 0.464751 0.186592 0.654386 0.735483 0.175621 0.656594 0.655594 0.372935 0.364940 0.774769 -0.516287 0.454843 0.883423 -0.112613 0.515891 0.849135 -0.113255 0.752090 0.414292 0.512565 0.727387 -0.056521 0.683896 0.375012 0.147435 -0.915221 -0.074467 0.778147 0.623653 0.832252 0.462304 0.305992 0.190710 -0.338174 0.921557 0.771277 0.237364 0.590585 0.787911 0.417960 0.452223 0.939904 -0.314081 -0.133918 0.951124 -0.262886 -0.162032 0.963151 -0.242582 -0.116163 0.243093 0.865448 0.438070 0.940808 -0.291984 -0.172121 0.691119 0.652083 0.311677 
						0.653300 0.243849 0.716754 0.705410 0.407631 0.579856 0.920421 -0.310665 -0.237304 0.900423 -0.327837 -0.285940 0.625426 0.777075 0.070692 0.320212 0.713971 0.622664 0.817001 0.474399 0.327804 0.414419 0.306839 -0.856800 0.610410 0.157093 0.776351 0.796114 0.506843 0.330624 0.907808 0.369255 0.198833 0.904676 0.370730 0.210051 0.615140 0.586799 -0.526564 0.887045 -0.283580 -0.364325 0.644572 0.748747 0.154614 0.663263 0.384983 0.641771 0.392134 0.848019 0.356503 0.447060 0.852933 0.269523 0.636424 0.754499 -0.160296 0.653452 0.375941 0.657015 0.937794 0.305027 0.165837 0.634093 0.769006 -0.080970 0.759199 -0.383746 -0.525696 0.767174 0.419316 0.485405 0.879703 0.285366 0.380381 0.640242 0.766433 -0.051675 0.778139 0.605644 0.166417 0.547145 0.774265 -0.318036 0.675456 0.386125 0.628224 0.603237 0.709554 0.364197 0.949899 0.296545 0.098755 -0.195230 -0.102860 0.975349 0.695754 0.405167 0.593099 0.790505 0.489775 0.367725 0.536567 0.809451 0.238505 0.711755 0.632737 0.305039 0.929695 -0.149322 -0.336706 0.989230 0.122404 -0.080264 0.993142 -0.058587 -0.101179 0.249968 0.933576 0.256811 0.948568 0.315332 0.028006 0.221227 0.874181 0.432280 0.866496 0.440126 0.235528 0.411271 -0.164108 0.896618 -0.284655 0.708578 0.645670 0.612196 0.782768 0.111758 0.982389 0.185265 -0.024275 0.868331 0.347884 0.353524 -0.181142 0.418420 0.890007 0.766039 0.221444 0.603446 0.838027 0.386453 0.385182 0.641704 0.684956 0.345038 0.690845 0.666215 0.280874 0.493090 -0.004382 0.869967 0.718831 0.425057 0.550099 0.692506 0.411444 0.592578 0.769597 0.633102 0.083078 0.753062 0.434971 0.493659 0.466912 0.883266 0.042834 0.711636 0.691718 0.122888 0.801008 0.545508 0.246589 0.867141 0.436534 0.239800 0.312764 0.017383 -0.949672 0.466024 0.217335 0.857664 
						0.278760 0.148461 0.948816 0.851970 0.460844 0.248534 0.952364 0.061076 0.298784 0.480742 0.803114 -0.351987 0.477354 0.186451 -0.858702 0.805200 0.322248 0.497805 0.804815 0.320147 0.499779 0.178033 0.554012 0.813250 0.676373 0.396072 0.621004 0.687453 0.399900 0.606208 0.708869 0.258208 0.656379 0.176427 0.459203 0.870636 0.084074 0.455852 0.886076 0.098074 0.517611 0.849977 0.721324 0.431991 0.541365 0.705711 0.428970 0.563877 0.712617 -0.155230 -0.684164 0.333874 -0.005921 0.942599 0.377015 0.803181 -0.461260 0.952790 0.301700 -0.034163 0.703700 0.603435 0.375063 0.719438 0.359497 -0.594282 0.706170 0.610456 0.358701 0.971609 0.236578 0.002474 0.826980 0.445271 0.343276 -0.126085 0.529796 0.838701 0.612028 0.784909 -0.096638 0.622006 0.770318 0.140425 0.604827 0.784680 0.135876 0.809268 0.496265 0.314335 0.457540 0.693791 0.556157 0.131926 0.544680 0.828202 0.746142 0.433899 0.504979 0.796048 0.239076 0.556012 0.986110 0.144329 -0.082199 0.863556 0.334907 0.376973 0.208882 0.183190 0.960630 0.506334 0.786727 -0.353111 0.438637 0.287306 0.851500 0.885096 -0.153619 -0.439325 0.772655 0.184189 0.607518 0.683465 0.309902 0.660936 0.745266 0.426803 0.512268 0.513751 0.857048 0.039099 0.729075 0.621456 0.286780 0.676876 0.270986 -0.684402 0.699307 0.404160 0.589597 0.461374 -0.047389 0.885939 0.660260 0.051648 0.749259 0.782763 0.587191 0.206130 0.012578 0.809449 0.587055 0.782943 0.436342 0.443403 0.705386 0.553615 0.442652 0.547807 0.731593 -0.405808 0.508852 0.859597 -0.046509 0.605308 0.642779 0.469508 0.213386 0.769555 0.601874 0.748121 0.420875 0.513010 0.783415 0.450471 0.428179 0.720809 0.412534 0.557001 0.725045 0.243255 -0.644311 -0.832898 0.257487 0.489879 -0.193742 -0.069985 0.978553 0.655582 0.724570 0.212628 
						0.020250 -0.219394 0.975426 0.766327 0.322042 0.555906 -0.005778 0.739215 0.673445 0.066020 0.767341 0.637831 0.540631 0.076413 0.837783 0.893766 0.251180 0.371606 0.968465 0.223143 0.110826 0.997231 0.067229 -0.031800 0.982116 0.185290 0.033398 0.679629 0.382622 0.625863 0.638006 0.767603 0.061103 0.710239 0.661154 0.241737 0.301145 0.689230 0.658994 0.816019 -0.465367 -0.342850 0.807754 0.540970 0.234273 0.767842 0.446750 0.459166 0.976311 0.031951 -0.214000 0.841897 -0.384166 -0.378980 0.794908 0.360225 0.488221 0.792213 0.367146 0.487444 0.788420 0.511153 0.342223 0.759756 0.501809 0.413471 0.784459 0.504525 0.360663 0.530336 0.804899 -0.266234 0.833280 0.470795 0.289824 0.764515 0.491425 0.417155 0.647464 0.676932 0.350077 0.751719 0.515966 0.410728 0.009549 -0.451434 0.892254 0.601786 0.797845 0.036005 0.626152 0.754408 0.196982 0.486438 0.238170 -0.840626 0.701194 0.105243 0.705160 0.489015 0.021151 0.872019 0.771219 0.625399 0.118736 0.564476 -0.326251 0.758240 0.887202 0.100715 -0.450254 0.738525 0.528809 0.418260 0.725956 0.518196 0.452173 0.725734 0.524305 0.445439 0.497856 0.843679 0.200860 0.721157 0.525182 0.451792 0.735109 0.526332 0.427306 0.928534 0.339438 0.150355 0.742991 0.532820 0.405052 0.321432 0.763681 -0.559887 0.987766 0.131350 -0.084055 0.490163 -0.202872 0.847693 0.965393 -0.033286 0.258668 -0.205858 0.781840 0.588514 0.401643 0.811088 -0.425228 0.741861 0.516831 0.427233 0.737044 0.515691 0.436840 0.750284 0.504340 0.427452 0.826486 0.438990 0.352432 0.317303 0.835683 0.448279 0.756121 0.518426 0.399394 0.739023 0.511000 0.439004 0.666202 0.741285 -0.081683 0.753396 0.506120 0.419805 0.751586 0.514679 0.412582 0.619942 0.783870 0.034915 0.646347 0.678992 0.348145 0.724231 0.521784 0.450810 
						0.854360 0.485492 0.185379 0.722087 0.508717 0.468825 0.850116 -0.360087 -0.384239 0.383108 0.789865 -0.478896 0.702415 0.695806 0.149891 0.722788 0.526202 0.447984 0.384211 0.772428 -0.505704 0.707786 0.596425 0.378571 0.690003 0.600623 0.403915 0.716129 0.666483 0.207270 0.743012 0.518257 0.423488 0.802062 0.406907 0.437176 0.726195 0.514989 0.455442 0.595255 0.746182 -0.298133 0.758343 0.519566 0.393659 0.717774 0.422475 0.553457 0.739625 0.445570 0.504402 0.727586 0.428762 0.535521 0.726617 0.535165 0.430844 0.750346 0.446432 0.487524 0.870418 0.457554 -0.181704 0.417726 0.693825 0.586610 0.755221 0.461040 0.465923 0.936532 0.323376 0.135411 0.992834 -0.045318 -0.110577 0.541868 0.183109 -0.820274 0.781418 0.473588 0.406326 0.007543 0.693014 0.720885 -0.052525 0.338879 -0.939363 0.936359 0.297321 0.186636 0.760683 0.451719 0.466166 0.746722 0.457303 0.482991 0.789086 0.464123 0.402409 0.727366 0.531974 0.433523 0.747618 0.557525 0.360880 0.154528 0.509249 0.846632 0.413339 -0.311272 0.855722 0.745534 0.472752 0.469770 0.990115 0.040429 -0.134306 0.718541 0.621192 0.312761 0.736647 0.463378 0.492577 0.716651 0.341436 -0.608139 0.743181 0.486916 0.458906 0.730544 0.538316 0.420144 0.727197 0.538633 0.425510 0.748016 0.486195 0.451760 -0.215562 0.718107 0.661707 0.722934 0.686894 0.074453 0.614466 0.699486 0.364899 0.411804 0.805170 -0.426754 0.735266 0.536740 0.413877 0.736206 0.536133 0.412992 0.720019 0.525496 0.453240 0.811474 0.228110 -0.538030 -0.024341 0.832354 0.553710 0.305859 0.871743 -0.382771 0.709963 0.201407 0.674824 0.752387 0.484256 0.446553 0.798279 0.545572 0.255151 0.773462 0.478381 0.415823 0.766010 0.484265 0.422748 0.761887 0.479145 0.435832 0.751722 0.547309 0.367921 0.716691 -0.051001 0.695524 
						0.746550 0.523054 0.411190 0.761465 0.520873 0.385827 0.754956 0.461951 0.465448 0.735320 0.520460 0.434081 0.762535 0.520361 0.384402 0.708033 0.624360 0.329945 0.726874 0.524755 0.443042 -0.286049 0.765619 0.576197 0.788351 0.226373 0.572064 0.715470 0.517197 0.469691 0.713368 0.518356 0.471607 0.753341 0.465937 0.464090 0.762265 0.475550 0.439094 0.687229 0.539760 0.486184 0.067944 0.632689 0.771420 0.641565 0.350809 0.682149 0.749226 0.471785 0.464844 0.752161 0.479487 0.452047 0.618412 0.780525 -0.091364 0.744242 0.521540 0.417253 0.753696 0.521211 0.400352 -0.446434 0.877536 0.175006 0.707247 0.517640 0.481509 0.734260 0.532485 0.421096 0.833637 0.460938 0.304277 0.756762 0.642663 0.119562 0.789909 0.456289 0.409688 0.799011 0.465540 0.380596 0.380564 0.531755 -0.756576 -0.275603 0.735947 0.618405 0.962516 -0.122694 -0.241889 0.770533 0.619981 0.147996 0.748784 0.462480 0.474800 0.779961 0.470362 0.412821 -0.040306 0.833084 0.551675 0.049349 0.770315 0.635752 0.728542 0.446689 0.519323 0.747367 0.448545 0.490152 0.724747 0.435548 0.533890 0.726432 0.442022 0.526226 0.829791 0.475823 0.291616 0.732051 0.452350 0.509393 0.647328 0.742066 0.174082 0.755735 0.458091 0.467993 0.205538 0.802570 0.560032 0.759930 0.468023 0.451066 0.739738 0.531451 0.412732 0.762969 0.466395 0.447610 0.834120 -0.318515 -0.450325 0.016542 -0.494925 0.868778 0.484299 0.874349 -0.031100 -0.667217 0.283650 0.688741 0.835012 0.338218 0.434009 0.235057 0.598634 -0.765758 0.793362 0.561275 0.235685 -0.722942 0.595919 0.349621 0.320628 0.769142 0.552828 0.728738 0.421654 0.539582 0.770260 0.448492 0.453381 0.820638 0.296400 0.488569 0.694819 0.397520 0.599337 0.218479 0.863682 0.454226 0.773538 0.457589 0.438464 0.740480 -0.443148 -0.505281 
						0.765523 0.500327 0.404534 0.765863 0.506004 0.396755 0.762826 0.508329 0.399622 0.770615 0.509684 0.382589 0.769887 0.514195 0.377990 0.771117 0.515918 0.373105 0.761713 0.503007 0.408383 0.767676 0.518028 0.377252 0.544647 -0.221737 0.808822 -0.853911 0.439939 0.278011 0.795919 0.472132 0.378952 0.787427 0.474798 0.393097 0.767438 0.521511 0.372914 0.746586 -0.415821 -0.519329 0.800241 0.479031 0.360756 0.797292 0.484017 0.360628 0.765924 0.495227 0.410013 0.758241 0.488630 0.431637 0.784928 0.491556 0.377174 0.768914 0.502064 0.395856 0.708746 0.422491 0.564960 0.773948 0.519078 0.362715 0.766980 0.518563 0.377934 -0.059585 0.801798 0.594617 0.772482 0.514631 0.372057 0.734242 0.541368 0.409646 0.737228 0.536363 0.410865 0.736408 0.540751 0.406561 0.731661 0.546051 0.408044 0.737375 0.551041 0.390682 0.730678 0.546267 0.409513 0.733261 0.544040 0.407858 0.324585 0.782584 0.531231 0.461110 0.801007 -0.381792 0.750884 0.525918 0.399479 0.740636 0.530946 0.411771 0.741667 0.535104 0.404467 0.205892 0.841489 -0.499505 0.836611 0.449941 0.312467 0.673157 0.607530 0.421625 0.845380 0.412960 0.338816 0.200041 -0.250904 -0.947117 0.690831 0.599967 0.403475 0.694647 0.596914 0.401446 0.700388 0.592068 0.398637 
					</float_array>
					<technique_common>
						<accessor count="5613" offset="0" source="#meshId0-tangents-array" stride="3">
							<param name="X" type="float" />
							<param name="Y" type="float" />
							<param name="Z" type="float" />
						</accessor>
					</technique_common>
				</source>
				<source id="meshId0-bitangents" name="meshId0-bitangents">
					<float_array id="meshId0-bitangents-array" count="16839"> 
						-0.631722 0.772999 -0.058311 -0.606964 0.784196 -0.128966 -0.659596 0.751085 0.028376 -0.068482 0.997208 -0.029765 -0.056855 0.994375 -0.089360 0.107924 0.990089 0.089871 0.344600 -0.928015 0.141558 0.334191 -0.923189 0.189841 0.346827 -0.921476 0.174908 0.621707 -0.676651 -0.394491 0.473307 -0.643530 -0.601539 0.473133 -0.641240 -0.604116 0.189571 -0.938857 0.287420 0.188064 -0.918311 0.348334 0.205256 -0.942000 0.265530 -0.753051 0.643137 0.138887 -0.761022 0.642576 0.089117 -0.735624 0.615262 0.283388 -0.726950 0.676603 -0.117269 -0.701260 0.679915 -0.214361 -0.750562 0.656031 -0.079247 0.391008 -0.574467 0.719098 0.062818 -0.634035 0.770749 0.618124 -0.448407 0.645642 0.149665 -0.802064 0.578182 0.160658 -0.730397 0.663860 0.154013 -0.813945 0.560154 0.641661 -0.498645 -0.582772 0.665868 -0.407930 -0.624670 0.671963 -0.420295 -0.609769 0.142772 -0.084287 -0.986160 0.117932 -0.075070 -0.990180 0.142394 -0.194770 -0.970458 0.270746 0.871054 0.409832 0.211134 0.908097 0.361639 0.265952 0.864780 0.425940 0.051056 0.572133 -0.818570 0.199402 0.467115 -0.861419 0.285270 0.407521 -0.867495 0.804250 -0.572232 0.160415 0.791891 -0.546070 0.273341 0.806416 -0.565468 0.173030 0.347497 -0.921042 0.175862 0.584861 -0.810436 0.033649 0.437363 -0.889510 0.132230 -0.408370 0.841344 0.354083 -0.358424 0.748535 0.557877 -0.255369 0.701528 0.665316 -0.123520 0.473373 0.872159 -0.280249 0.489793 0.825568 -0.386219 0.523565 0.759417 -0.127490 0.971597 0.199365 -0.106709 0.970387 0.216710 -0.086026 0.966382 0.242291 -0.283280 0.909949 -0.302895 -0.285000 0.919258 -0.271550 -0.162053 0.986728 -0.010340 -0.029033 -0.567387 0.822939 0.025489 -0.592289 0.805323 -0.004185 -0.621938 0.783055 -0.133738 0.690365 -0.710993 0.136192 0.556343 -0.819716 -0.019622 0.643850 -0.764900 0.455266 -0.487612 -0.744961 
						0.390714 -0.427034 -0.815466 0.387247 -0.405702 -0.827917 0.278104 -0.914707 0.293205 0.251265 -0.903104 0.348238 0.266215 -0.899415 0.346673 -0.323307 -0.946286 0.003844 -0.195840 -0.979968 0.036191 -0.265776 -0.963938 0.013648 -0.486443 -0.869586 -0.084812 -0.437369 -0.899218 -0.010765 0.605543 -0.677282 -0.417860 0.537742 -0.617798 -0.573724 0.557957 -0.628967 -0.541373 -0.414821 0.906163 -0.082417 -0.393863 0.914429 -0.093229 -0.461785 0.886615 -0.025844 0.128978 -0.866437 0.482340 0.122694 -0.871612 0.474594 0.091424 -0.916868 0.388581 -0.523257 0.744069 -0.415409 -0.641047 0.535798 -0.549526 -0.468834 0.755514 -0.457596 0.179971 -0.621582 0.762395 0.157235 -0.583221 0.796951 0.130185 -0.521606 0.843195 0.745310 -0.360703 -0.560719 0.842911 -0.162024 -0.513079 0.825389 -0.218564 -0.520541 0.531875 -0.846676 0.015777 0.444991 -0.849487 0.283470 0.440345 -0.861119 0.254106 -0.525936 0.023361 -0.850203 -0.507755 0.175732 -0.843388 -0.565527 -0.009444 -0.824675 -0.300835 0.953605 0.011709 -0.343624 0.937145 -0.060685 -0.341682 0.939329 -0.030238 0.447660 -0.887985 0.105278 0.495367 -0.867431 -0.046629 0.489181 -0.871173 -0.041942 -0.399008 0.407769 -0.821290 -0.340051 0.416224 -0.843281 -0.437240 0.296859 -0.848938 0.180781 0.900675 0.395098 0.100204 0.925164 0.366102 0.137116 0.912172 0.386188 -0.452409 0.277058 -0.847682 -0.375769 -0.348579 0.858656 -0.347283 -0.375227 0.859418 -0.319591 -0.313477 0.894200 0.549780 -0.735020 -0.396848 0.577172 -0.670179 -0.466618 0.539121 -0.752190 -0.378890 -0.764585 0.643266 -0.040226 -0.751377 0.648911 -0.119774 -0.739159 0.654420 -0.159306 -0.665739 0.739195 -0.101893 -0.599954 0.752670 -0.271189 -0.597020 0.752066 -0.279220 0.079745 0.522703 -0.848777 0.101371 0.487143 -0.867419 0.265377 0.327456 -0.906834 -0.579892 -0.644552 0.498275 -0.563423 -0.685145 0.461662 
						-0.587978 -0.655225 0.474302 0.752499 -0.605320 0.259485 0.755532 -0.598996 0.265281 0.773051 -0.609355 0.176293 0.174354 -0.695572 0.696980 0.187364 -0.726317 0.661330 0.210065 -0.784912 0.582911 0.455557 -0.840205 0.294148 0.490445 -0.855141 0.167922 0.429070 -0.837741 0.337770 -0.108552 0.407747 0.906620 -0.296611 0.466357 0.833386 -0.008293 0.405266 0.914161 -0.257723 0.965769 0.029490 -0.175941 0.982884 -0.054626 -0.246944 0.968978 -0.010019 0.022982 0.949793 0.312035 -0.638899 0.764023 -0.089872 -0.625804 0.767261 -0.140287 -0.583072 0.775114 -0.243361 0.114429 0.915344 0.386072 0.085816 0.917926 0.387360 0.060335 0.928465 0.366486 -0.662161 0.678243 -0.318637 -0.607014 0.692339 -0.390128 -0.698281 0.659844 -0.277508 0.012948 0.174888 -0.984503 0.039261 0.144243 -0.988763 -0.023919 0.350487 -0.936262 -0.111527 0.319155 -0.941117 -0.093490 0.344728 -0.934036 -0.115031 0.459168 -0.880871 -0.278566 0.680614 0.677618 -0.626778 0.708538 0.324228 -0.551919 0.779627 0.295919 -0.596971 0.728156 0.336772 -0.524792 0.359189 0.771737 -0.465180 0.311789 0.828490 -0.418443 0.258466 0.870690 -0.013361 0.960319 0.278582 0.707651 -0.706531 0.006625 0.657082 -0.753687 0.014080 0.213762 -0.976646 -0.021630 0.239493 -0.969654 -0.049140 0.243739 -0.965225 -0.094505 0.584712 -0.720232 -0.373333 0.572957 -0.627963 -0.526672 0.582346 -0.693009 -0.424985 -0.734528 0.610277 0.296699 -0.764221 0.633285 0.122129 -0.756454 0.623766 0.196707 0.031849 0.571998 -0.819636 0.021600 0.581860 -0.813002 -0.109413 0.673865 -0.730708 -0.381671 0.918354 -0.104653 -0.320835 0.947098 0.008342 -0.013823 0.369302 0.929207 -0.340737 0.459273 0.820345 -0.319063 0.460026 0.828598 0.396029 0.251433 -0.883143 0.311362 0.354278 -0.881783 0.195115 0.444504 -0.874269 0.633436 -0.509511 0.582372 0.761835 -0.511981 0.396841 
						0.670630 -0.521049 0.527981 -0.799314 0.560458 0.216758 -0.752059 0.589936 0.293909 -0.782679 0.577383 0.232471 -0.449153 -0.261896 0.854208 -0.535791 -0.089536 0.839590 -0.450334 -0.199430 0.870303 -0.193831 0.974420 -0.113729 -0.202614 0.975209 -0.088961 -0.175096 0.980296 -0.091445 0.184814 0.883547 0.430335 -0.271328 0.793209 -0.545161 -0.378614 0.843114 -0.381850 -0.292585 0.806435 -0.513865 -0.485473 0.766930 -0.419683 -0.605794 0.761826 -0.229423 -0.290559 0.730550 -0.617959 0.148585 -0.987827 0.046051 -0.011862 -0.997718 0.066463 0.050272 -0.996978 0.059228 0.706237 -0.682077 -0.189738 0.721239 -0.692561 0.013154 0.644483 -0.669991 -0.368448 -0.652617 0.037721 0.756748 -0.702671 0.233143 0.672234 -0.628642 0.016690 0.777515 -0.666838 0.631204 0.396118 -0.632934 0.702160 0.326138 -0.680626 0.601791 0.417846 -0.389773 0.900946 0.190718 -0.332407 0.938620 0.092180 -0.368885 0.911099 0.183906 0.388041 -0.593847 0.704819 0.077788 -0.649374 0.756480 0.210254 -0.629432 0.748070 -0.456236 0.788615 -0.412231 -0.520143 0.790761 -0.322721 -0.578632 0.788905 -0.206916 -0.657548 0.667416 -0.349551 -0.619785 0.684835 -0.383233 -0.549379 0.716173 -0.430440 -0.303294 -0.446902 0.841601 -0.291847 -0.431067 0.853819 -0.196055 0.714086 -0.672044 -0.300882 0.771525 -0.560553 -0.162867 0.687187 -0.707989 -0.688810 0.671229 0.273847 -0.663083 0.722878 0.194342 -0.684775 0.689524 0.235881 0.031888 0.535055 0.844215 -0.095201 0.600470 0.793960 -0.044616 0.555055 0.830616 -0.643885 0.708058 -0.289943 -0.578571 0.713115 -0.395883 -0.630193 0.693046 -0.350062 -0.588911 0.783541 -0.198110 -0.582922 0.782605 -0.218475 -0.640397 0.764043 -0.078290 0.412969 0.007833 -0.910711 0.463905 -0.088562 -0.881447 0.470107 -0.138227 -0.871718 0.380962 -0.051204 -0.923172 0.366404 0.004180 -0.930446 0.454457 -0.199072 -0.868239 
						0.490963 -0.224824 -0.841671 0.454985 -0.173108 -0.873511 0.414707 -0.013222 -0.909859 -0.418031 0.904877 0.080301 -0.452975 0.881489 0.133380 -0.424276 0.899115 0.107618 0.100816 -0.991471 0.082589 0.116404 -0.982154 -0.147727 0.113385 -0.982469 0.147979 0.252242 -0.577269 0.776617 -0.112251 -0.676811 0.727548 -0.055719 -0.672526 0.737973 0.279874 -0.257396 -0.924888 0.409782 -0.378852 -0.829789 0.401698 -0.394508 -0.826439 0.010735 0.940893 0.338535 -0.055149 0.962662 0.265030 0.411487 -0.795785 0.444302 0.333455 -0.740907 0.582979 0.349310 -0.739551 0.575367 0.357687 -0.690317 -0.628906 0.203463 -0.682942 -0.701564 0.356400 -0.672570 -0.648559 -0.497220 0.768837 0.402071 -0.491036 0.773834 0.400081 -0.433140 0.882333 0.184063 -0.216301 0.796272 -0.564947 -0.303159 0.777518 -0.550963 -0.075640 0.814792 -0.574798 -0.012348 0.590133 -0.807211 -0.098259 0.663517 -0.741681 0.000748 0.570423 -0.821351 0.140389 -0.692188 0.707931 0.147130 -0.744595 0.651100 0.134651 -0.844852 0.517778 0.513550 -0.816206 -0.264717 0.543332 -0.754826 -0.367463 0.520556 -0.800417 -0.297245 -0.472636 0.800305 -0.368955 -0.578866 0.797141 -0.171699 -0.499840 0.807832 -0.312357 -0.311589 0.866331 -0.390362 -0.355231 0.884242 -0.303193 -0.352922 0.887203 -0.297183 0.751998 -0.654826 -0.075505 0.784279 -0.620377 0.006245 0.708600 -0.691913 -0.138360 -0.708251 0.679988 0.189727 -0.684331 0.729100 0.010195 -0.702523 0.676591 0.220651 0.258418 -0.847731 0.463219 0.261238 -0.848412 0.460383 0.291098 -0.877598 0.380900 0.686752 -0.723546 -0.069670 0.688875 -0.719841 -0.085320 0.671125 -0.734932 0.097294 0.056833 0.924877 0.375997 -0.039840 0.928122 0.370137 -0.169668 0.964542 0.202169 -0.072906 0.940970 0.330545 -0.249843 0.301040 -0.920301 -0.238180 0.406318 -0.882143 -0.209748 0.578425 -0.788309 0.652455 -0.650968 -0.387999 
						0.661316 -0.649138 -0.375874 0.685879 -0.653513 -0.320143 -0.477724 0.862558 0.166653 -0.501437 0.847022 0.176395 -0.516309 0.829812 0.211749 -0.102203 0.607947 -0.787372 -0.072518 0.541133 -0.837804 -0.043160 0.483386 -0.874343 0.386278 0.381124 -0.839961 0.583091 0.246780 -0.774018 0.361653 0.410594 -0.837030 0.095143 -0.844784 0.526581 0.059723 -0.959597 0.274966 0.041965 -0.986824 0.156263 -0.316892 0.875747 -0.364207 -0.310108 0.862909 -0.399026 -0.326758 0.879211 -0.346723 0.360377 -0.924971 -0.120654 0.424199 -0.879073 -0.217454 0.326006 -0.941922 -0.080639 -0.263516 0.711125 -0.651813 -0.257318 0.752482 -0.606265 -0.267076 0.714952 -0.646153 0.287568 -0.954371 0.080504 0.369111 -0.929064 -0.024430 0.291993 -0.944315 0.151689 -0.362443 0.873353 -0.325407 -0.458222 0.876558 -0.147237 -0.442145 0.886770 -0.134710 -0.207656 0.956642 -0.204243 -0.168151 0.948669 -0.267867 -0.161239 0.967292 -0.195829 0.583080 -0.748645 -0.315513 0.573891 -0.658300 -0.487125 0.581264 -0.693977 -0.424886 -0.687473 0.604270 0.402788 -0.719407 0.635971 0.279275 -0.714756 0.628233 0.307324 -0.781834 0.605941 -0.146873 -0.863681 0.502512 -0.039201 -0.894955 0.444857 -0.034030 0.013235 -0.606257 0.795159 0.057367 -0.608014 0.791851 0.107167 -0.544635 0.831798 -0.685953 0.727630 -0.004723 -0.320120 0.701681 -0.636527 -0.560661 0.729079 -0.392559 -0.542931 0.737802 -0.401091 -0.215928 0.697305 -0.683477 -0.328833 0.750835 -0.572814 -0.219735 0.697397 -0.682168 -0.689181 0.702503 -0.177534 -0.667190 0.700585 -0.253056 -0.680703 0.693076 -0.237256 -0.601174 0.752912 -0.267792 -0.704525 0.699060 0.122308 -0.696675 0.716951 0.025032 0.706796 -0.705543 0.051465 0.723675 -0.689362 0.032791 -0.249275 0.759770 -0.600509 -0.373549 0.810646 -0.450903 -0.294570 0.784815 -0.545246 -0.284866 0.713815 -0.639781 -0.454484 0.717759 -0.527510 
						-0.607283 0.722526 -0.330399 -0.667708 0.739728 -0.083475 -0.600499 0.750727 -0.275335 -0.656667 0.737777 -0.156443 -0.686475 0.609805 0.396094 0.117204 0.456825 -0.881802 -0.705868 0.707468 0.035193 -0.547770 0.744242 -0.382167 0.759917 -0.635950 -0.134513 0.735584 -0.638839 -0.225390 -0.198175 -0.314218 0.928436 -0.329089 -0.226545 0.916721 -0.231659 -0.301933 0.924755 0.437278 -0.716986 0.542880 0.443826 -0.726108 0.525152 0.337226 -0.670914 0.660419 -0.457529 0.635447 0.621993 -0.481306 0.590502 0.647806 -0.501423 0.611489 0.612092 -0.730571 0.601670 0.322890 -0.786143 0.602039 0.139743 -0.787245 0.594781 0.162729 -0.564141 0.780725 -0.268727 -0.509620 0.837688 -0.196383 -0.506903 0.837733 -0.203107 0.618367 -0.752312 -0.227263 0.587138 -0.671213 -0.452485 0.606449 -0.733447 -0.307043 0.145849 -0.763411 0.629231 0.113422 -0.643251 0.757208 -0.476737 0.512303 0.714330 -0.068727 0.219884 -0.973102 -0.097537 0.167627 -0.981014 -0.448367 0.781600 -0.433668 -0.621694 0.764480 -0.170491 -0.401793 0.766067 -0.501701 -0.577618 0.773093 0.262077 -0.565914 0.795040 0.218294 -0.588520 0.765809 0.259193 -0.363396 0.898550 -0.246071 -0.220764 0.968729 -0.113261 0.193832 -0.672237 0.714512 0.221473 -0.745344 0.628817 0.182413 -0.677988 0.712080 0.184475 0.445286 -0.876179 0.462392 -0.634939 0.618907 0.552866 -0.646236 0.526040 0.561521 -0.652038 0.509451 -0.427838 -0.334328 0.839750 -0.293989 -0.425838 0.855705 0.111939 -0.905722 0.408825 0.154628 -0.839850 0.520330 -0.493308 0.771423 -0.401937 -0.538157 0.733505 -0.415160 -0.414450 0.814344 -0.406294 0.056904 -0.468180 0.881799 0.064272 -0.465613 0.882651 -0.091887 -0.301380 0.949066 -0.279273 0.940764 -0.192277 -0.280448 0.943106 -0.178606 -0.310659 0.946384 -0.088590 -0.629545 0.715284 -0.303385 -0.613296 0.744147 -0.264789 -0.665219 0.663164 -0.343070 
						-0.499210 0.794786 -0.345116 -0.398614 0.777164 -0.486953 -0.520880 0.794990 -0.310925 0.652274 -0.727790 -0.211803 0.652291 -0.756526 0.046732 0.661534 -0.747711 -0.057455 0.409928 -0.710758 0.571649 0.593213 -0.782308 0.189978 0.373358 -0.897980 0.232886 0.370726 -0.898706 0.234284 0.568447 -0.768571 0.293543 0.562074 -0.766739 0.310136 0.616721 -0.778782 0.114685 -0.356788 0.927477 -0.111748 -0.360459 0.926124 -0.111189 -0.396927 0.916683 -0.046274 -0.390035 -0.775297 0.496777 -0.516813 -0.720366 0.462576 -0.458700 -0.719543 0.521395 0.596164 -0.629375 -0.498473 0.603396 -0.602527 -0.522374 0.527823 -0.785957 -0.321986 0.562231 -0.692109 -0.452638 0.537490 -0.761582 -0.362074 -0.710715 0.688883 0.142565 -0.195377 0.597130 0.777987 -0.236533 0.644792 0.726839 -0.279955 0.640979 0.714682 -0.618876 0.785426 -0.009942 -0.546915 0.817127 -0.182172 -0.607533 0.792541 -0.052755 -0.097642 0.638714 -0.763224 -0.085228 0.623106 -0.777480 -0.151879 0.687633 -0.709996 -0.446707 0.701963 0.554708 -0.476380 0.776406 0.412621 -0.465570 0.685929 0.559237 0.747411 -0.659539 0.079908 0.760872 -0.648581 0.020400 0.750112 -0.661226 0.010639 -0.444553 0.859682 0.251632 -0.454148 0.825794 0.334386 -0.451647 0.662436 -0.597657 -0.280436 0.894483 -0.348219 0.063309 -0.569215 0.819747 -0.029427 -0.556420 0.830380 0.160269 -0.593696 0.788568 0.113865 -0.925919 0.360152 0.112459 -0.880123 0.461234 0.107406 -0.953172 0.282713 -0.576563 0.576071 0.579411 -0.547249 0.588153 0.595478 -0.457594 0.570217 0.682247 -0.262330 0.209714 -0.941914 -0.254869 0.358676 -0.897994 -0.261794 0.394861 -0.880653 -0.271394 0.960642 0.059258 -0.278552 0.958839 0.055099 -0.314298 0.942498 0.113640 0.299386 0.419582 -0.856924 0.544194 0.237727 -0.804574 0.400142 0.358668 -0.843352 0.045693 -0.998624 0.025735 -0.047392 -0.994609 0.092228 
						-0.071798 -0.995230 0.066039 -0.357970 -0.740091 0.569317 -0.262874 -0.778246 0.570289 -0.066265 -0.859143 0.507427 0.711637 -0.699927 0.060616 0.714024 -0.697139 0.064548 0.716795 -0.690673 0.095791 -0.700352 0.618244 0.356764 -0.701255 0.663449 0.260916 -0.679958 0.586195 0.440490 0.177170 -0.801163 0.571620 0.085690 -0.922098 0.377351 0.456625 -0.830719 0.318434 0.417266 -0.806839 0.418211 0.444035 -0.814378 0.373659 0.600860 -0.616411 -0.508924 0.598467 -0.598642 -0.532414 0.609422 -0.588530 -0.531260 -0.373632 -0.740169 0.559060 -0.501689 -0.691583 0.519635 -0.492606 -0.694837 0.523966 0.564353 0.475080 -0.675133 0.292866 0.571800 -0.766338 0.502548 0.490730 -0.711779 -0.332105 0.794502 -0.508403 -0.442935 0.749219 -0.492423 -0.453579 0.749789 -0.481750 -0.685027 0.725442 0.066870 -0.649065 0.760078 -0.031561 -0.586618 0.741698 -0.325214 -0.708087 0.705138 -0.037329 0.654803 -0.533951 -0.534911 0.687767 -0.475173 -0.548805 0.676399 -0.525096 -0.516487 -0.663607 0.085658 0.743161 -0.699565 0.158459 0.696778 -0.715415 0.153349 0.681664 -0.149794 0.685600 -0.712401 -0.194573 0.716571 -0.669826 -0.248138 0.768507 -0.589767 -0.718099 0.473037 0.510460 -0.703935 0.536686 0.465235 -0.698831 0.567530 0.435367 0.572026 -0.774965 0.268730 0.623301 -0.774196 0.110075 0.608451 -0.782470 0.132391 0.042305 0.919069 0.391819 0.008794 0.932050 0.362222 0.561857 -0.720149 -0.407064 0.567005 -0.649381 -0.506764 0.565381 -0.679823 -0.467103 0.365053 -0.784484 0.501319 0.389606 -0.801140 0.454292 0.365485 -0.797886 0.479373 -0.402321 0.602463 0.689331 -0.737175 0.566785 0.367871 -0.731897 0.570148 0.373174 0.552912 -0.807072 0.207178 0.471573 -0.793744 0.384175 0.493139 -0.791614 0.360778 0.547626 -0.112578 -0.829115 0.533643 -0.091271 -0.840770 0.505200 0.074662 -0.859767 0.424045 -0.904587 0.043694 
						0.510120 -0.860089 0.005009 0.419730 -0.905629 0.060523 0.125503 0.843682 0.521967 -0.054700 0.839400 0.540754 0.141730 0.779939 0.609596 -0.557105 0.823301 0.108671 -0.583644 0.799529 0.141820 -0.584390 0.789454 0.187753 -0.068141 0.637327 -0.767575 -0.271958 0.714061 -0.645101 -0.029546 0.621614 -0.782766 -0.329473 0.783898 -0.526263 -0.280927 0.937124 -0.207070 0.608923 -0.779574 0.146552 0.641572 -0.765175 -0.053795 0.624902 -0.779621 0.041097 -0.669655 -0.015886 0.742502 -0.718172 0.034000 0.695034 0.457553 -0.889113 -0.011107 0.405582 -0.903823 0.136407 0.428673 -0.899143 0.088210 -0.099876 0.843919 -0.527091 -0.119608 0.825875 -0.551021 0.056538 0.868017 -0.493304 0.486966 -0.871082 0.063876 0.455703 -0.879274 0.138605 0.443602 -0.876710 0.186001 -0.080539 0.630130 -0.772302 -0.113232 0.661650 -0.741213 -0.109153 0.655334 -0.747411 -0.081584 0.703661 -0.705836 -0.051416 0.696758 -0.715461 0.023854 0.690164 -0.723259 -0.702613 0.668200 -0.244629 -0.644830 0.674351 -0.359784 -0.722421 0.660661 -0.204045 0.170904 -0.691821 0.701552 0.151614 -0.814090 0.560598 0.147987 -0.747927 0.647074 0.693401 -0.700283 -0.169705 0.680050 -0.704394 -0.203374 0.677473 -0.729963 0.090471 -0.703383 0.697821 0.135273 -0.673506 0.737064 -0.055908 -0.681121 0.731038 -0.040720 -0.697127 0.716639 -0.021010 -0.699989 0.710676 0.070393 -0.689460 0.718920 0.088309 0.568502 -0.445530 -0.691598 0.538483 -0.262535 -0.800694 0.551711 -0.285533 -0.783636 0.406164 -0.819349 0.404597 0.403185 -0.809430 0.426925 -0.618921 0.548209 0.562497 -0.680680 0.597171 0.424337 -0.659955 0.580083 0.477455 -0.672988 0.670347 -0.312605 -0.544319 0.692207 -0.473885 -0.515309 0.704982 -0.487295 0.113574 -0.944769 0.307428 0.099369 -0.935934 0.337865 0.117987 -0.909184 0.399328 -0.792766 0.582473 -0.179575 -0.813521 0.567739 -0.125920 
						-0.753702 0.609787 -0.245138 -0.265717 -0.251785 0.930591 -0.693988 0.694634 0.189378 0.500769 -0.855895 0.129124 0.408464 -0.841656 0.353232 0.455926 -0.853975 0.250716 0.164127 -0.983448 -0.076763 0.172259 -0.984483 0.033482 0.202004 -0.979294 -0.013288 -0.814106 0.553497 0.175704 -0.806578 0.557821 0.195621 -0.332832 0.687635 0.645276 -0.349898 0.629595 0.693672 0.608043 -0.617383 -0.499122 0.688047 -0.479974 -0.544258 0.648789 -0.564084 -0.510766 0.619735 -0.490260 -0.612841 0.611500 -0.542451 -0.576034 0.613201 -0.498176 -0.613029 -0.177487 -0.742737 0.645631 -0.419064 -0.815345 0.399496 -0.385929 -0.821043 0.420651 -0.420077 0.905066 0.066261 -0.395192 0.918065 0.031296 -0.407665 0.912998 0.015646 -0.020129 -0.584468 0.811167 -0.034923 -0.639760 0.767781 0.257911 -0.966079 0.013196 0.201931 -0.978974 0.028876 0.096329 -0.992835 0.070701 0.613138 -0.754815 -0.233058 0.608840 -0.783104 -0.126734 0.614888 -0.772211 -0.160007 0.624679 -0.304867 -0.718910 0.612165 -0.093890 -0.785137 0.630786 -0.236897 -0.738910 0.615621 -0.769070 0.171878 0.639318 -0.758289 0.127552 0.666925 -0.741067 -0.077659 0.261160 -0.923466 0.281080 0.244426 -0.950039 0.194119 0.246299 -0.944632 0.216809 0.355943 -0.931336 0.076931 0.361925 -0.927474 0.093821 0.386452 -0.922245 -0.010913 -0.212569 0.764898 -0.608067 -0.222499 0.669469 -0.708735 -0.231095 0.658430 -0.716285 -0.237884 -0.689728 0.683876 -0.072424 -0.669940 0.738874 0.142270 -0.611939 0.778003 -0.444467 0.284467 0.849428 -0.373949 0.210544 0.903235 -0.419192 0.265203 0.868300 -0.015318 0.205653 -0.978505 -0.065852 0.382002 -0.921812 -0.040707 0.168681 -0.984830 0.667201 -0.730682 -0.144731 0.643171 -0.761238 0.082754 0.662320 -0.726126 -0.184589 0.253928 -0.959062 0.125382 0.265130 -0.955486 0.129433 0.288247 -0.955182 0.067379 -0.748268 0.560620 0.354682 
						-0.558099 0.741171 0.373084 -0.646484 0.647686 0.403189 -0.374977 0.914311 -0.153059 -0.353649 0.917963 -0.179657 -0.325206 0.914847 -0.239365 -0.175980 0.719693 -0.671619 -0.191071 0.736975 -0.648352 -0.230487 0.779819 -0.582029 -0.466357 0.882770 0.056816 -0.455915 0.889163 0.039127 -0.441963 0.892225 0.092758 0.501743 -0.464247 -0.729883 0.521599 -0.499868 -0.691424 0.522255 -0.509075 -0.684173 -0.474944 0.729022 0.492905 0.409140 -0.911331 0.045604 0.408415 -0.911272 0.052734 0.402580 -0.913446 0.059546 -0.343410 0.912625 -0.221779 -0.299426 0.905263 -0.301403 0.482754 -0.260477 -0.836122 0.496299 -0.325328 -0.804891 0.613075 -0.687944 -0.388422 0.582616 -0.663247 -0.469747 0.612022 -0.686975 -0.391784 -0.062613 0.614349 -0.786546 0.568723 -0.595014 -0.567902 0.565642 -0.548400 -0.615878 0.568586 -0.603256 -0.559279 -0.443500 0.896238 0.008145 -0.448784 0.886849 0.109966 -0.461396 0.881155 0.103341 0.268870 -0.934538 0.233125 0.277204 -0.941459 0.191868 0.346263 -0.929980 0.123448 -0.327671 0.910780 -0.251219 -0.704753 0.679631 0.203532 -0.700618 0.680967 0.213113 0.306148 -0.949977 0.061776 0.325789 -0.944669 0.038224 0.306078 -0.948335 0.083525 0.215045 -0.597614 0.772407 0.117445 -0.567646 0.814852 0.030564 -0.545725 0.837407 -0.328665 0.366477 0.870445 -0.428439 0.432079 0.793566 -0.240813 0.345068 0.907159 0.252533 -0.922953 0.290491 0.263401 -0.906122 0.331003 0.245225 -0.937379 0.247355 -0.387808 0.921738 -0.001862 -0.293509 0.947138 -0.129542 -0.313124 0.945170 -0.092769 -0.615127 0.726993 -0.305123 -0.693041 0.655709 -0.299567 -0.618010 0.707675 -0.342434 -0.256480 0.753057 -0.605906 -0.252429 0.750156 -0.611184 -0.371218 0.795306 -0.479255 0.261076 -0.628991 0.732263 0.154227 -0.560355 0.813767 0.247981 -0.622297 0.742464 -0.398185 0.912131 0.097297 -0.440852 0.886178 0.142610 
						-0.410890 0.902129 0.131651 -0.324549 0.386721 -0.863200 -0.306263 0.409602 -0.859319 -0.398703 0.281835 -0.872700 -0.509154 0.350625 0.786018 -0.551789 0.313788 0.772701 -0.544386 0.338587 0.767465 -0.627313 0.756554 -0.184672 -0.532698 0.766873 -0.357965 -0.611749 0.761313 -0.214861 -0.343617 0.205572 0.916334 -0.422021 0.732861 -0.533680 -0.251137 0.694377 -0.674367 -0.147905 0.681270 -0.716935 -0.320427 0.818068 -0.477588 -0.272261 0.784325 -0.557411 -0.370325 0.841183 -0.394045 -0.323425 0.916762 -0.234400 -0.327031 0.918267 -0.223241 -0.153858 -0.655762 0.739123 -0.068577 -0.723290 0.687131 -0.230237 -0.601745 0.764783 -0.341912 0.720159 -0.603712 -0.132181 0.651569 -0.746985 -0.111675 0.640186 -0.760060 0.206551 0.785378 -0.583539 -0.005847 0.775816 -0.630932 0.076806 0.770091 -0.633293 0.416656 -0.888296 -0.193205 0.474791 -0.829906 -0.292967 0.449179 -0.855285 -0.258312 -0.137369 0.591548 0.794481 0.589258 -0.807659 -0.021496 0.605401 -0.791673 -0.082117 0.597033 -0.798749 -0.074506 -0.320747 0.700520 -0.637489 -0.128729 0.658529 -0.741464 -0.039079 0.627694 -0.777478 0.354122 -0.692095 -0.628969 0.090020 0.589088 0.803039 0.046705 0.593356 0.803584 0.105964 -0.427686 0.897695 0.094749 -0.343643 0.934308 0.072280 -0.302343 0.950455 -0.207941 -0.428424 0.879325 -0.393213 -0.360665 0.845756 -0.133254 -0.468786 0.873203 -0.120418 -0.283272 0.951450 -0.091309 -0.396390 0.913530 -0.106790 -0.474263 0.873882 0.204982 -0.794135 0.572130 -0.005084 0.620818 -0.783938 -0.006972 0.629091 -0.777300 -0.143695 0.691511 -0.707929 0.687785 -0.703851 -0.177610 0.676416 -0.556272 -0.482724 0.690362 -0.521861 -0.501060 0.703252 -0.512117 -0.493125 0.599345 -0.734803 0.317570 0.633411 -0.732528 0.249386 0.652983 -0.735711 0.179840 0.568271 -0.787933 0.237126 0.629206 -0.777223 -0.004980 0.604865 -0.791760 0.085178 
						-0.391829 0.740284 -0.546306 -0.286215 0.732119 -0.618129 -0.220599 0.722990 -0.654691 -0.786691 0.606146 0.117064 -0.789842 0.613266 0.007355 -0.788870 0.614222 -0.020405 0.524721 -0.478957 -0.703753 0.544672 -0.532177 -0.648167 0.528756 -0.500642 -0.685401 -0.039877 -0.614899 0.787597 -0.043852 -0.553882 0.831440 -0.439891 0.718202 -0.539150 -0.292623 0.681271 -0.671001 -0.522065 0.728338 -0.443816 -0.666012 0.684306 -0.296907 -0.712355 0.671722 -0.203323 -0.691315 0.686388 -0.225734 0.268540 -0.957482 -0.105428 0.240114 -0.966715 -0.088364 0.263928 -0.947220 -0.181977 0.550384 -0.730195 -0.404837 0.514987 -0.790218 -0.332180 -0.731016 0.629740 -0.262763 -0.728071 0.622195 -0.287726 -0.717041 0.671387 -0.187328 0.420804 -0.906567 0.032558 0.436118 -0.899876 0.004937 0.441527 -0.896900 -0.024972 0.068288 0.990993 0.115194 0.065212 0.963091 0.261155 0.239327 -0.955355 0.173262 0.249550 -0.928695 0.274318 -0.019975 0.651581 -0.758316 -0.178056 0.697503 -0.694108 0.025641 0.627511 -0.778185 0.651793 -0.640690 -0.405810 0.676750 -0.672905 -0.298678 0.703101 -0.696734 -0.142164 -0.300443 -0.259192 0.917907 -0.445027 -0.146290 0.883488 -0.295582 -0.274888 0.914914 -0.770605 0.595261 0.227668 -0.051158 0.738732 -0.672055 -0.214658 0.738832 -0.638788 -0.116717 0.733485 -0.669609 -0.613683 0.691202 0.381619 -0.657397 0.667510 0.349656 -0.710588 0.594385 0.376525 0.497698 -0.846618 -0.188506 0.514767 -0.816839 -0.260363 0.493060 -0.851352 -0.179139 -0.713596 0.589632 0.378306 -0.702858 0.637920 0.314720 -0.722932 0.539067 0.432177 -0.692316 0.219210 0.687493 -0.592171 -0.031928 0.805180 -0.725817 0.510237 0.461354 -0.727228 0.429823 0.535156 0.160352 0.900030 0.405257 0.132509 0.926241 0.352872 0.387071 -0.920018 0.061178 0.395940 -0.918160 0.014615 0.337456 -0.922828 0.185775 0.229975 -0.806059 0.545326 
						-0.028757 0.802408 -0.596083 0.113617 0.819473 -0.561743 0.113818 0.911635 0.394926 -0.256921 0.795842 0.548294 -0.100512 0.730287 0.675705 -0.287031 0.831094 0.476337 0.505624 -0.093916 -0.857627 0.494174 0.017412 -0.869189 0.541170 -0.180609 -0.821289 -0.365080 0.927820 -0.076590 -0.423737 0.905721 0.010835 -0.406790 0.913520 0.001635 0.082822 -0.976693 0.198020 0.072136 -0.997342 0.010259 0.511449 -0.847811 -0.140130 0.474945 -0.879880 -0.015426 0.156641 -0.986683 0.043824 0.247427 -0.965383 -0.082561 0.213615 -0.974377 0.070419 0.663732 -0.680395 -0.310680 0.670351 -0.667023 -0.325130 0.723936 -0.655688 -0.214451 -0.456974 0.888354 0.044747 -0.430550 0.902340 -0.020220 -0.441188 0.897169 -0.021008 0.467912 -0.545726 0.695156 0.660982 -0.522095 0.538999 0.587500 -0.517237 0.622342 -0.528430 0.730498 -0.432591 -0.519459 0.749791 -0.409849 -0.381816 0.726343 -0.571525 -0.505647 0.743663 -0.437362 -0.065094 -0.694903 0.716151 0.072289 -0.624696 0.777514 -0.448931 -0.732129 0.512296 -0.588804 0.696455 -0.410196 -0.613014 0.685521 -0.392778 -0.639481 0.680228 -0.358265 -0.612398 0.733418 -0.295072 -0.623156 0.715035 -0.316860 -0.644592 0.683953 -0.341627 -0.309659 -0.740239 0.596790 -0.281453 -0.723649 0.630172 -0.299859 -0.744516 0.596473 0.641376 -0.719881 -0.265345 0.651128 -0.754110 -0.085730 0.655706 -0.746244 -0.114759 0.388255 -0.920698 0.039674 0.304528 -0.951502 0.043674 0.404057 -0.913781 0.041729 0.578896 -0.805943 -0.123834 0.492533 -0.842419 0.218498 0.515293 -0.845580 0.139525 0.781025 -0.619983 0.074968 0.760048 -0.649757 0.011951 0.789005 -0.609306 0.078852 0.472378 -0.879256 0.061388 0.550677 -0.749527 0.367376 0.562363 -0.758418 0.329470 0.503492 -0.641899 0.578327 0.461464 -0.645436 0.608656 0.344196 -0.621518 0.703736 0.249837 -0.567440 0.784598 0.242484 -0.531166 0.811828 
						0.175437 -0.674146 0.717461 0.655540 -0.660870 0.365402 0.653630 -0.666339 0.358831 0.601141 -0.658348 0.452999 0.349371 -0.934856 -0.063119 0.325618 -0.945076 0.028355 0.352545 -0.934287 -0.053100 -0.384075 0.923272 -0.007421 -0.342014 0.938942 -0.037603 -0.230442 -0.136453 0.963471 -0.313313 -0.034136 0.949036 -0.210231 -0.195582 0.957889 0.706981 -0.697844 0.114855 -0.071116 -0.519427 0.851550 -0.383869 -0.433065 0.815536 -0.213365 -0.497740 0.840673 0.686708 -0.595559 0.416823 0.728932 -0.596511 0.335905 0.729614 -0.608430 0.312211 0.601693 -0.798568 -0.015956 0.489136 -0.812300 0.317671 0.551490 -0.821899 0.142622 0.131880 -0.989889 0.052218 -0.120693 0.975138 0.185845 -0.312585 0.754297 -0.577345 -0.176238 0.697700 -0.694374 -0.201155 0.710940 -0.673871 -0.176413 0.984174 0.016716 -0.153109 0.988163 -0.009611 -0.274710 0.956477 0.098419 0.324420 -0.945780 -0.015839 0.319630 -0.947502 -0.008721 0.340581 -0.938996 -0.047868 -0.274781 0.859234 -0.431523 -0.258067 0.837432 -0.481777 -0.285971 0.873445 -0.394099 0.241658 -0.885266 0.397374 0.438474 -0.707372 0.554405 0.492003 -0.732569 0.470399 0.390045 -0.687651 0.612373 0.509580 -0.743075 0.433783 0.541040 -0.840994 0.002045 0.508218 -0.861091 0.015400 0.593550 -0.804552 0.019857 -0.273507 0.739046 -0.615634 -0.479516 0.796599 -0.368094 0.694528 -0.423299 -0.581763 0.725450 -0.303699 -0.617648 0.713332 -0.388781 -0.583100 -0.177096 0.712250 -0.679217 -0.227165 0.777068 -0.586993 -0.186735 0.723557 -0.664526 -0.250419 0.785338 -0.566157 -0.275631 0.832599 -0.480422 -0.355575 0.881571 -0.310482 -0.168277 0.654561 -0.737043 -0.167521 0.677333 -0.716350 -0.199607 0.719383 -0.665316 0.276195 -0.475433 -0.835272 0.068352 -0.365731 -0.928207 0.142797 -0.380880 -0.913531 -0.322143 0.837746 -0.440915 -0.371930 0.858690 -0.352589 -0.364075 0.861948 -0.352838 
						0.503004 -0.575284 0.645008 0.043550 -0.235347 0.970935 0.248159 -0.153794 0.956433 0.769733 -0.637308 0.036740 0.721785 -0.667162 -0.184175 0.747509 -0.654148 -0.115416 0.270136 -0.775866 0.570139 0.313901 -0.810989 0.493724 0.323581 -0.837007 0.441265 -0.296120 0.952239 -0.074530 -0.314925 0.930305 -0.188029 -0.312330 0.949407 -0.032816 0.750988 -0.653653 -0.093568 0.743304 -0.668251 0.030639 0.653297 -0.742226 -0.149344 0.645572 -0.762320 0.045876 -0.521610 0.740389 -0.423965 -0.368147 0.724933 -0.582185 -0.210991 0.682227 -0.700035 -0.415737 0.737875 -0.531698 -0.024615 -0.997658 0.063820 -0.126120 -0.988434 0.084219 -0.068681 -0.995073 0.071500 0.597738 -0.584059 0.549167 0.670406 -0.574001 0.470190 0.686336 -0.579641 0.439271 0.274747 -0.960284 0.048669 0.175198 -0.983238 0.050493 0.320522 -0.945654 0.054820 0.439273 -0.871260 0.218964 0.346971 -0.835216 0.426643 0.408344 -0.854921 0.319946 -0.603959 -0.728599 0.323075 -0.633841 -0.700432 0.328086 -0.475747 -0.800711 0.364043 -0.287416 0.952601 -0.099716 -0.263067 0.952927 -0.150749 -0.306951 0.948633 -0.076656 0.518146 -0.594621 0.614777 0.625994 -0.593907 0.505378 0.622694 -0.602106 0.499720 -0.582624 0.805932 0.104988 -0.629390 0.743025 0.227557 0.374541 -0.873726 0.310358 0.356688 -0.873418 0.331534 0.337796 -0.856383 0.390516 -0.467791 0.883408 0.027600 -0.444600 0.893692 0.060367 -0.410555 0.741245 -0.531037 -0.236799 0.745929 -0.622508 -0.444765 0.743870 -0.498840 -0.238756 0.714427 -0.657715 -0.375481 0.769689 -0.516326 -0.198864 0.725505 -0.658860 -0.054151 0.711390 -0.700708 0.030462 0.712353 -0.701160 0.262537 -0.944374 0.198073 0.300959 -0.949253 0.091337 0.293278 -0.951016 0.097755 0.301098 -0.916371 0.263827 0.257012 -0.887108 0.383384 0.308313 -0.907761 0.284454 0.417651 -0.907422 0.046405 0.429751 -0.902945 -0.002290 
						0.003250 0.964509 0.264030 -0.194548 -0.727178 0.658304 -0.143550 -0.676621 0.722203 -0.163844 -0.707197 0.687770 -0.518218 0.855048 -0.018532 -0.471019 0.863863 0.178554 -0.467978 0.870191 0.154156 -0.445612 0.890138 0.095308 0.465591 -0.300011 -0.832597 0.388022 -0.169037 -0.906016 0.413109 -0.174142 -0.893877 -0.216476 -0.975794 0.031051 -0.276577 -0.960963 -0.007422 -0.285262 -0.958394 -0.010332 -0.653919 0.719547 0.233756 -0.639491 0.753132 0.154409 -0.669510 0.700617 0.246762 0.584526 -0.442207 -0.680281 0.585963 -0.398226 -0.705736 0.587419 -0.487416 -0.646037 0.584503 -0.736466 0.340551 0.567306 -0.737004 0.367409 0.649198 -0.747812 0.138994 -0.567409 0.734289 -0.372647 0.771111 -0.636698 -0.001820 0.760313 -0.632990 0.145765 0.759557 -0.645868 -0.076993 0.558730 -0.829330 0.005670 0.570932 -0.820789 -0.018487 0.566098 -0.822603 -0.053458 0.506737 0.240354 -0.827918 0.347146 0.377764 -0.858361 0.617222 -0.679853 -0.396027 0.704314 -0.683463 -0.191884 0.717721 -0.683106 -0.135066 -0.359815 0.706988 -0.608852 -0.701059 0.685570 -0.196240 -0.586546 0.709820 -0.390023 0.569910 -0.676588 -0.466294 0.671353 -0.553253 -0.493149 0.605887 -0.651939 -0.455934 -0.328562 0.922567 -0.202280 -0.273429 0.906427 -0.321912 -0.291564 0.924220 -0.246592 0.665142 -0.488928 -0.564390 0.676030 -0.491783 -0.548755 0.045534 0.923743 0.380297 -0.300110 0.907500 -0.293900 -0.314815 0.913693 -0.257015 -0.325616 0.917079 -0.230089 0.313584 -0.931492 0.184357 0.386500 -0.922079 0.019679 0.347963 -0.933839 0.082864 -0.253006 0.403658 0.879231 -0.403134 0.469215 0.785697 -0.164342 0.399064 0.902075 0.268979 -0.641408 0.718503 -0.395538 0.906758 0.146083 -0.381992 0.918515 0.102041 0.445078 -0.574326 -0.687063 0.521942 -0.616473 -0.589524 0.547083 -0.639159 -0.540533 0.403362 -0.877077 0.260836 -0.221281 -0.479621 0.849117 
						-0.322665 -0.236743 0.916428 0.046701 -0.997210 0.058244 0.159644 -0.986133 0.045333 0.121678 -0.991146 0.053135 -0.558886 0.790402 0.250821 -0.541234 0.802569 0.250896 0.172828 -0.974482 -0.143234 0.100609 -0.589917 0.801171 0.322787 -0.620215 0.714942 0.283858 -0.608253 0.741251 0.567497 -0.697632 -0.437329 0.504832 -0.784021 -0.361185 0.481908 -0.819964 -0.308907 0.066567 0.896760 0.437482 0.583296 -0.659191 -0.474587 -0.441820 0.868227 -0.225781 -0.524422 0.850415 -0.042141 -0.464910 0.869606 -0.166265 -0.700789 0.712296 0.039095 0.573333 -0.660554 -0.484723 0.600805 -0.571376 -0.559073 0.561243 -0.691014 -0.455529 0.301108 -0.947686 0.105949 0.263607 -0.946356 0.186874 0.248958 -0.946968 0.203155 -0.490641 0.863740 0.115001 0.111050 -0.987187 0.114589 0.117868 -0.986795 0.111100 0.128307 -0.987364 0.093000 -0.255531 0.753438 -0.605834 -0.280202 0.746843 -0.603086 -0.073734 0.762927 -0.642266 -0.194251 0.863563 -0.465323 -0.314994 0.797141 -0.515117 -0.169319 0.861171 -0.479286 0.363806 -0.929771 0.056307 0.354858 -0.932954 0.060608 0.344861 -0.932185 0.110007 -0.532798 0.820333 0.207797 -0.222596 0.970093 0.096799 0.555127 -0.751723 0.356014 0.363024 -0.930731 -0.044200 0.411403 -0.897018 -0.161578 0.356263 -0.932480 -0.059641 0.502452 -0.286847 -0.815635 0.396706 -0.495756 -0.772561 0.336704 -0.436413 -0.834370 0.455710 -0.545181 -0.703638 0.576155 -0.657864 -0.485036 0.593809 -0.667775 -0.448851 0.627340 -0.701105 -0.338965 -0.186929 0.852529 -0.488110 -0.186733 0.844155 -0.502527 -0.729706 0.623647 -0.280346 -0.646527 0.673056 -0.359164 -0.661168 0.668511 -0.340515 -0.372255 0.923934 -0.088161 -0.375019 0.922562 -0.090777 -0.355436 0.925241 -0.132645 -0.653834 0.673423 0.344968 -0.658986 0.683282 0.314424 -0.686185 0.602754 0.407232 0.846109 -0.287858 -0.448595 0.901729 -0.122237 -0.414660 
						-0.576948 0.581319 0.573759 -0.641446 0.516222 0.567505 -0.596961 0.522430 0.608855 0.001753 0.915256 0.402868 0.037300 0.911731 0.409091 0.361844 -0.922405 -0.135049 0.474863 -0.835211 -0.277359 0.318898 -0.940379 0.118282 0.338649 -0.939425 0.052892 0.321220 -0.934718 0.152054 -0.322464 0.905851 -0.274684 -0.320830 0.897662 -0.302112 -0.339083 0.908495 -0.244252 0.739363 -0.133305 -0.659979 0.764974 -0.110886 -0.634444 0.704658 -0.331105 -0.627556 0.641967 -0.766340 -0.024540 0.631087 -0.775645 -0.010165 0.108824 0.426680 -0.897832 0.149925 0.392043 -0.907648 0.001440 0.551395 -0.834243 0.156849 0.965588 0.207456 0.270161 0.928508 0.254726 0.314758 -0.911130 0.266024 0.301487 -0.905906 0.297388 0.001327 0.924858 0.380311 -0.406120 0.748207 -0.524646 -0.250130 0.720760 -0.646483 -0.200561 0.723740 -0.660284 0.107958 -0.702846 0.703103 0.179631 -0.635498 0.750916 -0.383752 0.921710 0.056441 -0.354210 0.935036 -0.015606 -0.380917 0.924217 0.026922 0.310877 -0.950450 -0.000543 0.284453 -0.958212 0.030256 0.268043 -0.962325 0.045639 -0.830542 0.550134 0.086904 -0.825495 0.564262 0.012880 -0.832782 0.553101 -0.023539 0.099173 -0.995070 0.001013 0.157874 -0.987292 -0.018150 0.117220 -0.992480 -0.035259 0.489686 -0.870965 -0.040351 0.541837 -0.811268 -0.219676 0.475283 -0.879667 -0.017110 -0.717271 0.548192 0.430125 -0.644804 0.668571 0.370461 -0.649734 0.659919 0.377297 -0.374631 0.716148 -0.588884 -0.113000 0.716666 -0.688202 0.512799 -0.585147 0.628203 0.535424 -0.829591 -0.158426 0.542821 -0.826331 -0.150074 0.478596 -0.875336 0.068795 0.031919 -0.793886 0.607228 0.128236 -0.662364 0.738125 -0.333529 0.930315 -0.152554 -0.328350 0.924751 -0.192411 -0.360479 0.926325 -0.109437 0.362546 -0.828078 0.427606 0.360719 -0.832171 0.421157 0.358242 -0.829538 0.428404 0.517022 -0.786760 -0.337191 
						0.539855 -0.754968 -0.372262 0.505552 -0.798680 -0.326385 0.392868 -0.647212 -0.653277 0.156394 -0.641355 -0.751135 0.254960 -0.625888 -0.737062 0.202343 -0.593296 0.779139 0.014279 -0.491585 0.870713 0.188536 -0.590886 0.784416 -0.249076 -0.132436 0.959386 -0.224046 -0.203634 0.953067 -0.403612 0.006740 0.914905 -0.370179 0.926802 -0.063285 -0.413511 0.910272 0.020323 0.382603 -0.878305 0.286698 0.303669 -0.943207 0.134703 0.308568 -0.943060 0.124193 -0.299174 0.918311 -0.259228 -0.320890 0.918465 -0.231195 -0.318192 0.918120 -0.236240 0.173677 -0.984379 -0.028889 0.113915 0.674390 -0.729536 0.200046 0.690846 -0.694776 0.136344 -0.891655 0.431697 0.106249 -0.964750 0.240767 0.099776 -0.975199 0.197566 0.047650 -0.997248 0.056795 -0.035417 -0.996927 0.069867 -0.037371 0.469479 -0.882152 -0.320621 0.851260 -0.415401 -0.348852 0.861185 -0.369680 -0.353195 0.867113 -0.351238 0.179887 0.435934 -0.881817 0.685472 -0.728052 -0.008284 0.678162 -0.710857 -0.186492 -0.159465 0.702828 -0.693256 -0.069000 0.649925 -0.756859 0.643443 -0.758065 0.106390 0.569244 -0.577890 -0.584812 0.560853 -0.446535 -0.697173 0.569746 -0.527492 -0.630191 0.439369 0.252950 -0.861958 0.552903 0.110626 -0.825869 0.314337 -0.946718 0.070129 0.321420 -0.945225 0.056908 0.362448 -0.912092 0.191625 0.285446 -0.900881 0.327008 0.377178 -0.917374 0.127124 -0.218511 0.741287 -0.634623 0.363634 -0.922063 0.132555 0.377892 -0.922298 0.081013 0.340651 -0.918514 0.200720 -0.684443 0.714473 -0.145141 -0.546768 0.730965 -0.408333 0.631322 -0.759588 0.156391 0.609674 -0.762654 0.216003 -0.264357 0.917686 -0.296595 -0.269762 0.943212 -0.193855 -0.262948 0.959685 -0.099315 0.126905 -0.947183 0.294514 0.146160 -0.937558 0.315631 -0.266017 0.737770 -0.620428 -0.288911 0.746366 -0.599556 0.578594 -0.657005 -0.483294 -0.129509 0.950260 0.283256 
						-0.550712 0.772458 0.316266 -0.599760 0.731253 0.324894 -0.608699 0.720490 0.332235 -0.087477 -0.501561 0.860689 -0.183486 -0.474798 0.860755 0.649395 -0.665325 -0.368277 0.628997 -0.668182 -0.397360 0.324831 -0.937838 0.122252 0.335000 -0.940558 0.055899 0.318118 -0.941809 0.108609 0.235089 -0.646227 0.726033 0.147167 -0.566090 0.811101 0.205219 -0.612516 0.763354 0.418802 -0.903218 0.093819 0.442084 -0.896516 0.028662 0.416590 -0.904853 0.087712 -0.244684 0.968831 0.038688 -0.253967 0.966348 -0.040893 -0.067471 0.561863 -0.824474 0.047158 0.390200 -0.919521 -0.081792 0.590068 -0.803200 -0.505871 0.324802 0.799124 -0.537744 0.335703 0.773392 -0.498490 0.313617 0.808178 0.309892 -0.944698 0.107293 0.328937 -0.943914 0.028744 0.323913 -0.939695 0.109789 0.575584 -0.816335 -0.047954 0.506791 -0.838461 0.200365 0.143254 -0.565476 0.812228 0.005451 -0.431929 0.901891 0.072228 0.833984 -0.547041 -0.367276 0.808642 -0.459573 -0.199697 0.725006 -0.659156 -0.364553 0.822395 -0.436770 0.009653 0.544133 -0.838943 0.619960 -0.538635 -0.570544 0.643098 -0.479259 -0.597274 -0.416768 0.908374 0.034080 0.047045 0.147523 -0.987939 0.082051 -0.009003 -0.996588 0.556775 -0.792188 0.249879 0.576266 -0.800405 0.165134 0.535763 -0.796443 0.280424 0.541313 -0.461103 -0.703111 0.503984 -0.320492 -0.802051 0.541050 -0.429715 -0.722917 -0.380555 0.774657 -0.505059 -0.497797 0.790824 -0.356082 -0.308625 0.745993 -0.590123 -0.479498 0.540484 0.691346 -0.651320 0.574014 0.496277 -0.542124 0.552495 0.633128 -0.183790 -0.388041 0.903131 -0.091597 -0.443090 0.891785 -0.005003 -0.481445 0.876462 0.153160 0.535899 -0.830273 0.363861 -0.930407 0.044128 0.254604 -0.966016 0.044598 0.353957 -0.934439 0.039213 -0.315769 0.897372 0.308242 -0.312608 0.873436 0.373344 -0.180411 0.953515 -0.241373 -0.064607 0.997580 -0.025698 
						0.284759 -0.950864 0.121535 0.293946 -0.949438 0.110283 0.286250 -0.943571 0.166535 -0.466754 0.877201 -0.112510 -0.376442 0.926408 0.007712 -0.440414 0.892311 -0.099081 0.783696 -0.557931 0.273009 0.797377 -0.578051 0.173343 0.780972 -0.569110 0.257287 0.388748 -0.903090 0.182492 0.411726 -0.897921 0.155625 0.358464 -0.881977 0.305975 0.283871 -0.950966 0.122805 0.291082 -0.947883 0.129570 0.308167 -0.950705 0.034549 -0.238637 0.762221 -0.601724 -0.347235 0.810639 -0.471479 -0.306060 0.798877 -0.517806 0.252880 -0.966209 -0.049915 0.249858 -0.968233 0.009807 0.242023 -0.969443 0.040069 0.481910 -0.748699 0.455206 0.498852 -0.751649 0.431474 0.556315 -0.772703 0.305686 0.315979 -0.943438 0.100413 0.320642 -0.943246 0.086464 0.314281 -0.941781 0.119479 -0.415056 0.909792 -0.002558 -0.423257 0.905907 0.013627 -0.384110 0.919734 -0.080927 -0.375569 0.921220 -0.101491 0.583909 -0.731417 -0.352250 -0.603785 0.774731 -0.187715 -0.679141 0.733763 0.018969 -0.026946 0.498084 0.866710 0.050587 0.465701 0.883495 -0.039939 0.515842 0.855752 0.191636 -0.467580 0.862928 0.286576 -0.361608 0.887194 0.193991 -0.595682 0.779442 0.309551 -0.945955 0.096680 0.327068 -0.943883 0.045944 0.388566 -0.920751 -0.035129 0.667845 -0.727338 0.157994 0.630287 -0.719955 0.290522 -0.683793 0.694645 -0.223372 -0.700843 0.711795 0.046548 0.193554 -0.728857 0.656738 0.149806 -0.611770 0.776721 -0.271016 0.664537 -0.696377 -0.282647 0.739716 -0.610681 -0.273160 0.652556 -0.706792 -0.111174 0.556605 0.823305 -0.030558 0.527105 0.849251 -0.669957 0.661932 -0.336160 -0.675852 0.663164 -0.321616 -0.676882 0.662234 -0.321366 -0.697190 0.713926 0.065080 -0.659841 0.747568 -0.075840 -0.692344 0.720997 0.028696 -0.476905 0.517869 0.710192 -0.571236 0.548548 0.610561 -0.652604 0.579380 0.488289 -0.682485 0.720117 -0.125082 
						-0.675665 0.719831 -0.159123 -0.547373 0.738030 -0.394580 0.600766 -0.676202 -0.426417 0.458697 -0.850471 -0.257481 0.485693 -0.815213 -0.315485 0.477680 -0.822555 -0.308586 0.036959 -0.823437 0.566203 -0.118029 -0.562423 0.818382 -0.019494 -0.670509 0.741645 -0.664533 0.720415 -0.198492 -0.578480 0.737589 -0.348314 -0.609909 0.729366 -0.309897 -0.168337 -0.980943 -0.097018 -0.194571 -0.978081 -0.074157 0.039512 -0.985218 -0.166689 -0.290711 -0.047757 0.955618 0.639692 -0.618814 -0.455920 0.609693 -0.676377 -0.413265 0.578711 -0.710990 -0.399483 0.079736 -0.919234 0.385553 -0.571304 0.765688 -0.295522 -0.538431 0.792044 -0.287678 -0.656345 0.665540 0.355341 -0.684257 0.641943 0.345979 -0.618873 0.708829 0.338464 0.059823 -0.859942 0.506873 0.094577 -0.950124 0.297185 0.152113 -0.969290 0.193231 -0.200781 0.937555 -0.284037 -0.224219 0.921332 -0.317605 -0.176578 0.919336 -0.351627 0.571507 -0.757315 -0.315997 0.576244 -0.685387 -0.445183 0.570913 -0.723918 -0.387300 0.724740 -0.434202 -0.534995 0.776949 -0.312693 -0.546418 0.300788 0.189600 -0.934654 0.318945 0.135126 -0.938091 0.386165 0.035687 -0.921739 0.631193 -0.743366 0.221365 0.653555 -0.737365 0.170761 0.606450 -0.736200 0.300381 0.610187 -0.684069 -0.399651 0.575522 -0.649042 -0.497513 0.617604 -0.685564 -0.385443 0.598561 -0.598860 -0.532064 0.611914 -0.563944 -0.554553 0.602891 -0.609370 -0.514967 0.241620 -0.966818 0.082965 0.228609 -0.959467 0.164804 0.586974 0.135514 -0.798184 0.401565 0.302499 -0.864430 0.713119 -0.104495 -0.693211 0.732280 -0.034225 -0.680143 0.237132 -0.531590 0.813130 0.181274 -0.674046 0.716102 0.574413 -0.765244 -0.290607 0.580441 -0.707224 -0.403637 0.578453 -0.727101 -0.369753 -0.572218 0.271430 0.773882 -0.002585 -0.891433 0.453144 -0.007784 -0.892536 0.450909 0.079031 -0.914477 0.396845 0.435298 -0.696778 0.570101 
						0.335990 -0.653184 0.678573 0.462754 -0.705135 0.537256 0.460369 -0.431166 -0.775987 0.472713 -0.463791 -0.749294 0.316124 -0.924336 0.213704 0.315149 -0.928657 0.195644 0.178729 -0.837338 0.516643 0.170547 -0.779435 0.602822 0.172985 -0.784179 0.595935 -0.695929 0.713823 0.078356 -0.680846 0.731403 0.038696 0.360865 -0.642180 0.676300 0.244070 -0.604078 0.758630 0.220284 -0.594521 0.773317 -0.347166 0.258461 0.901484 -0.421489 0.373854 0.826184 0.505802 -0.858326 -0.086259 0.474332 -0.879093 -0.046964 -0.225988 0.772072 -0.593999 -0.269756 0.812556 -0.516705 -0.303516 0.736838 -0.604109 -0.241113 0.789630 -0.564225 -0.279848 0.827643 -0.486510 -0.199260 0.744813 -0.636828 0.394629 -0.912098 0.111112 0.418400 -0.905090 0.075855 0.459245 -0.885110 -0.075331 -0.717893 0.691802 -0.077710 -0.712741 0.701290 -0.013876 -0.647108 0.711463 -0.273993 0.295544 -0.351042 -0.888495 0.273615 -0.315531 -0.908612 0.620479 -0.769634 0.150565 0.459858 -0.860900 0.217675 0.487096 -0.849629 0.202161 0.634053 -0.772654 -0.031343 0.633681 -0.769764 -0.076889 0.633628 -0.770972 -0.064170 0.121789 -0.890304 0.438777 0.267982 -0.921435 0.281323 0.159395 -0.868444 0.469465 0.628637 -0.728265 -0.272848 0.534464 -0.815198 -0.223160 0.212131 -0.963777 -0.161660 0.107167 -0.967111 0.230676 0.101292 -0.950288 0.294434 -0.533917 0.823129 -0.193367 -0.801291 0.575172 0.164648 0.700206 -0.661234 -0.269223 0.701713 -0.663886 -0.258559 0.685493 -0.665350 -0.295648 -0.782940 0.591357 -0.193138 0.292203 -0.953916 0.068280 0.261936 -0.956769 0.126425 0.298624 -0.953573 0.039006 0.793965 -0.459000 0.398671 0.795896 -0.533270 0.286658 0.804347 -0.519223 0.288849 -0.289601 0.950163 -0.115419 -0.261309 0.956499 -0.129723 0.319527 -0.940235 0.117726 0.281647 -0.927236 0.246795 -0.209585 0.971340 0.112132 -0.344106 0.938835 0.013381 
						-0.291706 0.954741 0.058119 0.553882 -0.825138 0.111186 0.494421 -0.822598 0.280856 0.490088 -0.815007 0.309156 -0.799195 0.550832 0.240563 -0.695490 0.573025 0.433517 -0.722736 0.575192 0.383154 0.568944 -0.607313 -0.554502 0.568813 -0.620861 -0.539429 -0.616166 0.775609 -0.137002 0.578252 -0.612565 -0.538877 0.585197 -0.549714 -0.596120 0.586942 -0.559046 -0.585634 0.580229 -0.801974 -0.142025 -0.024329 -0.764449 0.644225 -0.235111 0.730314 -0.641376 0.472873 -0.856031 -0.208812 0.392366 -0.919600 -0.019587 -0.727415 0.327587 0.602955 -0.712698 0.243160 0.657977 -0.696675 0.116894 0.707799 -0.035817 0.951033 0.307009 0.305534 -0.950020 0.064119 0.390951 -0.915632 -0.093674 0.693606 -0.675893 0.249157 0.690213 -0.669901 0.273566 -0.416385 0.849828 0.323135 -0.432283 0.855000 0.286542 -0.280154 0.952643 -0.118259 -0.268125 0.947506 -0.174187 -0.292812 0.950238 -0.106338 0.768810 -0.636656 -0.060003 -0.046694 0.583885 -0.810492 -0.074062 0.609414 -0.789385 0.341738 -0.917351 0.204163 0.288978 -0.906990 0.306367 0.328004 -0.917868 0.223454 0.347629 -0.932869 0.094390 0.409664 -0.911637 0.033071 -0.438438 0.891159 -0.116653 -0.490349 0.856046 -0.163532 -0.514527 0.838555 -0.179130 -0.751688 0.593484 0.287650 -0.797104 0.591033 0.123717 -0.804149 0.581182 0.124792 -0.083757 -0.994602 0.061246 -0.026980 -0.997734 0.061641 0.059111 -0.426473 0.902566 0.130540 -0.565315 0.814481 0.266163 -0.002922 -0.963924 0.226106 0.190114 -0.955371 0.161624 0.264008 -0.950882 -0.478087 0.839487 0.258251 -0.299987 0.866679 -0.398591 -0.285994 0.859935 -0.422751 -0.279572 0.849280 -0.447844 -0.542018 0.781172 0.309817 -0.555727 0.773600 0.304483 -0.663973 0.747737 0.005434 -0.578924 0.708962 -0.402766 -0.487623 0.704930 -0.515070 -0.105124 0.675459 -0.729866 0.593476 -0.380955 -0.708985 0.591306 -0.485541 -0.643900 
						-0.417925 0.063948 0.906228 -0.480501 0.185635 0.857122 -0.350888 0.005278 0.936403 -0.181149 -0.155422 0.971097 -0.227089 -0.095449 0.969185 -0.209891 -0.140734 0.967543 0.637460 -0.767378 0.069107 0.581420 -0.789941 -0.194793 0.567167 -0.819553 -0.081570 -0.172474 0.712543 -0.680100 -0.144565 0.676867 -0.721770 -0.140134 0.665241 -0.733360 -0.310044 -0.154841 0.938028 -0.311770 -0.183591 0.932252 -0.203941 -0.274308 0.939768 0.427625 -0.893572 -0.136625 0.483847 -0.835110 -0.261692 0.479597 -0.835154 -0.269268 -0.565444 0.096502 0.819121 -0.561910 0.332291 0.757522 -0.581027 0.263977 0.769886 -0.617345 0.724916 -0.305584 -0.505203 0.734263 -0.453462 -0.646312 0.720490 -0.251347 0.741796 -0.664799 -0.088203 -0.060020 -0.877951 0.474973 -0.020197 -0.883962 0.467122 0.569158 -0.185618 -0.801003 0.570715 -0.103732 -0.814570 0.586968 -0.189372 -0.787151 -0.374207 0.922593 -0.093765 -0.341073 0.926574 -0.158523 0.312950 -0.932898 0.178225 0.311574 -0.940186 0.137740 0.308188 -0.942243 0.131141 -0.661119 0.748979 -0.044195 -0.061383 0.461679 -0.884920 -0.018897 0.383148 -0.923494 -0.053784 0.463781 -0.884316 -0.328701 0.941759 -0.071028 -0.241820 0.941038 -0.236581 -0.316634 0.938826 -0.135459 -0.386535 0.922239 0.008141 -0.430075 0.898899 0.083759 0.551668 -0.562696 -0.615659 -0.273495 0.825186 -0.494235 -0.346893 0.937202 0.036295 -0.374948 0.925082 0.060305 -0.354849 0.933683 0.048145 -0.404768 0.747699 -0.526411 -0.493539 0.758408 -0.425718 -0.835297 0.544309 -0.077500 -0.829383 0.553444 -0.076319 -0.648755 0.751477 -0.119999 -0.487246 0.730808 -0.478028 0.165029 -0.706634 0.688065 0.169528 -0.732288 0.659557 0.232456 -0.972106 0.031214 0.214482 -0.970784 0.107592 0.253263 -0.967204 0.019353 -0.649489 0.674730 -0.350575 -0.663948 0.671476 -0.329080 0.339412 -0.898521 0.278317 0.370784 -0.907187 0.198825 
						0.358130 -0.909488 0.211126 0.031060 -0.775474 0.630615 0.692042 -0.699259 0.179207 0.702259 -0.698426 0.137962 -0.247492 -0.829206 0.501163 -0.198722 -0.814244 0.545451 0.005995 -0.910945 0.412485 0.453969 -0.634927 0.625124 0.494134 -0.642335 0.585865 0.553060 -0.743877 -0.375194 0.563800 -0.688076 -0.456816 0.547737 -0.759295 -0.351363 -0.189485 0.719350 -0.668305 0.289974 -0.567792 0.770407 0.197387 -0.513709 0.834950 0.471140 -0.850085 0.235334 0.327111 -0.900952 0.285104 0.368195 -0.877520 0.307232 -0.326064 -0.356352 0.875611 -0.100391 -0.455069 0.884779 -0.524496 0.782289 -0.336048 -0.483530 0.769232 -0.417708 -0.565329 0.772859 -0.288256 -0.818430 0.315139 0.480478 -0.773143 0.417427 0.477498 -0.876480 0.163260 0.452911 -0.389012 0.921210 -0.006564 -0.394127 0.919045 -0.004580 0.511383 -0.850438 0.123465 0.568714 -0.814789 -0.112623 -0.137947 0.462966 -0.875576 -0.148904 0.575446 -0.804170 -0.637271 0.765368 -0.089990 -0.607579 0.774123 -0.177715 -0.329250 0.843884 -0.423620 -0.238620 0.784227 -0.572755 -0.264539 0.807357 -0.527441 -0.449865 0.728594 -0.516500 0.015232 -0.458056 0.888793 0.665393 -0.703868 0.248639 0.675193 -0.714833 0.182010 0.643838 -0.708666 0.288557 0.500106 -0.815032 -0.292604 0.515568 -0.790806 -0.329871 0.527414 -0.768934 -0.361352 -0.198654 -0.731765 0.651964 -0.203469 -0.709596 0.674592 -0.165509 -0.683556 0.710886 0.693147 -0.709340 0.128001 0.692078 -0.704313 0.158023 0.262259 0.193480 -0.945402 0.205916 0.276808 -0.938603 -0.701564 0.703723 -0.112170 0.428273 -0.433713 -0.792764 0.337216 -0.342650 -0.876856 -0.610090 0.752593 0.247779 -0.586080 0.777604 0.227688 -0.708343 0.686452 0.164419 -0.589736 0.761907 -0.267786 -0.578395 0.778840 -0.242626 -0.606725 0.738481 -0.294160 0.164412 -0.754136 0.635805 0.162060 -0.824222 0.542581 -0.124094 0.968351 0.216557 
						-0.217636 0.970934 0.099606 -0.138457 0.974423 0.177002 0.280487 -0.938619 0.200800 0.270380 -0.935438 0.227709 0.286025 -0.938227 0.194729 -0.206218 0.647248 0.733856 -0.701128 0.629930 0.334076 -0.557680 0.771675 0.305794 0.017533 -0.808114 0.588766 -0.014894 -0.850252 0.526165 -0.085691 -0.058983 0.994574 -0.063367 -0.039906 0.997192 -0.035534 -0.090234 0.995286 -0.335822 0.809047 -0.482356 -0.425338 0.838441 -0.340741 -0.245749 0.768390 -0.590918 -0.816714 0.264040 0.513090 -0.826448 0.116093 0.550914 -0.848053 0.133892 0.512718 -0.037616 0.600522 -0.798723 -0.219546 0.116931 -0.968569 -0.178707 0.177975 -0.967672 -0.197183 0.287256 -0.937338 -0.659801 0.751351 -0.011620 -0.348408 0.935157 -0.063968 -0.320957 0.947091 -0.002309 -0.577138 0.610192 0.542750 -0.572732 0.615731 0.541159 -0.578527 0.614054 0.536884 -0.411182 0.698586 -0.585583 -0.274682 0.949719 -0.150275 -0.307925 0.947920 -0.081423 -0.734126 0.675147 0.072357 -0.712066 0.699575 -0.059640 -0.728702 0.679424 0.085887 -0.521708 -0.751343 0.404109 -0.466681 -0.793710 0.390171 -0.634754 -0.644704 0.425962 0.670283 -0.741193 0.036784 0.701567 -0.711537 0.038983 0.621712 -0.781161 0.057102 0.762070 -0.643274 -0.073811 0.685168 -0.678555 -0.264778 0.700691 -0.672183 -0.239171 0.147377 -0.977744 -0.149318 0.093977 -0.985234 -0.143119 0.305591 -0.947965 0.089307 0.253726 -0.966001 0.049648 0.260243 -0.965298 0.021731 -0.135032 0.971956 0.192530 0.708331 -0.695657 -0.119704 0.631813 -0.677085 -0.377317 0.680538 -0.696032 -0.228925 -0.515025 0.661722 0.544860 -0.515254 0.681989 0.519042 -0.538812 0.674074 0.505278 -0.054457 0.826277 -0.560625 -0.259127 0.963888 0.061426 -0.257049 0.966287 0.014689 -0.281380 0.958396 0.047980 -0.558928 -0.240270 0.793644 -0.638674 -0.061931 0.766981 -0.559867 -0.147629 0.815325 0.358095 -0.020578 -0.933458 
						0.258555 0.189547 -0.947218 0.299906 0.073011 -0.951171 -0.494288 0.865863 0.077212 -0.494012 0.820263 0.288306 -0.486335 0.845734 0.219573 0.355466 -0.934010 -0.035623 0.383344 -0.917343 -0.107370 -0.588973 -0.305646 0.748126 -0.562693 -0.221514 0.796435 -0.470273 -0.367312 0.802450 -0.419562 0.878167 0.229761 0.345038 -0.886896 0.307189 0.357686 -0.883638 0.302067 0.360664 -0.892942 0.269398 -0.469603 0.881691 -0.045764 -0.483653 0.874659 0.032426 -0.513461 0.852219 0.100403 -0.182238 0.706521 -0.683825 -0.322434 0.740769 -0.589320 -0.343068 0.747456 -0.568871 -0.605179 0.726636 0.325206 -0.565721 0.770243 0.294424 -0.532034 0.793224 0.296201 -0.212558 0.711827 -0.669419 -0.167069 0.687896 -0.706319 -0.297549 0.757014 -0.581717 0.208097 -0.856114 0.473038 0.192723 -0.847391 0.494759 0.177924 -0.788955 0.588127 0.704020 -0.707823 -0.057820 0.653556 -0.687666 -0.316197 0.666197 -0.694769 -0.271068 0.337553 -0.939301 -0.061413 0.304647 -0.952446 -0.006106 0.317709 -0.947501 -0.036082 -0.225461 -0.205060 0.952427 -0.195309 -0.241325 0.950588 -0.063940 0.053978 -0.996493 -0.134264 0.977736 0.161262 -0.211572 0.973297 0.089056 -0.204128 0.974392 0.094298 -0.077642 0.653261 -0.753141 -0.557920 0.792017 -0.247861 -0.578030 0.778066 -0.245956 -0.487538 0.243898 -0.838344 -0.658774 0.750834 0.047586 -0.635146 0.771398 -0.039180 -0.683913 0.717055 0.134516 0.637814 -0.712180 -0.293244 -0.350225 0.927416 -0.131307 -0.335865 0.915651 -0.220856 -0.276878 0.732198 -0.622274 -0.131767 0.694793 -0.707037 0.498980 -0.865740 0.038901 0.494094 -0.868611 0.037240 -0.089722 -0.615278 0.783188 -0.392898 -0.592718 0.703077 -0.121832 -0.641576 0.757322 -0.668410 0.590612 0.452112 -0.227478 0.789437 -0.570125 -0.228314 0.803058 -0.550428 -0.194975 0.727720 -0.657578 0.219885 -0.631727 0.743351 0.166439 -0.579676 0.797668 
						0.513046 -0.855529 0.069665 0.601052 -0.798268 0.038796 0.635374 -0.759521 -0.139384 0.638982 -0.750488 -0.168731 0.640616 -0.736990 -0.215538 -0.446970 0.724745 -0.524369 -0.619557 0.706598 -0.341861 -0.422594 0.906319 -0.000458 -0.379945 0.916563 -0.124713 -0.445309 0.895058 0.023910 0.670288 -0.445550 -0.593464 -0.261644 0.815813 -0.515744 -0.271599 0.878800 -0.392358 -0.250307 0.818504 -0.517104 0.449691 -0.875005 -0.179290 -0.087008 0.532225 -0.842120 -0.135460 0.640193 -0.756177 -0.148653 0.651754 -0.743720 -0.325619 0.938902 -0.111515 -0.306653 0.944933 -0.114304 -0.350776 0.928676 -0.120484 -0.659564 0.733371 -0.164749 -0.694725 0.693176 -0.192001 -0.716079 0.629042 -0.302550 -0.340138 0.742766 -0.576719 -0.211704 0.713407 -0.668006 -0.360642 0.749819 -0.554715 -0.262916 0.729511 -0.631418 -0.247796 0.727140 -0.640206 0.575736 -0.618260 -0.535054 -0.748094 0.420596 0.513278 -0.772336 0.372184 0.514758 -0.750501 0.462963 0.471607 0.042254 0.455599 -0.889182 0.005651 0.487644 -0.873024 -0.135130 -0.233550 0.962909 -0.214713 -0.149792 0.965122 0.451419 -0.886686 0.100043 0.388584 -0.890883 0.235225 -0.750561 0.440446 0.492610 -0.078419 0.969702 0.231363 -0.406088 0.913466 -0.025937 -0.452135 0.891573 0.025899 0.715483 -0.690869 0.103845 0.705164 -0.691638 0.156144 0.700991 -0.692330 0.171148 0.706742 -0.669117 0.229777 0.722192 -0.675154 0.150350 0.367669 -0.037137 -0.929215 -0.253294 0.688158 -0.679912 -0.359273 0.716511 -0.597942 0.428941 -0.902522 -0.038253 0.417314 -0.908456 0.023593 0.396209 -0.917238 0.041140 -0.672589 0.668139 0.318143 -0.685457 0.648477 0.331098 0.256450 -0.507451 -0.822634 0.194138 -0.455402 -0.868861 0.425301 -0.573073 -0.700505 -0.045683 0.635209 -0.770988 -0.136146 0.687853 -0.712968 -0.241378 0.748063 -0.618174 -0.271892 0.804181 -0.528552 -0.298607 0.739186 -0.603687 
						0.665335 -0.693476 0.276443 0.683985 -0.701195 0.201220 -0.316194 0.839263 -0.442334 -0.277164 0.808434 -0.519244 0.234774 -0.971057 -0.043915 -0.303394 0.946150 0.112924 -0.198910 0.980009 -0.004038 -0.247935 0.965070 0.084666 -0.444638 0.895510 -0.018969 -0.427024 0.904030 -0.019497 -0.448234 0.892001 0.058488 0.512566 -0.460489 -0.724725 -0.537481 0.215931 0.815162 -0.228654 0.744547 -0.627190 -0.240342 0.779081 -0.579024 -0.230740 0.714717 -0.660257 -0.745034 0.203144 0.635340 -0.741434 0.070922 0.667267 0.712828 -0.660074 -0.237022 0.745283 -0.666544 -0.016498 0.768637 -0.571251 0.287869 0.741823 -0.565399 0.360586 0.754684 -0.556549 0.347426 -0.385192 0.921401 -0.051456 -0.364928 0.927056 -0.085990 0.256426 -0.964996 0.055025 -0.258066 0.851298 -0.456830 -0.255735 0.868385 -0.424862 -0.264349 0.876122 -0.403151 0.577817 -0.663786 -0.474885 0.454793 -0.593411 -0.664099 0.552081 -0.642656 -0.531225 0.193817 -0.617280 0.762496 0.106744 -0.524277 0.844831 0.190624 -0.610335 0.768865 -0.287334 0.949534 -0.125795 -0.296730 0.941003 -0.162680 0.226873 -0.926404 0.300507 0.264841 -0.937656 0.225080 0.278437 -0.942457 0.185061 -0.058165 -0.408121 0.911073 -0.173970 -0.279810 0.944161 0.654285 -0.728268 0.203806 0.647051 -0.725142 0.235573 0.651943 -0.725781 0.219573 0.353118 -0.931347 -0.088882 0.371251 -0.918896 -0.133426 0.357082 -0.929612 -0.091184 -0.436299 0.760802 -0.480440 -0.277248 0.411947 -0.868005 -0.306044 0.284334 -0.908566 -0.645148 0.564525 0.514875 -0.706013 0.633923 0.315732 0.356316 -0.929464 0.095579 0.359924 -0.927916 0.097086 0.362982 -0.928347 0.080094 -0.445652 0.890764 0.089071 -0.417520 0.907441 0.047207 -0.797085 0.599227 -0.074718 -0.795891 0.591143 -0.130794 -0.817055 0.575222 0.039266 -0.004466 -0.998955 0.045478 -0.043103 -0.997223 0.060731 0.392014 -0.919171 -0.038081 
						0.385176 -0.922606 -0.020919 0.711821 -0.670908 -0.207831 0.775927 -0.629178 -0.045530 0.752218 -0.647271 -0.123320 -0.440682 0.761655 -0.475059 0.699301 -0.647579 -0.302688 0.666840 -0.655238 -0.354947 0.761758 -0.483434 -0.431296 0.851516 -0.360302 -0.380923 0.195613 0.972887 0.123396 0.038978 0.992822 0.113076 -0.622711 0.765451 -0.162223 -0.679799 0.732248 0.041047 -0.719765 0.693574 0.029883 -0.721242 0.688421 0.076725 -0.577599 0.534539 0.616967 -0.647244 0.576963 0.498186 -0.668007 0.588915 0.454913 0.253163 -0.666784 0.700933 0.166080 -0.574102 0.801764 0.607232 -0.783052 0.134530 0.506074 -0.844561 0.174947 0.356930 -0.929339 -0.094497 0.325978 -0.945253 -0.015334 0.245221 -0.689869 0.681137 0.178785 -0.792684 0.582828 0.189483 -0.798772 0.571016 -0.750296 0.614458 0.243919 -0.685559 0.611365 0.395274 -0.643373 0.735060 -0.213909 -0.582898 0.746619 -0.320608 -0.579474 0.741902 -0.337330 -0.216744 0.757429 -0.615893 0.488633 -0.830375 -0.267798 -0.633140 0.771172 -0.066534 -0.651982 0.758233 0.001172 -0.393794 0.763210 -0.512286 -0.271561 0.785731 -0.555770 -0.594828 0.709223 -0.378395 -0.104608 0.663679 -0.740666 -0.235646 0.678228 -0.696044 -0.626756 0.536306 0.565290 -0.676312 0.598497 0.429422 -0.450160 0.889493 0.078477 -0.473180 0.861633 0.183544 -0.304566 0.714744 -0.629587 -0.099668 0.646815 -0.756106 -0.148446 0.701026 -0.697514 -0.549767 0.819516 0.161708 -0.553928 0.820909 0.138824 0.114770 -0.894586 0.431906 0.124312 -0.932598 0.338833 -0.646929 0.685509 0.334006 -0.194686 0.723866 -0.661903 -0.285540 0.770330 -0.570138 -0.240024 -0.444522 0.863012 -0.303485 -0.477711 0.824433 -0.329458 -0.324641 0.886603 0.070327 0.546423 -0.834551 0.033667 0.577628 -0.815606 0.479980 -0.828659 -0.288000 0.501000 -0.798445 -0.333892 0.356757 -0.633853 0.686261 0.040232 -0.604018 0.795954 
						0.171726 -0.632219 0.755519 -0.456759 0.478431 0.749984 -0.722087 0.495446 0.482828 -0.694824 0.637800 0.332312 0.307378 -0.616908 0.724530 0.290567 -0.611338 0.736095 0.111994 -0.569966 0.814000 -0.503293 -0.316321 0.804138 -0.144957 -0.469434 0.870988 -0.378305 -0.544017 0.748953 -0.414126 -0.550013 0.725249 -0.388313 -0.497056 0.775982 0.613458 -0.777357 -0.139233 0.628664 -0.764812 -0.140868 0.610754 -0.791754 -0.010244 0.598983 -0.796862 0.078931 -0.292843 0.681902 -0.670263 -0.758984 0.618645 -0.203032 -0.722265 0.631765 -0.281436 -0.528073 0.758354 -0.382150 -0.612091 0.383963 0.691316 -0.570774 0.524401 0.631840 -0.607534 0.437904 0.662679 -0.494153 0.833360 -0.247636 -0.549215 0.825522 -0.129909 0.792340 -0.608014 0.050158 0.505752 -0.857786 0.091750 0.467933 -0.866029 0.176157 0.418379 -0.843805 0.336082 -0.692786 0.708064 -0.136720 -0.623565 0.704667 -0.338543 -0.325501 0.945220 0.024666 -0.271298 0.962256 -0.021443 -0.308337 0.951277 0.000365 -0.490764 0.797202 0.351596 0.263342 -0.724739 0.636714 0.172706 -0.612434 0.771426 0.291796 -0.738865 0.607398 -0.197302 -0.146649 0.969312 0.268674 -0.946054 0.181096 -0.611427 0.693229 -0.381563 -0.619114 0.695772 -0.364142 0.665231 -0.715538 0.213243 0.686501 -0.712153 0.146813 -0.276121 0.699244 -0.659405 -0.166213 0.664040 -0.728988 0.755827 -0.607120 -0.245215 0.543744 -0.809185 -0.222627 0.786387 -0.547764 -0.285569 0.414754 -0.897072 0.152452 -0.793845 0.584246 -0.168721 -0.882828 0.468745 -0.029863 -0.848860 0.523360 -0.074373 -0.021031 -0.997459 0.068071 -0.520252 0.767251 -0.375052 -0.443002 0.760699 -0.474432 -0.511949 0.858700 0.023306 -0.728061 0.684951 0.027730 -0.575241 0.607470 0.547793 -0.527035 0.730135 0.434899 -0.643011 0.518402 0.563734 -0.618760 0.688948 -0.377474 -0.608099 0.691727 -0.389525 -0.723723 0.644363 -0.247025 
						-0.184518 -0.701964 0.687895 -0.356975 -0.753245 0.552441 -0.493745 -0.763240 0.416750 -0.711159 0.593504 -0.376837 -0.696770 0.573980 -0.430184 -0.705449 0.611316 -0.358656 -0.380222 0.849429 -0.365926 -0.325093 0.908660 0.262016 -0.320771 0.931402 0.172033 -0.286862 0.945530 0.153892 0.268344 -0.933630 0.237331 0.258262 -0.917379 0.302846 -0.699397 0.227748 0.677477 -0.617320 0.443163 0.650017 0.570296 -0.676594 -0.465815 0.434208 -0.898592 -0.063216 0.436714 -0.894763 -0.093166 0.427820 -0.898246 -0.100614 -0.663076 0.708250 -0.242307 0.523886 -0.833829 0.173988 0.504709 -0.825180 0.253666 0.558502 -0.823118 0.102720 0.729525 -0.670959 -0.132695 0.674463 -0.667681 -0.315122 0.723860 -0.673968 -0.147628 -0.488916 0.769726 -0.410467 -0.513940 0.767119 -0.383918 -0.554388 0.770060 -0.315691 -0.498216 0.611974 0.614222 -0.480377 0.732837 0.481859 -0.505815 0.691674 0.515499 -0.486687 0.508258 0.710500 0.573340 -0.816663 0.065893 0.553201 -0.825274 0.113542 -0.228766 -0.744395 0.627330 -0.309389 -0.820198 0.481200 -0.285094 -0.818006 0.499587 -0.687752 0.459172 0.562280 -0.746783 0.440120 0.498608 -0.702691 0.466340 0.537357 0.788460 -0.581842 0.199476 0.767080 -0.620357 0.163539 0.751088 -0.625857 0.210167 -0.566163 0.711248 -0.416637 -0.432635 0.757624 -0.488706 -0.289262 0.793437 -0.535524 0.515083 -0.842056 -0.160098 0.461505 -0.886867 0.021893 0.460089 -0.887541 -0.024266 -0.446253 0.763087 -0.467501 0.394038 -0.907963 -0.142609 0.441558 -0.867803 -0.227915 0.665966 -0.278778 -0.691934 0.692923 -0.184998 -0.696875 0.666763 -0.365212 -0.649652 -0.291702 0.873705 -0.389294 -0.308859 0.883896 -0.351189 -0.307813 0.888025 -0.341559 0.104536 -0.835192 0.539932 -0.319429 0.915302 -0.245332 -0.330800 0.915535 -0.228839 0.725203 -0.589560 0.355668 0.638173 -0.589508 0.495192 0.662945 -0.584554 0.467762 
						-0.249039 0.814904 -0.523366 -0.245436 0.780699 -0.574691 -0.248060 0.813900 -0.525388 0.572377 -0.809138 -0.132969 0.575214 -0.792072 -0.204330 0.680848 -0.732333 -0.011604 -0.716966 0.659485 -0.225918 -0.737255 0.640357 -0.215401 -0.596747 0.792825 -0.123778 0.027137 -0.326352 0.944859 -0.033934 -0.190043 0.981189 -0.396524 0.760654 -0.513978 -0.145777 0.547888 0.823752 -0.113881 0.515176 0.849485 -0.242910 0.800154 -0.548405 -0.246463 0.810288 -0.531685 -0.247059 0.818328 -0.518943 0.551343 -0.740084 -0.385093 0.555678 -0.719844 -0.415989 0.524758 -0.801594 -0.286488 0.557944 -0.828645 0.045232 0.572269 -0.818444 0.051563 0.216359 -0.604068 0.767001 -0.010283 -0.467302 0.884038 0.140586 -0.556241 0.819043 -0.266457 0.930862 -0.249993 -0.280474 0.935709 -0.213968 0.631150 -0.775597 0.009974 0.623768 -0.780524 0.041173 -0.660493 0.744764 0.095265 0.300063 0.641672 -0.705846 0.053681 0.686658 -0.724996 0.419014 0.605780 -0.676356 0.694344 -0.712078 0.104074 0.655585 -0.717989 0.233880 -0.418491 0.725257 -0.546688 -0.071162 0.627874 -0.775055 -0.161113 0.667307 -0.727147 -0.638140 0.756699 -0.142073 -0.524213 0.839723 0.141655 -0.562411 0.826049 0.036561 -0.596229 0.763489 -0.248186 0.587004 -0.783928 0.202193 0.542371 -0.812652 0.213145 0.496818 -0.827458 0.261698 -0.719373 0.644580 0.258880 -0.673108 0.593917 0.440667 0.555569 -0.542771 -0.629875 0.531547 -0.468230 -0.705846 0.548525 -0.518473 -0.655977 -0.333923 0.909889 -0.246166 -0.334041 0.925207 -0.180026 -0.567263 -0.097449 -0.817751 -0.499805 0.096766 -0.860716 -0.590941 0.099690 -0.800532 -0.296173 0.926328 -0.232806 -0.268586 0.942052 -0.200995 0.214785 -0.679468 0.701563 0.119358 -0.991522 0.051354 0.244027 -0.880840 0.405673 0.276280 -0.884719 0.375421 0.276896 -0.892198 0.356806 0.093112 -0.487400 0.868200 -0.027131 -0.318349 0.947585 
						0.064978 -0.447981 0.891679 -0.710198 0.580630 0.398105 -0.698359 0.671773 0.247014 -0.699078 0.674980 0.235994 0.242387 -0.879618 0.409294 0.729374 -0.674608 0.113657 0.733620 -0.679350 0.016898 0.718902 -0.682419 0.132229 -0.581757 0.753236 -0.306910 -0.175010 0.964339 0.198547 -0.090506 0.968499 0.231987 -0.124107 0.966867 0.223083 0.243036 -0.853892 0.460220 0.247558 -0.845536 0.473057 0.284547 -0.882420 0.374658 0.558367 -0.734919 -0.384865 0.561619 -0.702900 -0.436481 0.555159 -0.761594 -0.334324 0.245035 -0.629174 0.737630 0.269197 -0.610692 0.744707 -0.584609 0.756421 0.293360 -0.495890 0.832251 0.247895 -0.338861 0.926480 0.163732 -0.188661 0.976995 -0.099433 -0.267382 0.963429 0.017674 0.312220 -0.906013 0.285761 0.325907 -0.902679 0.280990 0.531391 -0.821746 0.205809 -0.301195 0.944686 -0.129807 -0.544796 0.026117 -0.838162 0.762718 -0.478500 0.435085 0.608713 -0.214065 -0.763967 0.590785 -0.095884 -0.801112 0.613079 -0.185165 -0.768016 -0.134147 0.658602 0.740437 -0.404125 -0.138361 0.904179 -0.544452 0.106196 0.832043 -0.376265 -0.089456 0.922183 -0.099526 0.958462 0.267293 -0.189668 0.963912 0.186816 -0.293306 0.955209 0.039339 -0.318932 0.947450 0.024916 -0.581717 0.534349 0.613251 0.273001 -0.885982 0.374842 0.291369 -0.904958 0.310091 -0.265126 0.705074 -0.657707 -0.504310 0.776409 -0.377969 -0.523613 0.733176 -0.433915 -0.607125 0.768393 -0.202414 -0.556733 0.551481 0.621222 0.552744 -0.654583 -0.515746 0.372694 -0.610166 -0.699140 0.457781 -0.624742 -0.632561 0.730399 -0.677704 -0.085053 0.176758 -0.928852 0.325562 0.143820 -0.938913 0.312662 -0.470422 0.747324 -0.469266 -0.684970 0.667565 -0.291846 0.235681 -0.956151 0.173867 0.131752 -0.560666 0.817493 0.213702 -0.622281 0.753059 -0.271675 0.915275 -0.297429 -0.276419 0.937227 -0.212598 0.568825 -0.660732 -0.489766 
						-0.195195 0.719485 -0.666513 -0.239246 0.728808 -0.641561 0.217587 -0.925519 0.309952 0.210927 -0.926336 0.312110 0.199766 -0.916425 0.346783 0.651511 -0.717119 -0.247534 0.618921 -0.691348 -0.372793 0.647546 -0.708920 -0.279492 0.705368 -0.676103 -0.212934 0.536765 -0.599484 -0.593719 0.446097 -0.516374 -0.730996 0.496663 -0.546913 -0.673952 0.395457 0.139905 -0.907766 0.285716 0.256127 -0.923453 0.455556 0.023029 -0.889909 0.696555 -0.675235 -0.242629 0.735882 -0.656829 -0.164479 0.703359 -0.665334 -0.250234 -0.293758 0.900520 -0.320579 -0.469765 0.780909 -0.411706 -0.395232 0.768139 -0.503740 -0.046064 0.625186 -0.779115 -0.129571 0.689957 -0.712159 0.629494 -0.768721 0.113160 0.599182 -0.799176 0.047953 0.622419 -0.771974 -0.129033 0.225139 -0.930066 0.290327 0.227517 -0.926666 0.299209 0.228092 -0.916006 0.330012 -0.604626 0.476679 0.638126 -0.655506 0.556447 0.510567 -0.580165 0.462412 0.670510 0.123172 -0.298662 0.946377 0.171269 -0.251463 0.952593 0.132560 -0.196476 0.971507 -0.656223 0.727136 -0.201604 -0.692396 0.711055 -0.122425 -0.712391 0.701225 -0.027968 0.784327 -0.593067 0.181941 0.786552 -0.604516 0.126080 0.758097 -0.640821 0.120984 0.756704 -0.643104 -0.117545 0.741588 -0.645733 0.181870 -0.407761 0.889839 0.204736 -0.354913 0.924731 0.137513 -0.421906 0.882788 0.206595 -0.685060 0.333155 -0.647843 -0.635790 0.206921 -0.743610 -0.604081 0.476188 -0.639008 0.695228 -0.718220 -0.028582 -0.484783 0.353044 0.800216 -0.461351 0.785974 -0.411582 -0.535241 0.788025 -0.304192 -0.547149 0.793340 -0.266907 0.146413 -0.842792 0.517943 0.208541 -0.812096 0.544987 0.215268 -0.796469 0.565064 0.327942 -0.944340 -0.026015 0.339580 -0.939321 -0.048596 0.286739 -0.838782 0.462846 0.231005 -0.778204 0.583982 0.257019 -0.798642 0.544161 0.524065 -0.686255 0.504392 0.497303 -0.686563 0.530396 
						0.431793 -0.664183 0.610258 0.767223 -0.641301 0.010080 0.717593 -0.667230 -0.199660 0.346859 -0.632790 0.692290 0.094415 -0.647624 0.756088 0.571730 -0.624283 -0.532350 0.569331 -0.634375 -0.522906 0.573747 -0.551014 -0.605968 0.767233 -0.631245 0.113506 0.341574 -0.937037 -0.072725 0.308248 -0.940291 0.144345 -0.414087 0.879843 0.233255 -0.266350 0.957483 0.110833 0.274942 -0.632886 0.723784 0.240668 -0.618403 0.748102 -0.699799 0.712795 0.046963 -0.640777 0.748567 -0.170446 -0.661974 0.739821 -0.120229 -0.322464 0.752367 -0.574423 -0.413265 0.776317 -0.475967 -0.737866 0.462784 0.491309 -0.699984 0.556253 0.447890 -0.730279 0.443733 0.519416 0.707578 -0.659687 -0.253271 0.716037 -0.660889 -0.224758 -0.640963 0.624982 0.445606 -0.736349 0.520238 0.432600 -0.499817 0.754985 -0.424477 -0.696838 0.406235 0.591092 -0.707699 0.407109 0.577429 -0.711284 0.483215 0.510468 -0.618252 0.744088 -0.253175 -0.623470 0.690064 -0.367555 -0.547818 0.819697 -0.167310 0.338296 -0.790185 0.511041 0.415570 -0.834156 0.362610 0.053276 0.347169 -0.936288 0.145510 0.122739 -0.981714 -0.209064 0.719996 -0.661739 -0.207098 0.728113 -0.653423 0.747504 -0.520987 0.412080 -0.509811 0.847063 0.150255 -0.512132 0.852086 0.108024 -0.549055 0.811796 0.198809 0.368641 -0.571164 0.733400 0.532461 -0.534359 0.656465 0.475407 -0.801681 0.362348 0.474497 -0.810926 0.342421 0.410846 -0.771996 0.485003 0.210776 -0.961340 -0.177200 0.168785 -0.961593 -0.216450 -0.717161 0.687351 0.115015 -0.688490 0.725168 -0.010582 0.500778 -0.514739 -0.695891 0.510555 -0.513929 -0.689355 0.015277 -0.802302 0.596723 0.650971 -0.721354 0.236399 0.698100 -0.714870 0.040221 0.709758 -0.549947 0.440230 -0.553889 0.780833 -0.288975 -0.037662 -0.664618 0.746234 0.605628 -0.792446 0.072417 -0.397609 0.760015 -0.514086 -0.198088 0.843523 -0.499229 
						0.485755 -0.470808 -0.736466 0.511979 -0.503960 -0.695630 -0.041191 -0.997814 0.051671 0.059297 -0.996887 0.051967 -0.385126 -0.455791 0.802454 -0.411680 -0.413360 0.812190 0.577245 -0.539190 -0.613239 0.582438 -0.524413 -0.621094 0.580631 -0.561844 -0.589236 -0.449145 0.756417 -0.475501 -0.530513 0.738277 -0.416538 0.486291 -0.458109 -0.744081 0.551462 -0.822480 -0.139344 0.547669 -0.830665 -0.100269 0.553667 -0.814926 -0.171315 -0.672395 0.306220 0.673880 -0.651840 0.279930 0.704800 -0.357080 0.933354 -0.036654 -0.357421 0.927391 -0.110433 -0.360290 0.932647 -0.018993 -0.357692 0.923347 -0.139595 0.514432 -0.655608 0.552755 0.548680 -0.655173 0.519325 0.582891 -0.668935 0.461263 -0.430110 0.901065 -0.055565 -0.447781 0.893029 -0.044624 -0.444892 0.893966 -0.053815 0.316276 -0.941461 0.116706 -0.155258 -0.176064 0.972058 -0.171832 -0.139807 0.975155 -0.038912 -0.775453 0.630205 0.362002 -0.910115 0.201606 0.388557 -0.915936 0.100419 0.585150 -0.649075 -0.486108 0.584545 -0.657843 -0.474921 0.471016 0.309830 -0.825923 0.224818 0.484309 -0.845519 -0.675438 0.667701 -0.312985 -0.622041 0.686937 -0.375743 -0.724514 0.646653 -0.238577 0.241865 -0.969131 0.047824 0.218585 -0.974894 0.042447 0.380283 -0.907319 0.179323 0.438918 -0.897650 0.039682 -0.138929 0.647938 -0.748915 -0.512642 0.758850 -0.401678 -0.666628 0.670109 -0.326436 -0.539482 0.706105 -0.458667 0.352368 -0.183860 -0.917623 0.384933 -0.218741 -0.896649 0.432974 -0.317174 -0.843762 0.280742 -0.959772 -0.004575 0.310032 -0.950246 -0.030216 0.346714 -0.764432 0.543538 0.258576 -0.681589 0.684525 0.369314 -0.780336 0.504662 -0.471138 0.750077 -0.464127 -0.523748 0.723986 -0.448923 -0.407324 0.912155 0.045388 -0.434044 0.897039 0.083229 -0.252920 0.291604 -0.922496 -0.234698 0.411916 -0.880478 0.437646 -0.791811 0.426030 0.445861 -0.792410 0.416286 
						0.433838 -0.790815 0.431737 -0.229700 0.616636 -0.752993 -0.242417 0.717752 -0.652738 -0.232846 -0.961884 0.143394 -0.275097 -0.954727 0.113217 -0.281110 -0.953184 0.111430 0.594397 -0.663330 -0.454627 0.583892 -0.650554 -0.485643 -0.579132 0.774182 -0.255438 -0.614118 0.764905 -0.194367 0.622133 -0.713368 -0.322577 0.621827 -0.702846 -0.345454 0.727227 -0.683488 0.063136 0.721027 -0.690472 0.058045 0.705325 -0.670311 -0.230650 0.423957 -0.892076 -0.156401 -0.702668 0.643354 0.303895 -0.643140 0.692051 0.327773 -0.292182 0.955954 0.027967 -0.311670 0.949994 0.019302 -0.276025 0.958115 -0.076332 -0.634745 0.235398 0.735994 0.614968 0.205447 -0.761319 0.500375 -0.727112 0.470035 -0.741912 0.643661 -0.187794 0.454945 -0.812625 0.364233 0.441389 -0.802716 0.401026 0.581019 -0.751393 -0.312771 -0.288560 0.739235 -0.608494 -0.406940 0.753243 -0.516744 -0.462013 0.761999 -0.453763 0.433050 -0.900788 -0.032389 0.590728 -0.695613 0.408855 0.614645 -0.708093 0.347586 -0.492626 0.844011 0.212049 -0.536054 0.794203 0.286160 -0.579549 0.533446 0.616083 0.609931 -0.775346 -0.163777 0.595151 -0.798925 -0.086689 -0.401645 0.912200 -0.081072 -0.577767 0.775437 -0.254720 -0.444507 0.719904 -0.533059 -0.089598 0.652008 -0.752900 -0.197174 0.678794 -0.707362 -0.568889 0.410298 0.712756 -0.637686 0.504769 0.581863 -0.132959 -0.634279 0.761585 -0.626452 0.764001 -0.154472 0.174922 -0.711484 0.680583 0.544415 -0.581146 -0.604882 -0.210386 0.587080 -0.781713 -0.466385 0.737741 -0.488082 -0.413895 0.738485 -0.532288 0.126197 -0.550693 0.825113 -0.124857 0.690229 -0.712738 -0.210505 0.755278 -0.620679 -0.133188 0.697503 -0.704095 0.647009 -0.719542 -0.252267 -0.723002 0.615874 0.312997 0.536427 -0.843888 -0.009985 0.532209 -0.846163 0.027601 0.529602 -0.846476 0.054773 0.333451 -0.920559 0.203426 0.328485 -0.930440 0.162419 
						0.349907 -0.932769 0.086641 -0.000264 0.468816 -0.883296 -0.103493 0.635564 -0.765080 0.418735 -0.462551 -0.781478 0.362838 -0.414182 -0.834746 0.289759 -0.950559 -0.111703 0.284801 -0.951922 -0.112841 0.013929 0.797500 -0.603158 -0.179198 0.776871 -0.603622 -0.110751 -0.673918 0.730458 0.598239 -0.789155 -0.139085 -0.184573 0.751308 -0.633616 0.090660 -0.918430 0.385053 0.214607 -0.938676 0.269871 0.522148 -0.463217 -0.716095 0.581671 -0.574194 0.576160 -0.802763 0.380171 0.459392 -0.766906 0.422901 0.482711 0.462738 -0.884887 0.053375 0.606083 -0.716370 -0.345654 0.566326 -0.786693 -0.245743 -0.322424 0.917620 -0.232414 -0.334503 0.923998 -0.185297 -0.330975 0.917775 -0.219418 -0.254361 0.746729 -0.614570 0.207152 -0.910581 0.357673 0.178204 -0.905294 0.385598 0.226287 -0.929429 0.291473 0.235289 -0.933952 0.269020 0.689953 -0.723636 0.017768 0.658255 -0.752180 0.030428 0.691046 -0.722299 0.027215 -0.249103 0.557162 0.792161 -0.334977 0.547216 0.767036 -0.247133 0.500257 0.829860 -0.590240 0.783522 -0.194193 0.649940 -0.759157 -0.035488 0.583268 -0.600528 -0.546960 0.593260 -0.536398 -0.600267 0.555887 -0.830166 -0.042594 0.559266 -0.824138 -0.089545 -0.097261 0.646533 -0.756660 -0.393687 0.913732 0.100522 0.543181 -0.835163 -0.086354 0.557340 -0.821173 -0.122663 0.327453 -0.943812 0.044638 -0.505787 0.840874 0.192643 -0.378003 0.726719 0.573580 -0.446931 0.778348 0.440939 -0.440178 0.753247 0.488735 0.162967 0.213409 -0.963275 0.096251 0.332932 -0.938026 0.181872 0.150091 -0.971800 0.233505 -0.969282 0.077249 0.206040 -0.965443 0.159584 0.258131 -0.964370 0.057964 0.390778 -0.916723 -0.083132 0.365817 -0.929651 -0.043903 0.364112 -0.930600 -0.037496 0.445849 -0.804613 0.392194 0.575351 -0.452677 -0.681215 0.159405 -0.574414 0.802894 0.009394 -0.372305 0.928063 0.531282 -0.843737 -0.076472 
						0.441217 -0.874528 0.201317 0.170530 0.126579 -0.977188 0.131043 -0.819867 0.557357 0.135498 -0.863739 0.485382 0.554310 -0.829559 -0.067620 0.579740 -0.798291 -0.163195 0.579882 -0.787964 -0.207002 -0.799791 0.449312 0.398062 0.289476 -0.921144 0.260188 0.438640 -0.860119 0.260364 0.105752 -0.940808 0.322020 -0.683086 0.721372 0.114090 -0.367480 0.417266 -0.831172 -0.321037 0.654839 -0.684194 -0.393571 0.667052 -0.632569 -0.552429 0.803620 0.221398 -0.242391 -0.187412 0.951905 0.595477 0.015724 -0.803218 0.439261 -0.879705 -0.182122 0.437054 -0.882610 -0.173156 -0.037817 -0.163935 0.985746 -0.031421 -0.100491 0.994442 -0.226327 0.952332 -0.204546 -0.241707 0.960374 -0.138779 0.577315 -0.456118 -0.677247 0.348821 -0.936847 -0.025331 0.198716 -0.978666 0.052198 -0.161480 -0.983908 0.076481 -0.147578 -0.979986 0.133594 0.226721 -0.954780 0.192333 0.311379 -0.623333 0.717286 0.302810 -0.620038 0.723781 0.425198 -0.653628 0.626080 0.310970 -0.949480 0.042250 0.341366 -0.939817 -0.014631 0.204639 -0.941232 0.268712 0.167769 -0.807130 0.566035 0.219578 -0.706588 0.672695 0.172779 -0.743711 0.645787 0.642092 -0.732659 0.225675 0.420339 -0.898661 -0.125396 0.387323 -0.919689 -0.064447 0.146330 -0.870240 0.470394 0.140094 -0.894062 0.425473 -0.696171 0.692824 0.187993 -0.689010 0.707795 0.155856 -0.706583 0.633625 0.315055 0.087441 -0.996010 0.017812 -0.774462 0.429022 0.464917 -0.892615 0.110544 0.437057 0.077294 -0.574108 0.815123 -0.287120 -0.651849 0.701894 -0.256012 -0.605442 0.753590 0.549604 -0.814415 -0.186184 0.564008 -0.774629 -0.286085 -0.279541 0.837033 -0.470353 -0.296669 0.845486 -0.444005 -0.277444 0.843209 -0.460461 0.327236 0.650908 -0.685008 0.371483 0.660654 -0.652332 -0.571129 0.799215 -0.187260 -0.507468 0.803102 -0.312256 -0.537117 0.801473 -0.262959 0.795114 -0.600601 0.084098 
						0.783565 -0.587832 0.201194 -0.319235 0.230414 0.919238 -0.476916 0.365363 0.799413 0.623534 -0.404440 -0.669055 0.613879 -0.434579 -0.659010 0.601661 -0.798015 -0.034292 -0.275113 0.669610 -0.689880 -0.689348 0.715812 -0.111413 -0.728165 0.684672 -0.031617 0.532856 -0.355002 -0.768139 0.554959 -0.464111 -0.690377 -0.248815 0.856446 -0.452319 0.322759 -0.600717 0.731413 0.555381 -0.541988 0.630715 -0.180342 0.718556 -0.671680 -0.198420 -0.360716 0.911325 -0.335625 -0.257005 0.906258 -0.361859 -0.271036 0.891962 0.600376 -0.538424 -0.591311 -0.169575 -0.983505 0.062948 -0.216848 -0.974793 0.052489 0.002417 -0.998559 0.053619 0.455556 -0.012230 -0.890123 0.497630 -0.111895 -0.860142 0.509772 -0.176263 -0.842059 -0.329238 0.740715 -0.585613 -0.138246 0.683498 -0.716742 -0.113219 0.662751 -0.740232 -0.160086 0.699499 -0.696472 0.600217 -0.708812 -0.370574 0.637073 -0.770467 -0.022798 0.608597 -0.788271 0.090764 0.477135 -0.878131 0.035051 0.453929 -0.890353 0.034946 0.535991 -0.843533 0.034139 0.231787 -0.952701 0.196561 0.235371 -0.959892 0.152342 -0.217333 0.777658 -0.589927 -0.472078 0.863429 0.177857 -0.275996 0.174630 0.945162 -0.513017 0.739348 -0.436094 -0.379528 0.718682 -0.582627 -0.202073 0.577447 -0.791026 -0.601005 0.567646 0.562647 -0.694248 0.411353 0.590600 -0.687503 0.460663 0.561364 -0.342827 0.929868 -0.133477 -0.362284 0.928790 -0.078099 0.288297 -0.903647 0.316711 0.337239 -0.914371 0.224044 0.355791 -0.918487 0.172609 0.155442 -0.636021 0.755854 -0.712999 0.674777 0.190546 -0.707141 0.704566 0.059490 0.119970 -0.548544 0.827470 0.681472 -0.700540 -0.211751 0.666380 -0.698968 -0.259581 0.696035 -0.714314 -0.072732 -0.449434 0.320239 -0.833940 0.219824 -0.928863 0.298145 0.182150 -0.923102 0.338680 0.546784 -0.561825 -0.620790 0.539918 -0.537144 -0.648047 0.580478 -0.814166 -0.013380 
						0.538624 -0.832822 0.127638 0.023667 0.496235 0.867866 0.049695 0.504410 0.862033 0.646448 -0.729610 -0.223100 0.398728 -0.871358 0.285921 0.383548 -0.863507 0.327484 -0.243063 0.492321 -0.835788 0.617603 -0.655603 0.434455 -0.261998 0.729532 -0.631776 0.579745 -0.640874 -0.503166 0.585557 -0.721625 -0.369298 0.301280 -0.933750 0.193241 0.562318 -0.729422 -0.389541 0.547702 -0.784162 -0.291739 0.694236 -0.703044 0.154159 -0.247645 0.799027 -0.547930 -0.253114 0.810337 -0.528476 0.673686 -0.732264 0.099685 0.664718 -0.726765 0.173097 0.374090 -0.916823 -0.139618 0.348504 -0.931245 -0.106433 0.350599 -0.933018 -0.080981 0.376707 -0.919167 -0.115000 0.382834 -0.050127 -0.922456 0.276983 0.147045 -0.949557 0.354983 -0.002255 -0.934870 -0.940612 -0.244599 0.235415 -0.974929 0.208426 0.077921 -0.980758 0.195060 0.008121 0.603275 -0.365533 -0.708833 0.603847 -0.458800 -0.651822 0.596315 -0.476158 -0.646283 0.245012 -0.911269 0.330996 0.249909 -0.925341 0.285112 0.036623 -0.908232 0.416860 0.156585 -0.939918 0.303372 -0.064540 -0.873750 0.482074 0.411949 -0.798801 0.438424 0.488452 -0.826092 0.281046 -0.461924 0.811333 -0.358280 -0.264276 0.744150 -0.613514 -0.361893 0.780838 -0.509241 0.173844 -0.972827 0.152924 0.191815 -0.970125 0.148540 -0.338058 0.939417 0.056676 -0.374845 0.926479 0.033580 -0.022848 0.618496 -0.785456 -0.178925 0.706515 -0.684707 -0.565548 0.215353 0.796102 0.342783 -0.939303 0.014475 -0.695467 0.701930 -0.153691 -0.707982 0.706188 0.007706 0.586729 -0.808673 -0.042394 0.598263 -0.774933 -0.203866 0.581307 -0.810534 -0.071535 -0.444809 0.891054 0.090377 -0.468661 0.874863 0.122357 -0.294147 0.833820 -0.467142 -0.306963 0.846557 -0.434874 0.320338 -0.944307 0.075285 0.335936 -0.941740 -0.016532 0.057610 -0.926688 0.371389 0.191637 0.529748 -0.826221 -0.730344 0.648965 -0.213172 
						-0.638884 0.718726 -0.274338 -0.705090 0.683284 -0.189663 0.176208 -0.801476 0.571478 0.114676 -0.927107 0.356823 -0.301353 0.912792 -0.275676 0.609213 -0.773957 -0.172770 -0.237462 0.724712 -0.646842 -0.660726 0.722110 -0.204935 0.538489 0.344976 -0.768779 0.349766 0.471801 -0.809362 0.389329 0.418320 -0.820629 -0.551939 0.603199 0.575773 -0.288555 0.918802 -0.269329 -0.331224 0.935101 -0.126004 -0.304560 0.929479 -0.208115 0.594268 -0.755993 0.274445 0.583175 -0.754639 0.300710 0.534289 -0.731896 0.422922 -0.304128 0.818340 -0.487673 -0.479621 0.840195 0.253055 -0.511803 0.815875 0.269083 0.191127 -0.469520 0.861987 0.218494 -0.262825 0.939779 0.188286 -0.343383 0.920128 -0.512565 0.852555 0.102108 0.310368 -0.943464 -0.116397 0.707347 -0.538705 0.457665 -0.456562 -0.607926 0.649598 -0.611352 -0.744215 0.269058 -0.571974 -0.445650 0.688653 0.692201 -0.671418 -0.264679 -0.107590 0.674697 -0.730211 0.196775 -0.883345 0.425419 0.876430 -0.189439 -0.442699 0.910109 -0.025406 -0.413589 -0.442445 0.412552 0.796268 -0.071273 -0.994550 0.076097 0.641700 -0.668515 0.375911 -0.613899 0.727231 -0.307023 -0.626695 0.730902 -0.270251 -0.683576 0.608180 0.403536 -0.677300 0.609895 0.411452 0.720091 -0.389637 -0.574153 -0.349979 0.853512 -0.386047 -0.309861 0.830859 -0.462233 -0.261584 0.764925 -0.588612 0.615412 0.190297 -0.764889 -0.850781 0.278520 0.445644 -0.847815 0.230040 0.477798 -0.882396 0.161255 0.442012 0.571507 -0.689217 -0.445376 0.533923 -0.752961 -0.384677 0.058350 -0.545438 0.836118 0.010060 -0.464711 0.885405 0.612240 -0.742072 0.272931 0.637932 -0.752832 0.162132 -0.160615 0.415185 0.895446 -0.197512 0.430092 0.880914 -0.164582 0.383556 0.908734 0.217648 -0.605758 0.765302 0.054806 -0.511836 0.857333 -0.173024 0.721422 -0.670532 -0.415000 -0.736290 0.534465 -0.424399 -0.743490 0.516825 
						-0.331018 -0.755734 0.565061 0.037234 -0.595719 0.802329 0.423004 -0.646631 0.634772 0.349529 -0.626503 0.696652 0.572081 -0.794644 0.203138 -0.361245 0.429406 0.827715 -0.245024 0.313559 0.917412 -0.251109 0.379032 0.890662 0.323239 -0.946307 -0.004498 0.360218 -0.867273 0.343628 -0.273901 0.781138 -0.561072 0.160350 -0.861137 0.482421 0.145913 -0.906175 0.396934 0.147044 -0.867793 0.474671 0.072929 -0.583899 0.808544 0.569461 -0.602300 -0.559418 -0.571613 0.803488 -0.166327 -0.550902 0.812138 -0.192192 0.641616 -0.650081 0.407091 0.593259 -0.642752 0.484679 0.234700 -0.660684 -0.713030 0.510300 -0.808673 0.292646 0.466347 -0.787705 0.402544 -0.229133 0.763844 -0.603357 -0.362285 0.840058 -0.403798 -0.324813 0.821784 -0.468154 -0.305384 0.951457 0.038350 -0.263598 0.962575 0.062973 -0.194820 -0.300587 0.933645 0.461050 -0.882090 0.096699 0.479659 -0.877188 0.021647 0.427133 -0.887407 0.173397 -0.016080 -0.466936 0.884145 0.026460 -0.700746 0.712919 -0.901428 0.362584 0.236558 -0.885915 0.152211 0.438162 -0.488640 0.096358 0.867149 -0.074629 0.652220 -0.754347 -0.157715 0.700706 -0.695799 -0.188439 0.715622 -0.672589 -0.370922 0.921559 -0.114656 -0.358332 0.922709 -0.142147 0.561747 -0.610032 -0.558839 0.584191 -0.664134 -0.466527 0.308822 -0.797188 0.518768 0.331931 -0.805561 0.490809 -0.254767 0.732643 -0.631133 -0.164969 0.703322 -0.691464 0.553825 -0.797530 -0.239215 0.556304 -0.770721 -0.310668 0.543143 -0.810218 -0.220325 -0.254274 0.964301 0.073953 -0.607204 0.732123 -0.308706 -0.718675 0.642565 0.265736 -0.708993 0.704984 -0.018076 -0.721521 0.688789 0.070555 0.288106 -0.780472 0.554849 0.232990 -0.702545 0.672418 0.286763 -0.760800 0.582194 -0.670162 0.741148 -0.039784 0.145182 -0.967396 0.207528 0.151776 -0.982806 0.105149 0.148754 0.917664 0.368464 0.022587 0.948769 0.315163 
						-0.032239 0.959103 0.281214 0.711177 -0.694266 0.110557 0.690558 -0.673899 -0.262661 0.712008 -0.700793 -0.043977 0.018352 -0.998162 0.057755 0.109025 -0.994028 0.004603 0.512035 -0.780763 -0.358092 -0.655140 0.187891 0.731771 0.165338 -0.753915 0.635827 0.158788 -0.813342 0.559697 -0.031938 0.581183 -0.813146 -0.038653 0.593053 -0.804235 0.298228 -0.940590 -0.162329 0.271513 -0.959518 0.074872 0.284621 -0.938478 0.195576 -0.346538 0.919048 0.187785 -0.326570 0.915278 0.235837 0.496729 -0.596677 -0.630268 0.387586 -0.528844 -0.755051 0.376806 -0.504484 -0.776861 0.104916 0.172552 -0.979397 0.080211 0.167731 -0.982564 0.165096 -0.023669 -0.985994 0.543089 -0.737071 -0.402220 0.534225 -0.756802 -0.376636 0.516163 -0.796543 -0.314793 0.634673 -0.753029 -0.173602 0.611403 -0.791168 0.015514 0.161948 -0.950345 0.265739 0.678284 -0.715639 0.166710 -0.375302 0.153874 -0.914041 -0.333275 0.294621 -0.895615 -0.370556 0.289216 -0.882634 0.205969 0.613496 -0.762364 -0.037213 0.680978 -0.731358 -0.034133 0.675201 -0.736844 0.720670 -0.659801 -0.212833 -0.473966 -0.725343 0.499233 -0.366097 -0.697685 0.615799 0.797433 -0.532389 0.284010 0.806732 -0.563838 0.176834 0.806261 -0.561212 0.187040 -0.181617 0.428235 -0.885229 -0.212259 0.377132 -0.901508 -0.028192 0.752332 -0.658180 0.168076 0.762504 -0.624770 -0.308776 0.929991 0.199434 -0.435048 0.842405 0.317942 0.408921 -0.765422 0.496903 -0.166607 0.328906 0.929550 -0.452057 0.863649 0.223056 -0.507485 0.818186 0.270243 -0.534823 0.792001 0.294445 0.555185 -0.818080 0.150045 0.480496 -0.874843 -0.061425 0.502698 -0.855507 -0.124105 0.493283 -0.861934 -0.117221 -0.553485 0.725773 -0.408544 -0.052564 0.643696 0.763474 -0.040015 0.715559 0.697405 -0.407787 0.806066 -0.428914 -0.535655 0.727522 -0.428702 -0.428463 0.902672 0.040029 -0.445911 0.894199 0.039630 
						0.620408 -0.763857 -0.177809 0.573913 -0.817666 0.045226 0.617336 -0.589244 -0.521237 -0.309456 0.543448 -0.780321 0.745994 -0.633226 0.206200 0.719475 -0.634588 0.282228 0.716461 -0.622758 0.314414 -0.726750 0.658787 0.194509 -0.702037 0.709896 -0.056496 -0.727296 0.669893 0.149280 0.040479 0.924833 0.378212 -0.622247 -0.023418 -0.782470 -0.385913 0.701437 -0.599213 -0.554180 0.730481 -0.399101 -0.681710 0.725595 -0.093716 -0.724836 0.686031 -0.063035 -0.097830 0.677908 -0.728608 0.040071 0.655988 -0.753707 -0.688546 0.596428 0.412527 -0.667659 0.606831 0.431262 -0.516071 0.766210 -0.382874 -0.329621 0.704029 -0.629042 0.332547 -0.941328 -0.057563 0.166920 -0.378076 -0.910602 0.355208 -0.480382 -0.801910 0.162268 -0.751704 0.639226 0.183645 -0.728059 0.660458 0.483749 -0.870634 -0.089348 -0.116668 -0.746772 0.654768 -0.152349 -0.657648 0.737759 0.379197 -0.924388 0.041446 -0.669131 0.741457 -0.050060 -0.511475 0.820006 -0.256873 -0.476940 0.814017 -0.331519 -0.230119 0.739148 -0.633013 -0.243882 0.778109 -0.578851 0.391469 -0.898148 0.200208 0.383487 -0.888880 0.250660 0.275098 -0.945071 0.176526 -0.403054 0.233425 0.884907 -0.425944 0.163437 0.889865 0.166553 -0.669952 0.723481 0.511287 -0.852118 -0.111714 0.783716 -0.619511 0.044673 0.794337 -0.604599 0.059073 -0.603602 0.735714 -0.307228 0.552382 -0.818323 0.158812 0.611024 -0.778481 0.143585 -0.405102 0.815841 -0.412669 -0.319003 0.836937 -0.444718 -0.160036 0.911315 -0.379334 -0.228422 0.897838 -0.376444 -0.301130 0.911301 -0.280805 -0.264905 0.891595 -0.367266 -0.611314 0.791211 -0.016727 0.337887 -0.937473 0.083529 0.394315 -0.798908 0.454160 0.429131 -0.810147 0.399384 0.159104 -0.823838 0.544038 0.148520 -0.803218 0.576873 0.512412 -0.779675 -0.359918 0.555743 -0.710984 -0.430872 0.383273 -0.882058 0.274000 0.407895 -0.890877 0.199901 
						-0.292411 0.802614 -0.519910 -0.136309 0.687246 -0.713521 -0.692248 0.615344 0.377020 -0.725741 0.648974 0.228327 -0.383074 -0.252760 0.888463 -0.497514 -0.154774 0.853537 -0.519221 -0.223402 0.824925 0.397586 -0.908067 0.131682 0.410445 -0.910213 0.055200 -0.666909 0.743161 0.054265 -0.693812 0.687013 0.215961 -0.264463 0.820391 -0.506970 -0.455913 0.746391 -0.484813 -0.701010 0.687041 0.191206 -0.682706 -0.202278 0.702136 -0.675351 -0.139372 0.724207 -0.640496 -0.232628 0.731881 0.039505 0.683098 -0.729257 -0.311452 0.693527 -0.649629 0.493818 -0.806820 -0.324323 0.355494 -0.919706 0.166626 -0.602815 0.695557 -0.390915 -0.700554 0.658515 -0.274921 -0.617162 0.690366 -0.377499 -0.050334 -0.995694 0.077845 -0.017742 -0.364192 0.931155 0.607688 -0.752642 0.253466 -0.562988 0.754373 0.337589 0.398654 -0.913080 -0.085793 0.081352 -0.926874 0.366452 0.095075 -0.931190 0.351917 -0.182653 -0.905485 0.383060 -0.508754 0.829702 -0.229704 0.548852 0.597730 -0.584363 0.590506 -0.782487 0.197528 0.634361 -0.772859 -0.016610 0.173136 -0.755908 0.631369 0.180942 -0.757363 0.627424 0.527026 -0.846117 0.079555 0.494512 -0.856262 0.149241 0.502094 -0.825425 -0.258023 0.484077 -0.604373 -0.632774 0.492326 -0.457384 -0.740551 0.533428 -0.539991 -0.651049 0.267003 -0.960594 0.077258 0.276832 -0.958684 0.065495 -0.767482 0.539568 0.346176 0.616784 -0.691932 0.375242 0.487089 -0.638513 0.595857 0.568555 -0.634585 0.523495 -0.785253 0.613793 0.081457 -0.748166 0.596651 0.290268 -0.712702 0.586684 0.384523 0.504455 -0.767935 0.394718 0.450241 -0.750810 0.483288 0.451491 -0.743719 0.492988 0.802872 -0.378501 -0.460580 0.558540 -0.818203 -0.136296 0.668864 -0.641399 0.375804 0.659848 -0.627955 0.412642 -0.647707 0.692643 -0.317364 0.251180 -0.952090 0.174450 0.245140 -0.965154 0.091564 0.013371 0.654732 -0.755743 
						0.008452 0.652565 -0.757685 -0.515058 0.496651 0.698608 -0.376475 0.427877 0.821698 -0.344318 0.923802 -0.167435 -0.332971 0.919496 -0.208942 -0.319532 0.903637 -0.285202 -0.210076 -0.976421 0.049698 -0.000306 -0.436562 0.899674 0.092631 -0.524384 0.846429 0.206084 -0.942752 0.262198 -0.225257 -0.899936 0.373328 -0.257857 -0.896899 0.359280 0.165261 -0.929507 0.329705 0.771796 -0.595103 0.224017 0.501289 -0.806832 0.312621 0.075582 -0.734834 0.674022 0.598370 -0.644661 -0.475779 0.783085 -0.167771 -0.598858 0.824733 -0.067657 -0.561460 0.784601 -0.255431 -0.564939 0.371626 -0.875806 0.307990 0.462638 -0.544734 -0.699451 0.695377 -0.718194 -0.025450 0.683164 -0.724065 0.094963 0.565529 -0.809695 -0.156750 0.560384 -0.807921 -0.182300 0.559459 -0.811582 -0.168348 -0.408474 0.906052 -0.110539 -0.440745 0.894540 -0.074450 -0.467403 0.884023 -0.006172 0.629059 -0.643076 -0.436735 -0.778148 0.114272 0.617598 -0.745069 0.334664 0.576951 -0.748236 0.158498 0.644221 -0.325233 0.752071 -0.573247 -0.161352 0.973671 -0.161029 -0.137356 0.967476 -0.212425 -0.523403 -0.002568 0.852082 -0.613105 0.211284 0.761223 -0.077632 0.964834 0.251137 0.732010 -0.537830 0.418211 0.437407 -0.507616 0.742294 0.746053 -0.654283 -0.123772 0.700770 -0.709146 -0.077677 0.179752 -0.630220 0.755322 0.456685 -0.453299 -0.765479 0.658366 -0.738830 0.143820 0.633643 -0.744912 0.208813 -0.797984 0.602021 -0.028148 -0.790112 0.609932 -0.060877 -0.768292 0.618254 -0.165799 0.135068 -0.897765 0.419256 -0.743497 0.583761 0.326245 -0.654248 0.618653 0.435003 0.494907 -0.853065 -0.165372 0.491943 -0.860395 -0.133086 0.624702 -0.772722 0.112462 0.644700 -0.763723 -0.032995 0.665804 -0.720654 0.193294 0.332472 -0.941563 -0.054044 0.280377 -0.959726 0.017719 -0.315911 0.834726 -0.451035 -0.250088 0.756603 -0.604159 -0.445452 0.685850 -0.575485 
						-0.350594 0.690384 -0.632815 0.445306 -0.634604 0.631649 0.303229 -0.621848 0.722051 0.353160 -0.672185 0.650726 -0.160689 0.975790 0.148365 0.100838 -0.930885 0.351119 -0.183144 0.717371 -0.672188 -0.175415 0.715245 -0.676501 -0.152599 0.694499 -0.703125 -0.768019 0.599806 0.224455 -0.397628 0.804717 -0.440820 -0.170420 0.343050 0.923728 -0.376438 0.926275 -0.017608 -0.578651 0.706561 0.407352 -0.484532 0.804074 0.344519 -0.490840 0.787400 0.372931 0.524047 -0.793236 -0.310083 -0.487147 0.538790 0.687308 -0.482605 0.506003 0.714880 0.599361 -0.671303 -0.436026 -0.293187 0.908999 -0.296245 -0.245514 0.968111 -0.049838 0.230898 -0.660082 0.714827 0.605787 -0.535937 -0.588042 0.605588 -0.497036 -0.621465 0.539973 -0.727907 -0.422588 -0.089029 0.592706 -0.800483 0.293186 -0.695434 0.656059 0.230850 -0.763402 0.603262 0.224986 -0.748973 0.623234 -0.346806 0.178031 0.920886 -0.253804 0.100020 0.962071 -0.257108 0.787629 -0.559943 0.276701 -0.948338 0.155216 -0.153628 0.681063 -0.715927 -0.345841 0.745869 -0.569275 -0.206033 0.723325 -0.659054 0.742358 -0.629575 0.229214 0.745707 -0.589476 0.310546 0.698062 -0.636422 0.328140 -0.716891 0.446862 0.535147 0.601368 0.095263 -0.793273 -0.366709 0.906079 -0.211055 -0.317080 0.903198 -0.289298 -0.610427 0.761270 -0.218739 -0.605569 0.757419 -0.244137 0.558452 -0.799885 0.219805 -0.696813 0.714130 0.066858 -0.697729 0.676718 0.235003 -0.681066 0.731150 -0.039625 0.593842 -0.743195 0.308242 0.629998 -0.749880 0.201946 -0.093024 -0.043941 0.994694 0.532207 -0.838963 0.113563 0.643681 -0.762198 0.068768 -0.143699 0.674011 -0.724610 -0.141473 0.673386 -0.725628 -0.476422 0.872960 0.104699 -0.469002 0.850397 0.238459 -0.486266 0.872623 -0.045547 0.882402 -0.121833 -0.454448 0.898496 -0.263126 -0.351382 0.615575 -0.761711 0.202151 -0.735628 0.670363 0.097287 
						-0.724329 0.688714 -0.031948 -0.738106 0.658509 0.146853 0.387134 -0.863655 0.322843 0.367717 -0.848206 0.381223 -0.681816 0.595939 0.424244 0.758489 -0.584028 0.289147 0.761931 -0.576712 0.294730 0.276733 -0.938189 0.207895 -0.133700 0.983707 -0.120185 -0.146893 0.988059 -0.046497 0.115991 -0.411102 0.904180 0.143674 -0.421371 0.895435 -0.359148 0.753481 -0.550707 -0.395750 0.756304 -0.520947 0.050327 0.247691 -0.967531 0.027401 0.262478 -0.964549 0.091698 0.044583 -0.994788 -0.331113 0.939077 0.092184 -0.378784 0.911766 0.158762 -0.444761 0.886413 -0.128291 -0.412517 0.905250 -0.101747 -0.498170 0.840727 -0.212142 0.277573 -0.944642 0.174943 0.284842 -0.950430 0.124690 0.272008 -0.938185 0.214056 0.281537 -0.959532 0.005978 0.161687 0.568090 0.806927 0.115976 0.533340 0.837913 -0.410922 0.907782 -0.084110 -0.392090 0.911986 -0.120610 -0.327692 0.884116 -0.333102 -0.261651 0.843591 -0.468927 -0.329221 0.821535 -0.465503 -0.390471 0.844206 -0.367218 0.585486 -0.748105 0.312323 0.505995 -0.725977 0.465753 -0.337997 0.880912 -0.331289 -0.388385 0.897828 -0.207513 0.670973 -0.725527 -0.152989 0.669290 -0.740006 -0.066652 -0.519860 0.831648 -0.195209 -0.494225 0.837854 -0.231824 -0.408364 0.816583 -0.407961 -0.384265 0.817076 -0.429799 -0.420640 0.757779 -0.498832 -0.542675 0.006676 -0.839916 -0.323000 0.872903 -0.365665 -0.295208 0.877588 -0.377745 0.557184 -0.813782 0.165241 0.510652 -0.811612 0.283761 -0.598280 0.327169 0.731452 0.114369 0.650151 0.751148 0.044817 0.754330 0.654964 0.122901 -0.175947 -0.976698 0.101903 -0.102663 -0.989483 -0.270841 0.846175 -0.458948 0.592466 -0.787073 0.171755 0.533510 -0.774603 0.339644 0.153205 -0.920032 0.360651 0.132804 -0.933829 0.332154 0.154607 -0.902268 0.402503 0.205166 -0.973126 -0.104561 0.070934 -0.025919 -0.997144 0.049424 -0.014923 -0.998666 
						-0.702459 0.648196 -0.293927 -0.642761 0.673880 -0.364340 -0.653194 0.671601 -0.349698 0.196264 -0.693994 0.692714 0.158565 -0.803436 0.573888 -0.218350 0.965203 0.143897 -0.569602 0.476481 0.669717 -0.621308 0.746978 0.236644 -0.270614 -0.576734 0.770809 0.668029 -0.734967 -0.116450 0.667968 -0.740355 -0.075455 -0.173548 -0.622489 0.763144 0.675222 -0.701651 -0.227511 0.684474 -0.714416 -0.145275 -0.504773 0.849088 -0.155735 -0.074308 0.692675 -0.717412 -0.198132 0.735853 -0.647506 0.731377 -0.633739 0.251920 0.780469 -0.604273 0.160382 0.090153 -0.994188 0.058851 0.039141 -0.997108 0.065148 -0.432338 0.899791 0.058825 -0.432359 0.899262 0.066278 0.092188 0.074356 -0.992961 -0.628274 0.093306 0.772376 0.586537 -0.709352 -0.390890 0.559938 -0.760908 -0.327856 0.708801 -0.647224 0.280540 -0.182948 0.723175 -0.665994 -0.185699 0.728282 -0.659637 0.499320 -0.866402 -0.005212 0.549380 -0.835572 0.000962 0.591213 -0.806511 0.002711 0.371582 -0.709698 0.598544 0.365680 -0.699441 0.614052 -0.520132 -0.690361 0.502857 -0.497028 -0.679778 0.539319 -0.457485 -0.704650 0.542381 -0.436698 0.862440 -0.255915 -0.258463 0.783688 -0.564828 -0.361195 0.834000 -0.417111 -0.587538 0.764728 -0.264555 -0.813318 0.314408 0.489553 -0.703602 0.666461 0.246523 -0.701533 0.675536 0.226941 -0.688649 0.597471 0.410842 -0.504191 0.412799 -0.758543 0.204404 -0.590226 0.780931 -0.613060 0.788841 0.043453 -0.544740 0.744634 -0.385718 -0.389256 0.789448 -0.474606 -0.428542 0.803757 -0.412707 -0.291201 0.761762 -0.578724 0.324685 -0.940635 0.098922 -0.298538 0.873102 -0.385445 0.019208 0.543555 -0.839154 -0.107116 -0.166833 0.980149 -0.030406 -0.262224 0.964528 -0.521183 0.828682 -0.204097 -0.570565 0.784167 -0.244004 0.606211 -0.666046 0.434616 0.255757 -0.610531 0.749560 -0.398811 0.915600 -0.051247 -0.453201 0.891016 0.026449 
						-0.427394 0.898266 -0.102239 0.241393 -0.933021 0.266837 0.293651 -0.936308 0.192606 0.468206 -0.488706 -0.736173 0.475939 -0.489481 -0.730678 0.535189 -0.574597 -0.619202 -0.443998 0.892841 0.075510 -0.463476 0.882461 0.080325 -0.477400 0.870048 0.122903 -0.697967 0.708184 -0.106386 -0.716992 0.696310 -0.032799 0.359815 -0.530179 -0.767752 0.133891 -0.408057 -0.903085 -0.052990 -0.487572 0.871473 -0.311501 -0.373094 0.873938 0.013799 -0.491110 0.870988 0.333598 -0.802748 0.494275 0.348641 -0.799563 0.489027 0.664320 -0.730320 0.159097 -0.720347 0.506425 0.473955 -0.709736 0.609807 0.352719 -0.714848 0.523318 0.463822 -0.071248 -0.997363 0.013787 0.056291 -0.998355 0.010920 -0.474702 0.633434 0.611080 0.246179 -0.918423 0.309668 0.225881 -0.920251 0.319556 0.217692 -0.885319 0.410878 -0.387459 -0.713572 0.583687 -0.180915 -0.348018 0.919866 0.572165 -0.632898 -0.521601 -0.311645 0.934684 -0.171005 -0.296622 0.933068 -0.203469 0.265221 -0.672167 0.691266 0.321811 -0.712949 0.623010 -0.728938 0.649200 -0.217230 0.060034 -0.537517 0.841113 0.168565 -0.577545 0.798766 -0.589490 0.707247 0.390261 -0.520147 0.782125 0.343114 -0.592411 0.717889 0.365629 -0.599994 0.799752 0.020079 -0.296477 0.744795 -0.597815 0.269752 -0.931779 0.242943 0.299480 -0.945716 0.126226 0.128110 -0.950844 0.281929 0.586295 -0.712940 -0.384674 0.163974 -0.933637 0.318488 0.168659 -0.927752 0.332911 0.174544 -0.936121 0.305307 -0.620998 0.782814 -0.039542 0.358152 -0.933108 -0.032186 -0.168318 -0.908975 0.381356 -0.425073 -0.825522 0.371250 -0.053693 -0.420896 0.905518 -0.787547 0.307032 0.534323 0.533674 -0.793753 -0.291800 0.560142 -0.709150 -0.428192 -0.224395 -0.233813 0.946033 -0.283316 -0.167582 0.944271 0.207306 -0.977051 0.048938 0.171350 -0.983726 0.054053 -0.367942 0.909066 -0.195494 -0.364805 0.919232 -0.148089 
						-0.063479 -0.921939 0.382098 -0.223771 -0.891554 0.393775 0.204505 -0.629724 0.749417 -0.153156 -0.236467 0.959493 -0.226488 -0.161991 0.960449 -0.167884 -0.253873 0.952556 0.520028 -0.487670 -0.701248 0.488632 -0.425273 -0.761828 0.577877 -0.789102 0.208270 0.262661 -0.964864 -0.006850 0.267653 -0.962567 0.042747 0.282941 -0.956977 -0.064337 0.652246 -0.663666 -0.366228 0.695526 -0.654891 -0.295570 0.757399 -0.646724 0.089971 0.736368 -0.676110 0.025259 0.785110 -0.610588 0.103846 -0.548661 0.716980 -0.430011 -0.465557 0.514897 0.719818 -0.369152 0.362086 0.855933 0.181995 -0.866718 0.464411 0.091403 0.849971 -0.518839 0.217565 0.849664 -0.480351 -0.661999 0.588381 0.464289 -0.084856 -0.244024 0.966049 -0.140967 -0.157718 0.977371 -0.877770 0.269291 0.396235 0.286299 -0.952570 0.103162 0.333306 -0.942618 0.019455 -0.292322 0.773391 -0.562506 -0.740598 0.634447 -0.221340 -0.667019 0.714964 -0.209554 -0.637933 0.716241 -0.282914 -0.684234 0.704000 -0.190284 0.319777 -0.583172 0.746761 -0.277831 0.747996 -0.602754 -0.269044 0.739981 -0.616477 -0.361572 0.776948 -0.515382 -0.608490 0.108654 0.786088 -0.514569 -0.072891 0.854345 -0.637730 0.673782 -0.373254 -0.364607 0.297267 0.882436 -0.427110 0.759003 -0.491419 -0.054261 0.674083 -0.736660 0.170976 0.609343 -0.774253 -0.194020 -0.817650 0.542037 -0.275662 0.858868 -0.431690 0.477733 -0.847266 0.232190 -0.183372 0.698683 -0.691533 -0.042331 0.568895 -0.821320 -0.029322 0.572876 -0.819117 0.011448 0.527209 -0.849658 0.491426 -0.870840 0.011756 -0.638270 0.592356 0.491656 -0.628792 0.773269 0.081701 -0.550005 0.500793 0.668357 -0.371968 -0.744225 0.554770 -0.031690 -0.592698 0.804801 0.041614 -0.494106 0.868405 0.007359 -0.668053 0.744077 -0.594187 0.692051 -0.409887 -0.562542 0.697370 -0.444096 0.303644 -0.951840 0.042440 0.256982 -0.963235 0.078350 
						-0.634120 0.769447 0.076445 0.591337 -0.596188 -0.543029 0.683620 -0.667724 -0.294633 -0.591492 0.756240 -0.279709 -0.575592 0.759805 -0.302308 0.757039 -0.544683 0.360850 -0.091856 0.805772 0.585058 0.040148 0.687030 0.725519 -0.307593 0.949477 -0.062288 0.500615 -0.818833 -0.280886 0.526236 -0.772301 -0.355847 -0.215851 0.901360 -0.375445 -0.240953 0.914074 -0.326206 0.329958 -0.942970 -0.043999 0.230263 -0.643838 0.729693 -0.356227 0.896209 -0.264407 -0.297767 0.949054 0.103112 0.570010 -0.661091 -0.487901 0.449054 -0.617559 -0.645734 0.451755 -0.614738 -0.646540 0.032101 0.588733 -0.807690 -0.105666 0.663038 -0.741090 0.114010 0.531647 -0.839258 0.474741 -0.827106 -0.300860 -0.291218 0.795400 -0.531536 0.317013 -0.916197 0.245123 -0.588153 0.693654 -0.415837 -0.631893 0.678234 -0.375114 -0.349859 0.936721 0.012335 -0.316979 0.948040 -0.027269 -0.688193 0.568845 -0.450339 -0.666766 0.692763 -0.274778 -0.487822 0.854951 0.176320 -0.426068 0.902077 0.068727 -0.692013 0.674668 0.256790 -0.693110 0.678904 0.242258 -0.666174 0.731457 -0.145541 -0.704254 0.709731 -0.017571 -0.713150 0.695613 0.086834 -0.560091 0.819620 -0.120507 -0.600877 0.789709 -0.123721 -0.270267 0.884230 -0.380911 -0.407505 0.777198 -0.479481 0.241872 0.904407 0.351490 -0.786125 0.614002 0.070769 -0.266177 0.823328 -0.501279 -0.275626 0.840513 -0.466441 -0.278145 0.834796 -0.475133 0.311682 -0.090202 -0.945895 0.227519 0.005490 -0.973758 0.062693 0.468747 -0.881105 0.011139 0.524464 -0.851360 0.068421 0.452646 -0.889061 -0.442355 0.894857 0.059599 -0.070294 -0.375283 0.924241 0.178158 -0.869921 0.459888 0.177022 -0.903125 0.391188 0.167552 -0.890648 0.422697 -0.084600 0.393628 -0.915368 0.730928 -0.665464 -0.151335 0.604539 -0.664176 -0.439776 0.736603 -0.673062 -0.066351 -0.135965 0.302210 -0.943495 0.759640 -0.041215 -0.649037 
						0.515664 -0.553229 -0.654238 0.708154 -0.692878 -0.135786 0.702953 -0.682923 0.198679 0.726792 -0.675023 0.126952 0.721180 -0.583297 0.373716 0.753784 -0.588889 0.291580 0.635298 -0.684064 -0.358403 0.626974 -0.680378 -0.379458 0.737367 -0.652709 0.173959 0.672271 -0.737797 0.060886 0.672559 -0.684099 -0.282265 0.698947 -0.714596 -0.028718 -0.187023 0.390815 -0.901269 -0.201081 0.452666 -0.868711 0.565760 -0.810868 0.149698 -0.782374 0.538935 0.312153 0.296927 -0.954878 -0.006442 0.287268 -0.953410 0.092122 -0.637889 0.764355 0.094127 -0.215624 0.970134 -0.111115 -0.225883 0.970842 -0.080269 -0.628273 0.773715 0.081476 0.317114 -0.922673 0.219346 0.561324 -0.759527 -0.328684 0.461813 -0.647364 -0.606340 0.602154 -0.670800 -0.432941 0.410221 -0.906187 -0.102684 0.233451 0.339640 -0.911123 -0.647000 0.755748 0.101169 0.453013 -0.237034 -0.859415 0.164223 -0.958845 0.231617 0.177411 -0.960309 0.215249 -0.501167 0.853485 0.142810 -0.723859 0.329796 0.606022 -0.745574 0.360992 0.560182 -0.789041 0.153601 0.594829 0.405546 -0.913954 0.014839 0.442661 -0.891561 -0.095764 0.431736 -0.897875 -0.086167 -0.703924 0.532786 0.469714 -0.706178 0.637758 0.307533 -0.696934 0.518208 0.495725 -0.422261 0.874159 -0.239879 0.559770 -0.709649 -0.427850 0.509237 -0.785017 -0.352740 -0.692852 0.714403 0.097898 -0.518370 0.766485 -0.379202 0.570497 -0.770024 0.285649 0.494168 -0.797653 -0.345757 0.536475 -0.735900 -0.413093 0.290750 -0.949134 0.120867 -0.450258 0.692393 -0.563791 -0.356676 0.930559 0.082714 -0.366008 0.928394 0.064201 0.593561 -0.716934 -0.365638 0.620120 -0.754791 0.213872 -0.586310 0.481712 0.651302 -0.660064 0.570113 0.489169 0.579082 -0.656543 -0.483338 -0.801645 0.580510 -0.142738 0.497189 -0.579392 -0.645839 -0.613186 0.743552 -0.266708 -0.594918 0.751262 -0.285793 -0.246618 0.319363 -0.914979 
						0.400828 -0.914874 0.048399 -0.696236 0.704264 0.138811 -0.670299 0.741321 -0.033792 -0.697586 0.706752 0.117798 0.723986 -0.679101 0.121108 0.725878 -0.676596 0.123767 0.625637 -0.762307 0.165729 -0.388418 0.921231 -0.021581 -0.439801 0.892600 0.099201 -0.384685 0.923046 -0.001874 -0.408374 -0.469863 0.782598 -0.566457 0.388215 0.726922 0.218355 -0.974700 -0.047755 -0.155109 0.984857 0.077441 0.244284 -0.944791 0.218391 0.234151 -0.955761 0.178032 0.376289 -0.926410 0.013110 -0.361623 0.742603 0.563711 -0.325292 0.719680 0.613389 -0.439974 0.806626 0.394686 -0.767149 0.631021 -0.115300 -0.769972 0.631401 -0.092065 0.350804 -0.925587 0.142214 0.685660 -0.606645 0.402308 0.664526 -0.614789 0.424783 -0.315659 0.939344 -0.134139 -0.334863 0.940133 -0.063385 -0.396940 0.724383 -0.563656 -0.464505 0.714526 -0.523152 0.720762 -0.689909 -0.067287 -0.650291 0.743463 0.156156 0.575788 -0.816798 -0.036194 -0.512445 0.787266 -0.342947 0.919827 -0.178695 -0.349266 0.322983 -0.926751 0.191872 -0.293687 0.887996 -0.353850 -0.253578 0.821428 -0.510837 0.579239 -0.780461 -0.235294 -0.404515 -0.384241 0.829896 -0.474934 -0.387278 0.790223 -0.250435 -0.444765 0.859922 0.330708 -0.860521 0.387472 0.137748 -0.869359 0.474594 -0.380453 -0.601765 0.702235 0.119610 -0.555766 0.822690 0.423876 -0.905448 -0.022229 -0.674241 0.722971 0.150703 -0.696724 0.672599 0.249372 -0.715629 0.697970 0.026681 0.382065 -0.866371 0.321603 -0.259736 0.813323 -0.520618 -0.300784 0.863959 -0.403861 0.342219 -0.727865 0.594220 0.348338 -0.721472 0.598447 0.384202 -0.915537 0.119085 0.318779 -0.904040 0.284766 0.141398 0.814092 0.563259 -0.590975 0.742610 -0.315087 0.281804 -0.439041 0.853129 0.170842 -0.420533 0.891047 -0.505740 0.705182 -0.496936 -0.424569 0.621794 0.658113 -0.431736 0.553634 0.712105 -0.380018 0.515815 0.767803 
						-0.639118 0.690834 -0.338047 0.674613 -0.702765 -0.225871 0.638269 -0.686464 -0.348398 0.683447 -0.716262 -0.140958 -0.332426 0.923431 -0.191752 -0.355101 0.913682 -0.197707 0.687807 -0.725805 0.011346 -0.687901 0.717739 -0.107901 -0.717045 0.696615 0.023931 -0.054395 0.661333 -0.748117 0.598197 -0.737262 0.314013 0.020673 -0.701743 0.712130 -0.419121 0.827064 -0.374571 -0.550969 0.833751 0.035946 -0.504894 0.860540 -0.067471 -0.242622 0.775996 -0.582207 -0.189020 0.655714 -0.730966 -0.200078 0.685662 -0.699884 -0.613753 0.551202 0.565228 -0.562545 0.363089 0.742772 -0.446733 0.208503 0.870032 -0.557359 0.316829 0.767444 -0.504651 0.826586 -0.249165 0.576260 -0.788475 -0.215017 -0.670740 0.379750 0.637101 -0.653143 0.355858 0.668409 -0.530321 0.833513 -0.154972 -0.485863 0.873920 0.014191 -0.471460 0.873481 0.121479 0.210841 -0.931814 0.295414 0.218971 -0.906388 0.361266 -0.170265 0.627357 0.759890 0.216355 -0.168136 0.961728 0.702139 -0.679333 -0.213324 0.742903 -0.461388 -0.484990 0.762626 -0.427975 -0.485015 -0.722015 0.668381 0.178776 0.175065 -0.823287 0.539955 0.143406 -0.753784 0.641283 0.183748 -0.861114 0.474046 -0.748055 0.636648 -0.187331 -0.469817 0.381283 0.796175 0.377410 -0.917744 -0.123727 0.335863 -0.941265 -0.034876 -0.738320 0.307275 0.600388 -0.731642 0.317795 0.603080 -0.723171 0.118085 0.680499 -0.130457 -0.355099 0.925681 0.390270 -0.584697 -0.711210 0.130085 -0.497269 -0.857788 0.344018 -0.561014 -0.752937 0.671948 -0.688971 0.271670 0.523368 -0.852106 0.001509 -0.588585 0.695705 -0.411778 0.404657 -0.908249 -0.106469 -0.137769 -0.124466 0.982613 -0.181518 -0.047482 0.982241 -0.168203 -0.099139 0.980754 -0.170701 -0.384041 0.907399 -0.122888 -0.513977 0.848956 -0.088356 -0.500842 0.861017 -0.117099 -0.056203 0.991529 -0.122274 -0.028907 0.992075 -0.135829 -0.072281 0.988092 
						0.144507 -0.565556 0.811951 0.704814 -0.278186 -0.652571 -0.636538 0.768718 0.062377 0.128588 -0.669157 -0.731912 0.582254 -0.487569 0.650582 0.533419 -0.796248 0.285401 0.542414 -0.792490 0.278830 -0.117905 -0.176115 0.977283 -0.139555 -0.389468 0.910406 0.564588 -0.763006 0.314741 0.564066 -0.518653 -0.642517 0.020066 0.516756 -0.855898 0.631837 -0.655120 -0.414245 -0.457894 0.881753 -0.113334 0.538005 -0.841980 0.040240 0.670900 -0.741365 0.016459 0.528209 -0.847085 0.058676 -0.586966 0.809602 -0.003899 -0.599677 0.800115 -0.014267 -0.406845 0.886545 0.220263 -0.530998 0.685001 0.498813 -0.452499 0.889571 -0.062523 0.627908 -0.777760 0.028655 -0.308511 0.894605 -0.323270 -0.498201 0.808446 -0.313386 -0.558053 0.805244 -0.200400 -0.555005 0.807975 -0.197852 0.301875 -0.933546 0.193297 0.305884 -0.920728 0.242270 -0.498418 0.737797 -0.455232 0.049849 0.569542 -0.820449 0.323677 -0.929655 0.175994 0.334017 -0.931686 0.142809 0.338704 -0.937464 0.080259 -0.491778 0.799860 -0.344060 -0.121213 0.710710 -0.692964 0.510693 -0.856921 0.069851 0.140988 -0.989737 0.023311 0.703205 -0.669653 -0.238889 0.783639 -0.620794 0.022913 -0.501992 0.698384 0.510160 -0.523548 0.564224 0.638395 -0.211977 0.963815 -0.161635 -0.155385 0.973937 -0.165232 -0.209827 0.969967 -0.123032 0.101916 0.595087 -0.797173 0.139304 0.566698 -0.812064 0.146728 -0.751030 0.643758 0.185247 -0.601004 0.777482 -0.650609 0.754162 0.089149 0.447683 -0.893680 0.030260 0.231993 -0.684636 0.690979 0.736122 -0.477835 -0.479374 0.244106 -0.303072 0.921173 0.192885 -0.477599 0.857143 0.177962 -0.534135 0.826456 0.613790 -0.675272 -0.408985 0.595165 -0.682577 0.424108 -0.840460 0.537606 0.067866 -0.590609 0.737680 -0.327123 -0.518703 0.831833 -0.197487 0.438162 -0.687675 0.578893 0.433935 -0.676197 0.595364 0.496266 -0.706386 0.504716 
						0.430151 -0.902703 -0.009860 0.648802 -0.185869 -0.737908 0.639843 0.044612 -0.767210 0.663535 -0.046422 -0.746704 -0.260507 0.278795 -0.924343 -0.283834 0.230793 -0.930684 -0.282823 0.246973 -0.926831 0.706956 -0.706764 0.026416 0.706859 -0.704025 -0.068555 -0.418560 0.908170 0.005878 0.454365 -0.883746 -0.112001 0.555117 -0.816488 -0.158721 0.559598 -0.805340 -0.195647 -0.703503 0.627082 0.334443 0.368510 -0.919409 0.137434 -0.595150 0.764502 -0.247657 -0.504794 0.765440 -0.399106 -0.561125 0.766420 -0.312633 -0.153405 0.482566 0.862320 -0.355754 0.796314 -0.489207 -0.328837 0.791001 -0.515930 0.674357 -0.736009 0.059439 -0.233240 0.954494 -0.185850 -0.721586 0.640624 -0.262516 0.299032 -0.870787 0.390269 0.303537 -0.888135 0.345081 0.393061 -0.906034 0.156863 0.397322 -0.910587 0.113870 0.602497 -0.741534 -0.295167 -0.017943 -0.795616 0.605535 -0.805136 0.571226 -0.159549 -0.464764 -0.772044 0.433523 -0.464545 -0.791210 0.397726 0.586475 -0.697901 -0.411074 -0.000418 0.647651 -0.761937 0.230635 0.548350 -0.803816 0.234697 0.573556 -0.784825 -0.845116 0.534583 0.000215 0.466123 -0.505468 -0.726107 0.414472 -0.468801 -0.780025 0.793312 -0.607431 0.041036 0.770029 -0.633960 -0.071770 0.157777 -0.811799 0.562218 -0.275497 0.960083 0.048403 -0.350739 0.936470 0.002510 0.425610 -0.580285 0.694353 0.593936 -0.554174 0.583208 -0.232079 0.754802 -0.613525 -0.835713 0.536269 -0.118317 -0.782661 0.611403 -0.116740 -0.484491 0.255279 0.836720 0.485387 -0.870010 0.086497 -0.763867 -0.028170 0.644758 -0.730377 -0.064631 0.679980 0.459770 -0.887785 -0.021192 0.445477 -0.895195 -0.013291 -0.264887 0.725848 -0.634806 -0.265748 0.721685 -0.639178 -0.228506 -0.055904 0.971936 0.101321 -0.991965 0.075753 0.123319 -0.990719 0.057163 0.134420 -0.990921 0.002601 -0.547553 0.799797 -0.245989 0.014387 -0.703534 0.710516 
						0.009659 -0.754310 0.656447 0.143197 -0.871512 0.469000 0.228199 -0.970451 0.078417 0.278182 -0.804971 0.524057 -0.301725 0.750724 -0.587687 -0.510270 0.763495 -0.395853 0.102673 -0.980308 0.168687 -0.367117 0.915214 -0.166157 0.326097 -0.944910 -0.028384 -0.080254 0.670875 -0.737215 0.227350 0.543949 -0.807732 0.334676 0.499994 -0.798748 0.513599 0.412507 -0.752366 -0.324619 0.824733 -0.463075 -0.248011 0.746717 -0.617175 -0.082353 0.656354 -0.749945 0.567348 -0.265976 -0.779341 0.574025 -0.290595 -0.765539 -0.287281 0.837324 -0.465143 0.503506 -0.849107 -0.159683 0.497602 -0.852236 -0.161511 -0.475093 0.862199 0.175785 0.265752 -0.962495 0.054576 0.227597 -0.972470 0.050021 -0.285585 0.852002 0.438787 -0.580003 0.810997 0.076684 -0.625505 0.756322 0.191626 -0.697818 0.699035 0.156205 -0.319981 0.945809 0.055288 0.401631 -0.709152 0.579479 -0.052125 0.960162 0.274540 0.325733 -0.935098 -0.139605 -0.210596 -0.213360 0.954006 -0.188429 -0.410478 0.892190 0.601304 -0.799015 0.003033 0.615970 -0.774902 -0.141799 0.613100 -0.775509 -0.150647 -0.419907 0.759171 -0.497330 0.709354 -0.668757 -0.222668 -0.406018 0.757987 -0.510495 -0.503784 0.808300 -0.304717 -0.619752 0.784225 -0.029973 0.053231 -0.846422 0.529845 -0.155962 -0.780588 0.605275 -0.019445 -0.804732 0.593320 -0.161604 0.969808 -0.182639 0.365435 -0.930474 0.026001 0.372617 -0.927441 -0.031780 0.366964 -0.930031 -0.019483 -0.396151 0.917291 -0.040520 -0.419388 0.905004 -0.071276 0.474358 -0.855259 -0.208604 -0.438692 0.848974 0.294606 0.543403 -0.514108 -0.663631 0.625945 -0.689758 -0.363905 0.658453 -0.750043 0.062247 0.739603 -0.670357 0.060076 0.754354 -0.653987 0.057013 -0.375904 0.925764 -0.040700 -0.110622 0.707739 -0.697760 0.068250 0.682990 -0.727232 -0.637540 0.770095 -0.022280 0.528796 -0.577089 -0.622369 0.594201 -0.672935 -0.440549 
						-0.433620 0.900930 0.017257 -0.320583 -0.827923 0.460186 -0.703320 0.645611 -0.297534 0.474968 -0.584631 0.657733 -0.678940 0.640749 -0.358442 -0.682635 0.670892 -0.289679 -0.702469 0.651481 -0.286548 0.360464 0.127226 -0.924056 -0.446918 0.894087 -0.029554 -0.423623 0.424828 0.800041 -0.198025 -0.976441 0.085728 0.719641 -0.655691 -0.228444 0.428957 -0.818128 0.382964 0.449296 -0.814451 0.367155 0.757201 -0.648160 -0.080834 0.790389 -0.611797 0.031455 0.787107 -0.616638 0.014848 0.236154 0.005158 -0.971702 -0.777096 0.618357 0.117286 -0.637325 0.673589 0.374293 -0.572516 0.743941 0.344639 -0.707300 0.499272 0.500454 -0.591804 0.745268 0.307154 -0.649201 0.759304 0.044669 -0.649585 0.729817 -0.213088 -0.627910 0.732151 -0.263976 -0.203912 0.744661 -0.635532 -0.241825 0.772253 -0.587491 -0.262335 0.794030 -0.548359 -0.398141 -0.217062 0.891273 -0.199960 0.978127 -0.057309 0.160207 -0.841070 0.516657 -0.317702 0.476562 0.819728 -0.583569 0.705853 0.401522 -0.478766 0.806137 0.347746 -0.109040 0.523678 -0.844909 -0.133414 0.603994 -0.785743 -0.136032 0.589445 -0.796272 -0.471088 0.684896 0.555872 -0.823806 0.541295 0.168353 -0.360812 0.764391 -0.534342 0.257307 -0.935838 0.240834 0.352681 -0.882953 0.309856 0.361050 -0.883329 0.298952 0.503502 -0.811842 -0.295633 0.489364 -0.828140 -0.273327 -0.231839 0.680419 -0.695184 -0.148117 0.639998 -0.753965 -0.589824 0.790884 -0.163128 -0.579191 0.792999 -0.188919 -0.632827 0.676333 -0.376966 -0.253100 0.178080 0.950909 -0.326804 0.584372 0.742771 0.725576 -0.575313 0.377564 -0.613325 0.697336 0.370884 -0.575533 0.744075 0.339286 0.444830 -0.895612 0.002398 0.725205 -0.458227 -0.513912 0.654577 -0.750010 -0.094944 0.255527 -0.927588 0.272554 0.278734 -0.944380 0.174509 0.169893 0.646004 -0.744188 0.399828 0.576809 -0.712341 0.442445 0.576141 -0.687244 
						0.684990 -0.413945 -0.599532 -0.557033 0.734146 -0.388257 -0.243457 0.780940 -0.575206 -0.741527 -0.142933 0.655521 -0.795000 -0.038091 0.605412 -0.192489 -0.626458 0.755314 -0.329077 -0.542775 0.772725 0.503784 -0.862738 -0.043407 0.437846 -0.885078 0.157881 0.310475 -0.561390 0.767103 -0.702228 0.627537 0.336264 0.344066 0.255338 -0.903560 0.445533 0.108729 -0.888639 0.308896 -0.950244 0.040240 0.223190 -0.626148 0.747077 -0.450865 0.346328 0.822665 -0.148596 -0.565900 0.810972 -0.259424 -0.564219 0.783809 0.331200 -0.895675 0.296770 0.225553 -0.925421 0.304502 -0.566813 0.562853 0.601597 -0.609510 0.579144 0.541378 -0.484419 0.546620 0.683041 0.139574 0.742130 -0.655562 0.237444 -0.969633 0.058583 0.369655 -0.926606 -0.068960 -0.254679 0.965743 0.049795 -0.386813 0.919840 -0.065345 0.032514 -0.187947 0.981641 -0.005073 -0.116421 0.993187 -0.373709 0.591226 0.714698 -0.381142 0.658157 0.649277 -0.614313 0.738163 -0.278809 0.170905 -0.468231 0.866920 0.729530 -0.683932 0.004800 0.291307 -0.599743 0.745284 -0.223386 -0.652584 0.724039 -0.205157 -0.652141 0.729810 0.307171 -0.950392 0.049003 0.558240 -0.822843 -0.106289 -0.539857 0.810027 -0.228934 -0.362307 0.775226 -0.517453 -0.413654 0.794787 -0.444076 -0.719856 0.369960 0.587313 0.017439 0.397890 -0.917267 -0.599428 0.765480 -0.233936 0.265507 -0.909231 0.320631 -0.399040 0.694740 0.598417 0.560277 -0.636535 -0.530012 0.522961 -0.613965 -0.591236 0.478645 -0.572789 -0.665441 -0.364390 0.760928 0.536851 -0.413939 0.809957 0.415481 -0.468041 0.856155 0.218944 0.422565 -0.903266 -0.074496 -0.815461 0.562732 0.135487 0.864752 -0.397205 -0.307299 0.560011 -0.408996 -0.720493 0.544020 -0.331415 -0.770848 0.666318 -0.192432 -0.720410 0.645085 -0.358366 -0.674863 0.641145 -0.356355 -0.679664 -0.631275 0.775529 -0.006843 -0.534070 0.805198 -0.257732 
						-0.798318 0.438863 0.412416 -0.795353 0.471842 0.380498 0.201141 -0.925314 0.321459 0.566411 -0.659045 -0.494811 0.634798 -0.680658 -0.365700 0.661944 -0.543743 -0.515920 -0.645200 0.685006 -0.338354 -0.595827 0.757436 -0.266985 0.159189 -0.651018 0.742182 -0.346292 0.937990 -0.016030 -0.145183 0.692555 -0.706604 -0.158611 0.708599 -0.687554 0.577366 -0.808458 -0.114210 0.581132 -0.801411 -0.141511 0.573661 -0.721236 -0.388242 -0.009765 0.687195 -0.726407 -0.265810 0.592884 0.760154 0.177675 -0.983089 0.044349 0.262103 -0.963002 0.062679 -0.035543 0.921276 -0.387282 -0.052973 0.904525 -0.423118 -0.595076 -0.118545 0.794878 -0.540367 -0.156247 0.826795 -0.599734 -0.046299 0.798859 -0.756433 0.650063 -0.072292 -0.366394 0.922875 -0.118559 -0.313520 0.912017 -0.264444 0.328114 -0.936455 -0.124066 0.374331 -0.915176 -0.149433 -0.294303 0.504946 0.811428 -0.453911 0.535799 0.711959 0.578902 -0.766322 0.278608 0.555665 -0.769430 0.314983 0.163053 0.575768 -0.801190 -0.710836 0.604420 0.359705 0.308610 -0.660294 0.684669 -0.659899 0.646870 0.382221 -0.735678 0.527009 0.425488 -0.784583 0.457213 0.418792 0.742591 -0.444597 -0.500892 0.569596 -0.586695 -0.575630 0.400227 -0.815984 0.417120 0.411289 -0.830930 0.374696 -0.364465 -0.492252 0.790477 -0.381448 -0.451836 0.806438 -0.384659 -0.436964 0.813081 -0.724984 0.399168 0.561305 0.567328 -0.622748 -0.538816 0.569134 -0.639870 -0.516383 0.593218 -0.736689 -0.324626 0.129723 -0.969924 0.205960 0.473713 -0.872181 -0.122053 0.319591 -0.947491 0.011042 -0.039121 0.630033 -0.775582 -0.162318 0.686977 -0.708319 0.379093 -0.845175 0.376787 0.446565 -0.867319 0.219859 0.416262 -0.869335 0.266428 0.473740 -0.874521 -0.103847 -0.437785 0.899060 0.005916 -0.398769 0.916868 0.018326 -0.627663 0.778483 -0.001782 -0.348139 0.928593 -0.128507 -0.470938 0.882135 0.007390 
						-0.434986 0.896120 -0.088068 -0.462635 0.885504 -0.043029 -0.283383 0.692410 0.663523 -0.647835 0.637504 -0.417012 -0.598546 0.721739 -0.347614 -0.371406 0.796350 -0.477372 -0.257180 0.857849 -0.444920 -0.448274 0.708662 -0.544838 -0.839446 0.533485 0.103560 -0.417825 0.830637 -0.368055 0.536006 -0.552638 -0.638191 0.441900 -0.896854 -0.019444 -0.344370 0.872546 -0.346516 -0.353143 0.879930 -0.317826 -0.605277 0.727418 -0.323268 -0.261425 0.882122 -0.391812 -0.655266 0.680237 0.328487 -0.550870 0.770539 0.320642 0.581942 -0.687967 -0.433642 0.603508 -0.670009 -0.432280 0.184923 -0.689794 0.699991 0.120904 -0.900491 0.417731 -0.281197 0.957707 -0.061033 -0.311773 0.949946 -0.019983 -0.278959 0.959521 -0.038742 -0.135638 0.652616 -0.745450 0.315950 -0.912214 0.260848 0.312974 -0.916160 0.250396 0.315006 -0.912307 0.261661 0.687213 -0.678759 -0.258892 0.614443 -0.694012 -0.375242 -0.336733 0.163518 -0.927293 -0.644122 0.763121 0.052475 -0.641796 0.765885 0.038960 -0.608798 0.699270 -0.374683 -0.214646 0.757540 -0.616490 0.393419 -0.902094 0.177333 0.408818 -0.890717 0.198725 -0.494880 -0.274530 0.824456 -0.308388 0.949724 0.054052 -0.290819 0.956643 0.016086 0.371089 -0.914030 -0.163835 0.678728 -0.694190 -0.239645 0.211246 -0.973602 -0.086452 -0.424192 0.903569 -0.060202 -0.623989 0.780841 -0.030423 -0.187120 0.962310 -0.197348 -0.187316 0.960856 -0.204130 -0.338648 0.931063 0.135794 -0.598100 0.730881 0.328771 0.463270 -0.505228 -0.728098 -0.189617 -0.478361 0.857448 -0.216646 -0.542670 0.811526 -0.154184 -0.542321 0.825902 0.707106 -0.037649 -0.706104 0.007245 -0.479000 0.877785 -0.628331 0.777732 0.018245 -0.643080 0.762426 0.071792 -0.639383 0.767684 0.043025 -0.724260 0.436691 0.533618 -0.742114 0.317869 0.590106 -0.597916 0.755750 -0.267093 0.342538 -0.896116 0.282213 -0.618596 0.785398 -0.022117 
						-0.246753 0.731945 -0.635114 -0.256813 0.808188 -0.529980 0.519805 -0.777778 -0.353361 0.567641 -0.719166 -0.400730 -0.212043 0.965223 0.152912 -0.592748 0.333634 0.733033 0.553005 -0.717027 0.424332 0.656820 -0.679640 0.326615 0.613293 -0.680424 0.401118 -0.664155 0.738095 -0.118802 -0.720555 0.453743 0.524327 -0.702938 0.539100 0.463951 0.177504 -0.953506 0.243554 0.338438 -0.936856 0.088091 0.461637 -0.884126 0.072201 -0.532453 0.449852 0.717027 -0.582125 0.507341 0.635402 0.719353 -0.691689 0.064009 0.681964 -0.728742 0.062129 0.583690 -0.719326 -0.376665 0.689818 -0.722695 0.043163 -0.316354 -0.483280 0.816309 -0.844692 0.019391 0.534901 -0.354235 0.391981 -0.849040 -0.701441 0.608103 0.371742 0.523699 -0.847894 -0.082561 -0.154073 0.521586 -0.839172 -0.709310 0.469673 0.525629 0.594175 -0.612871 -0.520909 0.635974 -0.717716 0.283585 -0.682385 0.648504 -0.337333 0.289245 -0.172456 -0.941592 0.251791 -0.069032 -0.965316 -0.204008 0.700718 -0.683649 -0.172552 0.536413 -0.826128 0.774781 -0.631218 -0.035745 0.763238 -0.632791 -0.130549 -0.172982 -0.547540 0.818704 0.165361 -0.667232 0.726263 0.147317 -0.599879 0.786411 0.595144 -0.683175 -0.423173 0.631916 -0.698545 -0.335733 0.206344 -0.977091 -0.052105 0.178449 -0.981725 -0.066129 -0.302448 0.250790 0.919581 -0.094625 0.520518 -0.848591 0.152182 0.658741 -0.736818 0.217429 0.636445 -0.740042 0.697035 -0.252718 -0.671026 0.470044 -0.859535 -0.200644 0.696968 -0.700737 -0.152325 0.661575 -0.691986 -0.288918 0.218046 -0.724224 0.654183 0.163821 -0.805328 0.569745 -0.258596 -0.309301 0.915129 -0.382649 -0.205634 0.900719 0.138336 0.528425 -0.837634 -0.478602 0.838297 0.261147 -0.455896 0.888010 0.059980 -0.648002 0.750243 -0.131259 -0.494558 0.748728 -0.441382 0.430607 -0.883051 -0.186544 0.540709 -0.761582 -0.357249 -0.195998 0.721618 -0.663967 
						-0.542521 0.781316 0.308572 -0.514363 0.813870 0.270270 0.577279 -0.759142 0.300753 0.550083 -0.577632 -0.603117 -0.246844 0.781704 -0.572719 -0.269734 0.789758 -0.550932 -0.605550 0.737298 -0.299501 -0.555425 0.735994 -0.387061 -0.659825 0.741741 -0.120215 0.497566 -0.713612 0.493139 0.263201 -0.962660 -0.063334 -0.377708 0.776853 -0.503821 -0.702172 0.704946 -0.100032 0.292583 -0.924150 0.245647 -0.320862 -0.548124 0.772404 -0.374453 -0.430699 0.821148 0.422370 -0.906387 0.008113 0.665032 -0.746776 0.007545 0.251105 -0.823327 0.508998 -0.239697 0.773031 -0.587340 0.690393 -0.125210 -0.712517 0.710502 -0.697913 0.090020 -0.217750 0.752682 -0.621334 -0.327825 0.816102 -0.475928 0.447130 -0.700468 -0.556255 0.236105 -0.727046 -0.644716 0.293318 -0.691634 -0.660006 -0.525554 0.750218 -0.401206 -0.659541 0.630459 0.409300 -0.055327 0.396461 -0.916383 -0.175624 0.692086 -0.700123 0.586518 -0.809369 0.030323 0.491204 -0.866106 0.092619 0.639636 -0.753384 0.152575 0.469434 -0.404011 -0.785116 0.756778 -0.653654 0.004787 -0.415937 0.898743 0.138772 0.212326 -0.975747 0.053241 0.172917 -0.757031 0.630083 0.574477 -0.749825 0.328236 0.556423 -0.744695 0.368541 -0.477419 0.861235 -0.174200 -0.451068 0.884643 -0.118086 -0.348260 0.932264 -0.097976 -0.415196 0.909542 0.018596 -0.244916 0.964859 0.095196 -0.342012 0.939668 -0.007131 0.436257 -0.721992 -0.537036 0.565224 -0.689594 -0.452750 -0.427794 0.903319 0.031744 0.467875 -0.742678 -0.479085 0.113840 -0.619573 0.776640 0.533568 0.014619 -0.845631 -0.576396 0.745184 0.335363 0.015585 0.533855 -0.845432 0.608734 -0.665445 -0.432003 0.660284 -0.584459 -0.471628 0.672459 -0.573043 -0.468423 0.465056 -0.882146 0.074449 0.705525 -0.704228 0.079354 0.739379 -0.666828 0.093053 0.447995 -0.390260 -0.804361 -0.520444 0.744357 0.418415 -0.485550 0.703104 -0.519505 
						0.265411 -0.960751 0.080713 -0.187479 0.727184 -0.660344 0.088137 0.535474 -0.839940 0.153621 0.920184 0.360087 0.184274 0.892689 0.411278 0.220536 0.878803 0.423166 -0.398459 0.916904 0.022738 -0.303778 0.950845 0.060108 -0.369611 0.865341 -0.338486 -0.260600 0.822400 -0.505713 -0.452776 0.873957 0.176615 0.016389 -0.985648 0.168019 0.065828 -0.992082 0.106960 -0.352362 0.874214 -0.334052 0.214032 -0.958098 0.190364 0.187638 -0.952103 0.241436 0.503373 -0.837267 0.213540 0.524252 -0.842333 0.125041 -0.479621 0.855601 0.194707 -0.256379 0.806817 -0.532274 -0.289845 0.898107 -0.330747 -0.301471 0.908084 -0.290685 -0.289822 0.908875 -0.299916 -0.772727 0.633573 0.038449 -0.556759 0.717247 -0.419019 -0.486190 0.731805 -0.477578 -0.260224 0.766515 -0.587144 0.495791 -0.824651 -0.272288 0.565451 -0.676823 -0.471355 -0.682142 0.580195 -0.445035 0.566811 -0.588093 -0.576950 -0.405420 0.743693 -0.531560 -0.086191 0.709085 -0.699835 0.013448 0.648109 -0.761429 -0.452163 -0.718898 0.527953 -0.363635 0.879750 -0.306283 -0.008657 0.431822 -0.901917 -0.478365 0.638527 0.602869 -0.310787 0.862292 -0.399830 -0.470239 0.757922 -0.452139 0.605367 -0.791613 -0.082941 0.688684 -0.558109 -0.462849 0.700151 -0.507014 -0.502717 0.207825 -0.934857 0.287840 -0.748916 0.649605 -0.130915 0.155891 0.340329 -0.927294 0.075653 0.428865 -0.900195 -0.497215 0.758618 0.421041 0.406879 -0.660852 0.630654 -0.506317 0.831651 -0.228033 -0.272716 0.895968 -0.350524 0.307862 -0.948315 -0.076946 -0.624240 0.677963 -0.388189 0.508899 -0.857962 -0.070160 0.531910 -0.833650 -0.148659 0.529527 -0.832849 -0.161132 -0.569518 0.792922 -0.216617 -0.546001 0.811284 -0.209049 -0.121438 -0.009091 0.992557 -0.170596 0.007860 0.985310 0.559734 0.006960 -0.828643 0.436383 0.189675 -0.879542 0.418183 0.188765 -0.888533 0.452967 -0.881580 -0.132808 
						0.437461 -0.897199 -0.060518 0.443511 -0.301959 -0.843872 0.502927 -0.423858 -0.753265 0.475420 -0.379049 -0.793913 0.044484 -0.998960 0.010036 -0.623337 0.780904 -0.040508 -0.636702 0.770492 -0.030857 -0.287186 0.921230 -0.262411 -0.478182 0.877630 0.033268 -0.296104 0.952604 -0.069771 -0.617901 0.782859 -0.073002 -0.078255 0.645504 -0.759737 0.802974 -0.578582 0.143094 -0.424082 0.903866 0.056401 -0.547012 0.727510 0.414135 0.227635 -0.972810 0.042693 0.312683 -0.949027 0.039699 -0.338249 0.940285 0.038102 -0.588152 0.790920 -0.168889 0.435876 -0.899496 0.030319 0.455162 -0.890275 0.015394 0.447522 -0.893372 0.040119 -0.689480 0.694106 -0.206966 0.350860 -0.855308 0.381242 0.346477 -0.844712 0.407941 0.710587 -0.699585 0.075141 0.748939 -0.655090 0.099740 -0.355292 0.108538 0.928432 -0.433301 0.123643 0.892728 -0.358650 -0.063001 0.931344 -0.548601 0.515009 0.658637 0.550709 -0.833025 0.052809 0.592383 -0.786676 -0.173850 -0.616918 0.706441 0.346921 -0.659754 0.406035 0.632345 -0.158272 0.702602 -0.693758 -0.624303 0.706090 0.334189 0.728096 -0.682470 0.064124 -0.658830 0.751912 0.023891 -0.170455 0.516776 0.838980 0.087553 0.436046 -0.895655 -0.682260 0.578026 -0.447670 0.317180 -0.930312 0.184164 0.560481 -0.691589 -0.455594 -0.316516 0.910417 -0.266380 -0.287320 0.902944 -0.319591 0.159056 -0.449121 0.879199 -0.677155 0.562319 0.474613 -0.631235 0.490336 0.600927 0.669589 -0.707948 -0.224635 -0.140319 0.119073 -0.982920 -0.270986 0.949929 -0.155566 -0.837465 0.518577 0.172424 -0.855563 0.471580 0.213597 0.550987 -0.409709 -0.727015 -0.346762 -0.708764 0.614336 -0.286062 -0.704263 0.649756 -0.782603 0.243151 0.573071 -0.492969 0.869568 -0.028853 -0.522200 0.844532 -0.118630 0.132972 -0.549225 0.825027 0.118352 -0.429588 0.895236 0.562984 -0.567129 -0.601177 0.558788 -0.526246 -0.640953 
						0.665251 -0.744044 0.061960 0.664574 -0.747222 0.000824 -0.562470 0.799742 -0.209858 -0.611730 0.747624 -0.258545 -0.793827 0.585183 0.165527 0.750724 -0.643557 -0.149157 0.770165 -0.637674 -0.014784 0.534997 -0.667770 0.517553 -0.171100 -0.985171 0.012777 -0.252058 0.645629 -0.720854 -0.259919 0.648964 -0.715044 -0.255248 0.506761 -0.823433 -0.561030 0.394754 0.727609 -0.504511 0.316178 0.803431 0.400722 -0.916178 -0.006345 0.321492 -0.946245 0.035535 0.252587 -0.964489 0.077200 -0.706445 0.637368 -0.307730 -0.336146 0.915963 -0.219128 -0.333824 0.912943 -0.234727 0.299104 -0.953481 0.037553 0.136116 -0.863451 0.485721 0.555434 -0.704714 0.441442 0.572636 -0.703643 0.420683 -0.330319 0.916414 -0.225997 -0.292586 0.893049 -0.341843 -0.703319 0.657503 0.270244 0.463050 -0.810818 0.357994 0.785753 -0.528098 0.322033 -0.469333 0.851962 0.232136 0.141971 -0.986992 -0.075438 0.595647 -0.803109 0.014883 0.109920 -0.993399 -0.032793 0.115702 -0.883673 0.453579 0.018146 -0.876568 0.480936 -0.065783 -0.835684 0.545257 0.305669 -0.643916 0.701384 -0.145041 -0.388347 0.910027 -0.650675 0.659120 0.377071 -0.603088 0.728368 0.325215 -0.628677 0.525894 -0.572889 0.074533 -0.900085 0.429293 0.308056 -0.257308 -0.915912 0.400067 -0.349013 -0.847430 0.321288 -0.946518 0.029617 -0.333241 0.872285 -0.357868 -0.712764 0.665872 0.220412 -0.693107 0.719804 -0.038545 -0.376110 0.733984 -0.565517 -0.220408 0.408698 -0.885656 0.405452 -0.883377 0.235061 -0.647741 0.761205 -0.031583 -0.375517 0.908704 -0.182327 -0.391944 0.908603 -0.144291 -0.418523 0.902631 -0.100475 0.217245 -0.929641 0.297610 0.204261 -0.903857 0.375926 -0.335138 0.921432 -0.196587 -0.697515 0.662727 -0.272516 -0.694119 0.663299 -0.279702 0.736535 -0.674177 0.054789 0.736258 -0.670675 0.090107 0.787749 -0.609297 0.090603 -0.614838 0.778449 -0.126460 
						-0.698828 0.533576 0.476378 0.353937 -0.934660 0.033745 -0.586667 0.764889 -0.266020 0.572268 -0.364252 -0.734731 0.579374 -0.396243 -0.712262 0.316763 -0.897067 0.308110 0.618737 -0.784111 0.048313 0.611579 -0.789145 0.056751 -0.268874 0.805192 -0.528557 -0.369455 0.894937 -0.250179 0.112680 -0.619871 0.776571 -0.814485 0.058803 0.577197 0.344986 -0.937973 0.034507 0.435894 -0.899992 0.003350 0.417742 -0.907551 -0.042925 0.396703 -0.917914 0.007810 -0.458234 0.330967 0.824914 -0.491756 0.785826 -0.375038 0.576546 -0.666258 -0.472964 0.266029 -0.950290 0.161796 0.241918 -0.937070 0.251746 -0.778201 0.450635 0.437415 -0.902545 0.192226 0.385308 -0.789033 0.613191 -0.037728 -0.550381 0.710509 -0.438473 -0.597766 0.554827 0.578656 -0.717208 0.614006 -0.329558 0.710665 -0.689757 0.138531 0.725951 -0.687739 0.003083 -0.490415 -0.227142 0.841368 -0.112244 0.899822 0.421571 -0.693476 0.577027 0.431429 0.064572 -0.282820 0.956997 -0.235473 0.804928 -0.544650 -0.292883 0.876258 -0.382611 -0.183326 0.030429 -0.982581 -0.294333 0.002304 0.955700 -0.248043 -0.094828 0.964097 -0.388414 0.104237 0.915570 0.112704 -0.600235 0.791843 -0.602646 0.792188 -0.096209 0.626455 -0.715924 -0.308232 -0.576945 0.796209 -0.182171 0.491697 -0.785658 0.375466 -0.589671 0.798737 -0.119609 -0.099464 0.634829 -0.766224 -0.119937 0.629980 -0.767294 0.327568 -0.586140 0.741040 0.379319 -0.570609 0.728370 0.564697 -0.610571 -0.555266 0.067887 -0.409387 0.909832 0.242007 -0.950633 0.194239 -0.254429 0.774397 -0.579289 -0.406376 0.506374 0.760555 0.583094 -0.317340 -0.747862 0.590524 -0.280881 -0.756563 -0.401610 0.915642 0.017563 -0.398342 0.917237 0.000266 -0.611484 0.780661 0.129057 0.395025 -0.918296 0.026232 0.570905 -0.547667 -0.611660 0.210261 0.874537 -0.437008 0.183230 -0.618969 0.763743 0.211548 0.247276 -0.945570 
						0.244982 0.207418 -0.947080 -0.670654 0.612894 0.417832 -0.630523 0.620613 0.466134 0.673024 -0.658689 0.336405 -0.608237 0.614249 0.502738 0.629974 -0.473870 -0.615289 -0.705676 0.666956 -0.239148 0.171176 -0.727247 0.664688 0.167787 -0.780080 0.602762 -0.101994 0.612619 -0.783770 0.465438 -0.430565 0.773293 0.188236 -0.897353 0.399155 -0.422345 0.894160 -0.148669 0.486045 -0.643000 -0.591872 -0.324563 0.915584 -0.237414 0.716686 -0.675464 -0.173518 0.536479 -0.763537 -0.359446 0.678704 -0.695239 -0.236652 0.661869 -0.648846 -0.375405 -0.398164 0.914007 -0.077823 0.449105 -0.893047 0.027773 0.288763 -0.623320 0.726696 -0.609629 0.789900 -0.066408 0.237489 0.425893 -0.873049 -0.230188 -0.328871 0.915892 -0.167511 -0.346718 0.922890 -0.254084 -0.960913 0.109940 -0.691995 0.721431 0.026082 -0.656644 0.747697 -0.098832 -0.568604 0.806543 -0.161795 -0.633998 0.749958 -0.188703 -0.275176 -0.669207 0.690246 0.094280 0.904706 -0.415473 -0.588905 0.758830 -0.278151 -0.439027 0.841920 0.313727 -0.415711 0.870186 0.264501 0.373271 -0.918477 -0.130647 0.532365 -0.844535 -0.057861 0.522637 -0.852536 -0.005800 0.524027 -0.272733 -0.806854 -0.582897 0.735713 -0.344902 -0.382650 0.886210 0.261173 0.490386 -0.809974 -0.321658 0.520002 -0.781835 -0.343994 -0.340161 0.939497 -0.040447 -0.388414 0.921387 0.013446 -0.368719 0.929541 0.000571 0.788113 -0.574859 0.220035 -0.072986 -0.541257 0.837684 0.588887 -0.718961 -0.369198 -0.155856 -0.983516 0.091676 0.406337 -0.894697 -0.185496 0.390491 -0.907834 -0.152821 -0.512264 0.757393 -0.404896 -0.887319 0.386340 0.251806 -0.859635 0.430336 0.275388 -0.880254 0.399186 0.256523 -0.454537 -0.027691 0.890297 -0.521777 0.178573 0.834183 -0.536337 0.009067 0.843955 -0.281244 0.955866 -0.084981 -0.280065 0.894256 -0.349099 -0.277248 0.907192 -0.316442 -0.691235 0.659232 -0.295987 
						0.392860 -0.902364 0.177200 0.257323 -0.960588 0.105148 0.382663 -0.919856 -0.086224 0.376234 -0.924566 -0.060216 -0.540430 0.804258 -0.247193 0.352746 -0.935564 -0.017062 0.352899 -0.934317 -0.050142 0.306246 -0.950989 0.042820 -0.374526 0.919511 0.119290 0.577961 -0.639630 -0.506788 0.513754 -0.857925 -0.004527 -0.651190 0.661494 0.371991 -0.452497 0.882145 -0.130637 -0.652931 0.724233 -0.221737 -0.701923 0.710393 -0.051432 0.681667 -0.716274 -0.149268 0.448520 -0.857785 0.251067 0.502542 -0.817903 -0.280155 0.769036 -0.631287 0.100298 0.432839 -0.350142 -0.830693 0.390759 -0.873227 0.291173 0.328479 -0.067276 -0.942112 0.379348 -0.129007 -0.916216 0.527910 -0.839833 0.126459 0.521671 -0.842935 0.131608 -0.141477 0.686568 -0.713168 -0.571113 0.820368 -0.028755 0.463775 -0.859614 -0.214423 0.475257 -0.354488 -0.805275 -0.578136 0.401904 -0.710093 -0.424651 0.736382 -0.526699 -0.775106 0.631168 -0.028948 -0.757019 0.641809 -0.122493 -0.159929 0.976291 0.145870 0.383321 -0.847414 0.367361 0.010053 -0.320271 0.947273 -0.318714 0.823621 -0.469116 -0.411538 0.884217 -0.220899 -0.421914 0.883494 -0.203534 -0.323964 0.858749 -0.396986 -0.398059 0.915926 -0.051266 -0.422048 0.906565 -0.003805 -0.167210 -0.981614 0.092063 -0.146844 0.010864 -0.989100 0.116293 0.387299 -0.914590 0.009692 0.542117 -0.840247 0.558546 -0.709756 -0.429270 0.568392 -0.665329 -0.484013 0.000435 -0.610283 0.792183 -0.080429 0.623425 -0.777735 -0.265177 0.543446 -0.796459 0.122038 -0.520984 0.844797 -0.348890 0.933981 -0.077166 0.729382 -0.683999 -0.012146 0.492560 -0.806423 -0.327211 0.803534 -0.558318 0.206431 -0.022699 0.592200 -0.805471 0.790997 -0.539222 0.289074 0.774439 -0.526899 0.350175 -0.360363 0.930469 0.066071 -0.579858 0.813109 -0.051181 -0.618494 0.785313 0.027339 0.616926 -0.783127 0.078196 0.324037 0.308201 -0.894434 
						0.256729 0.369459 -0.893079 -0.573233 0.814874 -0.085929 -0.275062 -0.959661 0.058238 -0.304078 -0.951827 0.039528 -0.349707 -0.935563 0.049259 0.499274 -0.831265 0.244386 0.468668 -0.831939 0.297032 0.001149 -0.005270 -0.999985 -0.041671 -0.045051 -0.998115 0.620621 -0.701390 -0.350544 0.639154 -0.740017 -0.209420 -0.259448 0.913431 -0.313576 -0.583534 0.811394 -0.033574 -0.221749 0.973524 -0.055478 -0.026196 0.571971 0.819856 0.126404 -0.916546 0.379428 -0.715076 0.536398 0.448268 -0.724952 0.513987 0.458544 -0.663850 0.617628 0.421709 0.773938 -0.543975 0.324207 0.793115 -0.558639 0.242674 -0.677221 0.654112 -0.336911 -0.318873 0.737105 -0.595815 0.492327 0.068109 -0.867742 0.522448 -0.671493 0.525495 0.375789 -0.926219 -0.030020 0.400564 -0.907352 -0.127516 0.175331 -0.914281 0.365170 0.736319 -0.675402 0.040813 0.546864 -0.818402 -0.176518 0.478766 -0.874065 0.082418 -0.547452 0.824974 -0.140410 0.648380 -0.706036 -0.284809 -0.234575 0.772016 -0.590734 -0.252525 0.807263 -0.533439 -0.598203 0.800430 -0.038277 -0.636515 0.768817 0.061400 0.693395 -0.665377 -0.276545 -0.622222 0.735561 -0.267936 -0.595737 0.700007 -0.393812 -0.599100 0.798527 -0.058600 -0.589938 0.728373 0.348492 -0.729986 0.245506 0.637846 -0.439541 -0.509022 0.740068 0.390582 -0.916035 0.091246 0.181342 0.943579 0.277079 0.082878 0.963825 0.253321 -0.042281 0.585511 -0.809561 0.682458 -0.678617 -0.271531 -0.543807 0.822240 -0.167915 -0.536409 0.826125 -0.172575 0.695882 -0.445758 0.563070 -0.508617 0.858092 0.070618 -0.072503 -0.457261 0.886372 -0.249745 0.774067 -0.581763 -0.643675 0.392882 0.656754 -0.356656 0.931249 -0.074646 -0.475836 0.598347 0.644641 -0.739470 0.637289 0.216903 -0.513977 0.750343 -0.415708 0.206511 -0.974799 -0.084379 -0.526249 0.831900 -0.176084 -0.505477 0.831619 -0.230005 0.768350 -0.637466 -0.057240 
						-0.298045 0.937355 -0.180376 -0.333864 0.906154 -0.259652 -0.273476 0.562192 -0.780482 -0.272131 0.542896 -0.794486 -0.473304 0.816452 -0.330740 0.584070 -0.658601 -0.474454 -0.443501 0.816539 -0.369555 0.456618 -0.770148 0.445390 -0.743134 0.616126 -0.261038 -0.550713 -0.649553 0.524209 -0.431761 -0.697449 0.571968 0.765855 -0.532404 0.360572 0.155069 -0.935911 0.316265 0.125247 0.501312 -0.856154 -0.508998 0.820899 -0.258932 -0.538683 0.814979 -0.213613 -0.553540 0.815608 -0.168452 0.551303 -0.762691 -0.338181 0.654643 -0.702830 -0.278340 0.350254 -0.935242 -0.051435 0.627541 -0.613063 0.479944 0.638216 -0.620208 0.456094 0.559717 -0.619995 0.549838 0.709967 -0.703134 -0.039376 0.402427 -0.849031 0.342344 0.175282 -0.587008 0.790378 -0.507507 0.593440 0.624712 0.386699 -0.921481 0.036564 0.017453 0.922081 0.386603 -0.011034 0.950902 0.309296 0.063960 -0.332449 0.940950 -0.171284 -0.980388 -0.097472 -0.391584 -0.915749 -0.089813 -0.567363 0.810594 -0.145036 -0.582816 0.804776 -0.112525 0.609396 -0.697747 -0.376543 0.622777 -0.730394 -0.280488 0.688868 -0.724755 -0.013837 -0.695958 0.455880 0.554811 0.099170 0.298156 -0.949351 -0.293159 0.940679 -0.170825 -0.700866 0.713260 0.006826 -0.703441 0.710244 -0.026898 0.229626 -0.379083 -0.896419 0.166881 -0.307980 -0.936642 0.187261 -0.874485 0.447448 -0.516051 0.813322 -0.268700 -0.423681 0.732208 -0.533260 0.396587 -0.915931 0.061555 -0.655362 0.749153 -0.096282 0.095365 0.451899 0.886957 0.522973 -0.295751 -0.799394 0.549669 -0.835126 0.020704 0.621161 -0.783369 0.022205 -0.547151 0.816959 -0.182216 0.480679 -0.818048 -0.315824 -0.328602 0.528136 0.783002 0.157978 -0.534322 0.830387 0.795894 0.033548 -0.604506 -0.146414 0.586336 -0.796726 -0.376732 0.854883 -0.356718 -0.319756 0.832863 -0.451769 -0.146501 0.097364 0.984407 -0.101678 -0.530773 0.841393 
						-0.067133 -0.554632 0.829383 0.190164 -0.880311 0.434616 -0.287992 0.938840 -0.188785 -0.320716 0.941383 -0.104592 -0.351020 0.933859 0.068503 0.402269 -0.477622 -0.781061 0.353830 -0.421123 -0.835141 -0.671191 0.732254 0.115357 -0.108569 0.658603 -0.744618 -0.333975 0.894227 -0.298026 -0.323313 0.883957 -0.337771 0.480933 -0.599739 0.639544 -0.390487 0.920436 -0.017807 -0.656399 0.462232 0.596223 -0.636325 0.476004 0.607050 -0.416029 0.747689 -0.517572 0.406177 -0.737220 0.539933 -0.179831 -0.913402 0.365182 0.676152 -0.736642 0.013306 -0.405445 -0.825000 0.393687 0.325084 -0.924472 0.199177 0.165032 -0.615366 0.770772 -0.687380 0.630699 0.360177 -0.614291 0.478192 0.627677 0.145656 -0.548390 0.823440 0.682478 -0.704289 -0.195448 -0.428711 0.825526 -0.367033 -0.469177 0.831758 -0.296735 0.538249 -0.810567 -0.230802 -0.473089 0.827537 -0.302275 0.038371 -0.996000 -0.080698 -0.545725 0.780293 0.305495 -0.481307 0.860560 -0.166671 0.210888 -0.652436 0.727911 -0.325850 0.935492 -0.136665 -0.416251 0.815122 -0.402879 -0.156021 -0.819197 0.551882 -0.251096 -0.754216 0.606720 -0.389736 0.918356 0.068756 -0.363450 0.930190 0.051488 -0.364482 0.862836 -0.350239 -0.467921 0.786227 -0.403605 -0.669671 0.724240 -0.164370 -0.576682 0.671968 0.464647 -0.496538 0.824238 -0.272177 0.784081 -0.387714 -0.484658 0.571574 -0.652148 -0.498002 0.503288 -0.626743 -0.594890 0.727503 -0.683824 -0.055890 0.752621 -0.657283 -0.039267 -0.111251 0.495342 -0.861545 -0.293940 0.865415 -0.405777 0.682662 -0.562557 0.466371 -0.481539 0.874298 -0.061010 0.299272 -0.678163 0.671216 -0.370412 -0.403095 0.836845 -0.241259 0.809722 -0.534924 -0.228012 0.300551 0.926110 -0.135209 0.275544 0.951732 0.352519 -0.431901 -0.830176 0.251642 -0.353318 -0.901023 0.210432 -0.305833 -0.928539 0.438141 -0.897227 -0.054919 0.006915 -0.195751 0.980629 
						0.174675 -0.945757 0.273919 0.099466 -0.198123 -0.975117 0.067479 -0.178574 -0.981610 -0.102903 0.697409 -0.709248 0.495274 -0.607333 0.621169 0.565975 -0.804628 0.179571 0.255852 -0.947211 -0.193213 -0.022987 -0.985233 -0.169669 -0.691842 0.720339 0.049658 0.446467 -0.856955 -0.257478 0.408165 -0.892135 -0.193639 0.592494 -0.013083 -0.805469 -0.445898 0.873266 0.196423 0.091760 -0.278127 0.956151 -0.029650 0.558068 -0.829265 -0.741496 0.584148 0.330083 0.115085 -0.542650 0.832038 -0.516380 0.685177 0.513697 -0.618059 0.786111 -0.005694 -0.584486 0.804665 -0.104351 0.620630 -0.722409 0.304866 -0.647756 0.756366 0.091234 -0.259625 0.841332 -0.474084 -0.240178 0.796734 -0.554553 -0.602219 0.678833 -0.420141 -0.232544 0.770045 -0.594099 -0.213772 0.718275 -0.662104 -0.408323 0.835849 -0.366917 -0.462923 -0.686757 0.560417 -0.363544 -0.690510 0.625325 0.522549 -0.826621 -0.208904 0.166391 -0.676261 0.717625 0.358150 -0.659300 0.661099 0.326352 -0.680994 0.655547 -0.710414 0.534957 0.457311 0.672976 -0.689069 -0.268862 -0.023997 0.693582 -0.719978 -0.713990 0.690438 0.116249 0.126321 -0.561638 0.817683 0.158592 -0.605817 0.779637 0.165609 -0.532457 0.830098 -0.160035 0.394790 -0.904727 -0.183504 0.967835 -0.172107 -0.365623 -0.817894 0.444263 -0.671471 0.570870 0.472477 -0.701994 0.636649 0.319190 -0.439641 0.895087 -0.074403 0.411837 -0.299214 -0.860733 0.110104 0.918372 0.380093 0.698142 -0.715754 0.017169 -0.504463 0.673599 0.540168 0.178183 -0.603738 0.777014 0.621595 -0.758437 -0.195941 -0.379473 -0.717318 0.584342 0.502111 0.419872 -0.756038 -0.545509 0.817854 -0.183126 -0.712301 0.584309 0.388858 0.180660 -0.575422 0.797654 -0.433944 0.762198 -0.480361 -0.577988 0.714294 -0.394606 0.554130 -0.598308 -0.578763 -0.543526 0.839207 -0.017603 -0.543692 0.837944 -0.047418 -0.261668 0.883947 -0.387514 
						0.359896 -0.932956 -0.008209 0.118634 -0.497831 0.859122 0.040697 -0.553773 0.831673 -0.656829 0.690813 -0.302246 0.604456 -0.775204 0.183553 -0.265148 0.732497 -0.627012 -0.629322 0.776838 0.021838 0.528550 -0.663238 -0.529859 0.514636 -0.845171 -0.144344 -0.266867 0.953979 -0.136772 0.622211 -0.498409 -0.603691 0.630621 -0.442954 -0.637267 0.129701 -0.909109 0.395853 -0.436393 0.899481 -0.022258 0.317972 -0.613998 0.722427 0.347895 -0.933802 -0.083569 0.615959 -0.786849 0.038248 -0.718338 0.655533 -0.232954 -0.677003 -0.022935 0.735623 -0.387962 -0.795875 0.464832 0.429832 -0.881359 0.196088 0.371135 -0.900894 0.225055 -0.768336 0.595601 0.234351 -0.386344 0.772629 -0.503768 0.487695 -0.773780 0.404250 0.326573 -0.663846 0.672800 -0.457247 0.857165 0.237052 -0.378055 0.925653 0.015530 -0.385597 0.919864 -0.071867 0.735508 -0.674358 -0.065338 -0.705144 0.706395 0.061468 -0.386143 0.695572 -0.605865 -0.628452 0.680834 -0.376183 -0.398540 0.846009 -0.354168 -0.405123 0.847517 -0.342914 -0.309772 0.830522 -0.462898 -0.341514 -0.325958 0.881544 -0.680406 0.673452 -0.288979 -0.580311 0.813193 -0.044235 0.372377 -0.926843 0.047922 -0.309797 0.362191 -0.879115 0.230705 0.582513 -0.779393 0.487016 0.468541 -0.737079 0.284697 -0.948484 -0.139017 0.684460 -0.724140 0.084477 0.534067 -0.463077 -0.707342 0.507728 -0.386819 -0.769794 0.310692 -0.949384 0.046264 0.225313 -0.972808 -0.053649 0.517564 -0.798724 0.306867 0.599858 -0.795503 0.085707 0.377109 -0.665001 0.644641 -0.323693 0.196055 0.925627 -0.501199 0.822889 0.267683 0.340201 -0.939507 -0.039876 -0.362657 0.900940 -0.238298 -0.396455 0.900343 -0.179459 0.652471 -0.756484 -0.044866 0.620528 -0.773106 0.131350 0.439127 -0.891407 0.112078 -0.429187 -0.260148 0.864940 0.630889 -0.406301 -0.660984 -0.424448 0.894991 -0.137242 0.718378 -0.695652 0.001045 
						-0.706772 0.684619 0.178241 -0.624729 -0.206022 0.753173 0.260503 0.725598 -0.636903 0.052266 0.730818 -0.680569 0.185394 0.718570 -0.670289 -0.119083 -0.138327 0.983201 0.433185 -0.645309 0.629227 0.112306 0.797470 -0.592815 0.406676 -0.581709 -0.704435 0.533753 -0.643958 -0.548111 -0.581471 0.598504 0.551076 -0.641587 0.587171 0.493554 -0.293628 0.429884 -0.853805 -0.397204 0.893136 -0.211039 -0.436664 0.895704 -0.083898 -0.534041 0.843884 0.051574 -0.501424 0.865169 -0.007552 0.122780 0.652260 -0.747985 0.578616 -0.666984 -0.469399 0.051233 -0.231097 0.971581 0.170622 -0.706840 0.686488 0.571908 -0.646017 -0.505553 -0.322927 0.924647 -0.201858 0.560696 -0.570864 -0.599778 0.554253 -0.540496 -0.632983 -0.372285 0.916247 -0.147973 -0.432658 0.898918 -0.068951 -0.429375 0.899230 -0.083800 -0.605368 0.700930 -0.377131 0.653033 -0.743104 0.146101 0.517455 -0.805269 0.289451 -0.571509 0.812622 -0.114116 -0.352324 0.913266 -0.204483 -0.338318 0.914620 -0.221383 0.188012 -0.200378 -0.961509 0.314046 -0.308479 -0.897895 0.280092 0.896428 0.343462 -0.480808 0.876697 -0.015043 0.518911 -0.682981 -0.514070 0.340000 -0.794509 0.503145 -0.325607 0.921421 -0.212046 -0.345976 0.921056 -0.178764 -0.475871 0.879362 -0.016421 -0.146361 0.686455 -0.712290 0.266261 -0.937658 0.223388 -0.318012 0.845154 -0.429631 -0.251372 -0.967424 0.030037 0.276355 -0.728506 -0.626823 -0.049952 0.625561 -0.778574 0.267933 -0.030791 -0.962945 0.465890 0.517518 -0.717719 0.319193 0.580474 -0.749110 -0.532759 0.844729 0.050997 0.379917 -0.085986 -0.921016 0.269530 0.095784 -0.958216 -0.059509 -0.167047 0.984151 0.545104 -0.031121 -0.837790 0.359944 -0.931166 -0.058050 0.552280 -0.714876 -0.428882 0.468936 -0.657055 0.590235 -0.393182 -0.652263 0.648044 0.501413 -0.694498 0.516001 0.245343 -0.242811 0.938536 0.203351 -0.978122 0.043879 
						-0.575783 0.810061 0.110796 0.251541 -0.936746 0.243382 0.373052 -0.927734 -0.011907 -0.517065 0.855278 0.033813 -0.549676 0.831864 0.076544 -0.636988 0.694469 0.334604 0.283109 -0.616409 -0.734772 0.378935 -0.624564 -0.682882 0.707632 -0.688449 0.159046 -0.338465 0.754216 -0.562672 0.209579 -0.889208 0.406676 -0.711102 0.687941 0.145157 0.305599 0.118801 -0.944720 0.386582 -0.473503 -0.791422 -0.434208 0.894981 -0.102332 -0.382476 0.904726 -0.187572 -0.394770 0.901410 -0.177811 -0.660065 0.480997 0.577023 -0.683261 0.730171 -0.002121 -0.690663 0.404473 0.599489 -0.370795 -0.735749 0.566731 -0.354682 0.902550 -0.244140 -0.349718 0.905697 -0.239603 -0.000353 0.914015 -0.405681 -0.028069 0.883146 -0.468259 0.045207 -0.647284 0.760907 0.146527 -0.937571 0.315420 0.286214 -0.935335 0.207919 -0.452542 0.890203 -0.052397 -0.482826 0.875601 -0.014199 0.556149 -0.830949 -0.014893 0.235140 0.778243 -0.582278 -0.733842 0.621780 -0.273617 0.368211 0.837678 0.403381 -0.008712 0.567715 -0.823179 -0.587889 0.716061 -0.376355 -0.503568 0.789918 -0.349928 0.565156 -0.784792 0.254362 -0.256674 0.789370 -0.557685 -0.713484 0.281906 0.641460 -0.418249 0.842372 -0.339820 -0.373650 0.836699 -0.400400 0.353944 -0.931099 0.088190 -0.381772 0.911530 -0.152848 -0.147524 -0.119440 0.981820 -0.200141 -0.055504 0.978194 -0.552256 0.754642 -0.354299 -0.611040 0.617705 0.495046 -0.234964 0.241010 0.941651 -0.331133 0.319594 0.887812 -0.428993 0.898141 -0.096478 0.685638 0.018551 -0.727706 -0.351839 0.936037 0.006622 0.462207 0.581090 -0.669850 0.511681 -0.852982 -0.102977 -0.702802 0.608387 0.368693 0.636439 -0.274735 -0.720740 -0.383063 0.907665 -0.171482 0.021992 -0.335713 0.941707 0.061659 -0.352469 0.933790 0.004756 -0.416466 0.909139 -0.450551 -0.299202 0.841120 0.076582 -0.311566 0.947133 -0.160700 -0.281801 0.945919 
						0.285709 -0.956118 0.064868 -0.501474 0.865171 0.001853 0.132095 -0.324167 0.936732 0.111809 -0.460816 0.880424 -0.478787 0.310649 0.821133 0.067899 0.638285 -0.766800 -0.292078 0.830612 -0.474104 0.173998 0.897370 0.405528 -0.696459 0.573304 0.431587 0.214274 0.274857 -0.937305 -0.297302 0.901012 -0.315892 -0.321764 0.917547 -0.233612 0.176653 0.548312 0.817403 0.240420 -0.389955 0.888894 0.707402 -0.660786 0.250887 -0.597759 0.788494 0.144778 0.673418 -0.528642 0.516765 0.714017 -0.521768 0.466839 0.365597 -0.478054 -0.798626 -0.594434 0.792232 0.137899 0.251954 -0.926528 0.279403 0.769229 -0.637996 -0.035323 0.329733 -0.469603 0.818993 -0.362822 0.907725 -0.210702 0.368158 -0.915008 -0.164986 0.216861 -0.244869 -0.944992 0.285925 -0.105660 -0.952409 0.318880 -0.544111 -0.776053 -0.597667 0.785677 0.159702 -0.041909 -0.427807 0.902898 0.209482 -0.838522 0.502989 0.753205 -0.652662 0.081935 -0.522477 0.852096 0.030811 -0.388263 0.865100 -0.317576 -0.819745 0.567065 -0.080345 -0.674518 0.494466 0.548206 -0.285999 0.283398 -0.915364 0.132712 -0.518717 0.844583 0.090254 -0.165960 0.981994 -0.546265 -0.083015 0.833489 0.311003 -0.944745 0.103608 -0.571710 -0.242852 0.783691 -0.120913 0.642829 -0.756407 -0.445061 0.822281 0.354647 0.107154 -0.645794 0.755955 -0.376303 0.164117 0.911845 0.172838 -0.851662 0.494772 0.374784 -0.927075 -0.008265 -0.426411 0.782072 -0.454463 0.588263 -0.619920 -0.519275 0.318459 -0.919654 0.229827 0.071415 -0.501292 0.862326 0.542620 -0.734494 0.407531 -0.590518 0.732652 0.338391 -0.467407 0.881254 -0.070163 -0.493883 0.869131 -0.026295 0.531242 -0.562661 -0.633399 -0.449981 0.887875 -0.095889 -0.882709 0.462615 0.082532 0.684688 -0.722042 0.099288 0.514728 -0.417250 -0.748971 -0.158493 0.698291 -0.698047 -0.443542 0.886798 -0.129843 0.450161 -0.892758 -0.018373 
						0.483049 -0.875579 -0.004917 -0.353234 0.856272 -0.376860 -0.255687 -0.374068 0.891458 -0.676066 0.595115 0.434480 -0.404792 0.914023 -0.026562 0.528609 -0.770489 -0.356258 0.537787 -0.749610 -0.385836 -0.348375 -0.737440 0.578633 -0.563266 0.821403 0.089602 -0.558465 0.824711 0.089270 -0.605491 -0.254548 0.754046 -0.636882 -0.621152 0.456675 -0.634456 -0.661194 0.400359 -0.671615 -0.595844 0.440345 -0.465271 0.881243 -0.083267 -0.476406 0.876396 -0.070482 -0.679138 0.091904 -0.728234 -0.233357 -0.969372 0.076567 0.200183 -0.556900 -0.806095 0.303628 -0.946462 0.109640 -0.640204 0.767469 -0.033611 -0.612535 0.731762 -0.298872 -0.681742 0.723021 0.111662 0.146743 -0.610799 0.778069 -0.373973 0.891548 -0.255513 -0.238080 0.804578 -0.544033 -0.604002 0.542814 0.583553 -0.279388 0.050807 0.958833 -0.129010 -0.071823 0.989039 0.523806 -0.851830 -0.003710 -0.393701 0.718881 -0.572895 -0.690763 0.649751 -0.317286 -0.479655 0.876340 -0.044264 0.603482 -0.243703 -0.759222 0.164876 -0.790762 0.589500 0.431763 -0.877276 -0.209684 0.566685 -0.823242 0.033769 0.279608 -0.537139 -0.795802 0.436843 -0.896205 0.077357 -0.375161 0.323131 -0.868816 0.628620 -0.088504 -0.772660 -0.080738 -0.867766 0.490371 -0.444066 0.890820 -0.096155 -0.857059 0.510626 0.068642 0.508694 -0.772339 0.380425 -0.523182 0.831149 -0.188340 -0.585117 0.797449 0.147353 -0.559780 0.759169 0.332127 0.507587 -0.765984 -0.394493 0.622095 -0.747211 -0.233821 0.539171 0.488948 -0.685729 -0.421762 0.896258 -0.137254 -0.642435 0.763207 0.069224 0.656805 -0.676535 -0.333028 -0.233929 0.190067 0.953494 -0.469101 0.764591 -0.441979 0.433247 0.477635 -0.764305 -0.509437 0.859685 0.037624 -0.470709 0.879927 -0.064508 -0.577207 0.802167 0.152844 -0.227470 0.967626 0.109347 0.090309 0.936545 -0.338716 0.598980 -0.798400 0.061491 -0.734316 0.677368 -0.044193 
						0.627415 -0.756816 -0.183249 -0.459448 0.879529 0.123838 -0.428025 -0.610473 0.666421 0.267954 0.602112 -0.752105 0.030070 -0.996985 0.071529 0.205079 -0.965665 0.159480 0.161652 -0.901252 0.402012 0.041166 -0.142874 0.988884 -0.014296 -0.103489 0.994528 -0.590334 0.791740 0.157016 -0.171981 0.064698 0.982973 -0.703413 0.652982 0.280757 -0.141938 0.715775 -0.683754 0.179398 -0.359949 0.915561 0.377656 -0.169701 -0.910262 -0.438148 0.889104 -0.132367 -0.196685 0.543254 -0.816204 0.157576 -0.496669 0.853516 0.446185 -0.892349 -0.068062 0.430116 -0.902569 -0.019221 -0.500355 0.856516 -0.126588 -0.452415 0.864716 -0.218147 -0.303693 0.819550 -0.485909 -0.673632 0.590745 0.444118 -0.396471 0.874236 -0.280219 -0.460913 0.869164 -0.179200 -0.141927 -0.344220 0.928100 -0.468581 0.856129 -0.217886 -0.713913 0.621708 0.322192 -0.118973 0.044976 0.991878 0.696022 -0.654683 0.294861 -0.167181 0.969724 0.178006 -0.457920 0.824559 0.332282 -0.468453 0.849672 0.242093 0.418826 -0.358046 -0.834499 0.809486 0.039008 -0.585842 -0.076443 0.994484 0.071825 -0.505525 0.844784 -0.175457 -0.607226 0.791643 0.067659 -0.610832 0.788957 0.066558 0.741556 -0.534215 0.405845 -0.616534 0.783953 0.072822 -0.480150 0.849166 -0.219938 -0.286319 0.912562 -0.291981 -0.480031 0.845946 -0.232262 -0.713110 0.584232 0.387489 0.152614 -0.925012 0.347941 0.779568 -0.332992 -0.530463 -0.256989 -0.290370 0.921760 -0.399598 -0.616131 0.678752 0.189309 -0.527830 -0.827984 -0.478655 0.854360 -0.202382 -0.598577 0.798204 0.067645 -0.574224 0.817552 0.043297 0.532579 -0.812582 -0.236793 -0.461489 -0.276888 0.842829 -0.627643 0.747288 0.218231 -0.621412 0.768741 0.151278 0.254890 -0.329257 -0.909187 -0.609035 0.777795 0.155279 -0.611697 0.777891 0.143921 -0.781885 0.613417 0.111247 0.278856 -0.634889 0.720524 -0.624723 0.773253 0.108632 
						-0.465509 0.556380 0.688290 -0.633168 0.759023 0.151601 0.239111 -0.386152 0.890905 -0.583233 0.608882 0.537682 -0.702369 0.643485 0.304310 -0.638911 0.755876 0.142982 0.336980 -0.627284 -0.702111 -0.477633 0.798874 -0.365605 -0.509913 0.799423 -0.317667 -0.689542 0.629562 0.358027 -0.562758 0.826278 -0.023822 -0.473589 0.879300 0.050450 -0.596863 0.801027 0.045931 0.712551 -0.661670 -0.233376 -0.568079 0.822933 0.008206 -0.521233 0.853053 0.024814 -0.517991 0.855377 0.003943 -0.547162 0.833568 0.076010 -0.625737 0.774426 0.093364 -0.541315 0.838263 0.065527 -0.355667 0.839624 0.410527 -0.487429 0.715997 -0.499761 -0.522179 0.852832 0.002513 0.238255 -0.870416 0.430825 -0.109350 0.028713 -0.993588 -0.491691 0.860600 -0.132697 -0.473478 0.874126 -0.108267 -0.487014 -0.627083 0.607934 -0.119440 0.931777 0.342821 0.209245 -0.045825 -0.976789 -0.538194 0.840398 0.063863 -0.539291 0.841297 0.037211 -0.499600 0.866043 -0.019192 -0.578829 0.814939 -0.028847 0.216922 0.308590 -0.926130 -0.638512 -0.602448 0.478914 0.764707 -0.391523 -0.511794 -0.541528 0.840575 0.013504 0.137681 -0.462896 0.875655 -0.229742 -0.212455 0.949780 -0.549491 0.834700 0.036542 -0.539765 0.823721 -0.173604 -0.556424 0.830664 0.019743 -0.558285 0.825131 -0.086470 -0.540303 0.831497 -0.129173 -0.572008 0.817480 0.067327 0.328248 0.691493 -0.643499 0.278466 -0.191054 -0.941252 -0.001019 -0.461812 0.886977 0.222705 -0.543027 -0.809644 -0.530130 0.835899 -0.142251 -0.546288 0.830996 -0.104950 -0.530712 0.837791 -0.128259 -0.142307 0.970090 0.196660 -0.368944 -0.522254 0.768850 -0.207755 0.453461 0.866724 0.510376 -0.807413 -0.295973 -0.527812 0.848790 -0.031157 0.313627 -0.014872 -0.949430 -0.450307 0.876413 -0.170660 -0.468114 0.870937 -0.149459 -0.491152 0.866040 -0.093513 -0.149743 0.684980 -0.713008 0.695723 -0.016647 -0.718117 
						-0.438948 0.851648 -0.286392 -0.433519 0.851741 -0.294276 -0.536690 0.843105 0.033740 -0.470483 0.853031 -0.225795 -0.478921 0.853503 -0.205346 -0.699254 0.554591 0.451079 -0.486289 0.848798 -0.207520 0.496028 0.632798 -0.594578 0.614672 -0.329220 -0.716793 -0.532499 0.838906 -0.112612 -0.567209 0.822297 -0.045829 -0.502623 0.863026 -0.050570 -0.511656 0.858201 -0.041222 -0.577699 0.811842 -0.084715 -0.494491 -0.650198 0.576820 0.340544 -0.927112 0.156502 -0.521732 0.852755 -0.024571 -0.492845 0.864680 -0.097123 0.119304 -0.208160 -0.970791 -0.510835 0.846938 -0.147458 -0.480602 0.852593 -0.205202 -0.866692 -0.472701 0.159370 -0.507687 0.845859 -0.163632 -0.505380 0.842909 -0.184652 -0.402693 0.884301 -0.236325 0.343115 -0.234834 -0.909464 -0.521175 0.851583 0.056415 -0.519053 0.853521 0.045669 0.709886 -0.692308 -0.129507 0.430368 0.669710 -0.605203 0.117979 -0.613644 0.780719 0.335429 -0.196972 -0.921243 -0.428489 0.884282 -0.185587 -0.426642 0.882228 -0.199123 0.632003 0.448902 -0.631712 0.359098 0.580279 -0.730975 -0.481949 0.873002 -0.074790 -0.497017 0.867011 -0.035580 -0.476722 0.876432 -0.067851 -0.463032 0.880624 -0.100516 -0.223374 0.762037 -0.607786 -0.433724 0.886079 -0.163548 -0.754599 0.656123 0.009114 -0.500152 0.865055 -0.039086 0.592375 0.353482 -0.723977 -0.472034 0.874431 -0.112046 -0.462131 0.847082 -0.262462 -0.480348 0.872421 -0.090262 -0.329854 0.366309 -0.870066 -0.787322 0.529144 0.316433 -0.125344 0.104520 0.986592 -0.035280 0.911582 -0.409602 0.439353 0.065012 -0.895959 0.496190 -0.751346 -0.435057 0.252179 0.049355 -0.966421 -0.468725 -0.794795 0.385483 0.448100 -0.637367 0.626873 -0.568960 0.811305 0.134423 -0.552917 0.823906 0.124342 0.497095 0.051445 -0.866170 -0.582360 0.799978 0.144539 -0.471173 -0.314252 0.824161 -0.404067 0.889098 -0.215023 -0.417188 0.286359 -0.862527 
						-0.513973 0.853752 -0.083299 -0.478095 0.860726 -0.174858 -0.523947 0.848110 -0.078671 -0.423498 0.858152 -0.290213 -0.455785 0.857600 -0.238289 -0.507107 0.852012 -0.130070 -0.558269 0.829427 0.019672 -0.561182 0.827675 0.005425 -0.828436 0.007924 0.560027 -0.313048 -0.860969 0.400915 -0.379520 0.876798 -0.295280 -0.400238 0.878828 -0.259752 -0.525856 0.844768 -0.099203 -0.418152 0.313856 -0.852434 -0.390251 0.872764 -0.293234 -0.407125 0.872333 -0.270712 -0.480370 0.864658 -0.147008 -0.500389 0.860555 -0.095167 -0.428462 0.870367 -0.242655 -0.432260 0.864431 -0.256730 -0.494267 0.868804 -0.029651 -0.478394 0.854557 -0.202168 -0.439431 0.853673 -0.279541 0.575330 0.514370 -0.635940 -0.423455 0.854051 -0.302132 -0.511183 0.837945 -0.191154 -0.492180 0.842940 -0.217280 -0.477912 0.841146 -0.253129 -0.475972 0.837751 -0.267627 -0.482450 0.834441 -0.266366 -0.415702 0.831794 -0.367846 -0.545817 0.828668 -0.124066 0.636139 0.235023 -0.734909 -0.727823 0.587544 0.353648 -0.441301 0.849561 -0.288962 -0.466542 0.847395 -0.253497 -0.461550 0.844663 -0.271139 -0.290257 0.539985 0.790042 0.430234 -0.186605 -0.883220 -0.432665 0.785941 -0.441699 -0.283877 -0.189977 0.939852 -0.691160 0.649021 -0.317915 -0.422836 0.787919 -0.447654 -0.398422 0.783907 -0.476183 -0.441340 0.798170 -0.410052 
					</float_array>
					<technique_common>
						<accessor count="5613" offset="0" source="#meshId0-bitangents-array" stride="3">
							<param name="X" type="float" />
							<param name="Y" type="float" />
							<param name="Z" type="float" />
						</accessor>
					</technique_common>
				</source>
				<source id="meshId0-tex0" name="meshId0-tex0">
					<float_array id="meshId0-tex0-array" count="11226"> 
						0.465418 0.775685 0.449143 0.780756 0.458090 0.769499 0.947005 0.783041 0.939230 0.779845 0.940657 0.776584 0.754126 0.181773 0.744480 0.185736 0.745654 0.174391 0.224581 0.196751 0.218032 0.197371 0.227026 0.187188 0.757886 0.316150 0.746008 0.310473 0.755225 0.305160 0.221114 0.676959 0.212268 0.667609 0.215315 0.663983 0.207280 0.685093 0.201294 0.689205 0.199387 0.674521 0.088593 0.450575 0.086096 0.455523 0.081633 0.454758 0.681036 0.336529 0.673930 0.328648 0.686305 0.325675 0.827717 0.109349 0.829780 0.096430 0.836345 0.103296 0.737775 0.936565 0.751887 0.934271 0.747859 0.939865 0.939893 0.766567 0.935408 0.770911 0.937897 0.764192 0.463706 0.915646 0.470874 0.924066 0.462249 0.924035 0.084173 0.395081 0.088397 0.405752 0.077799 0.406224 0.879892 0.350053 0.883551 0.346935 0.888635 0.354632 0.874266 0.589927 0.870719 0.585940 0.878897 0.584627 0.221069 0.630894 0.228282 0.638416 0.215009 0.634753 0.890086 0.722474 0.898758 0.730144 0.889220 0.728001 0.922627 0.789834 0.913389 0.790086 0.915094 0.786895 0.792780 0.443301 0.781419 0.436141 0.789734 0.437034 0.397106 0.887431 0.398551 0.899918 0.389374 0.890661 0.434219 0.087277 
						0.427913 0.080985 0.438270 0.075068 0.699566 0.251472 0.702131 0.264910 0.686872 0.259458 0.944206 0.198043 0.933770 0.209677 0.934194 0.198695 0.947944 0.193411 0.939732 0.189505 0.382511 0.121808 0.378167 0.111324 0.390772 0.113422 0.763069 0.743257 0.771219 0.736255 0.773589 0.746920 0.696747 0.377426 0.689310 0.369812 0.700029 0.367023 0.946396 0.789881 0.943359 0.792792 0.937985 0.789164 0.575341 0.248548 0.588890 0.248201 0.576512 0.254717 0.908547 0.167900 0.916477 0.159166 0.918149 0.166684 0.560872 0.168439 0.560085 0.161534 0.571077 0.162714 0.938677 0.825282 0.931479 0.822166 0.935024 0.817506 0.864678 0.726253 0.859028 0.727512 0.860380 0.718407 0.646410 0.133633 0.644639 0.128109 0.655767 0.126434 0.925734 0.823896 0.916301 0.822968 0.921323 0.818253 0.942004 0.751146 0.929084 0.747230 0.940322 0.743010 0.934650 0.831678 0.828943 0.444678 0.828859 0.452391 0.824849 0.444768 0.802488 0.124242 0.814850 0.121952 0.810487 0.128599 0.183449 0.651309 0.183862 0.664566 0.173308 0.657726 0.272297 0.787069 0.273064 0.797305 0.265362 0.790253 0.546460 0.926796 0.557125 0.929584 0.551302 0.940395 0.904491 0.400470 0.906056 0.393150 
						0.911922 0.404119 0.146810 0.336621 0.139630 0.340311 0.136446 0.330935 0.653178 0.271697 0.639523 0.268095 0.649487 0.267741 0.544265 0.196450 0.559775 0.191343 0.556311 0.200977 0.251359 0.649715 0.245382 0.651589 0.241877 0.641992 0.746815 0.610900 0.755994 0.607060 0.753238 0.617026 0.931322 0.731869 0.393300 0.762260 0.399222 0.768633 0.390260 0.771675 0.924092 0.756307 0.916765 0.764755 0.916676 0.755032 0.118370 0.636286 0.125536 0.639725 0.126729 0.647079 0.788607 0.909435 0.775253 0.914230 0.777946 0.905861 0.826234 0.881997 0.818977 0.888248 0.815506 0.879037 0.869289 0.578732 0.675303 0.618661 0.685096 0.625395 0.667809 0.626192 0.386694 0.726644 0.376644 0.718323 0.388448 0.715187 0.921315 0.738822 0.892693 0.341460 0.893180 0.352079 0.796665 0.355685 0.801468 0.351430 0.805616 0.361938 0.561023 0.096076 0.561195 0.082257 0.570533 0.087157 0.205859 0.653646 0.202801 0.663084 0.197150 0.652923 0.535438 0.922647 0.520547 0.919505 0.529946 0.915195 0.854396 0.708773 0.857169 0.707997 0.262623 0.654393 0.262751 0.661447 0.257363 0.656314 0.504017 0.937303 0.490352 0.933123 0.500460 0.931692 0.088851 0.443313 0.085837 0.435480 
						0.090327 0.435780 0.118413 0.544609 0.116852 0.557077 0.107024 0.544834 0.522225 0.704910 0.517536 0.718723 0.506774 0.711367 0.771754 0.606018 0.762105 0.614502 0.765377 0.604888 0.937460 0.754894 0.631703 0.888732 0.639898 0.878645 0.644080 0.885034 0.385684 0.803483 0.378480 0.804809 0.378443 0.799839 0.877237 0.240619 0.879284 0.230683 0.885319 0.237140 0.236647 0.229829 0.244905 0.221515 0.245128 0.227685 0.550644 0.719959 0.547894 0.725962 0.540024 0.719167 0.635701 0.702710 0.637972 0.717642 0.627580 0.713461 0.783064 0.568068 0.781395 0.575756 0.776820 0.573045 0.155954 0.378324 0.156907 0.382075 0.151543 0.384963 0.433882 0.794798 0.422324 0.790200 0.433426 0.782448 0.091897 0.587524 0.091848 0.598544 0.085762 0.595110 0.827673 0.459344 0.820966 0.456211 0.529515 0.813259 0.518631 0.818408 0.521845 0.811370 0.569471 0.750504 0.571902 0.765954 0.562047 0.758654 0.891764 0.559706 0.882082 0.562577 0.883802 0.556385 0.212860 0.702571 0.207559 0.707031 0.200729 0.700364 0.423210 0.777786 0.408631 0.776202 0.413160 0.772160 0.642048 0.028459 0.650329 0.035428 0.645656 0.041832 0.608278 0.034362 0.621168 0.031607 0.614265 0.037544 
						0.636117 0.044263 0.626271 0.035475 0.634725 0.030990 0.721739 0.690431 0.709209 0.696094 0.713926 0.686080 0.796655 0.397652 0.797655 0.393992 0.799784 0.399636 0.113802 0.425660 0.114497 0.429204 0.109248 0.438179 0.467131 0.054921 0.475881 0.059494 0.462687 0.065916 0.910981 0.743700 0.906161 0.736362 0.515736 0.205935 0.516702 0.217041 0.506288 0.217079 0.182692 0.223655 0.181509 0.218489 0.192015 0.215736 0.797435 0.555726 0.803487 0.557184 0.802610 0.562179 0.140230 0.706203 0.145419 0.708989 0.145696 0.719109 0.569306 0.923137 0.579359 0.916464 0.579772 0.924051 0.786139 0.411457 0.777873 0.406811 0.782217 0.403592 0.724899 0.118832 0.731610 0.108384 0.737303 0.120144 0.485530 0.797542 0.491410 0.787033 0.497443 0.796504 0.768114 0.832676 0.759250 0.828485 0.770793 0.823764 0.083898 0.375739 0.082972 0.387338 0.074538 0.378678 0.365465 0.812522 0.355423 0.818999 0.354896 0.808869 0.651912 0.246096 0.645875 0.241455 0.653334 0.234977 0.310969 0.210904 0.321760 0.205764 0.319886 0.214135 0.917357 0.745744 0.892891 0.760058 0.883142 0.759227 0.883314 0.750350 0.868890 0.855827 0.859653 0.856933 0.860350 0.849419 0.153775 0.299171 
						0.149562 0.295019 0.156143 0.288900 0.700125 0.693549 0.691277 0.704660 0.683823 0.694588 0.747455 0.901572 0.758030 0.896336 0.755982 0.908833 0.408149 0.909578 0.392034 0.909408 0.394966 0.904422 0.772123 0.399984 0.771667 0.394399 0.774388 0.392806 0.796347 0.832281 0.789225 0.837623 0.788377 0.824321 0.857276 0.199466 0.864211 0.192673 0.862856 0.200884 0.877509 0.824059 0.872500 0.814739 0.881432 0.814404 0.823210 0.394807 0.829335 0.386500 0.829189 0.394782 0.661491 0.770140 0.651420 0.765029 0.660232 0.762418 0.785182 0.600395 0.785316 0.609154 0.776732 0.605009 0.535195 0.103639 0.530406 0.089792 0.541272 0.094211 0.252964 0.680744 0.247358 0.686182 0.239792 0.682322 0.064206 0.507443 0.061473 0.503329 0.064988 0.502169 0.793018 0.429940 0.781648 0.430947 0.785350 0.422993 0.367933 0.824176 0.223497 0.723264 0.221681 0.718621 0.233658 0.724991 0.467988 0.812601 0.458699 0.812772 0.458586 0.803370 0.156246 0.691405 0.152869 0.699967 0.148794 0.693034 0.324468 0.788443 0.320086 0.789823 0.311890 0.786962 0.901806 0.344857 0.904172 0.335956 0.536009 0.902360 0.534560 0.891616 0.549844 0.897639 0.177550 0.698763 0.184853 0.708986 
						0.175313 0.706302 0.260667 0.780504 0.255865 0.784893 0.246248 0.777288 0.122606 0.557590 0.571108 0.933123 0.303953 0.785003 0.314056 0.784233 0.151326 0.306221 0.157879 0.299033 0.413662 0.264790 0.409253 0.280720 0.405774 0.272255 0.393080 0.224259 0.399942 0.221925 0.400464 0.231697 0.815388 0.546376 0.809778 0.539284 0.815223 0.537378 0.135621 0.585302 0.135411 0.594851 0.131182 0.589657 0.868760 0.645996 0.864348 0.654509 0.861972 0.641810 0.445460 0.114440 0.443613 0.101607 0.454908 0.107200 0.791598 0.404795 0.790731 0.414754 0.253493 0.666076 0.816247 0.898173 0.826392 0.892089 0.414746 0.810674 0.404500 0.812735 0.401335 0.807474 0.655882 0.706810 0.657203 0.716974 0.648534 0.715218 0.945425 0.786942 0.953702 0.785073 0.603062 0.244570 0.616618 0.243091 0.613007 0.249560 0.515142 0.934534 0.218736 0.310948 0.206617 0.309816 0.219575 0.303289 0.835657 0.470210 0.822944 0.466177 0.708082 0.380060 0.703991 0.388501 0.068975 0.569004 0.074075 0.574165 0.069211 0.577415 0.492834 0.248344 0.505969 0.247644 0.494376 0.253573 0.773006 0.682339 0.759055 0.687776 0.763796 0.677512 0.894993 0.636368 0.890401 0.632823 0.900561 0.624632 
						0.454017 0.793963 0.438195 0.798575 0.440975 0.790884 0.348618 0.147291 0.354151 0.156206 0.344675 0.157322 0.412275 0.227172 0.949925 0.356196 0.951770 0.368592 0.944908 0.364493 0.395932 0.169095 0.402597 0.166925 0.403406 0.173443 0.800548 0.723791 0.789110 0.727347 0.791146 0.712745 0.896883 0.378385 0.904203 0.388201 0.895381 0.387097 0.825230 0.118622 0.818516 0.109950 0.742622 0.112520 0.739798 0.101092 0.749669 0.104376 0.375181 0.817131 0.863109 0.546886 0.861351 0.559053 0.854526 0.550606 0.531979 0.774044 0.528999 0.786863 0.526046 0.778730 0.658524 0.913712 0.650442 0.914205 0.649562 0.901360 0.825661 0.550568 0.818451 0.557192 0.818376 0.547727 0.170868 0.265444 0.163986 0.264983 0.172664 0.255714 0.793996 0.560863 0.786856 0.557112 0.925658 0.793964 0.928760 0.789455 0.251772 0.313909 0.246377 0.322140 0.244110 0.312747 0.740931 0.378969 0.735070 0.385768 0.734479 0.371543 0.185953 0.623226 0.176435 0.614862 0.185621 0.614947 0.879718 0.856707 0.878783 0.852111 0.883085 0.848089 0.738532 0.604453 0.737406 0.616182 0.732105 0.605343 0.441298 0.918602 0.441334 0.927155 0.430659 0.918222 0.892754 0.189842 0.902081 0.187997 
						0.899454 0.198583 0.880125 0.397202 0.873587 0.404244 0.871624 0.397398 0.912726 0.331621 0.920411 0.328394 0.923820 0.339596 0.425366 0.750364 0.419262 0.750520 0.413177 0.743190 0.762154 0.396809 0.764739 0.390611 0.527337 0.139379 0.519816 0.149570 0.513231 0.144616 0.807989 0.107510 0.798302 0.109797 0.800505 0.101321 0.891318 0.411703 0.899174 0.408028 0.903581 0.416096 0.291521 0.865957 0.294856 0.860229 0.303606 0.870886 0.112357 0.665051 0.108413 0.657027 0.116840 0.667135 0.411817 0.763393 0.425257 0.773279 0.238741 0.779040 0.238678 0.766480 0.870606 0.116661 0.879064 0.111069 0.878915 0.122509 0.769696 0.510028 0.767424 0.520278 0.758715 0.514414 0.663395 0.906286 0.659566 0.900687 0.663526 0.895048 0.600638 0.723825 0.613309 0.718837 0.603573 0.731437 0.406112 0.156152 0.397356 0.147497 0.408097 0.144790 0.907255 0.753111 0.901946 0.742023 0.659608 0.093986 0.658250 0.081108 0.669159 0.087981 0.550216 0.216615 0.544750 0.204954 0.556656 0.210600 0.106549 0.521188 0.113274 0.530862 0.105641 0.524385 0.455965 0.139666 0.458451 0.150552 0.447517 0.152674 0.714731 0.045083 0.702925 0.043754 0.717969 0.035610 0.860751 0.310690 
						0.868696 0.314599 0.863153 0.320492 0.931740 0.576973 0.923292 0.581372 0.925235 0.574137 0.646158 0.746918 0.632197 0.747183 0.641951 0.737870 0.363193 0.785684 0.371344 0.783416 0.373685 0.791914 0.906746 0.791606 0.904412 0.785861 0.409646 0.193529 0.408372 0.185414 0.417987 0.184480 0.768523 0.498852 0.758528 0.502973 0.686863 0.133383 0.685255 0.140852 0.673698 0.134627 0.121656 0.691411 0.127301 0.696856 0.125184 0.703471 0.607128 0.128014 0.615803 0.136170 0.605297 0.142861 0.605274 0.906750 0.622932 0.905151 0.616197 0.915165 0.185103 0.704110 0.194653 0.704379 0.193799 0.711312 0.191823 0.683989 0.178281 0.680936 0.187154 0.676422 0.741807 0.410904 0.743328 0.402302 0.752252 0.411416 0.296141 0.212892 0.307227 0.207777 0.302767 0.224040 0.325004 0.804012 0.319784 0.809824 0.309444 0.803722 0.279641 0.772419 0.280284 0.784195 0.270890 0.778631 0.680519 0.062868 0.674686 0.048951 0.682948 0.048830 0.541373 0.144519 0.533104 0.149491 0.304192 0.704071 0.303359 0.716625 0.294333 0.707133 0.162852 0.663412 0.163681 0.669913 0.155123 0.661111 0.715954 0.355212 0.709437 0.362917 0.704402 0.350591 0.073078 0.529902 0.081476 0.540424 
						0.074928 0.540631 0.420906 0.276052 0.421317 0.760410 0.562359 0.132708 0.565777 0.141760 0.556267 0.141971 0.783105 0.358105 0.780096 0.352653 0.793580 0.350769 0.106034 0.533811 0.098881 0.531516 0.847858 0.556113 0.848208 0.543416 0.859758 0.124365 0.863839 0.116305 0.867431 0.124845 0.780680 0.080281 0.777290 0.091631 0.767517 0.082397 0.091452 0.452733 0.096165 0.452422 0.093761 0.456863 0.842370 0.666139 0.841117 0.677334 0.832484 0.667481 0.787393 0.444449 0.783078 0.444615 0.863290 0.216912 0.867220 0.205653 0.868502 0.220993 0.466905 0.111611 0.470662 0.118009 0.459345 0.116933 0.767714 0.068627 0.769761 0.053754 0.776278 0.062202 0.387228 0.201979 0.374429 0.198178 0.380770 0.189994 0.805402 0.294442 0.799278 0.307760 0.794440 0.298444 0.772756 0.163516 0.770045 0.157488 0.774240 0.153475 0.852052 0.844205 0.857394 0.839011 0.864196 0.840801 0.171387 0.375695 0.164834 0.380027 0.165875 0.371513 0.809289 0.511568 0.812647 0.521057 0.807996 0.518193 0.799325 0.904881 0.801757 0.896824 0.809465 0.903479 0.371223 0.185077 0.377951 0.178906 0.385255 0.182043 0.759443 0.290587 0.754161 0.278269 0.760869 0.283998 0.652900 0.631232 
						0.657789 0.635650 0.648490 0.639213 0.792676 0.763106 0.801422 0.754933 0.804653 0.765716 0.733877 0.883941 0.720293 0.880964 0.730977 0.877239 0.867468 0.605859 0.859361 0.603840 0.863487 0.593555 0.524718 0.059618 0.532136 0.068686 0.521612 0.072141 0.810911 0.552952 0.708943 0.151681 0.718800 0.146259 0.719712 0.155509 0.802839 0.772951 0.817232 0.768312 0.620379 0.041952 0.610978 0.051198 0.334575 0.144040 0.333272 0.132462 0.342226 0.136410 0.627435 0.918634 0.628642 0.073981 0.637756 0.069028 0.642662 0.073377 0.848252 0.645669 0.838572 0.655529 0.835921 0.645799 0.849995 0.315912 0.847809 0.306997 0.855931 0.314588 0.814054 0.776431 0.360400 0.803681 0.347700 0.807441 0.774541 0.263113 0.771549 0.249097 0.778721 0.252441 0.277063 0.290527 0.287513 0.293553 0.274333 0.299942 0.313175 0.687941 0.305064 0.688012 0.303848 0.680002 0.835555 0.400067 0.832390 0.407106 0.827286 0.401107 0.789004 0.681565 0.783122 0.670215 0.791590 0.668890 0.063079 0.533723 0.069518 0.535090 0.064951 0.546212 0.503570 0.897631 0.494890 0.897836 0.497886 0.892064 0.432187 0.229888 0.434429 0.238232 0.423414 0.241212 0.712406 0.673422 0.705402 0.679283 
						0.700029 0.666019 0.904793 0.824542 0.901860 0.816306 0.909340 0.813344 0.798266 0.534016 0.792308 0.532866 0.791988 0.525093 0.362138 0.830877 0.354503 0.840075 0.350636 0.827486 0.377751 0.710742 0.252541 0.738981 0.259450 0.747898 0.244205 0.739860 0.662088 0.883065 0.652725 0.885125 0.650451 0.879404 0.811460 0.758038 0.818825 0.756197 0.830715 0.426762 0.836809 0.427116 0.835393 0.432769 0.345646 0.775936 0.347678 0.780229 0.332667 0.779473 0.154467 0.750222 0.163479 0.741130 0.168918 0.753082 0.843615 0.174374 0.848605 0.170176 0.855300 0.171301 0.873040 0.555323 0.481594 0.127462 0.476286 0.125805 0.483507 0.120341 0.293358 0.759527 0.297420 0.765275 0.287137 0.765197 0.175479 0.229779 0.903013 0.565677 0.896224 0.569032 0.617590 0.274164 0.614031 0.286767 0.609660 0.274436 0.318853 0.292549 0.311958 0.301994 0.305570 0.293678 0.795496 0.468398 0.792669 0.463844 0.797789 0.459794 0.688147 0.373904 0.422512 0.899835 0.406184 0.895474 0.412858 0.889167 0.078443 0.369318 0.887981 0.137083 0.888066 0.127935 0.898779 0.134226 0.333141 0.226510 0.317000 0.228257 0.323773 0.222365 0.449482 0.194517 0.446322 0.183822 0.457160 0.188737 
						0.243205 0.797061 0.251378 0.808971 0.239840 0.802970 0.141898 0.607407 0.146355 0.617268 0.135425 0.606726 0.561790 0.059351 0.564580 0.071717 0.552311 0.067955 0.795459 0.438123 0.799829 0.432639 0.280068 0.754100 0.270233 0.750106 0.270976 0.745716 0.138353 0.678410 0.141801 0.671610 0.144513 0.685297 0.810165 0.377309 0.807855 0.380865 0.808171 0.371383 0.795599 0.128540 0.805952 0.137875 0.931409 0.616818 0.921871 0.607352 0.930440 0.602573 0.674764 0.204750 0.676133 0.189764 0.683656 0.199207 0.935299 0.776626 0.926442 0.778783 0.808051 0.315628 0.808629 0.305671 0.347724 0.875688 0.358883 0.873326 0.355454 0.883966 0.274589 0.217694 0.286687 0.215732 0.274444 0.223208 0.400585 0.279898 0.393529 0.288989 0.388723 0.277711 0.154439 0.609668 0.187906 0.767147 0.194952 0.765782 0.200325 0.773896 0.696950 0.563239 0.685389 0.573558 0.689702 0.564230 0.705181 0.118399 0.714292 0.114447 0.716396 0.121469 0.568799 0.741989 0.555601 0.749773 0.556255 0.738544 0.534689 0.724794 0.532485 0.718350 0.578674 0.730046 0.564285 0.731141 0.929243 0.760471 0.928067 0.768051 0.688682 0.226137 0.698257 0.227738 0.687848 0.233095 0.641185 0.253482 
						0.153808 0.727882 0.145519 0.731953 0.922273 0.769872 0.887118 0.585755 0.895299 0.580968 0.893291 0.585594 0.682132 0.038365 0.692408 0.034893 0.692312 0.049019 0.818376 0.697528 0.805331 0.695944 0.814781 0.685185 0.781074 0.396489 0.778432 0.387680 0.659904 0.116788 0.662645 0.126650 0.802678 0.399550 0.811332 0.394270 0.811837 0.399001 0.118325 0.319670 0.130966 0.318261 0.127646 0.323052 0.846433 0.591536 0.834756 0.596179 0.835439 0.587070 0.100578 0.436052 0.099320 0.429472 0.106768 0.424263 0.139986 0.689106 0.310217 0.756343 0.300959 0.762174 0.300851 0.755180 0.097714 0.447227 0.104390 0.439209 0.107558 0.441565 0.111404 0.617867 0.117106 0.611073 0.123800 0.615227 0.906437 0.652512 0.896260 0.649968 0.905687 0.644595 0.877625 0.417238 0.871342 0.423031 0.869309 0.413268 0.374455 0.135850 0.382996 0.141581 0.372009 0.146608 0.892981 0.275293 0.904858 0.263384 0.907790 0.273727 0.531649 0.168052 0.534095 0.164535 0.543885 0.164615 0.061333 0.429752 0.061811 0.417052 0.068989 0.417925 0.870063 0.325918 0.378987 0.172311 0.385724 0.171677 0.238506 0.297990 0.247418 0.289317 0.244818 0.300814 0.656537 0.354218 0.651134 0.342423 
						0.662531 0.342077 0.208995 0.290302 0.220484 0.282434 0.222120 0.292333 0.818233 0.216105 0.811890 0.223360 0.811496 0.208875 0.793550 0.672796 0.797538 0.662726 0.484960 0.272778 0.477964 0.284803 0.470782 0.275115 0.233129 0.227450 0.270086 0.313182 0.270072 0.319454 0.258990 0.321986 0.156908 0.345855 0.149021 0.342511 0.156027 0.333829 0.482163 0.165901 0.486919 0.160262 0.496468 0.165047 0.872708 0.233430 0.885182 0.716171 0.439004 0.883486 0.446376 0.898224 0.434360 0.891471 0.753519 0.595884 0.749835 0.600208 0.740670 0.598547 0.824526 0.258327 0.822070 0.248325 0.835261 0.254182 0.837457 0.804027 0.831751 0.813730 0.826332 0.807164 0.694587 0.266482 0.375974 0.227694 0.382373 0.221441 0.386014 0.233908 0.390473 0.218004 0.870483 0.295904 0.879457 0.292559 0.879595 0.305327 0.481529 0.803585 0.469439 0.796378 0.853479 0.109063 0.853178 0.101241 0.862636 0.105250 0.756540 0.880202 0.762056 0.867445 0.764482 0.875058 0.703086 0.769972 0.709620 0.768265 0.702713 0.777021 0.795525 0.869395 0.785301 0.872680 0.791576 0.863712 0.325995 0.114667 0.326694 0.107003 0.336473 0.104029 0.693928 0.872899 0.686537 0.866692 0.698700 0.861069 
						0.061783 0.469133 0.063463 0.471984 0.059462 0.471239 0.140495 0.285961 0.136130 0.285915 0.144334 0.278022 0.603729 0.233885 0.599912 0.222476 0.606417 0.218705 0.865054 0.746178 0.861285 0.748971 0.860906 0.736385 0.173120 0.270883 0.182760 0.262165 0.360550 0.148229 0.363590 0.153992 0.286902 0.752063 0.326662 0.769075 0.313022 0.769807 0.313365 0.765431 0.892269 0.229939 0.900108 0.218409 0.903776 0.222275 0.144492 0.372481 0.135252 0.376210 0.139878 0.367344 0.925835 0.261475 0.932552 0.253321 0.931263 0.268080 0.592793 0.199076 0.595953 0.213370 0.583005 0.204810 0.940943 0.398033 0.935532 0.398730 0.932707 0.391912 0.785852 0.647564 0.788153 0.636801 0.795631 0.646769 0.167731 0.358650 0.164510 0.355130 0.169953 0.345248 0.615620 0.753512 0.613934 0.747456 0.631046 0.155428 0.645843 0.163561 0.632275 0.163574 0.878686 0.593157 0.870666 0.595262 0.194542 0.757388 0.188450 0.757086 0.184941 0.746328 0.470778 0.802866 0.457468 0.799690 0.211554 0.778637 0.213907 0.791751 0.203222 0.786701 0.737725 0.267208 0.739569 0.260321 0.745297 0.265240 0.726097 0.204121 0.726508 0.192621 0.735773 0.195797 0.687587 0.192464 0.693380 0.203786 
						0.916668 0.776976 0.855735 0.424946 0.849701 0.434729 0.845909 0.427628 0.642383 0.758829 0.839493 0.616109 0.835319 0.621499 0.829615 0.616937 0.589189 0.048147 0.580189 0.039470 0.592553 0.040822 0.925628 0.190277 0.928333 0.187296 0.933970 0.192874 0.591951 0.754026 0.580760 0.766084 0.579967 0.756549 0.709184 0.072748 0.717810 0.065972 0.717040 0.071972 0.348461 0.173934 0.356819 0.175447 0.350003 0.183363 0.192327 0.748312 0.159763 0.282920 0.161472 0.273895 0.171259 0.276321 0.513510 0.126106 0.503473 0.114058 0.516011 0.116984 0.456799 0.929667 0.448118 0.921041 0.192259 0.222600 0.201497 0.220263 0.192219 0.227928 0.240796 0.748016 0.242275 0.752924 0.235804 0.746960 0.866331 0.135812 0.875598 0.131125 0.871963 0.141057 0.752383 0.736634 0.746405 0.732003 0.752907 0.721951 0.849435 0.120298 0.856235 0.120332 0.912539 0.773595 0.847299 0.755704 0.835374 0.749487 0.843091 0.746334 0.709945 0.242951 0.706897 0.233257 0.715074 0.243516 0.283657 0.669522 0.274694 0.670506 0.271387 0.661707 0.413617 0.231309 0.703084 0.649661 0.712570 0.662443 0.325090 0.123592 0.333821 0.126356 0.325185 0.132697 0.606014 0.207765 0.817043 0.468822 
						0.816764 0.477298 0.907711 0.238677 0.908301 0.249044 0.897024 0.244727 0.667480 0.700560 0.670518 0.686092 0.800829 0.394932 0.224126 0.327166 0.216655 0.321650 0.228785 0.315657 0.840552 0.129397 0.846444 0.130664 0.839652 0.135143 0.909653 0.766983 0.465106 0.100098 0.613239 0.780580 0.619658 0.767610 0.627015 0.772565 0.250025 0.770979 0.759599 0.099856 0.769357 0.098272 0.767477 0.105451 0.843502 0.365887 0.850135 0.361022 0.847629 0.370441 0.890306 0.589012 0.753764 0.361770 0.742534 0.354348 0.753099 0.349096 0.170889 0.737242 0.176712 0.745874 0.173302 0.751067 0.083355 0.619746 0.094275 0.630160 0.089048 0.633579 0.770632 0.173522 0.782869 0.178419 0.769661 0.184705 0.677045 0.708071 0.873245 0.754093 0.375778 0.165182 0.822026 0.184313 0.827191 0.174828 0.829636 0.186368 0.627741 0.047560 0.370260 0.100288 0.374509 0.091151 0.379800 0.104708 0.346158 0.130651 0.355156 0.128840 0.353757 0.139782 0.104486 0.661847 0.111454 0.669588 0.078223 0.554257 0.077509 0.564761 0.071840 0.553311 0.810602 0.717624 0.819507 0.720258 0.809909 0.731402 0.624108 0.727114 0.611596 0.738949 0.615416 0.726393 0.916039 0.150272 0.928148 0.155518 
						0.762846 0.542742 0.753847 0.541294 0.758533 0.537043 0.898732 0.764419 0.898721 0.752927 0.871604 0.194096 0.868161 0.188893 0.768139 0.238650 0.758909 0.236212 0.762156 0.225929 0.818403 0.786248 0.805712 0.794644 0.806076 0.783145 0.846319 0.087070 0.856263 0.091945 0.846385 0.098069 0.399543 0.137435 0.410747 0.133352 0.594307 0.939815 0.582806 0.935404 0.592826 0.930043 0.937985 0.775067 0.940946 0.772418 0.745489 0.197885 0.736850 0.184708 0.904895 0.774529 0.273501 0.814049 0.274826 0.829159 0.267876 0.825001 0.755045 0.422520 0.743891 0.417672 0.739955 0.672988 0.744010 0.683825 0.732176 0.686245 0.850056 0.248982 0.861325 0.240540 0.855909 0.252793 0.097277 0.536732 0.098418 0.551359 0.090117 0.540223 0.780149 0.378836 0.790758 0.372957 0.787281 0.383215 0.620323 0.193986 0.629157 0.189126 0.630458 0.197991 0.645663 0.675760 0.654131 0.678079 0.654162 0.687569 0.177339 0.687968 0.184460 0.696969 0.059155 0.468527 0.616181 0.179354 0.604331 0.175921 0.608825 0.172312 0.755753 0.432523 0.744858 0.426742 0.826976 0.702104 0.828553 0.710304 0.820177 0.709821 0.572958 0.155428 0.570983 0.146465 0.580356 0.149665 0.816254 0.140192 
						0.816999 0.129025 0.824793 0.140942 0.203323 0.207803 0.197366 0.196293 0.206019 0.194365 0.374689 0.251773 0.371777 0.259362 0.365606 0.253842 0.450782 0.712404 0.462024 0.713208 0.460787 0.718208 0.829796 0.693446 0.820526 0.687363 0.614915 0.210666 0.788818 0.252611 0.782498 0.246027 0.858265 0.783281 0.849291 0.789598 0.843836 0.781147 0.794542 0.375916 0.221512 0.805462 0.208903 0.795504 0.749775 0.386217 0.747833 0.370695 0.754328 0.374056 0.895124 0.235434 0.887937 0.227035 0.747496 0.910462 0.722648 0.859111 0.710414 0.858577 0.718757 0.851633 0.539400 0.932303 0.339562 0.187634 0.348823 0.195536 0.493153 0.908201 0.502747 0.912567 0.911432 0.342055 0.655391 0.071122 0.660554 0.060192 0.667921 0.067008 0.482366 0.935364 0.493587 0.942192 0.804223 0.233563 0.801496 0.225155 0.686876 0.182384 0.701635 0.188824 0.698028 0.190454 0.527820 0.904084 0.747376 0.157267 0.754876 0.158383 0.746720 0.166165 0.196913 0.741437 0.183558 0.741135 0.368620 0.202213 0.380160 0.208133 0.881340 0.780506 0.877879 0.776057 0.889479 0.776758 0.949841 0.373288 0.937754 0.372267 0.411130 0.879956 0.424862 0.880558 0.454404 0.100174 0.893423 0.769698 
						0.694858 0.588071 0.684260 0.593470 0.681501 0.582151 0.285648 0.299758 0.281131 0.310889 0.236946 0.237515 0.245931 0.233219 0.787554 0.216064 0.797765 0.209883 0.792166 0.224597 0.479578 0.227564 0.476585 0.240255 0.467915 0.231474 0.651238 0.217829 0.655302 0.205926 0.661561 0.212299 0.883801 0.767427 0.877527 0.762235 0.714115 0.915628 0.712102 0.921092 0.701139 0.914202 0.797232 0.523767 0.792392 0.519154 0.798162 0.512547 0.839357 0.379333 0.837417 0.369483 0.841986 0.373531 0.525292 0.165901 0.521504 0.163284 0.487152 0.239357 0.479878 0.252979 0.139490 0.721639 0.548955 0.817981 0.553146 0.812802 0.565070 0.818016 0.603787 0.937628 0.812642 0.101138 0.820435 0.098395 0.825979 0.626072 0.761042 0.915488 0.769158 0.921715 0.425245 0.154394 0.429794 0.143184 0.434493 0.152551 0.617103 0.059296 0.619017 0.053368 0.628610 0.059865 0.434282 0.813166 0.431602 0.815135 0.422909 0.809414 0.222602 0.647495 0.217941 0.651300 0.214180 0.645931 0.358917 0.275202 0.347651 0.276247 0.353102 0.271254 0.411579 0.903378 0.872742 0.268655 0.880136 0.258030 0.878621 0.267941 0.923441 0.585902 0.912172 0.585057 0.936249 0.784554 0.931038 0.784248 
						0.778878 0.274351 0.783030 0.262264 0.792437 0.267886 0.863009 0.669801 0.854373 0.680793 0.859379 0.668221 0.101457 0.387538 0.097396 0.375121 0.107628 0.378117 0.671613 0.179460 0.659203 0.180957 0.657790 0.171797 0.824696 0.268723 0.815754 0.265456 0.819618 0.260691 0.561505 0.902552 0.560340 0.895504 0.570961 0.898825 0.802944 0.343246 0.806026 0.330502 0.813524 0.340194 0.419338 0.214416 0.406520 0.214138 0.415896 0.203647 0.855134 0.354191 0.851362 0.344109 0.858695 0.343805 0.832563 0.626746 0.831700 0.638236 0.774075 0.724890 0.782939 0.733161 0.548808 0.098163 0.419192 0.815169 0.412806 0.824465 0.881730 0.521161 0.890844 0.532347 0.882139 0.533587 0.721089 0.417840 0.711702 0.420132 0.716782 0.412697 0.836733 0.298953 0.833886 0.289290 0.845110 0.291942 0.294886 0.228611 0.304393 0.235229 0.210502 0.695014 0.400155 0.817633 0.627546 0.257257 0.619213 0.264264 0.888918 0.818437 0.888397 0.805773 0.893790 0.810250 0.875513 0.542871 0.882169 0.546030 0.932112 0.650121 0.931184 0.642452 0.936040 0.645287 0.395676 0.825850 0.391578 0.834758 0.382542 0.828228 0.242016 0.657555 0.246178 0.665449 0.233948 0.662618 0.178431 0.725345 
						0.187595 0.735064 0.174139 0.732037 0.323526 0.142771 0.824428 0.160843 0.832294 0.159518 0.832912 0.165226 0.817029 0.413897 0.816886 0.422703 0.811801 0.419209 0.166801 0.719281 0.169079 0.725403 0.161556 0.716937 0.940326 0.186122 0.931172 0.183104 0.937040 0.181052 0.485810 0.283871 0.892261 0.166843 0.881418 0.170646 0.885009 0.160307 0.777397 0.398135 0.060685 0.540134 0.061102 0.551973 0.718815 0.579385 0.722037 0.591459 0.709422 0.585754 0.808800 0.409703 0.802906 0.403603 0.808357 0.405563 0.793813 0.606709 0.797512 0.609949 0.794264 0.616003 0.602612 0.093186 0.601477 0.082203 0.609910 0.083947 0.887902 0.116140 0.887236 0.107829 0.591134 0.943625 0.593079 0.944042 0.594248 0.951851 0.335834 0.185164 0.324571 0.187471 0.331832 0.177087 0.365986 0.132362 0.371471 0.120589 0.376571 0.127901 0.781850 0.100140 0.789231 0.090011 0.795045 0.098452 0.802478 0.321863 0.811862 0.328455 0.468928 0.936631 0.469897 0.930180 0.832358 0.081787 0.841447 0.077526 0.776003 0.408407 0.773407 0.404610 0.584137 0.098419 0.582991 0.091730 0.593255 0.089548 0.789492 0.526609 0.867770 0.376117 0.866519 0.384537 0.861230 0.378632 0.366689 0.233992 
						0.356916 0.244375 0.353526 0.240052 0.488993 0.062951 0.478839 0.072783 0.765581 0.212990 0.772346 0.222542 0.698829 0.299414 0.685649 0.303942 0.690891 0.293669 0.400941 0.756042 0.393809 0.754445 0.303789 0.267419 0.315678 0.269325 0.302956 0.274187 0.815735 0.520586 0.812088 0.527481 0.631225 0.179549 0.641010 0.182805 0.709900 0.882186 0.719368 0.877135 0.202964 0.771108 0.738778 0.873498 0.741554 0.866287 0.749349 0.878349 0.709333 0.138544 0.701910 0.136007 0.710813 0.132524 0.202096 0.731168 0.193060 0.723571 0.195821 0.721052 0.416554 0.074365 0.429118 0.068665 0.932221 0.347845 0.935661 0.358866 0.926536 0.353350 0.445641 0.173263 0.459952 0.170577 0.457460 0.180356 0.823208 0.415943 0.827222 0.409603 0.829824 0.415782 0.922551 0.172576 0.932123 0.172133 0.925969 0.174633 0.729085 0.360216 0.720744 0.370523 0.870178 0.662632 0.110007 0.555850 0.198912 0.265360 0.199171 0.255695 0.205262 0.260208 0.081832 0.548354 0.774912 0.279440 0.784332 0.289578 0.773900 0.289762 0.076589 0.455112 0.066921 0.455436 0.072797 0.443685 0.791042 0.656988 0.783110 0.636958 0.722046 0.249862 0.712681 0.257714 0.885193 0.701551 0.883278 0.698678 
						0.891255 0.699350 0.491921 0.135336 0.492559 0.139562 0.478426 0.139839 0.093429 0.522987 0.096888 0.516782 0.101550 0.519220 0.594668 0.074989 0.609135 0.078645 0.433626 0.818311 0.720691 0.091590 0.719571 0.080878 0.730773 0.084840 0.510983 0.106935 0.829308 0.423242 0.410329 0.804858 0.780189 0.146759 0.779659 0.156101 0.574021 0.724412 0.563677 0.725282 0.568598 0.716091 0.894290 0.734296 0.829181 0.279751 0.835458 0.284715 0.222136 0.271162 0.210486 0.281234 0.865940 0.586762 0.857330 0.588838 0.780487 0.657482 0.786783 0.661726 0.774128 0.668068 0.149346 0.289927 0.667511 0.917992 0.677703 0.913766 0.739437 0.169963 0.733531 0.178213 0.729456 0.170208 0.851775 0.304429 0.857693 0.298644 0.930833 0.683218 0.928323 0.678595 0.932656 0.672057 0.122065 0.571235 0.119084 0.574629 0.111909 0.566180 0.915254 0.222483 0.912089 0.230722 0.564984 0.257300 0.560474 0.244778 0.679547 0.945325 0.666707 0.939660 0.676273 0.934557 0.809356 0.559342 0.802054 0.824140 0.812833 0.823523 0.809341 0.832955 0.703921 0.580359 0.704198 0.587961 0.425566 0.824509 0.208457 0.729104 0.199749 0.721085 0.207712 0.724688 0.728822 0.066767 0.726852 0.073979 
						0.451055 0.719436 0.438880 0.723363 0.441697 0.715821 0.504600 0.270598 0.501216 0.284169 0.495729 0.273952 0.389631 0.177798 0.523250 0.105414 0.527026 0.113527 0.722214 0.894186 0.728945 0.901242 0.716637 0.905015 0.438878 0.277597 0.428570 0.278004 0.434067 0.267173 0.805081 0.155531 0.805035 0.149941 0.815453 0.147347 0.784912 0.513246 0.786363 0.518237 0.780775 0.518220 0.215604 0.765550 0.208716 0.763304 0.208154 0.758000 0.190263 0.256602 0.873686 0.391276 0.864684 0.388410 0.722297 0.050379 0.734354 0.046523 0.737066 0.052312 0.771242 0.721198 0.759327 0.728287 0.778707 0.232547 0.791601 0.231438 0.791449 0.242853 0.409129 0.834927 0.773356 0.901349 0.765225 0.910362 0.768753 0.899553 0.810811 0.623910 0.798264 0.624950 0.812704 0.617900 0.731797 0.701060 0.718175 0.699887 0.552600 0.077283 0.752453 0.863805 0.755176 0.655489 0.751586 0.666016 0.741432 0.661700 0.282209 0.822692 0.284645 0.813470 0.078385 0.520311 0.082077 0.532377 0.269573 0.767513 0.275936 0.766878 0.675211 0.308727 0.670453 0.299863 0.794225 0.335683 0.782479 0.326439 0.796494 0.324738 0.914111 0.649998 0.914359 0.637981 0.694883 0.164147 0.687656 0.158861 
						0.702072 0.161293 0.810828 0.413887 0.248984 0.211344 0.256366 0.214730 0.892846 0.374414 0.886696 0.379809 0.888687 0.372050 0.234497 0.302624 0.229599 0.303154 0.672477 0.096381 0.682031 0.092514 0.682523 0.100780 0.651181 0.891615 0.768461 0.405527 0.775199 0.415419 0.919704 0.361523 0.927865 0.365125 0.918998 0.366687 0.342861 0.286956 0.335306 0.282075 0.386172 0.776542 0.376344 0.780082 0.374469 0.773081 0.719192 0.532378 0.717150 0.544668 0.711620 0.544922 0.831508 0.674478 0.827583 0.666985 0.551811 0.164901 0.553770 0.169215 0.825880 0.871121 0.815008 0.869223 0.417703 0.843522 0.410303 0.846614 0.642531 0.803586 0.633710 0.792473 0.647561 0.789514 0.259040 0.742635 0.468971 0.247309 0.265115 0.249207 0.272073 0.241953 0.273360 0.248294 0.770963 0.136281 0.768146 0.127181 0.774737 0.125656 0.860949 0.425637 0.865464 0.433484 0.857998 0.436150 0.268668 0.209514 0.256326 0.203903 0.595174 0.942708 0.601168 0.941822 0.213499 0.737204 0.454963 0.073316 0.446848 0.065313 0.632314 0.728640 0.646274 0.727170 0.312693 0.796833 0.895739 0.659064 0.880919 0.659406 0.885143 0.649127 0.679079 0.315262 0.694652 0.315513 0.876574 0.743895 
						0.869487 0.742611 0.870987 0.731763 0.809699 0.274112 0.798590 0.281028 0.797739 0.270384 0.871569 0.567501 0.672218 0.613666 0.683781 0.610711 0.764704 0.428863 0.764358 0.435032 0.564698 0.286961 0.576023 0.277892 0.575819 0.291635 0.561680 0.796259 0.571979 0.791722 0.571126 0.796947 0.628177 0.671937 0.615115 0.675814 0.620857 0.664360 0.591154 0.918128 0.860384 0.885603 0.849029 0.880569 0.854701 0.879597 0.424583 0.833288 0.937147 0.693808 0.931350 0.694714 0.164104 0.589767 0.152981 0.588584 0.160409 0.583322 0.282453 0.768920 0.798589 0.631565 0.798966 0.644814 0.236468 0.757739 0.225140 0.760698 0.228728 0.755756 0.916495 0.391765 0.920972 0.391815 0.916251 0.398432 0.895775 0.325658 0.906530 0.327952 0.894205 0.334573 0.126780 0.300229 0.120533 0.299643 0.126965 0.292440 0.796019 0.385608 0.789775 0.390779 0.843678 0.353591 0.796950 0.314662 0.783099 0.318233 0.887694 0.709184 0.210838 0.214286 0.207734 0.210676 0.220086 0.207010 0.781487 0.543720 0.787782 0.547566 0.780380 0.552728 0.134177 0.710953 0.728662 0.615981 0.731974 0.627603 0.725878 0.630858 0.550491 0.702585 0.556777 0.711378 0.540050 0.709099 0.650409 0.947042 
						0.648842 0.943089 0.658430 0.943844 0.834531 0.573842 0.836755 0.565940 0.843451 0.576025 0.805639 0.203385 0.810046 0.196132 0.847164 0.479779 0.840347 0.477253 0.842822 0.468407 0.787763 0.563875 0.672167 0.168751 0.662701 0.159723 0.671323 0.155789 0.825372 0.576231 0.818778 0.567010 0.826583 0.568989 0.333902 0.860844 0.327784 0.852019 0.339674 0.855924 0.696775 0.595884 0.703579 0.603633 0.693800 0.604334 0.495241 0.812199 0.507106 0.811964 0.506343 0.819219 0.696884 0.279127 0.699178 0.290082 0.687240 0.287094 0.254540 0.194563 0.244797 0.190425 0.255054 0.185412 0.845367 0.217821 0.849950 0.208397 0.850630 0.216615 0.464830 0.279497 0.461471 0.267963 0.818244 0.904715 0.876279 0.720630 0.866716 0.722240 0.871156 0.711414 0.437355 0.899635 0.899852 0.668145 0.885193 0.667088 0.925439 0.818448 0.498747 0.773011 0.487095 0.776623 0.483641 0.765684 0.361776 0.138486 0.837653 0.703527 0.840700 0.714416 0.313881 0.847576 0.323107 0.862008 0.910241 0.284348 0.918446 0.280920 0.205332 0.350593 0.206089 0.356522 0.195763 0.356785 0.242027 0.670094 0.834697 0.844837 0.840296 0.840947 0.843120 0.853878 0.503006 0.232179 0.496799 0.239605 
						0.885244 0.334327 0.884149 0.340632 0.470291 0.179242 0.471928 0.168345 0.483829 0.175396 0.170239 0.693877 0.165630 0.695847 0.706906 0.724323 0.704919 0.734098 0.696387 0.728741 0.840496 0.113995 0.868490 0.799550 0.869685 0.790592 0.878469 0.792531 0.791957 0.152993 0.769991 0.891462 0.767591 0.887700 0.775964 0.880580 0.801886 0.586738 0.797076 0.586365 0.805882 0.582759 0.910110 0.598806 0.921036 0.596894 0.913121 0.601870 0.358023 0.862740 0.346610 0.866426 0.348088 0.856301 0.445926 0.809487 0.433853 0.802188 0.712941 0.090385 0.749031 0.547540 0.756398 0.552214 0.753626 0.556899 0.680513 0.922542 0.688665 0.919605 0.505551 0.254720 0.492120 0.261632 0.621784 0.174713 0.633441 0.175702 0.728140 0.538537 0.882448 0.728192 0.801616 0.705306 0.790831 0.703170 0.239601 0.247545 0.244652 0.243494 0.251189 0.255251 0.202414 0.282371 0.207254 0.276250 0.643044 0.950132 0.322204 0.783841 0.333866 0.788229 0.708672 0.211555 0.704524 0.200737 0.713796 0.202310 0.600405 0.738147 0.589788 0.739394 0.299438 0.128351 0.308964 0.120160 0.308180 0.130622 0.492612 0.913280 0.485312 0.908337 0.891206 0.790752 0.897729 0.787965 0.899470 0.798507 
						0.256772 0.258950 0.257978 0.245757 0.707450 0.872736 0.700531 0.878846 0.797659 0.344290 0.765759 0.583217 0.764399 0.587220 0.758399 0.589762 0.851528 0.633117 0.840228 0.634866 0.842456 0.624218 0.551586 0.056407 0.454178 0.726358 0.847541 0.834025 0.843650 0.828579 0.855424 0.825933 0.749541 0.515869 0.754373 0.507305 0.191308 0.272625 0.196818 0.273064 0.115771 0.375813 0.121706 0.378717 0.111333 0.385281 0.809227 0.704513 0.803709 0.714656 0.863779 0.249872 0.714591 0.751475 0.727896 0.748086 0.726748 0.757562 0.303715 0.146832 0.303037 0.134544 0.312639 0.137723 0.534999 0.237122 0.524919 0.244905 0.522560 0.230334 0.797232 0.593354 0.800489 0.595930 0.839653 0.317116 0.835916 0.305608 0.840324 0.305099 0.441223 0.252946 0.448258 0.257795 0.312212 0.182403 0.315534 0.190586 0.302701 0.186785 0.837896 0.239156 0.836848 0.227478 0.845086 0.233371 0.343538 0.848493 0.891181 0.837079 0.895804 0.848876 0.315558 0.713586 0.309457 0.722401 0.756894 0.178069 0.752949 0.170662 0.762898 0.168665 0.825813 0.655486 0.820740 0.661498 0.104580 0.573368 0.096628 0.565365 0.105088 0.559541 0.889756 0.201366 0.894965 0.208265 0.794799 0.156987 
						0.791005 0.164159 0.110852 0.334584 0.113620 0.335679 0.108089 0.341356 0.354613 0.852008 0.143974 0.298546 0.144760 0.306521 0.918287 0.170077 0.923113 0.167763 0.945075 0.775465 0.951755 0.775556 0.380724 0.763502 0.383192 0.755559 0.197876 0.736897 0.208494 0.743118 0.268584 0.677997 0.272716 0.691994 0.262405 0.687539 0.518747 0.224714 0.513508 0.239032 0.920844 0.344801 0.914138 0.352330 0.833329 0.217214 0.836666 0.207073 0.676231 0.359790 0.681557 0.354945 0.682894 0.365330 0.188086 0.646915 0.193753 0.644430 0.300229 0.736810 0.307418 0.747428 0.295829 0.746866 0.783284 0.863174 0.788169 0.144099 0.438546 0.777419 0.445822 0.773225 0.130900 0.690943 0.132988 0.696387 0.225979 0.741312 0.224772 0.735724 0.231058 0.741061 0.324762 0.713736 0.321262 0.724309 0.854504 0.594204 0.845510 0.584330 0.358387 0.779163 0.610372 0.898136 0.622238 0.894154 0.658466 0.732252 0.652822 0.744330 0.796454 0.402626 0.790456 0.399951 0.705262 0.590164 0.511544 0.906850 0.515294 0.900017 0.823470 0.427778 0.828932 0.431512 0.825253 0.435605 0.504593 0.926393 0.514098 0.920678 0.822182 0.151193 0.833433 0.149511 0.203396 0.335060 0.211145 0.337227 
						0.200096 0.340224 0.283017 0.680198 0.589842 0.730686 0.580401 0.742872 0.255845 0.296239 0.266554 0.293880 0.265003 0.299187 0.305340 0.307526 0.299701 0.296057 0.856049 0.452607 0.866765 0.461975 0.852284 0.459067 0.465832 0.125841 0.426363 0.129090 0.434169 0.136028 0.421344 0.138031 0.897570 0.805047 0.099205 0.574937 0.093122 0.574157 0.274446 0.807205 0.777839 0.531043 0.778606 0.537534 0.774071 0.530677 0.555623 0.790671 0.563578 0.780940 0.110819 0.345687 0.568468 0.190006 0.577641 0.194285 0.566422 0.203935 0.163778 0.700619 0.159872 0.687602 0.743115 0.653427 0.741833 0.644387 0.753468 0.648518 0.827333 0.559110 0.567481 0.226951 0.559737 0.236204 0.559779 0.225897 0.501256 0.265203 0.784095 0.278534 0.119231 0.628757 0.106258 0.629005 0.275210 0.196162 0.264651 0.197650 0.333182 0.774865 0.322343 0.774032 0.942209 0.165552 0.940849 0.172291 0.931207 0.166921 0.664348 0.140264 0.066694 0.515215 0.068288 0.503011 0.071953 0.511844 0.902476 0.231788 0.364071 0.842939 0.363753 0.855340 0.655286 0.752824 0.222162 0.743182 0.773724 0.548960 0.777585 0.557564 0.771412 0.552508 0.101830 0.607788 0.095894 0.609232 0.117156 0.600713 
						0.132155 0.409932 0.139565 0.405983 0.134187 0.411462 0.907505 0.615198 0.901616 0.617905 0.902001 0.606769 0.663737 0.872539 0.755929 0.572044 0.764072 0.577003 0.755827 0.582672 0.819089 0.293752 0.814809 0.302996 0.770187 0.528027 0.765736 0.530523 0.625154 0.080760 0.704466 0.219278 0.717240 0.215633 0.716069 0.228904 0.158030 0.706406 0.514529 0.186335 0.507049 0.192350 0.508534 0.181606 0.216044 0.259542 0.219339 0.246271 0.222679 0.253508 0.383226 0.857603 0.372821 0.849326 0.384974 0.848855 0.803983 0.545323 0.807843 0.554161 0.802361 0.550147 0.264528 0.673218 0.472062 0.130765 0.479257 0.135283 0.123347 0.420220 0.126003 0.425905 0.118357 0.427902 0.743055 0.535528 0.742122 0.544314 0.734680 0.531974 0.107306 0.367583 0.146209 0.321381 0.157567 0.319428 0.126352 0.668919 0.125654 0.683206 0.118609 0.676902 0.643026 0.193969 0.649820 0.182305 0.654817 0.195213 0.376367 0.861258 0.834909 0.177505 0.829458 0.169510 0.811339 0.084005 0.823882 0.085211 0.819379 0.090473 0.815969 0.809407 0.801952 0.807143 0.812998 0.801346 0.800589 0.405318 0.851514 0.742020 0.842778 0.738308 0.143903 0.348592 0.155930 0.357446 0.150510 0.360727 
						0.851985 0.804124 0.849369 0.817150 0.842899 0.810519 0.531847 0.107845 0.541263 0.106560 0.332418 0.190168 0.939965 0.612473 0.936506 0.612125 0.938459 0.601631 0.573343 0.258250 0.567533 0.261194 0.383146 0.869163 0.870619 0.533569 0.873434 0.518255 0.824723 0.842196 0.816429 0.836031 0.827050 0.828324 0.701593 0.100854 0.711219 0.097911 0.704015 0.108260 0.920113 0.293140 0.928478 0.291880 0.393920 0.243347 0.396917 0.255487 0.384443 0.251377 0.762608 0.694969 0.754685 0.697978 0.414615 0.175035 0.422006 0.175141 0.520165 0.771268 0.232614 0.819532 0.240206 0.819055 0.238504 0.827138 0.281725 0.205053 0.285702 0.194256 0.351941 0.794975 0.353514 0.787476 0.360942 0.795064 0.899545 0.598446 0.895691 0.588676 0.905541 0.595208 0.377449 0.839149 0.903953 0.361822 0.914119 0.358226 0.913459 0.366912 0.282748 0.709947 0.281679 0.700834 0.585775 0.067025 0.585805 0.058619 0.594473 0.064370 0.848964 0.731395 0.857291 0.740692 0.924958 0.806484 0.916619 0.806887 0.926543 0.798798 0.809028 0.602656 0.801786 0.606135 0.587798 0.239384 0.884481 0.245578 0.710576 0.186703 0.706333 0.176407 0.713095 0.176149 0.553255 0.249198 0.547499 0.256859 
						0.542108 0.249849 0.502468 0.752944 0.512653 0.759924 0.500972 0.758984 0.722172 0.185596 0.193535 0.246881 0.195738 0.237679 0.201808 0.237724 0.870991 0.637711 0.911681 0.710474 0.911927 0.726444 0.901664 0.717566 0.671978 0.260100 0.658041 0.257304 0.662304 0.245844 0.643693 0.092974 0.651331 0.088489 0.650783 0.099783 0.177127 0.356049 0.167015 0.366007 0.723257 0.596884 0.727691 0.599178 0.722907 0.607659 0.751872 0.623572 0.744149 0.619761 0.674009 0.237436 0.663411 0.229442 0.495751 0.187407 0.748991 0.691444 0.922693 0.813011 0.082208 0.448805 0.751491 0.058538 0.748017 0.050119 0.758526 0.058474 0.884835 0.577814 0.482886 0.716208 0.481081 0.723544 0.475349 0.718057 0.897912 0.713927 0.901102 0.703836 0.904597 0.701222 0.914298 0.697925 0.771733 0.537448 0.673919 0.252636 0.683716 0.244473 0.383213 0.787175 0.393854 0.861908 0.130014 0.677554 0.373662 0.763824 0.228120 0.655104 0.242665 0.177164 0.238952 0.170662 0.247877 0.168458 0.242398 0.240612 0.819405 0.411762 0.814655 0.409954 0.338279 0.770110 0.175153 0.672055 0.817430 0.407737 0.461365 0.239129 0.455876 0.234152 0.870789 0.775810 0.869873 0.768659 0.637716 0.080493 
						0.402617 0.799655 0.416871 0.799154 0.860164 0.340477 0.850623 0.339566 0.857076 0.334016 0.322422 0.154853 0.314848 0.150754 0.327992 0.152279 0.184278 0.231998 0.401091 0.107751 0.399477 0.103806 0.410244 0.103628 0.559517 0.947070 0.571609 0.941073 0.565957 0.952671 0.111521 0.315355 0.119047 0.306557 0.120500 0.314680 0.733572 0.753074 0.401513 0.866759 0.395647 0.871390 0.557033 0.919481 0.567351 0.912603 0.376916 0.152066 0.479385 0.183438 0.493417 0.177416 0.827919 0.331797 0.824712 0.324895 0.832359 0.317495 0.363282 0.722354 0.348891 0.723885 0.348269 0.718399 0.618509 0.303166 0.624680 0.313591 0.615630 0.310601 0.248200 0.710638 0.240520 0.703601 0.246504 0.702346 0.122959 0.350315 0.123714 0.340567 0.165260 0.306389 0.167069 0.293385 0.174869 0.302421 0.711568 0.614242 0.714127 0.624467 0.704603 0.624291 0.944849 0.802587 0.931689 0.798007 0.935876 0.793494 0.288731 0.219706 0.363266 0.715667 0.420150 0.870841 0.414774 0.861469 0.430278 0.859353 0.689027 0.331319 0.676387 0.271912 0.662688 0.269014 0.849795 0.238517 0.843876 0.246601 0.633502 0.229302 0.627563 0.245387 0.624038 0.234369 0.286987 0.258593 0.301009 0.255257 
						0.290143 0.263610 0.154494 0.270845 0.157321 0.265687 0.187522 0.343809 0.190587 0.349211 0.691688 0.086434 0.676421 0.085564 0.683555 0.074583 0.150254 0.277806 0.813387 0.233604 0.864075 0.352473 0.738939 0.588496 0.750015 0.592504 0.409678 0.238035 0.402154 0.243372 0.332085 0.742604 0.338769 0.752747 0.331324 0.748393 0.401050 0.873716 0.410981 0.872236 0.623435 0.688259 0.627522 0.696688 0.614088 0.696969 0.178307 0.272813 0.182676 0.265804 0.749681 0.559576 0.743629 0.556313 0.263186 0.804487 0.513808 0.735832 0.526918 0.735951 0.520364 0.743945 0.890180 0.605648 0.882499 0.613181 0.881195 0.609032 0.552429 0.153101 0.548478 0.143731 0.717548 0.919954 0.717797 0.931930 0.532602 0.803599 0.540468 0.802778 0.094412 0.425980 0.682393 0.718616 0.674159 0.733453 0.669320 0.724506 0.119293 0.416207 0.113400 0.417086 0.488355 0.200002 0.498394 0.198089 0.494156 0.208324 0.940414 0.176654 0.930719 0.174563 0.382183 0.810525 0.370906 0.804144 0.471674 0.080950 0.487820 0.081631 0.837046 0.418460 0.294815 0.194619 0.293585 0.202374 0.117518 0.390218 0.406561 0.858006 0.186819 0.358570 0.464534 0.187233 0.101995 0.640646 0.094286 0.643972 
						0.488972 0.071465 0.498404 0.079993 0.920007 0.231799 0.918908 0.243050 0.844915 0.461768 0.839753 0.464067 0.693424 0.075514 0.706105 0.075626 0.705189 0.082732 0.159480 0.721626 0.155588 0.714230 0.502052 0.065589 0.589053 0.113632 0.582543 0.109756 0.591636 0.103040 0.513070 0.729855 0.500577 0.731405 0.850693 0.700993 0.841691 0.703820 0.844780 0.693595 0.827793 0.721638 0.250448 0.282478 0.236792 0.291018 0.242844 0.277976 0.782973 0.743310 0.793848 0.748467 0.783302 0.754923 0.773312 0.240216 0.514539 0.263077 0.515100 0.275526 0.821873 0.418096 0.663455 0.222615 0.674396 0.219491 0.802492 0.117854 0.810833 0.116134 0.419933 0.916085 0.422800 0.906656 0.135968 0.630148 0.129001 0.626912 0.129190 0.618284 0.866111 0.260917 0.875565 0.257793 0.641773 0.213213 0.649074 0.205513 0.345185 0.790199 0.342589 0.791476 0.153922 0.652102 0.146645 0.654896 0.535783 0.040614 0.548815 0.042471 0.538909 0.044794 0.860503 0.209765 0.858095 0.222447 0.542264 0.221908 0.528174 0.227113 0.531412 0.217565 0.086309 0.603734 0.090815 0.609876 0.832476 0.686963 0.824007 0.681811 0.881666 0.864486 0.872109 0.866481 0.468510 0.158701 0.471779 0.150763 
						0.479215 0.153035 0.864184 0.832368 0.860016 0.825528 0.909629 0.198236 0.917920 0.192512 0.918670 0.201381 0.404541 0.111259 0.411221 0.108122 0.398691 0.850237 0.391510 0.840542 0.407487 0.124219 0.413828 0.121456 0.211812 0.240954 0.223263 0.233852 0.218001 0.240941 0.813676 0.158776 0.678364 0.580266 0.677362 0.592518 0.778005 0.581632 0.785039 0.579669 0.788506 0.584586 0.775921 0.523220 0.404166 0.917270 0.371702 0.221909 0.138408 0.625562 0.502596 0.146024 0.489232 0.147600 0.572495 0.099110 0.292831 0.839263 0.290352 0.824499 0.299032 0.826569 0.699837 0.210372 0.275962 0.256856 0.285456 0.248826 0.677815 0.677486 0.670963 0.669199 0.278173 0.688691 0.509470 0.175488 0.515238 0.175536 0.791597 0.737039 0.878092 0.655284 0.306841 0.780275 0.302400 0.772119 0.313057 0.780338 0.394261 0.731021 0.386824 0.731550 0.823453 0.423970 0.399743 0.843018 0.666429 0.276856 0.484946 0.087184 0.851948 0.832058 0.230338 0.782035 0.234815 0.789070 0.334846 0.273476 0.588564 0.912724 0.585180 0.902197 0.596779 0.903347 0.336912 0.147483 0.224802 0.669078 0.563223 0.122444 0.553251 0.123635 0.549865 0.185427 0.741194 0.207181 0.753619 0.214505 
						0.742468 0.212316 0.698109 0.919510 0.689160 0.909443 0.418753 0.087761 0.415035 0.082193 0.817214 0.368482 0.815774 0.378307 0.155062 0.733580 0.162464 0.728929 0.178604 0.366593 0.513308 0.167401 0.851662 0.851520 0.860034 0.372127 0.850164 0.375710 0.571896 0.058705 0.134551 0.385915 0.636939 0.661541 0.637726 0.678006 0.931542 0.280839 0.914429 0.173751 0.919166 0.173841 0.825170 0.746559 0.818982 0.732341 0.828620 0.732080 0.883559 0.798482 0.835238 0.324636 0.843607 0.329874 0.834014 0.335306 0.816783 0.317202 0.894271 0.316992 0.896889 0.315160 0.904259 0.316159 0.860618 0.527364 0.846176 0.529462 0.848168 0.521892 0.419539 0.851625 0.396454 0.188822 0.738254 0.094619 0.739012 0.088602 0.538088 0.119885 0.548848 0.114786 0.633530 0.891930 0.797317 0.568012 0.578833 0.120049 0.573256 0.115563 0.801411 0.216768 0.817837 0.559898 0.842445 0.560803 0.841077 0.565647 0.833318 0.557719 0.684712 0.935580 0.690843 0.931831 0.694432 0.934511 0.779123 0.317972 0.774746 0.321193 0.773998 0.307788 0.745534 0.242046 0.742491 0.252573 0.735294 0.247332 0.506015 0.202370 0.688957 0.063474 0.535984 0.245899 0.532754 0.251664 0.595577 0.173916 
						0.595756 0.168314 0.705443 0.931771 0.739139 0.394965 0.744047 0.391567 0.556924 0.183082 0.550198 0.179335 0.564497 0.176646 0.692128 0.558720 0.901143 0.366337 0.907247 0.366085 0.905509 0.372179 0.423313 0.767811 0.911734 0.801372 0.904963 0.799048 0.914861 0.793433 0.669822 0.712496 0.462987 0.262771 0.506531 0.944692 0.724868 0.228061 0.727808 0.222214 0.576674 0.266943 0.584757 0.273626 0.787913 0.626988 0.778805 0.629009 0.699636 0.067227 0.747922 0.261968 0.787307 0.345222 0.918570 0.182208 0.912209 0.190396 0.818698 0.335686 0.293405 0.273489 0.286919 0.280902 0.281920 0.267651 0.754908 0.269758 0.763996 0.256407 0.855637 0.362333 0.733862 0.410082 0.730820 0.397703 0.735912 0.398489 0.320009 0.177242 0.731402 0.212809 0.737841 0.219943 0.712503 0.392489 0.716669 0.384147 0.463642 0.762973 0.448041 0.760288 0.462365 0.757009 0.785123 0.393415 0.709408 0.550413 0.703826 0.549957 0.794928 0.419103 0.865527 0.441812 0.852486 0.445023 0.600716 0.106555 0.611767 0.097942 0.756328 0.854929 0.745030 0.855355 0.750199 0.846186 0.223574 0.813456 0.213770 0.807179 0.455685 0.858111 0.460781 0.869277 0.447885 0.864187 0.111246 0.354111 
						0.118454 0.359461 0.354823 0.706324 0.351142 0.711988 0.769832 0.073024 0.760342 0.071893 0.461521 0.129069 0.288081 0.771213 0.286473 0.775839 0.231111 0.747938 0.639023 0.055555 0.640096 0.062096 0.886454 0.785494 0.127730 0.407112 0.119871 0.411540 0.675789 0.902560 0.366566 0.272663 0.377022 0.282360 0.363938 0.285442 0.752214 0.094003 0.930328 0.225500 0.937655 0.233738 0.925999 0.240754 0.660767 0.031146 0.671403 0.038910 0.660681 0.043497 0.370389 0.869655 0.634130 0.911872 0.632278 0.899530 0.643732 0.903950 0.114217 0.305540 0.435613 0.176753 0.434382 0.171551 0.891220 0.287817 0.901886 0.277963 0.901937 0.290807 0.751745 0.295956 0.762078 0.300438 0.845258 0.842000 0.691586 0.682945 0.367482 0.707080 0.240733 0.730412 0.241563 0.734838 0.854045 0.854453 0.769213 0.547437 0.766016 0.548901 0.761802 0.547084 0.763704 0.716928 0.769724 0.705829 0.725363 0.173599 0.716930 0.164670 0.724120 0.163667 0.638024 0.276378 0.288140 0.782526 0.288223 0.787959 0.338602 0.266050 0.266499 0.182313 0.275660 0.175824 0.278003 0.181174 0.916218 0.797777 0.846677 0.388308 0.856090 0.385195 0.531025 0.080469 0.541630 0.075402 0.493256 0.124317 
						0.503153 0.134387 0.893988 0.538238 0.894143 0.550388 0.387045 0.133448 0.610975 0.149129 0.603879 0.146961 0.869827 0.843902 0.208037 0.297957 0.389513 0.800748 0.791022 0.119235 0.108850 0.314323 0.859612 0.322726 0.635034 0.088748 0.636042 0.098724 0.235963 0.214943 0.775177 0.860658 0.777914 0.854101 0.303014 0.179264 0.295082 0.187159 0.828472 0.232965 0.822387 0.238774 0.821269 0.226106 0.823139 0.207984 0.615910 0.954293 0.614693 0.946523 0.629246 0.951271 0.063229 0.493713 0.062982 0.498906 0.059607 0.499162 0.742233 0.067459 0.747406 0.075590 0.737267 0.074893 0.822634 0.312923 0.829685 0.310202 0.874247 0.371664 0.881265 0.368421 0.880159 0.375729 0.525124 0.208239 0.516884 0.201536 0.508629 0.797991 0.508174 0.803317 0.496441 0.801392 0.779296 0.345133 0.786291 0.338969 0.850840 0.692145 0.845985 0.680977 0.471922 0.912137 0.475193 0.905124 0.468242 0.727331 0.759011 0.244787 0.935766 0.605408 0.188407 0.728435 0.489932 0.114470 0.494159 0.108229 0.501540 0.108105 0.830175 0.658512 0.885264 0.590383 0.730547 0.868878 0.735911 0.860964 0.834079 0.380930 0.830855 0.374738 0.892844 0.371197 0.388229 0.898101 0.061545 0.516011 
						0.062453 0.526863 0.058864 0.517401 0.752768 0.398247 0.757842 0.385856 0.856228 0.754537 0.476116 0.109142 0.375897 0.874450 0.230582 0.768576 0.370003 0.900157 0.366954 0.894778 0.381183 0.900242 0.774489 0.543065 0.738032 0.723036 0.739643 0.713343 0.743653 0.716753 0.362723 0.215067 0.370588 0.217572 0.366356 0.226016 0.675348 0.881951 0.699013 0.608808 0.697877 0.618179 0.648771 0.320076 0.635107 0.326924 0.639831 0.313702 0.919370 0.592177 0.897307 0.182596 0.116014 0.398666 0.075024 0.466654 0.079983 0.474107 0.070512 0.470402 0.228106 0.236188 0.367300 0.883344 0.713199 0.295113 0.922291 0.144931 0.930303 0.142208 0.317145 0.693922 0.886651 0.218750 0.227092 0.279031 0.223933 0.716715 0.236565 0.713926 0.128236 0.568847 0.134681 0.578212 0.867567 0.105638 0.669311 0.791218 0.658255 0.789208 0.668895 0.780309 0.427969 0.926538 0.631306 0.656452 0.627777 0.664201 0.626161 0.655362 0.824074 0.122988 0.829980 0.130141 0.800931 0.417048 0.801454 0.424834 0.340393 0.173005 0.343466 0.161124 0.847522 0.504065 0.843433 0.515038 0.835569 0.512914 0.413125 0.242373 0.404559 0.254321 0.556097 0.908247 0.165827 0.382993 0.170465 0.385113 
						0.145286 0.405492 0.139276 0.402044 0.278041 0.276397 0.270689 0.284490 0.429940 0.164353 0.824825 0.522024 0.825451 0.509227 0.832232 0.514025 0.843870 0.258895 0.621371 0.168294 0.152922 0.720557 0.712051 0.320390 0.709867 0.330857 0.700413 0.329637 0.233975 0.321547 0.668736 0.082175 0.503111 0.787184 0.514720 0.788886 0.194317 0.303850 0.192484 0.317132 0.194471 0.206955 0.478705 0.189815 0.478818 0.202513 0.616924 0.803841 0.620054 0.807119 0.603640 0.810102 0.863934 0.701836 0.875435 0.702179 0.425298 0.264016 0.626483 0.131464 0.634718 0.130938 0.637403 0.139727 0.808207 0.421387 0.804966 0.416470 0.071633 0.493828 0.066748 0.492447 0.072125 0.490249 0.544117 0.917298 0.598868 0.801301 0.610555 0.794017 0.798904 0.736120 0.811188 0.739029 0.492231 0.087686 0.488801 0.090713 0.585225 0.223829 0.580049 0.214733 0.391782 0.875842 0.384581 0.882969 0.617337 0.103092 0.627013 0.093916 0.628695 0.104829 0.866105 0.733196 0.879496 0.645994 0.293099 0.712872 0.291521 0.725599 0.283003 0.716926 0.591300 0.230510 0.576643 0.233130 0.577794 0.227086 0.345290 0.817326 0.753412 0.343487 0.767439 0.346475 0.944404 0.722523 0.937791 0.723232 
						0.939258 0.711939 0.253066 0.235905 0.252616 0.231493 0.260948 0.228760 0.881930 0.206888 0.881929 0.194690 0.849750 0.158986 0.525142 0.723140 0.672855 0.347236 0.684952 0.345954 0.601456 0.920070 0.612358 0.921540 0.814022 0.386560 0.819698 0.394432 0.836512 0.391281 0.770182 0.572802 0.760427 0.568397 0.343343 0.119528 0.334278 0.115699 0.345428 0.108823 0.726502 0.925886 0.739380 0.923409 0.727812 0.936722 0.754003 0.103722 0.760489 0.112181 0.751334 0.114644 0.414124 0.130093 0.417707 0.133786 0.755766 0.335279 0.265839 0.237102 0.906782 0.850588 0.906206 0.845173 0.911597 0.843827 0.286123 0.851061 0.286102 0.843510 0.300189 0.850255 0.163372 0.257414 0.164130 0.390194 0.157454 0.385892 0.074650 0.433498 0.067458 0.428327 0.070846 0.420429 0.858755 0.874395 0.868574 0.876692 0.181357 0.758402 0.171661 0.766834 0.751949 0.581958 0.748084 0.572525 0.481678 0.209329 0.835491 0.500615 0.691249 0.642810 0.680093 0.649266 0.680000 0.634623 0.488619 0.184368 0.672081 0.128918 0.670769 0.117587 0.680538 0.125681 0.145734 0.697702 0.891411 0.571469 0.899666 0.576028 0.074137 0.588234 0.078253 0.586465 0.798575 0.679059 0.795121 0.690704 
						0.498270 0.169756 0.506194 0.164619 0.836782 0.118818 0.901992 0.806822 0.164003 0.311658 0.175949 0.314178 0.167439 0.322653 0.270947 0.704416 0.258750 0.709827 0.260917 0.702193 0.912533 0.759219 0.932895 0.806155 0.190759 0.712981 0.258485 0.758570 0.255081 0.763423 0.244143 0.757327 0.211951 0.717673 0.220141 0.724206 0.151382 0.600835 0.142971 0.589399 0.345555 0.836491 0.232781 0.727975 0.816146 0.242322 0.347299 0.096573 0.351484 0.106513 0.735495 0.392389 0.728948 0.387298 0.682784 0.116916 0.842410 0.423196 0.839134 0.431639 0.722469 0.205348 0.261982 0.766435 0.515614 0.825035 0.508823 0.823203 0.690123 0.767893 0.697908 0.760193 0.668071 0.151087 0.654650 0.152178 0.845676 0.340311 0.808556 0.527914 0.805406 0.522164 0.628186 0.266715 0.646466 0.115274 0.072465 0.406947 0.079220 0.396313 0.883084 0.638031 0.899761 0.362779 0.905435 0.350569 0.527690 0.820975 0.076506 0.601967 0.077338 0.612781 0.074294 0.602716 0.739596 0.742979 0.739047 0.738612 0.525548 0.828193 0.751697 0.228880 0.538335 0.215030 0.531290 0.205512 0.727289 0.416023 0.721198 0.412599 0.839307 0.152739 0.846791 0.148783 0.644658 0.154124 0.650509 0.141216 
						0.588106 0.812754 0.584628 0.803766 0.265393 0.696189 0.254071 0.696523 0.795604 0.492341 0.791704 0.501189 0.785877 0.490554 0.688780 0.150100 0.699422 0.153977 0.434969 0.768432 0.434334 0.756715 0.101848 0.653030 0.105794 0.650606 0.407667 0.754248 0.573403 0.689367 0.571933 0.697552 0.567496 0.688742 0.203072 0.712196 0.208405 0.711824 0.834607 0.142923 0.677872 0.229289 0.117247 0.650132 0.120798 0.648700 0.119804 0.657452 0.879610 0.223746 0.514602 0.252733 0.355392 0.165999 0.669359 0.638646 0.804094 0.166284 0.920107 0.377094 0.929039 0.377631 0.928993 0.385804 0.534833 0.823797 0.227890 0.821584 0.415902 0.166341 0.406280 0.177691 0.680645 0.292365 0.679047 0.279236 0.539438 0.129034 0.553781 0.133961 0.745027 0.123954 0.313541 0.130520 0.511441 0.063186 0.509650 0.079044 0.784979 0.297385 0.773598 0.296337 0.665923 0.619572 0.264450 0.258301 0.200396 0.321831 0.189613 0.326670 0.171725 0.637633 0.168760 0.626575 0.180283 0.633314 0.437105 0.208538 0.446963 0.211073 0.431750 0.214408 0.916312 0.140477 0.577658 0.102789 0.184865 0.310020 0.177793 0.319880 0.902610 0.636793 0.830452 0.343763 0.823437 0.347024 0.219033 0.730719 
						0.227332 0.729631 0.292425 0.687415 0.294972 0.681780 0.832965 0.782853 0.840341 0.792804 0.834802 0.797496 0.926859 0.200380 0.456566 0.250924 0.443962 0.244169 0.862006 0.362154 0.917146 0.382758 0.910428 0.380210 0.913118 0.374154 0.131664 0.343544 0.478804 0.161461 0.798987 0.411023 0.849861 0.124111 0.863602 0.101202 0.870399 0.096916 0.875344 0.102684 0.643865 0.172658 0.387251 0.106487 0.266827 0.228373 0.276142 0.229339 0.571418 0.181584 0.576490 0.172112 0.585171 0.183836 0.827009 0.591905 0.825078 0.586120 0.833838 0.580220 0.892750 0.157246 0.598862 0.689852 0.604490 0.694442 0.589095 0.698315 0.448321 0.801551 0.759751 0.621942 0.768405 0.619258 0.496492 0.720260 0.487335 0.727407 0.932651 0.714742 0.067007 0.462531 0.065009 0.470000 0.178690 0.283787 0.261832 0.190289 0.566332 0.241485 0.470512 0.070866 0.328202 0.211105 0.338066 0.214065 0.114626 0.579012 0.118038 0.586538 0.106346 0.581756 0.722547 0.379761 0.126685 0.551606 0.130155 0.562098 0.691851 0.126088 0.690830 0.120178 0.389361 0.151641 0.391432 0.143032 0.282230 0.237657 0.853712 0.226736 0.860365 0.230127 0.691355 0.780098 0.689198 0.773576 0.195994 0.702102 
						0.204206 0.709061 0.210619 0.321056 0.209185 0.331365 0.377179 0.238017 0.902321 0.779774 0.709623 0.372862 0.553153 0.801032 0.560225 0.800812 0.566238 0.808621 0.139964 0.596119 0.521985 0.799650 0.296834 0.674805 0.838414 0.690636 0.754440 0.559616 0.753934 0.568866 0.748836 0.567263 0.873678 0.187202 0.811570 0.531033 0.804342 0.535296 0.399053 0.113997 0.900213 0.784357 0.897336 0.780753 0.538491 0.227000 0.763645 0.094206 0.754215 0.083161 0.864122 0.142801 0.726390 0.910951 0.692903 0.396800 0.695090 0.384318 0.703630 0.392916 0.398769 0.713183 0.389784 0.710010 0.606147 0.893651 0.837860 0.346208 0.494114 0.805507 0.263690 0.810992 0.256665 0.818146 0.059300 0.455281 0.062976 0.457902 0.058285 0.462206 0.727680 0.528197 0.480814 0.939343 0.694776 0.748870 0.709013 0.743519 0.319053 0.816329 0.307504 0.813316 0.443911 0.163524 0.343541 0.796418 0.335164 0.803415 0.330071 0.792316 0.343664 0.224091 0.349123 0.211574 0.564273 0.274358 0.895373 0.361370 0.897866 0.357824 0.742480 0.887806 0.735090 0.897657 0.855295 0.622638 0.860289 0.616828 0.858384 0.626191 0.922152 0.164140 0.928576 0.161942 0.363741 0.159730 0.241187 0.693291 
						0.232372 0.692622 0.234803 0.686209 0.603543 0.166243 0.594939 0.156865 0.225079 0.659369 0.131967 0.360147 0.121913 0.368832 0.841937 0.384153 0.768871 0.594315 0.758730 0.594644 0.622726 0.296356 0.632318 0.304525 0.302798 0.838376 0.317261 0.839911 0.745457 0.914683 0.755815 0.912936 0.756912 0.925476 0.715134 0.638667 0.703889 0.635745 0.916700 0.685451 0.906096 0.690279 0.905157 0.679472 0.819203 0.276959 0.822786 0.289552 0.810619 0.284111 0.788816 0.307627 0.918600 0.560117 0.903928 0.554751 0.801842 0.745515 0.794789 0.756206 0.721057 0.768268 0.720430 0.763956 0.618831 0.886983 0.605806 0.883642 0.355186 0.222850 0.358958 0.228337 0.778346 0.823295 0.774397 0.818487 0.311915 0.162540 0.324703 0.160059 0.549016 0.822750 0.560936 0.821484 0.536400 0.797444 0.551816 0.796558 0.328144 0.842073 0.927486 0.814645 0.069660 0.584581 0.070899 0.592830 0.463926 0.132762 0.469343 0.144124 0.781887 0.531971 0.917953 0.565267 0.919209 0.576430 0.761955 0.936462 0.768579 0.931224 0.818670 0.826418 0.423459 0.193464 0.425015 0.201745 0.725893 0.330968 0.718943 0.342379 0.719640 0.326546 0.797658 0.370383 0.779997 0.921510 0.792784 0.917968 
						0.106255 0.590043 0.109023 0.602188 0.100740 0.596119 0.711860 0.406906 0.714237 0.403931 0.895937 0.703107 0.785974 0.537779 0.623833 0.741095 0.076837 0.464672 0.356964 0.185344 0.367190 0.193555 0.827507 0.426361 0.314152 0.201138 0.324855 0.194600 0.920700 0.671490 0.198961 0.716517 0.773089 0.870648 0.055645 0.457196 0.059010 0.446588 0.874495 0.209877 0.876187 0.217098 0.816894 0.674206 0.810531 0.662366 0.748145 0.928213 0.778892 0.513994 0.875867 0.176674 0.887164 0.179500 0.182795 0.303408 0.708739 0.896581 0.713496 0.889188 0.868685 0.304466 0.872207 0.305996 0.873348 0.313699 0.447843 0.220775 0.434549 0.224243 0.900436 0.394229 0.891347 0.402651 0.889093 0.395342 0.601466 0.785273 0.598942 0.790874 0.590994 0.791271 0.361368 0.798621 0.722461 0.524373 0.395971 0.747030 0.386950 0.747266 0.389468 0.738628 0.921364 0.796052 0.350875 0.254271 0.556471 0.824135 0.253833 0.731092 0.476078 0.886181 0.488904 0.885757 0.484399 0.896376 0.845979 0.298853 0.805997 0.812584 0.588487 0.923460 0.795153 0.473522 0.787822 0.472453 0.910807 0.673073 0.903909 0.662047 0.229877 0.281849 0.323096 0.261333 0.805214 0.566721 0.806626 0.564225 
						0.812361 0.571596 0.864603 0.331012 0.867582 0.342452 0.445989 0.084041 0.457940 0.079463 0.453872 0.092952 0.706609 0.710616 0.697061 0.722917 0.696435 0.712714 0.206088 0.746321 0.216914 0.752167 0.318172 0.122692 0.316253 0.114095 0.323189 0.284242 0.331450 0.290867 0.359114 0.264092 0.563624 0.153890 0.556680 0.146660 0.310738 0.225144 0.540871 0.738908 0.534450 0.752508 0.530900 0.747956 0.938399 0.245349 0.941733 0.251898 0.823633 0.541703 0.715216 0.270716 0.723004 0.282446 0.707804 0.277899 0.179762 0.378165 0.397224 0.267686 0.701309 0.088288 0.761573 0.709624 0.751515 0.708454 0.509717 0.227256 0.493897 0.222313 0.147566 0.634863 0.308206 0.285151 0.298777 0.285272 0.729496 0.564869 0.734106 0.575609 0.719300 0.569741 0.568963 0.823326 0.423895 0.800912 0.726518 0.260095 0.732704 0.256298 0.727489 0.346660 0.895265 0.175982 0.740560 0.327227 0.734361 0.322943 0.748128 0.322507 0.510417 0.780013 0.750566 0.247436 0.939986 0.384541 0.946653 0.387588 0.789790 0.461502 0.619797 0.681894 0.696048 0.105349 0.694114 0.096864 0.445807 0.270509 0.453394 0.279017 0.916836 0.255566 0.928016 0.253773 0.849416 0.720219 0.844881 0.708890 
						0.900431 0.371798 0.904252 0.375232 0.550083 0.234008 0.484160 0.256030 0.476800 0.265120 0.472187 0.256544 0.542094 0.062200 0.537303 0.053848 0.417016 0.150502 0.816625 0.346922 0.825999 0.352477 0.819874 0.359026 0.135933 0.306115 0.137366 0.314926 0.053907 0.449021 0.055745 0.437577 0.060397 0.438281 0.297842 0.776493 0.819092 0.531085 0.819278 0.524177 0.836098 0.415504 0.131522 0.712789 0.137753 0.727062 0.206048 0.644973 0.522793 0.255692 0.522819 0.270475 0.633630 0.646042 0.831703 0.269771 0.840724 0.279867 0.540144 0.815817 0.112695 0.591856 0.231526 0.703549 0.220474 0.704817 0.222656 0.695941 0.095062 0.445806 0.468641 0.895257 0.458815 0.891833 0.465781 0.887222 0.511543 0.724093 0.506200 0.718657 0.881804 0.631747 0.342232 0.702043 0.331497 0.843903 0.311426 0.855494 0.302101 0.863322 0.879270 0.388205 0.820020 0.816868 0.540354 0.136467 0.517033 0.804299 0.648660 0.926761 0.655051 0.920990 0.655571 0.930333 0.616461 0.123866 0.170122 0.619649 0.548297 0.825617 0.305071 0.695439 0.887569 0.385236 0.780955 0.450598 0.768368 0.449157 0.777464 0.439922 0.147462 0.669494 0.142602 0.662710 0.838943 0.266388 0.847865 0.263757 
						0.539404 0.828738 0.751391 0.098511 0.230055 0.246584 0.285339 0.805766 0.298590 0.810133 0.107834 0.394669 0.910957 0.579231 0.908067 0.574175 0.794780 0.577628 0.774973 0.134963 0.783809 0.128232 0.802754 0.610114 0.808009 0.614804 0.824984 0.242515 0.491009 0.228643 0.784272 0.811894 0.721676 0.618398 0.262021 0.167344 0.254089 0.162697 0.265480 0.156933 0.444547 0.909600 0.454709 0.904027 0.456027 0.913354 0.840005 0.169314 0.582806 0.793474 0.896755 0.364790 0.134551 0.651441 0.140930 0.645251 0.761201 0.669690 0.765044 0.658408 0.892731 0.613372 0.898101 0.604151 0.825636 0.648367 0.814799 0.653600 0.549731 0.758135 0.538164 0.759879 0.311748 0.739018 0.304563 0.731345 0.311884 0.729978 0.887091 0.600330 0.892865 0.599298 0.720730 0.740707 0.419727 0.794589 0.943512 0.761355 0.155097 0.623564 0.768801 0.849884 0.761705 0.840514 0.776062 0.842523 0.560798 0.037570 0.553585 0.033572 0.628657 0.942659 0.633519 0.930050 0.635630 0.941656 0.810120 0.676859 0.806921 0.430034 0.716143 0.307340 0.726961 0.315111 0.723346 0.317719 0.809983 0.893233 0.172891 0.247198 0.174630 0.237533 0.182779 0.241925 0.836208 0.877167 0.851006 0.079400 
						0.442615 0.095496 0.254812 0.218587 0.228787 0.263298 0.216175 0.265504 0.139199 0.360337 0.138077 0.353299 0.269610 0.171168 0.278816 0.166441 0.182919 0.288807 0.335799 0.205707 0.295143 0.204700 0.307095 0.198328 0.849090 0.869259 0.851500 0.863976 0.469777 0.163257 0.088237 0.512808 0.829386 0.361123 0.836045 0.356528 0.542702 0.838428 0.761401 0.635075 0.749786 0.634706 0.553093 0.836372 0.764746 0.203706 0.615602 0.087940 0.207981 0.204312 0.213367 0.205156 0.727291 0.234711 0.563482 0.937448 0.530319 0.835551 0.603114 0.043135 0.767497 0.340453 0.778735 0.335086 0.911571 0.590358 0.744630 0.523499 0.735461 0.522221 0.741088 0.514982 0.747324 0.147814 0.747413 0.139026 0.756683 0.146287 0.485590 0.751431 0.474824 0.758162 0.473544 0.750730 0.642018 0.771548 0.855526 0.152089 0.862404 0.160607 0.337540 0.809981 0.312503 0.821775 0.397813 0.155772 0.847171 0.142005 0.853717 0.142892 0.804447 0.263031 0.215331 0.733127 0.722951 0.653318 0.722443 0.666267 0.103015 0.323205 0.355499 0.208094 0.334284 0.713028 0.336163 0.724442 0.554339 0.086640 0.091568 0.558202 0.365909 0.109583 0.316584 0.748181 0.324287 0.754235 0.876313 0.876414 
						0.683894 0.215687 0.366097 0.745713 0.367515 0.755774 0.356358 0.745404 0.937981 0.344226 0.947913 0.344650 0.944308 0.353326 0.823692 0.633661 0.820748 0.642591 0.816985 0.634231 0.856657 0.470036 0.782237 0.524295 0.918049 0.177392 0.908444 0.783472 0.824495 0.402711 0.818763 0.401710 0.779455 0.169020 0.849287 0.563432 0.857326 0.564990 0.847273 0.574186 0.139202 0.620040 0.150442 0.630881 0.868642 0.330961 0.161474 0.336104 0.171495 0.331015 0.746347 0.704614 0.740683 0.691850 0.159570 0.674411 0.152535 0.672328 0.060978 0.411196 0.561260 0.833907 0.503257 0.121623 0.410984 0.786685 0.938398 0.151824 0.697196 0.239146 0.846840 0.797445 0.857200 0.799813 0.553322 0.107119 0.296670 0.308734 0.283890 0.314948 0.291680 0.304684 0.619456 0.225560 0.695718 0.343803 0.867385 0.448819 0.327532 0.277501 0.692608 0.217168 0.533871 0.766854 0.524830 0.759441 0.294026 0.780095 0.611832 0.166716 0.799177 0.842432 0.801731 0.838332 0.483154 0.222015 0.472795 0.217804 0.705991 0.158730 0.706140 0.171119 0.931237 0.570237 0.244379 0.720646 0.069854 0.468927 0.073731 0.466603 0.215454 0.716542 0.833155 0.540584 0.826927 0.533652 0.833989 0.526996 
						0.889127 0.628956 0.286939 0.172759 0.286619 0.162162 0.298432 0.168296 0.818674 0.608929 0.818871 0.600065 0.290256 0.177110 0.279912 0.722183 0.271253 0.712611 0.235908 0.733864 0.342358 0.182227 0.807660 0.416038 0.549754 0.886903 0.627405 0.755233 0.632544 0.763909 0.822559 0.851815 0.826361 0.861463 0.818150 0.864607 0.286574 0.694193 0.415497 0.726593 0.417675 0.720217 0.426148 0.729050 0.540943 0.791694 0.565055 0.103749 0.488639 0.738526 0.479035 0.738184 0.869041 0.616715 0.863732 0.620335 0.869334 0.610430 0.842293 0.388195 0.843770 0.400394 0.876907 0.575089 0.625059 0.323724 0.275071 0.211909 0.905103 0.136867 0.909481 0.132948 0.305031 0.723616 0.716431 0.398760 0.724473 0.399766 0.718876 0.403051 0.125122 0.606153 0.336269 0.706295 0.840854 0.187066 0.838955 0.197422 0.593426 0.711156 0.585352 0.718516 0.580401 0.706904 0.420061 0.255656 0.272848 0.149626 0.277107 0.139280 0.282329 0.143078 0.248388 0.263023 0.579004 0.187254 0.135433 0.639507 0.735870 0.232199 0.537990 0.275216 0.530801 0.289058 0.527258 0.282918 0.810233 0.439852 0.804854 0.447700 0.803349 0.437826 0.551662 0.281361 0.553961 0.292863 0.544107 0.283098 
						0.597142 0.256815 0.839943 0.092625 0.560955 0.771881 0.186586 0.207823 0.056815 0.466188 0.471815 0.191089 0.460830 0.192566 0.533519 0.259129 0.388715 0.263903 0.387909 0.162568 0.650716 0.067961 0.660670 0.925982 0.253515 0.222556 0.854895 0.635850 0.873715 0.325191 0.880693 0.324569 0.885566 0.329070 0.931128 0.595286 0.926272 0.593401 0.928949 0.587815 0.786969 0.554419 0.817261 0.575414 0.429522 0.187001 0.824547 0.794672 0.476468 0.875553 0.469321 0.861920 0.479263 0.859264 0.889131 0.365280 0.893163 0.365924 0.151804 0.709921 0.479159 0.918438 0.774613 0.208529 0.775778 0.195328 0.786861 0.204252 0.448303 0.817989 0.252764 0.817626 0.573538 0.129769 0.876186 0.198181 0.118234 0.327432 0.125341 0.328599 0.795202 0.544954 0.797852 0.542424 0.785074 0.594384 0.775537 0.595266 0.779600 0.587521 0.368675 0.888303 0.379036 0.893134 0.666826 0.338122 0.657866 0.330642 0.542021 0.770859 0.641094 0.199913 0.765553 0.403830 0.905501 0.147192 0.724023 0.435750 0.730263 0.422533 0.738504 0.431261 0.251729 0.179564 0.259822 0.268572 0.089521 0.527860 0.873898 0.628048 0.862263 0.625078 0.334661 0.247745 0.326051 0.253970 0.328930 0.240094 
						0.687253 0.208825 0.794499 0.066031 0.797000 0.053180 0.800649 0.062985 0.884835 0.873805 0.889383 0.860865 0.891976 0.870474 0.236196 0.207162 0.243348 0.198352 0.785749 0.695072 0.736230 0.124978 0.588226 0.174281 0.595423 0.183879 0.448046 0.755378 0.737979 0.160216 0.339249 0.825178 0.334394 0.832049 0.327064 0.824192 0.859956 0.510922 0.510950 0.891264 0.524890 0.893725 0.313145 0.168790 0.786327 0.618045 0.067033 0.527808 0.644607 0.225144 0.659392 0.227250 0.690298 0.141087 0.701905 0.148064 0.485289 0.104916 0.824337 0.419452 0.070308 0.522198 0.905016 0.379672 0.912878 0.387251 0.495580 0.096425 0.333042 0.873745 0.334495 0.876684 0.321432 0.871972 0.083776 0.523294 0.414648 0.099285 0.409932 0.093407 0.102394 0.363524 0.099806 0.351205 0.749438 0.401548 0.857551 0.696074 0.868167 0.687678 0.134079 0.396851 0.127273 0.398817 0.662509 0.781367 0.057289 0.508628 0.061391 0.508761 0.799332 0.528245 0.599367 0.129223 0.589066 0.689316 0.583044 0.695606 0.659133 0.185828 0.665084 0.199553 0.232133 0.793927 0.221738 0.787105 0.510335 0.284213 0.763583 0.368636 0.764635 0.357402 0.771222 0.360452 0.896001 0.674718 0.764436 0.441016 
						0.772667 0.432145 0.728960 0.406008 0.857910 0.255795 0.613672 0.232164 0.449858 0.886308 0.364615 0.775461 0.739270 0.362903 0.807647 0.575553 0.831283 0.248416 0.377943 0.886020 0.341531 0.881265 0.355267 0.890596 0.346351 0.889940 0.679610 0.785594 0.677409 0.775042 0.516200 0.911825 0.705280 0.052512 0.711262 0.052795 0.763375 0.858926 0.686003 0.110405 0.696988 0.113199 0.830215 0.645177 0.864604 0.237201 0.863612 0.230001 0.900150 0.585117 0.606278 0.760210 0.604490 0.752891 0.375208 0.747863 0.854591 0.701015 0.421720 0.220527 0.923313 0.724641 0.820218 0.378290 0.807405 0.473305 0.808732 0.466108 0.449087 0.132617 0.441440 0.127895 0.451509 0.125179 0.141816 0.702252 0.207691 0.248853 0.168580 0.730763 0.462512 0.818043 0.459968 0.822834 0.846789 0.411150 0.851793 0.417094 0.844344 0.416115 0.771772 0.612466 0.779309 0.190287 0.792612 0.182863 0.786829 0.192454 0.878664 0.686293 0.889534 0.687940 0.757581 0.133709 0.742083 0.579712 0.576640 0.067344 0.297650 0.156754 0.935833 0.305061 0.942518 0.299922 0.945210 0.311470 0.897617 0.692954 0.227209 0.796689 0.228062 0.811534 0.447893 0.823865 0.435582 0.099088 0.291353 0.153935 
						0.835786 0.607711 0.114103 0.435679 0.102101 0.585437 0.159800 0.367976 0.925033 0.642842 0.920614 0.628992 0.931379 0.627593 0.578338 0.946815 0.847917 0.599897 0.816143 0.525313 0.919901 0.216261 0.128887 0.307194 0.525259 0.160214 0.511804 0.159975 0.090487 0.367100 0.093262 0.372638 0.088209 0.377489 0.693391 0.944524 0.178547 0.644954 0.703546 0.558404 0.700154 0.571261 0.508061 0.746107 0.714848 0.598478 0.453910 0.830693 0.287812 0.727997 0.275601 0.728018 0.688171 0.896249 0.675406 0.890250 0.687065 0.885151 0.498019 0.713626 0.774608 0.586461 0.703989 0.315334 0.836781 0.524260 0.737107 0.565317 0.741531 0.572364 0.796532 0.889331 0.785628 0.883302 0.796926 0.880714 0.116631 0.532837 0.118626 0.538024 0.406546 0.791743 0.791801 0.287175 0.630893 0.224059 0.628619 0.216005 0.794934 0.134290 0.798015 0.144332 0.260894 0.755550 0.268678 0.759117 0.473578 0.785786 0.460975 0.784066 0.081174 0.576544 0.822192 0.501252 0.848106 0.534833 0.129058 0.370203 0.714131 0.560899 0.707492 0.569511 0.667352 0.186908 0.894066 0.126816 0.398453 0.178812 0.825017 0.304339 0.825883 0.298149 0.266337 0.839810 0.271472 0.849396 0.258705 0.841949 
						0.841856 0.107934 0.226302 0.774084 0.814235 0.850177 0.581166 0.680747 0.595182 0.679491 0.845452 0.437281 0.842555 0.444016 0.611680 0.191204 0.611474 0.200024 0.105359 0.433609 0.403864 0.745657 0.537161 0.942511 0.546544 0.946244 0.812045 0.250449 0.445887 0.230521 0.805990 0.531514 0.225874 0.336491 0.217718 0.345034 0.650445 0.222790 0.848654 0.325766 0.201588 0.637291 0.192204 0.637595 0.198744 0.628058 0.182746 0.772407 0.862182 0.261561 0.794756 0.195748 0.862539 0.710905 0.824857 0.607005 0.596944 0.282122 0.586685 0.285379 0.840150 0.536494 0.840483 0.547487 0.292619 0.738796 0.648831 0.314327 0.058115 0.427788 0.142535 0.390072 0.151546 0.389584 0.144630 0.395928 0.768230 0.267894 0.559201 0.114477 0.490472 0.822330 0.485600 0.815681 0.497451 0.820874 0.538881 0.730854 0.728548 0.915630 0.362118 0.762968 0.718182 0.196095 0.834551 0.551813 0.361031 0.122408 0.348988 0.120585 0.356754 0.112378 0.861440 0.576926 0.853897 0.577066 0.805593 0.560144 0.769288 0.151637 0.102515 0.543518 0.941677 0.155950 0.671923 0.059005 0.663222 0.053355 0.809496 0.071479 0.805599 0.082258 0.795739 0.071711 0.484595 0.826723 0.476602 0.821413 
						0.641926 0.646316 0.642492 0.639390 0.842462 0.335198 0.254012 0.169881 0.263032 0.176099 0.902874 0.172482 0.924404 0.652447 0.912883 0.658130 0.657877 0.280785 0.751343 0.680170 0.575285 0.799358 0.587232 0.795729 0.538147 0.180305 0.541409 0.168453 0.128234 0.286051 0.260108 0.830385 0.859074 0.537388 0.877773 0.248176 0.866705 0.242903 0.091700 0.647100 0.096037 0.652891 0.774960 0.495596 0.785633 0.497987 0.779173 0.506274 0.191126 0.666902 0.717462 0.730749 0.716175 0.737399 0.888833 0.183992 0.880811 0.189543 0.205804 0.624867 0.206258 0.633969 0.396860 0.207712 0.407377 0.208076 0.361564 0.889319 0.547635 0.749018 0.421083 0.229305 0.658268 0.649026 0.649098 0.663792 0.644359 0.653074 0.905350 0.126790 0.665037 0.071939 0.541223 0.157389 0.551707 0.160595 0.842472 0.452854 0.838741 0.453805 0.837220 0.445951 0.550931 0.732753 0.424279 0.103438 0.505537 0.088356 0.505108 0.101734 0.738003 0.347245 0.724692 0.126815 0.807238 0.240498 0.382652 0.797173 0.392627 0.793774 0.586053 0.149394 0.586139 0.136935 0.597128 0.140068 0.698151 0.128645 0.849055 0.656896 0.846059 0.669503 0.471178 0.823833 0.854257 0.729694 0.677704 0.740245 
						0.679356 0.747911 0.670343 0.750486 0.863018 0.567270 0.881333 0.622525 0.876451 0.619815 0.086335 0.610710 0.079849 0.612794 0.266883 0.762955 0.114924 0.541678 0.066123 0.567988 0.496127 0.084053 0.717762 0.135486 0.737445 0.843934 0.741075 0.835473 0.201648 0.754498 0.735246 0.742688 0.675168 0.600813 0.688639 0.606205 0.866647 0.150290 0.875282 0.150960 0.735723 0.416346 0.731668 0.413431 0.772288 0.640592 0.766905 0.651124 0.759970 0.640588 0.754358 0.889795 0.753694 0.193738 0.760019 0.197529 0.750288 0.203604 0.148119 0.272047 0.150226 0.262717 0.899593 0.859746 0.474115 0.831732 0.465039 0.832161 0.105445 0.617396 0.699146 0.887490 0.636032 0.207007 0.626176 0.204715 0.537394 0.698598 0.724969 0.642718 0.733335 0.641833 0.820943 0.388978 0.337503 0.193207 0.805235 0.379380 0.690562 0.738115 0.471121 0.838687 0.776821 0.621156 0.781696 0.612420 0.775347 0.580040 0.665453 0.679280 0.424573 0.092002 0.813887 0.450141 0.818178 0.459044 0.808991 0.458600 0.830064 0.068974 0.381095 0.259130 0.494670 0.833431 0.500103 0.838307 0.484708 0.840066 0.607878 0.705705 0.598224 0.700389 0.059829 0.529628 0.682526 0.170597 0.493412 0.848621 
						0.866889 0.821588 0.861347 0.818649 0.873875 0.168105 0.872933 0.157458 0.894214 0.775744 0.442963 0.730712 0.318712 0.234773 0.235288 0.268223 0.246871 0.270145 0.283314 0.796120 0.601314 0.715064 0.620165 0.706229 0.770867 0.332860 0.937184 0.264297 0.938512 0.275917 0.327291 0.704600 0.317221 0.703013 0.941780 0.313730 0.926571 0.315567 0.524728 0.096930 0.915991 0.316550 0.248809 0.328474 0.611304 0.661539 0.918433 0.831867 0.233839 0.676906 0.608663 0.113138 0.828131 0.865499 0.762738 0.557465 0.790009 0.108705 0.293684 0.242011 0.907679 0.626172 0.693051 0.950738 0.702349 0.944452 0.836095 0.858274 0.838573 0.860597 0.134314 0.320574 0.143602 0.312804 0.237295 0.332080 0.657383 0.293345 0.648750 0.291558 0.476419 0.099466 0.137713 0.277291 0.796918 0.363939 0.789289 0.363743 0.820598 0.515236 0.782835 0.892389 0.248791 0.825745 0.256941 0.833880 0.833161 0.089811 0.772690 0.147998 0.233086 0.204717 0.233922 0.194045 0.707819 0.401208 0.710895 0.397209 0.382269 0.274386 0.381601 0.288181 0.433666 0.909351 0.848085 0.614079 0.847675 0.608686 0.374403 0.834999 0.324413 0.762778 0.814838 0.164329 0.719839 0.105477 0.298812 0.842752 
						0.674911 0.648314 0.677372 0.661283 0.384767 0.213411 0.523200 0.082616 0.660506 0.772312 0.673548 0.769843 0.262782 0.725890 0.267364 0.737284 0.294704 0.800762 0.342788 0.237034 0.811858 0.351122 0.471673 0.815144 0.164570 0.712876 0.884295 0.356281 0.838848 0.437446 0.833876 0.438404 0.726810 0.148613 0.335026 0.161222 0.638420 0.242351 0.830822 0.854595 0.820777 0.075916 0.222792 0.219821 0.575937 0.903592 0.585539 0.892996 0.163932 0.244246 0.161006 0.240846 0.167344 0.236269 0.245830 0.787425 0.719371 0.559113 0.788048 0.899074 0.479714 0.812214 0.894576 0.302003 0.584784 0.167666 0.362624 0.180639 0.523870 0.051700 0.189762 0.278692 0.934552 0.590147 0.866773 0.248936 0.740768 0.405759 0.368930 0.174624 0.365870 0.168098 0.856514 0.659663 0.855963 0.647893 0.734228 0.715691 0.718018 0.717410 0.919704 0.705644 0.923318 0.695486 0.148968 0.256028 0.156404 0.254367 0.808464 0.687787 0.131299 0.274913 0.748804 0.433701 0.726913 0.039328 0.697201 0.579554 0.619905 0.927529 0.884092 0.150392 0.880713 0.142445 0.894475 0.144292 0.878041 0.335149 0.927046 0.325482 0.934234 0.335003 0.505228 0.053349 0.761492 0.562073 0.171655 0.679292 
						0.942973 0.263703 0.544501 0.909072 0.492287 0.920727 0.949186 0.752313 0.944630 0.743490 0.948685 0.743032 0.800528 0.666834 0.857252 0.689632 0.652299 0.771053 0.648922 0.775546 0.688762 0.670096 0.766259 0.386063 0.763373 0.378366 0.065595 0.577832 0.767179 0.310455 0.763680 0.321266 0.513858 0.137651 0.526353 0.133205 0.848116 0.619446 0.807424 0.843483 0.837067 0.766505 0.839077 0.760829 0.853504 0.767915 0.192525 0.657008 0.104921 0.633382 0.099643 0.630761 0.874285 0.805276 0.781361 0.136451 0.649596 0.081252 0.887389 0.621437 0.578783 0.075706 0.370560 0.799195 0.234235 0.806852 0.324207 0.867901 0.157416 0.393211 0.671321 0.764444 0.733362 0.913548 0.808105 0.547231 0.781354 0.831648 0.292436 0.819746 0.502321 0.178151 0.903072 0.154361 0.901884 0.165248 0.746227 0.298837 0.167201 0.649706 0.657867 0.936929 0.668096 0.926795 0.783272 0.557056 0.315575 0.257925 0.858820 0.635023 0.729975 0.731335 0.826292 0.369244 0.083554 0.589429 0.627488 0.120362 0.622045 0.112524 0.636027 0.108946 0.922553 0.658914 0.913453 0.667224 0.399254 0.703729 0.407146 0.707114 0.522926 0.946750 0.509812 0.940019 0.522496 0.941331 0.745009 0.133735 
						0.735941 0.133768 0.563161 0.042693 0.564685 0.050722 0.551531 0.049183 0.769417 0.380714 0.458182 0.838993 0.443565 0.840636 0.861678 0.767444 0.814358 0.566352 0.777234 0.650047 0.448663 0.847361 0.594686 0.913832 0.090490 0.384288 0.718098 0.707586 0.745186 0.563481 0.902495 0.253413 0.894298 0.263782 0.732475 0.657609 0.440115 0.852401 0.877601 0.277420 0.870501 0.285315 0.869864 0.276496 0.147738 0.680656 0.621790 0.159045 0.609247 0.157969 0.936829 0.323107 0.173653 0.293713 0.813156 0.504416 0.802059 0.506522 0.803805 0.497422 0.790544 0.539046 0.525129 0.181368 0.528133 0.176184 0.729159 0.581225 0.469548 0.739822 0.643937 0.889527 0.649240 0.706923 0.224300 0.256964 0.437832 0.827094 0.862740 0.522384 0.644359 0.940656 0.890206 0.622821 0.781734 0.221784 0.780443 0.114530 0.834739 0.779308 0.845890 0.774707 0.640517 0.309325 0.396960 0.740191 0.408166 0.735136 0.083220 0.360445 0.839073 0.887449 0.795504 0.601490 0.085254 0.515131 0.078655 0.503687 0.650030 0.056277 0.883067 0.427894 0.877434 0.430864 0.610700 0.684484 0.872238 0.607189 0.880206 0.599352 0.628572 0.275358 0.626391 0.286411 0.618052 0.072498 0.625905 0.065008 
						0.344076 0.202494 0.355244 0.198704 0.937350 0.666687 0.930999 0.658575 0.125831 0.579493 0.137632 0.302201 0.134660 0.294266 0.255601 0.274606 0.922949 0.179134 0.873308 0.833880 0.884197 0.829354 0.881445 0.837674 0.406973 0.727760 0.404546 0.721343 0.859454 0.281203 0.855082 0.270675 0.860860 0.268291 0.919498 0.619594 0.832302 0.720476 0.838400 0.729985 0.889752 0.260888 0.693393 0.355565 0.307889 0.241316 0.295722 0.247773 0.821670 0.778962 0.829291 0.770063 0.491148 0.759091 0.499781 0.156167 0.081513 0.425069 0.856433 0.611089 0.782988 0.369927 0.872449 0.321846 0.775084 0.368668 0.849891 0.402203 0.859549 0.401019 0.855881 0.408315 0.369429 0.241638 0.374703 0.269431 0.647980 0.697415 0.659184 0.694652 0.952806 0.796455 0.858874 0.392318 0.478476 0.051659 0.486662 0.055562 0.825659 0.194832 0.750034 0.836326 0.322048 0.728396 0.321254 0.740484 0.166698 0.685511 0.861231 0.863248 0.635438 0.143832 0.430044 0.841674 0.817157 0.590638 0.814886 0.584027 0.819561 0.582660 0.736675 0.292337 0.728611 0.292869 0.810860 0.593539 0.131320 0.652844 0.125709 0.656282 0.181763 0.250425 0.942350 0.332183 0.950205 0.332169 0.428894 0.847693 
						0.462958 0.749701 0.746168 0.224824 0.368388 0.837532 0.695791 0.057134 0.705159 0.061258 0.694546 0.173821 0.920949 0.303616 0.927887 0.303488 0.684782 0.764329 0.684417 0.755570 0.769800 0.427744 0.607883 0.681653 0.865609 0.271025 0.867159 0.284683 0.849367 0.280235 0.849195 0.293984 0.805281 0.518156 0.393076 0.782794 0.233452 0.188299 0.746610 0.272473 0.735517 0.276187 0.700836 0.556560 0.694799 0.554701 0.127347 0.594873 0.097339 0.618855 0.256480 0.674004 0.913700 0.607691 0.213052 0.231028 0.203483 0.229592 0.527688 0.709301 0.927999 0.584270 0.434785 0.747242 0.602807 0.285878 0.712029 0.758900 0.700242 0.750779 0.853779 0.893043 0.817487 0.495891 0.436605 0.710078 0.429221 0.721907 0.219064 0.331951 0.464608 0.848697 0.419459 0.117362 0.481635 0.788125 0.466417 0.197039 0.475042 0.848724 0.278591 0.757217 0.275699 0.763458 0.703134 0.413355 0.695968 0.405915 0.543950 0.085906 0.585961 0.261209 0.744981 0.286205 0.576316 0.815061 0.235380 0.648017 0.721799 0.056950 0.732476 0.057752 0.817910 0.624218 0.820883 0.619788 0.594475 0.764768 0.760793 0.152188 0.675470 0.071610 0.128462 0.714724 0.768335 0.412901 0.626739 0.946956 
						0.635907 0.946919 0.134249 0.558383 0.137379 0.570295 0.200116 0.295762 0.150873 0.574924 0.809234 0.095538 0.133734 0.666581 0.759226 0.408231 0.753206 0.403839 0.736874 0.907512 0.079172 0.459903 0.733437 0.304865 0.671261 0.757331 0.233861 0.180221 0.834821 0.742904 0.093486 0.354129 0.084573 0.351718 0.096073 0.341781 0.261153 0.225806 0.829048 0.599666 0.882946 0.285994 0.335043 0.254072 0.480502 0.846995 0.482068 0.925763 0.820767 0.430463 0.814616 0.429363 0.916520 0.207062 0.341606 0.746122 0.351851 0.752936 0.490987 0.858986 0.390863 0.808351 0.191162 0.363467 0.116084 0.695653 0.349459 0.762046 0.781219 0.559774 0.774637 0.564961 0.826277 0.223846 0.597284 0.117597 0.586666 0.125134 0.654717 0.048753 0.282475 0.739082 0.766304 0.566467 0.856995 0.166858 0.864622 0.178005 0.807051 0.633661 0.814585 0.640694 0.806783 0.645997 0.063511 0.449677 0.797467 0.444568 0.515325 0.098390 0.903159 0.208148 0.852025 0.179662 0.845140 0.182577 0.351750 0.769685 0.652893 0.610581 0.652494 0.620189 0.646360 0.623369 0.794433 0.503129 0.791605 0.511794 0.788650 0.508099 0.776096 0.642360 0.859297 0.794805 0.863265 0.783083 0.935303 0.632370 
						0.678732 0.146186 0.791929 0.304083 0.802652 0.187240 0.809301 0.182940 0.869478 0.634040 0.815477 0.187758 0.818807 0.197604 0.765135 0.272858 0.713540 0.649722 0.574246 0.080983 0.590337 0.188552 0.659899 0.666790 0.851202 0.658600 0.184956 0.714126 0.171888 0.709311 0.341758 0.198598 0.571467 0.137145 0.755205 0.124375 0.151069 0.310328 0.515270 0.049185 0.622489 0.149602 0.669661 0.947870 0.659488 0.953533 0.534057 0.186769 0.539318 0.185848 0.424145 0.894969 0.582670 0.776085 0.765568 0.142114 0.576869 0.049232 0.930550 0.794683 0.932926 0.790817 0.162053 0.637129 0.158829 0.643944 0.882476 0.712121 0.585768 0.161424 0.557145 0.258337 0.609975 0.789514 0.674625 0.792358 0.685185 0.787630 0.731064 0.851737 0.774415 0.714776 0.778016 0.704793 0.908824 0.217130 0.839985 0.897618 0.616056 0.943625 0.619753 0.934923 0.722796 0.098029 0.731478 0.096422 0.081847 0.459775 0.646721 0.915715 0.888079 0.830517 0.415598 0.247925 0.799606 0.568823 0.232353 0.248561 0.842691 0.163754 0.065718 0.439008 0.613921 0.939117 0.082916 0.414107 0.085825 0.424276 0.849762 0.678515 0.550940 0.847006 0.534319 0.847945 0.437397 0.188348 0.517555 0.938210 
						0.528858 0.936343 0.539519 0.853849 0.936655 0.223123 0.943452 0.213669 0.941727 0.223879 0.523799 0.194889 0.537593 0.194183 0.805373 0.911700 0.815018 0.916638 0.391452 0.124400 0.399322 0.127622 0.893304 0.782603 0.561786 0.840711 0.743321 0.633655 0.888928 0.568724 0.705545 0.343819 0.729347 0.549603 0.738430 0.550694 0.732662 0.560214 0.096336 0.399696 0.093763 0.394053 0.086936 0.574522 0.283298 0.834332 0.531682 0.946557 0.273323 0.268197 0.802521 0.174044 0.813573 0.175845 0.741350 0.316724 0.202197 0.249247 0.605666 0.187265 0.600445 0.192073 0.545930 0.857610 0.305746 0.159396 0.801990 0.849357 0.787963 0.846831 0.524794 0.850817 0.524142 0.843061 0.265192 0.215636 0.253384 0.720251 0.111744 0.641511 0.513958 0.852768 0.714727 0.573195 0.754965 0.522095 0.227592 0.342092 0.726747 0.158339 0.947927 0.766015 0.954487 0.770166 0.636155 0.917498 0.285558 0.208622 0.524336 0.865994 0.533547 0.863676 0.074431 0.461539 0.667003 0.742939 0.810928 0.422322 0.859384 0.808804 0.457200 0.739054 0.776859 0.697222 0.177717 0.604511 0.231030 0.681674 0.254164 0.794269 0.804459 0.387584 0.554158 0.861668 0.541194 0.870067 0.094229 0.365647 
						0.768588 0.699957 0.845938 0.723177 0.896949 0.813964 0.892945 0.826471 0.498715 0.878721 0.272035 0.163080 0.508050 0.882222 0.464752 0.205516 0.088089 0.562328 0.907256 0.427511 0.893678 0.426318 0.092676 0.411139 0.748096 0.334100 0.523635 0.930758 0.510905 0.872704 0.500318 0.872035 0.513701 0.867154 0.091783 0.339390 0.100709 0.329712 0.834916 0.264124 0.178877 0.335929 0.181680 0.329994 0.185037 0.339537 0.226192 0.211273 0.574357 0.145687 0.253884 0.304753 0.822670 0.535076 0.884237 0.275324 0.890309 0.746215 0.883100 0.733930 0.600580 0.268805 0.947812 0.186610 0.943890 0.188156 0.505523 0.860894 0.500767 0.856667 0.434066 0.103878 0.431069 0.112404 0.317199 0.193642 0.497778 0.743808 0.703896 0.928046 0.865175 0.756632 0.181633 0.718870 0.174172 0.717144 0.361748 0.093633 0.369860 0.085186 0.840628 0.409135 0.487172 0.871353 0.215445 0.775701 0.734015 0.150805 0.332283 0.816736 0.899502 0.539694 0.648562 0.048060 0.883110 0.294963 0.890373 0.306603 0.874689 0.670593 0.866483 0.169434 0.198728 0.618632 0.782128 0.413709 0.862355 0.082937 0.806110 0.872691 0.675745 0.868266 0.683768 0.878215 0.363650 0.696057 0.800576 0.453727 
						0.791432 0.455172 0.723739 0.298494 0.775370 0.689956 0.781710 0.684660 0.790249 0.570505 0.395317 0.094423 0.403270 0.083031 0.507397 0.771970 0.642297 0.896262 0.793689 0.802887 0.794035 0.817289 0.147241 0.382400 0.723570 0.716264 0.431890 0.737943 0.419309 0.736780 0.253771 0.803965 0.458809 0.211776 0.945349 0.380322 0.881608 0.314484 0.090005 0.465611 0.763106 0.188294 0.658450 0.308351 0.377368 0.738529 0.371952 0.727069 0.646335 0.298651 0.333012 0.199600 0.537595 0.887273 0.543620 0.874705 0.647308 0.104923 0.529203 0.878147 0.944030 0.185185 0.736042 0.582895 0.895944 0.686551 0.665765 0.349851 0.798608 0.577064 0.520445 0.888047 0.866420 0.403555 0.861550 0.415749 0.723711 0.676815 0.732876 0.665070 0.654612 0.802181 0.398501 0.785025 0.267682 0.717944 0.766625 0.558666 0.518269 0.873107 0.912993 0.158597 0.279660 0.154875 0.286687 0.147577 0.064493 0.401261 0.069950 0.393391 0.806612 0.885075 0.698633 0.756413 0.126107 0.383640 0.874888 0.598309 0.463335 0.222294 0.836112 0.457918 0.834309 0.833497 0.322404 0.685900 0.312483 0.680198 0.393017 0.087820 0.379807 0.082365 0.391692 0.077300 0.734375 0.141487 0.591872 0.269222 
						0.760323 0.326044 0.783098 0.928082 0.798985 0.922219 0.283088 0.838418 0.175427 0.351388 0.444890 0.142791 0.946430 0.172689 0.950433 0.181166 0.260354 0.774600 0.860532 0.183122 0.851634 0.190104 0.756125 0.048945 0.691836 0.657093 0.607047 0.299347 0.645385 0.928322 0.161336 0.617949 0.347816 0.260009 0.794107 0.547782 0.512086 0.827955 0.502524 0.826352 0.310297 0.230228 0.514511 0.837145 0.832375 0.824656 0.837814 0.822245 0.183380 0.689247 0.793420 0.856157 0.806517 0.861920 0.574269 0.886498 0.191316 0.372298 0.183379 0.368021 0.673207 0.107906 0.665492 0.318158 0.682649 0.390057 0.679763 0.380487 0.723813 0.546590 0.107331 0.326224 0.269552 0.839612 0.387374 0.815507 0.315554 0.278903 0.762930 0.417856 0.772590 0.421952 0.841103 0.869590 0.768410 0.627015 0.100853 0.448022 0.361629 0.730322 0.348884 0.732700 0.871471 0.681490 0.526118 0.044676 0.937589 0.731851 0.269126 0.190252 0.787647 0.540903 0.659800 0.324255 0.438030 0.123117 0.148283 0.401899 0.333347 0.885751 0.875074 0.613642 0.516895 0.753301 0.543479 0.244162 0.306598 0.835193 0.073001 0.566328 0.473005 0.088331 0.605133 0.770637 0.594060 0.772729 0.874053 0.783569 
						0.749359 0.234780 0.606952 0.265838 0.262137 0.311733 0.935583 0.657264 0.403783 0.197370 0.889251 0.798527 0.507864 0.846247 0.199430 0.213477 0.656108 0.109213 0.791053 0.594224 0.801917 0.089578 0.791645 0.083900 0.850525 0.392843 0.841336 0.600032 0.234763 0.310141 0.846523 0.201976 0.907852 0.304974 0.152379 0.646200 0.566889 0.707008 0.132122 0.418157 0.623129 0.140815 0.679016 0.157701 0.143219 0.601404 0.093149 0.619286 0.457941 0.205486 0.672594 0.374524 0.712074 0.606017 0.802408 0.657744 0.785610 0.722080 0.207926 0.263471 0.299049 0.796742 0.187873 0.695845 0.191578 0.695237 0.628201 0.878655 0.614228 0.879273 0.623015 0.786742 0.353506 0.287872 0.136902 0.662041 0.572033 0.777277 0.922361 0.273884 0.898530 0.833406 0.307767 0.868102 0.312867 0.874202 0.812560 0.361374 0.285200 0.226193 0.603682 0.060391 0.600206 0.054034 0.914313 0.263530 0.908954 0.179376 0.450131 0.161403 0.453817 0.166728 0.348653 0.248118 0.814467 0.516024 0.733865 0.591233 0.827004 0.205137 0.786353 0.801114 0.775985 0.807441 0.388742 0.188321 0.392714 0.196641 0.657728 0.137141 0.829068 0.473105 0.782839 0.072227 0.767309 0.810326 0.213304 0.223347 
						0.343287 0.739071 0.561608 0.698981 0.183770 0.780651 0.193521 0.774963 0.195073 0.783049 0.545030 0.267274 0.258666 0.288845 0.150555 0.742999 0.287962 0.141798 0.296514 0.144100 0.167824 0.604725 0.169834 0.595762 0.898637 0.826341 0.763674 0.819471 0.740472 0.762211 0.743511 0.765734 0.730967 0.770296 0.276224 0.845260 0.586397 0.081797 0.595100 0.290146 0.665063 0.286118 0.518515 0.089735 0.724901 0.728925 0.601080 0.068250 0.606078 0.065228 0.750564 0.746262 0.757758 0.753177 0.746416 0.756348 0.152319 0.678434 0.328663 0.169333 0.460643 0.161206 0.544635 0.783535 0.740838 0.756041 0.827280 0.787057 0.453642 0.055267 0.458664 0.060104 0.954010 0.758035 0.754247 0.758802 0.183573 0.227138 0.565399 0.213733 0.815566 0.742119 0.809412 0.745689 0.769021 0.756772 0.465455 0.904339 0.870790 0.352498 0.715455 0.867824 0.946815 0.205118 0.151727 0.247692 0.603571 0.928967 0.541172 0.035730 0.285717 0.859283 0.285272 0.856980 0.758903 0.764021 0.601726 0.037117 0.596594 0.029049 0.557074 0.267267 0.539946 0.949734 0.752303 0.251522 0.140216 0.268050 0.267774 0.278151 0.880421 0.439632 0.315895 0.248000 0.717590 0.428928 0.889434 0.249401 
						0.749005 0.773937 0.875590 0.358918 0.726578 0.238325 0.768489 0.767779 0.761640 0.776723 0.728333 0.593002 0.222702 0.181292 0.230297 0.177525 0.235462 0.259483 0.389779 0.788713 0.710882 0.286255 0.330389 0.734924 0.603911 0.948438 0.383884 0.093766 0.774217 0.783196 0.783616 0.785648 0.775582 0.793614 0.739155 0.528183 0.351627 0.799171 0.751010 0.530880 0.881857 0.407514 0.789720 0.795417 0.796677 0.785871 0.105364 0.672804 0.113787 0.682204 0.760161 0.439747 0.871029 0.367762 0.881153 0.361833 0.779341 0.765396 0.774939 0.774908 0.525292 0.123913 0.160334 0.759353 0.935866 0.624072 0.952135 0.763726 0.610149 0.929918 0.069035 0.558082 0.064204 0.557311 0.436919 0.197645 0.597827 0.896956 0.761380 0.530473 0.585811 0.884469 0.595506 0.887076 0.732203 0.208119 0.789319 0.770286 0.528966 0.265519 0.426499 0.709061 0.334179 0.760703 0.144934 0.580336 0.341004 0.694309 0.332909 0.693712 0.786196 0.776131 0.811056 0.057060 0.874169 0.692694 0.246441 0.835512 0.639312 0.120088 0.662107 0.626446 0.784734 0.064061 0.792105 0.781862 0.777978 0.467922 0.772769 0.458735 0.779777 0.456054 0.343324 0.295294 0.771888 0.467224 0.457521 0.255271 
						0.843696 0.272817 0.765309 0.780541 0.758741 0.459335 0.759005 0.448951 0.396998 0.720814 0.318292 0.867984 0.637937 0.783488 0.945109 0.733282 0.638754 0.689491 0.595489 0.941260 0.828126 0.761940 0.829295 0.755612 0.916291 0.549889 0.645061 0.333363 0.194110 0.289389 0.733254 0.773630 0.110508 0.409959 0.101188 0.416359 0.360023 0.098405 0.741005 0.781671 0.723482 0.269372 0.142065 0.295056 0.707753 0.417230 0.732845 0.762830 0.824609 0.382032 0.439929 0.061582 0.527171 0.039782 0.290710 0.134060 0.726054 0.786744 0.408070 0.256390 0.687149 0.273603 0.949126 0.323890 0.751702 0.786239 0.629622 0.778008 0.089406 0.549101 0.444222 0.743805 0.890081 0.850758 0.638926 0.286336 0.601130 0.306763 0.066746 0.472642 0.796521 0.244170 0.336360 0.299540 0.705927 0.907475 0.758266 0.566715 0.122972 0.416503 0.406918 0.714787 0.706480 0.307374 0.790396 0.172878 0.080404 0.594686 0.776633 0.104915 0.710328 0.194319 0.422920 0.246386 0.347789 0.225333 0.670001 0.659442 0.744257 0.798135 0.740803 0.795896 0.463730 0.088266 0.757186 0.800973 0.073985 0.505894 0.281917 0.185392 0.588906 0.056467 0.693966 0.899459 0.935984 0.682059 0.857540 0.290861 
						0.865634 0.296475 0.658630 0.798655 0.816910 0.446555 0.156812 0.607057 0.861412 0.682666 0.760247 0.121216 0.772697 0.115966 0.889880 0.420487 0.737807 0.789662 0.724958 0.792894 0.556011 0.691792 0.917162 0.409123 0.925603 0.403287 0.931740 0.415722 0.747149 0.808536 0.736503 0.809627 0.942416 0.807229 0.928576 0.211164 0.246759 0.162221 0.799057 0.253192 0.478508 0.773980 0.889525 0.643380 0.470832 0.765496 0.643483 0.283362 0.715695 0.771051 0.125942 0.688611 0.296023 0.698933 0.420111 0.712712 0.419503 0.705641 0.573812 0.168849 0.249050 0.751614 0.070719 0.546026 0.724113 0.771096 0.747125 0.059577 0.721001 0.388469 0.819891 0.170750 0.910706 0.295974 0.288740 0.135668 0.875489 0.340231 0.907901 0.807790 0.785832 0.057515 0.876204 0.380664 0.763835 0.789206 0.079341 0.513918 0.444984 0.203767 0.886051 0.677244 0.722924 0.776703 0.672195 0.652916 0.856206 0.132917 0.424883 0.121178 0.285103 0.860699 0.766003 0.798367 0.550773 0.769691 0.166559 0.248043 0.349509 0.697626 0.320853 0.831555 0.324979 0.879172 0.713368 0.779042 0.702154 0.784654 0.707632 0.787539 0.929180 0.706829 0.107336 0.681612 0.938862 0.291201 0.218850 0.687995 
						0.951181 0.165401 0.706475 0.704120 0.878508 0.453409 0.283667 0.857188 0.915473 0.180429 0.813910 0.402840 0.726255 0.405587 0.591714 0.295923 0.579931 0.296116 0.717394 0.789747 0.378869 0.705411 0.359596 0.740043 0.244243 0.810730 0.750115 0.456525 0.568663 0.038766 0.755435 0.815750 0.845777 0.858549 0.745684 0.444131 0.731036 0.136409 0.725860 0.132128 0.603785 0.777658 0.639727 0.808477 0.628581 0.803891 0.171790 0.626188 0.665283 0.797068 0.650317 0.807055 0.427373 0.253527 0.624164 0.810771 0.670180 0.599532 0.376765 0.698411 0.191415 0.299070 0.934319 0.706377 0.769217 0.561261 0.692992 0.631625 0.495921 0.051114 0.865323 0.089861 0.922513 0.784438 0.598519 0.816587 0.604996 0.820697 0.595909 0.821475 0.105988 0.405984 0.580142 0.822477 0.589798 0.817125 0.857848 0.775523 0.579350 0.819826 0.147041 0.572000 0.736821 0.334184 0.897447 0.113180 0.818759 0.437306 0.197925 0.360938 0.266182 0.148240 0.608895 0.815397 0.621207 0.819523 0.636780 0.820250 0.664807 0.106743 0.352270 0.293400 0.630952 0.822807 0.621725 0.827807 0.405563 0.075730 0.641454 0.826726 0.628829 0.829521 0.162411 0.626147 0.383924 0.242588 0.601374 0.833963 
						0.061947 0.474126 0.610545 0.827654 0.737417 0.441743 0.159388 0.595426 0.337065 0.729944 0.588428 0.832134 0.217840 0.188976 0.451461 0.869510 0.438728 0.867686 0.367674 0.740508 0.619149 0.841989 0.684533 0.732291 0.612440 0.839045 0.169432 0.281711 0.630054 0.838861 0.715444 0.804097 0.705846 0.816590 0.706683 0.803092 0.574696 0.836617 0.696272 0.807158 0.883041 0.587835 0.161039 0.683859 0.696099 0.819290 0.683059 0.266150 0.829203 0.900812 0.881597 0.678849 0.665966 0.805169 0.889611 0.442519 0.933900 0.585063 0.714168 0.940733 0.685531 0.806697 0.674413 0.812590 0.675217 0.801223 0.586769 0.839163 0.592130 0.940560 0.915903 0.419475 0.904631 0.117276 0.660905 0.816738 0.636681 0.297749 0.467829 0.708831 0.671576 0.824084 0.929425 0.665236 0.647232 0.819261 0.573066 0.844479 0.568939 0.855352 0.657262 0.825048 0.197828 0.791908 0.490816 0.048679 0.431065 0.247360 0.256540 0.157296 0.578983 0.856826 0.580698 0.849888 0.591895 0.850002 0.918019 0.716078 0.236996 0.336037 0.238269 0.643749 0.906630 0.175444 0.667334 0.834683 0.587535 0.032934 0.699200 0.843400 0.684696 0.847734 0.687664 0.839800 0.546120 0.810979 0.821000 0.062600 
						0.606576 0.866879 0.618542 0.868146 0.685771 0.818838 0.611534 0.859843 0.623319 0.855577 0.451893 0.747846 0.597572 0.864214 0.219027 0.814287 0.756761 0.066116 0.605607 0.848242 0.600144 0.843807 0.699286 0.828741 0.686902 0.830178 0.555020 0.779037 0.894448 0.434953 0.873919 0.344206 0.677157 0.829010 0.676617 0.836344 0.416816 0.065393 0.617877 0.853691 0.588586 0.784316 0.068512 0.475628 0.601542 0.856061 0.589411 0.863319 0.696563 0.784039 0.503299 0.045982 0.695307 0.788692 0.685797 0.791266 0.070603 0.385780 0.205038 0.803409 0.761384 0.424279 0.519101 0.042503 0.729998 0.831639 0.721628 0.836373 0.282153 0.860476 0.281785 0.856475 0.726282 0.818675 0.715953 0.810130 0.726784 0.807234 0.741737 0.817917 0.622682 0.790135 0.740713 0.824213 0.208377 0.679213 0.712373 0.820083 0.357995 0.899822 0.707040 0.834345 0.581451 0.787433 0.720784 0.831480 0.905969 0.832677 0.667886 0.608593 0.353306 0.693445 0.100523 0.663142 0.670606 0.030343 0.117874 0.294035 0.571638 0.029959 0.140291 0.412634 0.197778 0.336760 0.704712 0.795511 0.692807 0.796822 0.704332 0.034763 0.715378 0.795413 0.323204 0.299849 0.748767 0.825817 0.921234 0.843286 
						0.661914 0.843899 0.659157 0.854291 0.648838 0.843418 0.655477 0.864127 0.643890 0.859296 0.643505 0.851052 0.654511 0.833856 0.642434 0.835449 0.605084 0.668586 0.120380 0.434721 0.723206 0.841502 0.712196 0.843332 0.630933 0.846004 0.927393 0.838979 0.701385 0.852061 0.693432 0.854224 0.673180 0.852702 0.675968 0.843239 0.681370 0.854655 0.670090 0.858790 0.728017 0.800632 0.631211 0.853638 0.631127 0.864783 0.279666 0.859121 0.641952 0.868676 0.568127 0.865820 0.579492 0.865637 0.570954 0.874595 0.561791 0.876512 0.553347 0.874846 0.564200 0.886921 0.560721 0.855399 0.379367 0.905230 0.139920 0.566498 0.596892 0.874971 0.587816 0.875387 0.580308 0.880179 0.194287 0.612830 0.634589 0.955176 0.429465 0.875182 0.807718 0.489024 0.939951 0.644008 0.443366 0.877270 0.454805 0.882629 0.467399 0.877691 
					</float_array>
					<technique_common>
						<accessor count="5613" offset="0" source="#meshId0-tex0-array" stride="2">
							<param name="S" type="float" />
							<param name="T" type="float" />
						</accessor>
					</technique_common>
				</source>
				<vertices id="meshId0-vertices">
					<input semantic="POSITION" source="#meshId0-positions" />
				</vertices>
				<polylist count="10711" material="defaultMaterial">
					<input offset="0" semantic="VERTEX" source="#meshId0-vertices" />
					<input offset="0" semantic="NORMAL" source="#meshId0-normals" />
					<input offset="0" semantic="TANGENT" source="#meshId0-tangents" />
					<input offset="0" semantic="BINORMAL" source="#meshId0-bitangents" />
					<input offset="0" semantic="TEXCOORD" source="#meshId0-tex0" set="0" />
					<vcount>
						3 3 3 3 3 3 3 3 3 3 3 3 3 3 3 3 3 3 3 3 3 3 3 3 3 3 3 3 3 3 3 3 3 3 3 3 3 3 3 3 3 3 3 3 3 3 3 3 3 3 3 3 3 3 3 3 3 3 3 3 3 3 3 3 
						3 3 3 3 3 3 3 3 3 3 3 3 3 3 3 3 3 3 3 3 3 3 3 3 3 3 3 3 3 3 3 3 3 3 3 3 3 3 3 3 3 3 3 3 3 3 3 3 3 3 3 3 3 3 3 3 3 3 3 3 3 3 3 3 
						3 3 3 3 3 3 3 3 3 3 3 3 3 3 3 3 3 3 3 3 3 3 3 3 3 3 3 3 3 3 3 3 3 3 3 3 3 3 3 3 3 3 3 3 3 3 3 3 3 3 3 3 3 3 3 3 3 3 3 3 3 3 3 3 
						3 3 3 3 3 3 3 3 3 3 3 3 3 3 3 3 3 3 3 3 3 3 3 3 3 3 3 3 3 3 3 3 3 3 3 3 3 3 3 3 3 3 3 3 3 3 3 3 3 3 3 3 3 3 3 3 3 3 3 3 3 3 3 3 
						3 3 3 3 3 3 3 3 3 3 3 3 3 3 3 3 3 3 3 3 3 3 3 3 3 3 3 3 3 3 3 3 3 3 3 3 3 3 3 3 3 3 3 3 3 3 3 3 3 3 3 3 3 3 3 3 3 3 3 3 3 3 3 3 
						3 3 3 3 3 3 3 3 3 3 3 3 3 3 3 3 3 3 3 3 3 3 3 3 3 3 3 3 3 3 3 3 3 3 3 3 3 3 3 3 3 3 3 3 3 3 3 3 3 3 3 3 3 3 3 3 3 3 3 3 3 3 3 3 
						3 3 3 3 3 3 3 3 3 3 3 3 3 3 3 3 3 3 3 3 3 3 3 3 3 3 3 3 3 3 3 3 3 3 3 3 3 3 3 3 3 3 3 3 3 3 3 3 3 3 3 3 3 3 3 3 3 3 3 3 3 3 3 3 
						3 3 3 3 3 3 3 3 3 3 3 3 3 3 3 3 3 3 3 3 3 3 3 3 3 3 3 3 3 3 3 3 3 3 3 3 3 3 3 3 3 3 3 3 3 3 3 3 3 3 3 3 3 3 3 3 3 3 3 3 3 3 3 3 
						3 3 3 3 3 3 3 3 3 3 3 3 3 3 3 3 3 3 3 3 3 3 3 3 3 3 3 3 3 3 3 3 3 3 3 3 3 3 3 3 3 3 3 3 3 3 3 3 3 3 3 3 3 3 3 3 3 3 3 3 3 3 3 3 
						3 3 3 3 3 3 3 3 3 3 3 3 3 3 3 3 3 3 3 3 3 3 3 3 3 3 3 3 3 3 3 3 3 3 3 3 3 3 3 3 3 3 3 3 3 3 3 3 3 3 3 3 3 3 3 3 3 3 3 3 3 3 3 3 
						3 3 3 3 3 3 3 3 3 3 3 3 3 3 3 3 3 3 3 3 3 3 3 3 3 3 3 3 3 3 3 3 3 3 3 3 3 3 3 3 3 3 3 3 3 3 3 3 3 3 3 3 3 3 3 3 3 3 3 3 3 3 3 3 
						3 3 3 3 3 3 3 3 3 3 3 3 3 3 3 3 3 3 3 3 3 3 3 3 3 3 3 3 3 3 3 3 3 3 3 3 3 3 3 3 3 3 3 3 3 3 3 3 3 3 3 3 3 3 3 3 3 3 3 3 3 3 3 3 
						3 3 3 3 3 3 3 3 3 3 3 3 3 3 3 3 3 3 3 3 3 3 3 3 3 3 3 3 3 3 3 3 3 3 3 3 3 3 3 3 3 3 3 3 3 3 3 3 3 3 3 3 3 3 3 3 3 3 3 3 3 3 3 3 
						3 3 3 3 3 3 3 3 3 3 3 3 3 3 3 3 3 3 3 3 3 3 3 3 3 3 3 3 3 3 3 3 3 3 3 3 3 3 3 3 3 3 3 3 3 3 3 3 3 3 3 3 3 3 3 3 3 3 3 3 3 3 3 3 
						3 3 3 3 3 3 3 3 3 3 3 3 3 3 3 3 3 3 3 3 3 3 3 3 3 3 3 3 3 3 3 3 3 3 3 3 3 3 3 3 3 3 3 3 3 3 3 3 3 3 3 3 3 3 3 3 3 3 3 3 3 3 3 3 
						3 3 3 3 3 3 3 3 3 3 3 3 3 3 3 3 3 3 3 3 3 3 3 3 3 3 3 3 3 3 3 3 3 3 3 3 3 3 3 3 3 3 3 3 3 3 3 3 3 3 3 3 3 3 3 3 3 3 3 3 3 3 3 3 
						3 3 3 3 3 3 3 3 3 3 3 3 3 3 3 3 3 3 3 3 3 3 3 3 3 3 3 3 3 3 3 3 3 3 3 3 3 3 3 3 3 3 3 3 3 3 3 3 3 3 3 3 3 3 3 3 3 3 3 3 3 3 3 3 
						3 3 3 3 3 3 3 3 3 3 3 3 3 3 3 3 3 3 3 3 3 3 3 3 3 3 3 3 3 3 3 3 3 3 3 3 3 3 3 3 3 3 3 3 3 3 3 3 3 3 3 3 3 3 3 3 3 3 3 3 3 3 3 3 
						3 3 3 3 3 3 3 3 3 3 3 3 3 3 3 3 3 3 3 3 3 3 3 3 3 3 3 3 3 3 3 3 3 3 3 3 3 3 3 3 3 3 3 3 3 3 3 3 3 3 3 3 3 3 3 3 3 3 3 3 3 3 3 3 
						3 3 3 3 3 3 3 3 3 3 3 3 3 3 3 3 3 3 3 3 3 3 3 3 3 3 3 3 3 3 3 3 3 3 3 3 3 3 3 3 3 3 3 3 3 3 3 3 3 3 3 3 3 3 3 3 3 3 3 3 3 3 3 3 
						3 3 3 3 3 3 3 3 3 3 3 3 3 3 3 3 3 3 3 3 3 3 3 3 3 3 3 3 3 3 3 3 3 3 3 3 3 3 3 3 3 3 3 3 3 3 3 3 3 3 3 3 3 3 3 3 3 3 3 3 3 3 3 3 
						3 3 3 3 3 3 3 3 3 3 3 3 3 3 3 3 3 3 3 3 3 3 3 3 3 3 3 3 3 3 3 3 3 3 3 3 3 3 3 3 3 3 3 3 3 3 3 3 3 3 3 3 3 3 3 3 3 3 3 3 3 3 3 3 
						3 3 3 3 3 3 3 3 3 3 3 3 3 3 3 3 3 3 3 3 3 3 3 3 3 3 3 3 3 3 3 3 3 3 3 3 3 3 3 3 3 3 3 3 3 3 3 3 3 3 3 3 3 3 3 3 3 3 3 3 3 3 3 3 
						3 3 3 3 3 3 3 3 3 3 3 3 3 3 3 3 3 3 3 3 3 3 3 3 3 3 3 3 3 3 3 3 3 3 3 3 3 3 3 3 3 3 3 3 3 3 3 3 3 3 3 3 3 3 3 3 3 3 3 3 3 3 3 3 
						3 3 3 3 3 3 3 3 3 3 3 3 3 3 3 3 3 3 3 3 3 3 3 3 3 3 3 3 3 3 3 3 3 3 3 3 3 3 3 3 3 3 3 3 3 3 3 3 3 3 3 3 3 3 3 3 3 3 3 3 3 3 3 3 
						3 3 3 3 3 3 3 3 3 3 3 3 3 3 3 3 3 3 3 3 3 3 3 3 3 3 3 3 3 3 3 3 3 3 3 3 3 3 3 3 3 3 3 3 3 3 3 3 3 3 3 3 3 3 3 3 3 3 3 3 3 3 3 3 
						3 3 3 3 3 3 3 3 3 3 3 3 3 3 3 3 3 3 3 3 3 3 3 3 3 3 3 3 3 3 3 3 3 3 3 3 3 3 3 3 3 3 3 3 3 3 3 3 3 3 3 3 3 3 3 3 3 3 3 3 3 3 3 3 
						3 3 3 3 3 3 3 3 3 3 3 3 3 3 3 3 3 3 3 3 3 3 3 3 3 3 3 3 3 3 3 3 3 3 3 3 3 3 3 3 3 3 3 3 3 3 3 3 3 3 3 3 3 3 3 3 3 3 3 3 3 3 3 3 
						3 3 3 3 3 3 3 3 3 3 3 3 3 3 3 3 3 3 3 3 3 3 3 3 3 3 3 3 3 3 3 3 3 3 3 3 3 3 3 3 3 3 3 3 3 3 3 3 3 3 3 3 3 3 3 3 3 3 3 3 3 3 3 3 
						3 3 3 3 3 3 3 3 3 3 3 3 3 3 3 3 3 3 3 3 3 3 3 3 3 3 3 3 3 3 3 3 3 3 3 3 3 3 3 3 3 3 3 3 3 3 3 3 3 3 3 3 3 3 3 3 3 3 3 3 3 3 3 3 
						3 3 3 3 3 3 3 3 3 3 3 3 3 3 3 3 3 3 3 3 3 3 3 3 3 3 3 3 3 3 3 3 3 3 3 3 3 3 3 3 3 3 3 3 3 3 3 3 3 3 3 3 3 3 3 3 3 3 3 3 3 3 3 3 
						3 3 3 3 3 3 3 3 3 3 3 3 3 3 3 3 3 3 3 3 3 3 3 3 3 3 3 3 3 3 3 3 3 3 3 3 3 3 3 3 3 3 3 3 3 3 3 3 3 3 3 3 3 3 3 3 3 3 3 3 3 3 3 3 
						3 3 3 3 3 3 3 3 3 3 3 3 3 3 3 3 3 3 3 3 3 3 3 3 3 3 3 3 3 3 3 3 3 3 3 3 3 3 3 3 3 3 3 3 3 3 3 3 3 3 3 3 3 3 3 3 3 3 3 3 3 3 3 3 
						3 3 3 3 3 3 3 3 3 3 3 3 3 3 3 3 3 3 3 3 3 3 3 3 3 3 3 3 3 3 3 3 3 3 3 3 3 3 3 3 3 3 3 3 3 3 3 3 3 3 3 3 3 3 3 3 3 3 3 3 3 3 3 3 
						3 3 3 3 3 3 3 3 3 3 3 3 3 3 3 3 3 3 3 3 3 3 3 3 3 3 3 3 3 3 3 3 3 3 3 3 3 3 3 3 3 3 3 3 3 3 3 3 3 3 3 3 3 3 3 3 3 3 3 3 3 3 3 3 
						3 3 3 3 3 3 3 3 3 3 3 3 3 3 3 3 3 3 3 3 3 3 3 3 3 3 3 3 3 3 3 3 3 3 3 3 3 3 3 3 3 3 3 3 3 3 3 3 3 3 3 3 3 3 3 3 3 3 3 3 3 3 3 3 
						3 3 3 3 3 3 3 3 3 3 3 3 3 3 3 3 3 3 3 3 3 3 3 3 3 3 3 3 3 3 3 3 3 3 3 3 3 3 3 3 3 3 3 3 3 3 3 3 3 3 3 3 3 3 3 3 3 3 3 3 3 3 3 3 
						3 3 3 3 3 3 3 3 3 3 3 3 3 3 3 3 3 3 3 3 3 3 3 3 3 3 3 3 3 3 3 3 3 3 3 3 3 3 3 3 3 3 3 3 3 3 3 3 3 3 3 3 3 3 3 3 3 3 3 3 3 3 3 3 
						3 3 3 3 3 3 3 3 3 3 3 3 3 3 3 3 3 3 3 3 3 3 3 3 3 3 3 3 3 3 3 3 3 3 3 3 3 3 3 3 3 3 3 3 3 3 3 3 3 3 3 3 3 3 3 3 3 3 3 3 3 3 3 3 
						3 3 3 3 3 3 3 3 3 3 3 3 3 3 3 3 3 3 3 3 3 3 3 3 3 3 3 3 3 3 3 3 3 3 3 3 3 3 3 3 3 3 3 3 3 3 3 3 3 3 3 3 3 3 3 3 3 3 3 3 3 3 3 3 
						3 3 3 3 3 3 3 3 3 3 3 3 3 3 3 3 3 3 3 3 3 3 3 3 3 3 3 3 3 3 3 3 3 3 3 3 3 3 3 3 3 3 3 3 3 3 3 3 3 3 3 3 3 3 3 3 3 3 3 3 3 3 3 3 
						3 3 3 3 3 3 3 3 3 3 3 3 3 3 3 3 3 3 3 3 3 3 3 3 3 3 3 3 3 3 3 3 3 3 3 3 3 3 3 3 3 3 3 3 3 3 3 3 3 3 3 3 3 3 3 3 3 3 3 3 3 3 3 3 
						3 3 3 3 3 3 3 3 3 3 3 3 3 3 3 3 3 3 3 3 3 3 3 3 3 3 3 3 3 3 3 3 3 3 3 3 3 3 3 3 3 3 3 3 3 3 3 3 3 3 3 3 3 3 3 3 3 3 3 3 3 3 3 3 
						3 3 3 3 3 3 3 3 3 3 3 3 3 3 3 3 3 3 3 3 3 3 3 3 3 3 3 3 3 3 3 3 3 3 3 3 3 3 3 3 3 3 3 3 3 3 3 3 3 3 3 3 3 3 3 3 3 3 3 3 3 3 3 3 
						3 3 3 3 3 3 3 3 3 3 3 3 3 3 3 3 3 3 3 3 3 3 3 3 3 3 3 3 3 3 3 3 3 3 3 3 3 3 3 3 3 3 3 3 3 3 3 3 3 3 3 3 3 3 3 3 3 3 3 3 3 3 3 3 
						3 3 3 3 3 3 3 3 3 3 3 3 3 3 3 3 3 3 3 3 3 3 3 3 3 3 3 3 3 3 3 3 3 3 3 3 3 3 3 3 3 3 3 3 3 3 3 3 3 3 3 3 3 3 3 3 3 3 3 3 3 3 3 3 
						3 3 3 3 3 3 3 3 3 3 3 3 3 3 3 3 3 3 3 3 3 3 3 3 3 3 3 3 3 3 3 3 3 3 3 3 3 3 3 3 3 3 3 3 3 3 3 3 3 3 3 3 3 3 3 3 3 3 3 3 3 3 3 3 
						3 3 3 3 3 3 3 3 3 3 3 3 3 3 3 3 3 3 3 3 3 3 3 3 3 3 3 3 3 3 3 3 3 3 3 3 3 3 3 3 3 3 3 3 3 3 3 3 3 3 3 3 3 3 3 3 3 3 3 3 3 3 3 3 
						3 3 3 3 3 3 3 3 3 3 3 3 3 3 3 3 3 3 3 3 3 3 3 3 3 3 3 3 3 3 3 3 3 3 3 3 3 3 3 3 3 3 3 3 3 3 3 3 3 3 3 3 3 3 3 3 3 3 3 3 3 3 3 3 
						3 3 3 3 3 3 3 3 3 3 3 3 3 3 3 3 3 3 3 3 3 3 3 3 3 3 3 3 3 3 3 3 3 3 3 3 3 3 3 3 3 3 3 3 3 3 3 3 3 3 3 3 3 3 3 3 3 3 3 3 3 3 3 3 
						3 3 3 3 3 3 3 3 3 3 3 3 3 3 3 3 3 3 3 3 3 3 3 3 3 3 3 3 3 3 3 3 3 3 3 3 3 3 3 3 3 3 3 3 3 3 3 3 3 3 3 3 3 3 3 3 3 3 3 3 3 3 3 3 
						3 3 3 3 3 3 3 3 3 3 3 3 3 3 3 3 3 3 3 3 3 3 3 3 3 3 3 3 3 3 3 3 3 3 3 3 3 3 3 3 3 3 3 3 3 3 3 3 3 3 3 3 3 3 3 3 3 3 3 3 3 3 3 3 
						3 3 3 3 3 3 3 3 3 3 3 3 3 3 3 3 3 3 3 3 3 3 3 3 3 3 3 3 3 3 3 3 3 3 3 3 3 3 3 3 3 3 3 3 3 3 3 3 3 3 3 3 3 3 3 3 3 3 3 3 3 3 3 3 
						3 3 3 3 3 3 3 3 3 3 3 3 3 3 3 3 3 3 3 3 3 3 3 3 3 3 3 3 3 3 3 3 3 3 3 3 3 3 3 3 3 3 3 3 3 3 3 3 3 3 3 3 3 3 3 3 3 3 3 3 3 3 3 3 
						3 3 3 3 3 3 3 3 3 3 3 3 3 3 3 3 3 3 3 3 3 3 3 3 3 3 3 3 3 3 3 3 3 3 3 3 3 3 3 3 3 3 3 3 3 3 3 3 3 3 3 3 3 3 3 3 3 3 3 3 3 3 3 3 
						3 3 3 3 3 3 3 3 3 3 3 3 3 3 3 3 3 3 3 3 3 3 3 3 3 3 3 3 3 3 3 3 3 3 3 3 3 3 3 3 3 3 3 3 3 3 3 3 3 3 3 3 3 3 3 3 3 3 3 3 3 3 3 3 
						3 3 3 3 3 3 3 3 3 3 3 3 3 3 3 3 3 3 3 3 3 3 3 3 3 3 3 3 3 3 3 3 3 3 3 3 3 3 3 3 3 3 3 3 3 3 3 3 3 3 3 3 3 3 3 3 3 3 3 3 3 3 3 3 
						3 3 3 3 3 3 3 3 3 3 3 3 3 3 3 3 3 3 3 3 3 3 3 3 3 3 3 3 3 3 3 3 3 3 3 3 3 3 3 3 3 3 3 3 3 3 3 3 3 3 3 3 3 3 3 3 3 3 3 3 3 3 3 3 
						3 3 3 3 3 3 3 3 3 3 3 3 3 3 3 3 3 3 3 3 3 3 3 3 3 3 3 3 3 3 3 3 3 3 3 3 3 3 3 3 3 3 3 3 3 3 3 3 3 3 3 3 3 3 3 3 3 3 3 3 3 3 3 3 
						3 3 3 3 3 3 3 3 3 3 3 3 3 3 3 3 3 3 3 3 3 3 3 3 3 3 3 3 3 3 3 3 3 3 3 3 3 3 3 3 3 3 3 3 3 3 3 3 3 3 3 3 3 3 3 3 3 3 3 3 3 3 3 3 
						3 3 3 3 3 3 3 3 3 3 3 3 3 3 3 3 3 3 3 3 3 3 3 3 3 3 3 3 3 3 3 3 3 3 3 3 3 3 3 3 3 3 3 3 3 3 3 3 3 3 3 3 3 3 3 3 3 3 3 3 3 3 3 3 
						3 3 3 3 3 3 3 3 3 3 3 3 3 3 3 3 3 3 3 3 3 3 3 3 3 3 3 3 3 3 3 3 3 3 3 3 3 3 3 3 3 3 3 3 3 3 3 3 3 3 3 3 3 3 3 3 3 3 3 3 3 3 3 3 
						3 3 3 3 3 3 3 3 3 3 3 3 3 3 3 3 3 3 3 3 3 3 3 3 3 3 3 3 3 3 3 3 3 3 3 3 3 3 3 3 3 3 3 3 3 3 3 3 3 3 3 3 3 3 3 3 3 3 3 3 3 3 3 3 
						3 3 3 3 3 3 3 3 3 3 3 3 3 3 3 3 3 3 3 3 3 3 3 3 3 3 3 3 3 3 3 3 3 3 3 3 3 3 3 3 3 3 3 3 3 3 3 3 3 3 3 3 3 3 3 3 3 3 3 3 3 3 3 3 
						3 3 3 3 3 3 3 3 3 3 3 3 3 3 3 3 3 3 3 3 3 3 3 3 3 3 3 3 3 3 3 3 3 3 3 3 3 3 3 3 3 3 3 3 3 3 3 3 3 3 3 3 3 3 3 3 3 3 3 3 3 3 3 3 
						3 3 3 3 3 3 3 3 3 3 3 3 3 3 3 3 3 3 3 3 3 3 3 3 3 3 3 3 3 3 3 3 3 3 3 3 3 3 3 3 3 3 3 3 3 3 3 3 3 3 3 3 3 3 3 3 3 3 3 3 3 3 3 3 
						3 3 3 3 3 3 3 3 3 3 3 3 3 3 3 3 3 3 3 3 3 3 3 3 3 3 3 3 3 3 3 3 3 3 3 3 3 3 3 3 3 3 3 3 3 3 3 3 3 3 3 3 3 3 3 3 3 3 3 3 3 3 3 3 
						3 3 3 3 3 3 3 3 3 3 3 3 3 3 3 3 3 3 3 3 3 3 3 3 3 3 3 3 3 3 3 3 3 3 3 3 3 3 3 3 3 3 3 3 3 3 3 3 3 3 3 3 3 3 3 3 3 3 3 3 3 3 3 3 
						3 3 3 3 3 3 3 3 3 3 3 3 3 3 3 3 3 3 3 3 3 3 3 3 3 3 3 3 3 3 3 3 3 3 3 3 3 3 3 3 3 3 3 3 3 3 3 3 3 3 3 3 3 3 3 3 3 3 3 3 3 3 3 3 
						3 3 3 3 3 3 3 3 3 3 3 3 3 3 3 3 3 3 3 3 3 3 3 3 3 3 3 3 3 3 3 3 3 3 3 3 3 3 3 3 3 3 3 3 3 3 3 3 3 3 3 3 3 3 3 3 3 3 3 3 3 3 3 3 
						3 3 3 3 3 3 3 3 3 3 3 3 3 3 3 3 3 3 3 3 3 3 3 3 3 3 3 3 3 3 3 3 3 3 3 3 3 3 3 3 3 3 3 3 3 3 3 3 3 3 3 3 3 3 3 3 3 3 3 3 3 3 3 3 
						3 3 3 3 3 3 3 3 3 3 3 3 3 3 3 3 3 3 3 3 3 3 3 3 3 3 3 3 3 3 3 3 3 3 3 3 3 3 3 3 3 3 3 3 3 3 3 3 3 3 3 3 3 3 3 3 3 3 3 3 3 3 3 3 
						3 3 3 3 3 3 3 3 3 3 3 3 3 3 3 3 3 3 3 3 3 3 3 3 3 3 3 3 3 3 3 3 3 3 3 3 3 3 3 3 3 3 3 3 3 3 3 3 3 3 3 3 3 3 3 3 3 3 3 3 3 3 3 3 
						3 3 3 3 3 3 3 3 3 3 3 3 3 3 3 3 3 3 3 3 3 3 3 3 3 3 3 3 3 3 3 3 3 3 3 3 3 3 3 3 3 3 3 3 3 3 3 3 3 3 3 3 3 3 3 3 3 3 3 3 3 3 3 3 
						3 3 3 3 3 3 3 3 3 3 3 3 3 3 3 3 3 3 3 3 3 3 3 3 3 3 3 3 3 3 3 3 3 3 3 3 3 3 3 3 3 3 3 3 3 3 3 3 3 3 3 3 3 3 3 3 3 3 3 3 3 3 3 3 
						3 3 3 3 3 3 3 3 3 3 3 3 3 3 3 3 3 3 3 3 3 3 3 3 3 3 3 3 3 3 3 3 3 3 3 3 3 3 3 3 3 3 3 3 3 3 3 3 3 3 3 3 3 3 3 3 3 3 3 3 3 3 3 3 
						3 3 3 3 3 3 3 3 3 3 3 3 3 3 3 3 3 3 3 3 3 3 3 3 3 3 3 3 3 3 3 3 3 3 3 3 3 3 3 3 3 3 3 3 3 3 3 3 3 3 3 3 3 3 3 3 3 3 3 3 3 3 3 3 
						3 3 3 3 3 3 3 3 3 3 3 3 3 3 3 3 3 3 3 3 3 3 3 3 3 3 3 3 3 3 3 3 3 3 3 3 3 3 3 3 3 3 3 3 3 3 3 3 3 3 3 3 3 3 3 3 3 3 3 3 3 3 3 3 
						3 3 3 3 3 3 3 3 3 3 3 3 3 3 3 3 3 3 3 3 3 3 3 3 3 3 3 3 3 3 3 3 3 3 3 3 3 3 3 3 3 3 3 3 3 3 3 3 3 3 3 3 3 3 3 3 3 3 3 3 3 3 3 3 
						3 3 3 3 3 3 3 3 3 3 3 3 3 3 3 3 3 3 3 3 3 3 3 3 3 3 3 3 3 3 3 3 3 3 3 3 3 3 3 3 3 3 3 3 3 3 3 3 3 3 3 3 3 3 3 3 3 3 3 3 3 3 3 3 
						3 3 3 3 3 3 3 3 3 3 3 3 3 3 3 3 3 3 3 3 3 3 3 3 3 3 3 3 3 3 3 3 3 3 3 3 3 3 3 3 3 3 3 3 3 3 3 3 3 3 3 3 3 3 3 3 3 3 3 3 3 3 3 3 
						3 3 3 3 3 3 3 3 3 3 3 3 3 3 3 3 3 3 3 3 3 3 3 3 3 3 3 3 3 3 3 3 3 3 3 3 3 3 3 3 3 3 3 3 3 3 3 3 3 3 3 3 3 3 3 3 3 3 3 3 3 3 3 3 
						3 3 3 3 3 3 3 3 3 3 3 3 3 3 3 3 3 3 3 3 3 3 3 3 3 3 3 3 3 3 3 3 3 3 3 3 3 3 3 3 3 3 3 3 3 3 3 3 3 3 3 3 3 3 3 3 3 3 3 3 3 3 3 3 
						3 3 3 3 3 3 3 3 3 3 3 3 3 3 3 3 3 3 3 3 3 3 3 3 3 3 3 3 3 3 3 3 3 3 3 3 3 3 3 3 3 3 3 3 3 3 3 3 3 3 3 3 3 3 3 3 3 3 3 3 3 3 3 3 
						3 3 3 3 3 3 3 3 3 3 3 3 3 3 3 3 3 3 3 3 3 3 3 3 3 3 3 3 3 3 3 3 3 3 3 3 3 3 3 3 3 3 3 3 3 3 3 3 3 3 3 3 3 3 3 3 3 3 3 3 3 3 3 3 
						3 3 3 3 3 3 3 3 3 3 3 3 3 3 3 3 3 3 3 3 3 3 3 3 3 3 3 3 3 3 3 3 3 3 3 3 3 3 3 3 3 3 3 3 3 3 3 3 3 3 3 3 3 3 3 3 3 3 3 3 3 3 3 3 
						3 3 3 3 3 3 3 3 3 3 3 3 3 3 3 3 3 3 3 3 3 3 3 3 3 3 3 3 3 3 3 3 3 3 3 3 3 3 3 3 3 3 3 3 3 3 3 3 3 3 3 3 3 3 3 3 3 3 3 3 3 3 3 3 
						3 3 3 3 3 3 3 3 3 3 3 3 3 3 3 3 3 3 3 3 3 3 3 3 3 3 3 3 3 3 3 3 3 3 3 3 3 3 3 3 3 3 3 3 3 3 3 3 3 3 3 3 3 3 3 3 3 3 3 3 3 3 3 3 
						3 3 3 3 3 3 3 3 3 3 3 3 3 3 3 3 3 3 3 3 3 3 3 3 3 3 3 3 3 3 3 3 3 3 3 3 3 3 3 3 3 3 3 3 3 3 3 3 3 3 3 3 3 3 3 3 3 3 3 3 3 3 3 3 
						3 3 3 3 3 3 3 3 3 3 3 3 3 3 3 3 3 3 3 3 3 3 3 3 3 3 3 3 3 3 3 3 3 3 3 3 3 3 3 3 3 3 3 3 3 3 3 3 3 3 3 3 3 3 3 3 3 3 3 3 3 3 3 3 
						3 3 3 3 3 3 3 3 3 3 3 3 3 3 3 3 3 3 3 3 3 3 3 3 3 3 3 3 3 3 3 3 3 3 3 3 3 3 3 3 3 3 3 3 3 3 3 3 3 3 3 3 3 3 3 3 3 3 3 3 3 3 3 3 
						3 3 3 3 3 3 3 3 3 3 3 3 3 3 3 3 3 3 3 3 3 3 3 3 3 3 3 3 3 3 3 3 3 3 3 3 3 3 3 3 3 3 3 3 3 3 3 3 3 3 3 3 3 3 3 3 3 3 3 3 3 3 3 3 
						3 3 3 3 3 3 3 3 3 3 3 3 3 3 3 3 3 3 3 3 3 3 3 3 3 3 3 3 3 3 3 3 3 3 3 3 3 3 3 3 3 3 3 3 3 3 3 3 3 3 3 3 3 3 3 3 3 3 3 3 3 3 3 3 
						3 3 3 3 3 3 3 3 3 3 3 3 3 3 3 3 3 3 3 3 3 3 3 3 3 3 3 3 3 3 3 3 3 3 3 3 3 3 3 3 3 3 3 3 3 3 3 3 3 3 3 3 3 3 3 3 3 3 3 3 3 3 3 3 
						3 3 3 3 3 3 3 3 3 3 3 3 3 3 3 3 3 3 3 3 3 3 3 3 3 3 3 3 3 3 3 3 3 3 3 3 3 3 3 3 3 3 3 3 3 3 3 3 3 3 3 3 3 3 3 3 3 3 3 3 3 3 3 3 
						3 3 3 3 3 3 3 3 3 3 3 3 3 3 3 3 3 3 3 3 3 3 3 3 3 3 3 3 3 3 3 3 3 3 3 3 3 3 3 3 3 3 3 3 3 3 3 3 3 3 3 3 3 3 3 3 3 3 3 3 3 3 3 3 
						3 3 3 3 3 3 3 3 3 3 3 3 3 3 3 3 3 3 3 3 3 3 3 3 3 3 3 3 3 3 3 3 3 3 3 3 3 3 3 3 3 3 3 3 3 3 3 3 3 3 3 3 3 3 3 3 3 3 3 3 3 3 3 3 
						3 3 3 3 3 3 3 3 3 3 3 3 3 3 3 3 3 3 3 3 3 3 3 3 3 3 3 3 3 3 3 3 3 3 3 3 3 3 3 3 3 3 3 3 3 3 3 3 3 3 3 3 3 3 3 3 3 3 3 3 3 3 3 3 
						3 3 3 3 3 3 3 3 3 3 3 3 3 3 3 3 3 3 3 3 3 3 3 3 3 3 3 3 3 3 3 3 3 3 3 3 3 3 3 3 3 3 3 3 3 3 3 3 3 3 3 3 3 3 3 3 3 3 3 3 3 3 3 3 
						3 3 3 3 3 3 3 3 3 3 3 3 3 3 3 3 3 3 3 3 3 3 3 3 3 3 3 3 3 3 3 3 3 3 3 3 3 3 3 3 3 3 3 3 3 3 3 3 3 3 3 3 3 3 3 3 3 3 3 3 3 3 3 3 
						3 3 3 3 3 3 3 3 3 3 3 3 3 3 3 3 3 3 3 3 3 3 3 3 3 3 3 3 3 3 3 3 3 3 3 3 3 3 3 3 3 3 3 3 3 3 3 3 3 3 3 3 3 3 3 3 3 3 3 3 3 3 3 3 
						3 3 3 3 3 3 3 3 3 3 3 3 3 3 3 3 3 3 3 3 3 3 3 3 3 3 3 3 3 3 3 3 3 3 3 3 3 3 3 3 3 3 3 3 3 3 3 3 3 3 3 3 3 3 3 3 3 3 3 3 3 3 3 3 
						3 3 3 3 3 3 3 3 3 3 3 3 3 3 3 3 3 3 3 3 3 3 3 3 3 3 3 3 3 3 3 3 3 3 3 3 3 3 3 3 3 3 3 3 3 3 3 3 3 3 3 3 3 3 3 3 3 3 3 3 3 3 3 3 
						3 3 3 3 3 3 3 3 3 3 3 3 3 3 3 3 3 3 3 3 3 3 3 3 3 3 3 3 3 3 3 3 3 3 3 3 3 3 3 3 3 3 3 3 3 3 3 3 3 3 3 3 3 3 3 3 3 3 3 3 3 3 3 3 
						3 3 3 3 3 3 3 3 3 3 3 3 3 3 3 3 3 3 3 3 3 3 3 3 3 3 3 3 3 3 3 3 3 3 3 3 3 3 3 3 3 3 3 3 3 3 3 3 3 3 3 3 3 3 3 3 3 3 3 3 3 3 3 3 
						3 3 3 3 3 3 3 3 3 3 3 3 3 3 3 3 3 3 3 3 3 3 3 3 3 3 3 3 3 3 3 3 3 3 3 3 3 3 3 3 3 3 3 3 3 3 3 3 3 3 3 3 3 3 3 3 3 3 3 3 3 3 3 3 
						3 3 3 3 3 3 3 3 3 3 3 3 3 3 3 3 3 3 3 3 3 3 3 3 3 3 3 3 3 3 3 3 3 3 3 3 3 3 3 3 3 3 3 3 3 3 3 3 3 3 3 3 3 3 3 3 3 3 3 3 3 3 3 3 
						3 3 3 3 3 3 3 3 3 3 3 3 3 3 3 3 3 3 3 3 3 3 3 3 3 3 3 3 3 3 3 3 3 3 3 3 3 3 3 3 3 3 3 3 3 3 3 3 3 3 3 3 3 3 3 3 3 3 3 3 3 3 3 3 
						3 3 3 3 3 3 3 3 3 3 3 3 3 3 3 3 3 3 3 3 3 3 3 3 3 3 3 3 3 3 3 3 3 3 3 3 3 3 3 3 3 3 3 3 3 3 3 3 3 3 3 3 3 3 3 3 3 3 3 3 3 3 3 3 
						3 3 3 3 3 3 3 3 3 3 3 3 3 3 3 3 3 3 3 3 3 3 3 3 3 3 3 3 3 3 3 3 3 3 3 3 3 3 3 3 3 3 3 3 3 3 3 3 3 3 3 3 3 3 3 3 3 3 3 3 3 3 3 3 
						3 3 3 3 3 3 3 3 3 3 3 3 3 3 3 3 3 3 3 3 3 3 3 3 3 3 3 3 3 3 3 3 3 3 3 3 3 3 3 3 3 3 3 3 3 3 3 3 3 3 3 3 3 3 3 3 3 3 3 3 3 3 3 3 
						3 3 3 3 3 3 3 3 3 3 3 3 3 3 3 3 3 3 3 3 3 3 3 3 3 3 3 3 3 3 3 3 3 3 3 3 3 3 3 3 3 3 3 3 3 3 3 3 3 3 3 3 3 3 3 3 3 3 3 3 3 3 3 3 
						3 3 3 3 3 3 3 3 3 3 3 3 3 3 3 3 3 3 3 3 3 3 3 3 3 3 3 3 3 3 3 3 3 3 3 3 3 3 3 3 3 3 3 3 3 3 3 3 3 3 3 3 3 3 3 3 3 3 3 3 3 3 3 3 
						3 3 3 3 3 3 3 3 3 3 3 3 3 3 3 3 3 3 3 3 3 3 3 3 3 3 3 3 3 3 3 3 3 3 3 3 3 3 3 3 3 3 3 3 3 3 3 3 3 3 3 3 3 3 3 3 3 3 3 3 3 3 3 3 
						3 3 3 3 3 3 3 3 3 3 3 3 3 3 3 3 3 3 3 3 3 3 3 3 3 3 3 3 3 3 3 3 3 3 3 3 3 3 3 3 3 3 3 3 3 3 3 3 3 3 3 3 3 3 3 3 3 3 3 3 3 3 3 3 
						3 3 3 3 3 3 3 3 3 3 3 3 3 3 3 3 3 3 3 3 3 3 3 3 3 3 3 3 3 3 3 3 3 3 3 3 3 3 3 3 3 3 3 3 3 3 3 3 3 3 3 3 3 3 3 3 3 3 3 3 3 3 3 3 
						3 3 3 3 3 3 3 3 3 3 3 3 3 3 3 3 3 3 3 3 3 3 3 3 3 3 3 3 3 3 3 3 3 3 3 3 3 3 3 3 3 3 3 3 3 3 3 3 3 3 3 3 3 3 3 3 3 3 3 3 3 3 3 3 
						3 3 3 3 3 3 3 3 3 3 3 3 3 3 3 3 3 3 3 3 3 3 3 3 3 3 3 3 3 3 3 3 3 3 3 3 3 3 3 3 3 3 3 3 3 3 3 3 3 3 3 3 3 3 3 3 3 3 3 3 3 3 3 3 
						3 3 3 3 3 3 3 3 3 3 3 3 3 3 3 3 3 3 3 3 3 3 3 3 3 3 3 3 3 3 3 3 3 3 3 3 3 3 3 3 3 3 3 3 3 3 3 3 3 3 3 3 3 3 3 3 3 3 3 3 3 3 3 3 
						3 3 3 3 3 3 3 3 3 3 3 3 3 3 3 3 3 3 3 3 3 3 3 3 3 3 3 3 3 3 3 3 3 3 3 3 3 3 3 3 3 3 3 3 3 3 3 3 3 3 3 3 3 3 3 3 3 3 3 3 3 3 3 3 
						3 3 3 3 3 3 3 3 3 3 3 3 3 3 3 3 3 3 3 3 3 3 3 3 3 3 3 3 3 3 3 3 3 3 3 3 3 3 3 3 3 3 3 3 3 3 3 3 3 3 3 3 3 3 3 3 3 3 3 3 3 3 3 3 
						3 3 3 3 3 3 3 3 3 3 3 3 3 3 3 3 3 3 3 3 3 3 3 3 3 3 3 3 3 3 3 3 3 3 3 3 3 3 3 3 3 3 3 3 3 3 3 3 3 3 3 3 3 3 3 3 3 3 3 3 3 3 3 3 
						3 3 3 3 3 3 3 3 3 3 3 3 3 3 3 3 3 3 3 3 3 3 3 3 3 3 3 3 3 3 3 3 3 3 3 3 3 3 3 3 3 3 3 3 3 3 3 3 3 3 3 3 3 3 3 3 3 3 3 3 3 3 3 3 
						3 3 3 3 3 3 3 3 3 3 3 3 3 3 3 3 3 3 3 3 3 3 3 3 3 3 3 3 3 3 3 3 3 3 3 3 3 3 3 3 3 3 3 3 3 3 3 3 3 3 3 3 3 3 3 3 3 3 3 3 3 3 3 3 
						3 3 3 3 3 3 3 3 3 3 3 3 3 3 3 3 3 3 3 3 3 3 3 3 3 3 3 3 3 3 3 3 3 3 3 3 3 3 3 3 3 3 3 3 3 3 3 3 3 3 3 3 3 3 3 3 3 3 3 3 3 3 3 3 
						3 3 3 3 3 3 3 3 3 3 3 3 3 3 3 3 3 3 3 3 3 3 3 3 3 3 3 3 3 3 3 3 3 3 3 3 3 3 3 3 3 3 3 3 3 3 3 3 3 3 3 3 3 3 3 3 3 3 3 3 3 3 3 3 
						3 3 3 3 3 3 3 3 3 3 3 3 3 3 3 3 3 3 3 3 3 3 3 3 3 3 3 3 3 3 3 3 3 3 3 3 3 3 3 3 3 3 3 3 3 3 3 3 3 3 3 3 3 3 3 3 3 3 3 3 3 3 3 3 
						3 3 3 3 3 3 3 3 3 3 3 3 3 3 3 3 3 3 3 3 3 3 3 3 3 3 3 3 3 3 3 3 3 3 3 3 3 3 3 3 3 3 3 3 3 3 3 3 3 3 3 3 3 3 3 3 3 3 3 3 3 3 3 3 
						3 3 3 3 3 3 3 3 3 3 3 3 3 3 3 3 3 3 3 3 3 3 3 3 3 3 3 3 3 3 3 3 3 3 3 3 3 3 3 3 3 3 3 3 3 3 3 3 3 3 3 3 3 3 3 3 3 3 3 3 3 3 3 3 
						3 3 3 3 3 3 3 3 3 3 3 3 3 3 3 3 3 3 3 3 3 3 3 3 3 3 3 3 3 3 3 3 3 3 3 3 3 3 3 3 3 3 3 3 3 3 3 3 3 3 3 3 3 3 3 3 3 3 3 3 3 3 3 3 
						3 3 3 3 3 3 3 3 3 3 3 3 3 3 3 3 3 3 3 3 3 3 3 3 3 3 3 3 3 3 3 3 3 3 3 3 3 3 3 3 3 3 3 3 3 3 3 3 3 3 3 3 3 3 3 3 3 3 3 3 3 3 3 3 
						3 3 3 3 3 3 3 3 3 3 3 3 3 3 3 3 3 3 3 3 3 3 3 3 3 3 3 3 3 3 3 3 3 3 3 3 3 3 3 3 3 3 3 3 3 3 3 3 3 3 3 3 3 3 3 3 3 3 3 3 3 3 3 3 
						3 3 3 3 3 3 3 3 3 3 3 3 3 3 3 3 3 3 3 3 3 3 3 3 3 3 3 3 3 3 3 3 3 3 3 3 3 3 3 3 3 3 3 3 3 3 3 3 3 3 3 3 3 3 3 3 3 3 3 3 3 3 3 3 
						3 3 3 3 3 3 3 3 3 3 3 3 3 3 3 3 3 3 3 3 3 3 3 3 3 3 3 3 3 3 3 3 3 3 3 3 3 3 3 3 3 3 3 3 3 3 3 3 3 3 3 3 3 3 3 3 3 3 3 3 3 3 3 3 
						3 3 3 3 3 3 3 3 3 3 3 3 3 3 3 3 3 3 3 3 3 3 3 3 3 3 3 3 3 3 3 3 3 3 3 3 3 3 3 3 3 3 3 3 3 3 3 3 3 3 3 3 3 3 3 3 3 3 3 3 3 3 3 3 
						3 3 3 3 3 3 3 3 3 3 3 3 3 3 3 3 3 3 3 3 3 3 3 3 3 3 3 3 3 3 3 3 3 3 3 3 3 3 3 3 3 3 3 3 3 3 3 3 3 3 3 3 3 3 3 3 3 3 3 3 3 3 3 3 
						3 3 3 3 3 3 3 3 3 3 3 3 3 3 3 3 3 3 3 3 3 3 3 3 3 3 3 3 3 3 3 3 3 3 3 3 3 3 3 3 3 3 3 3 3 3 3 3 3 3 3 3 3 3 3 3 3 3 3 3 3 3 3 3 
						3 3 3 3 3 3 3 3 3 3 3 3 3 3 3 3 3 3 3 3 3 3 3 3 3 3 3 3 3 3 3 3 3 3 3 3 3 3 3 3 3 3 3 3 3 3 3 3 3 3 3 3 3 3 3 3 3 3 3 3 3 3 3 3 
						3 3 3 3 3 3 3 3 3 3 3 3 3 3 3 3 3 3 3 3 3 3 3 3 3 3 3 3 3 3 3 3 3 3 3 3 3 3 3 3 3 3 3 3 3 3 3 3 3 3 3 3 3 3 3 3 3 3 3 3 3 3 3 3 
						3 3 3 3 3 3 3 3 3 3 3 3 3 3 3 3 3 3 3 3 3 3 3 3 3 3 3 3 3 3 3 3 3 3 3 3 3 3 3 3 3 3 3 3 3 3 3 3 3 3 3 3 3 3 3 3 3 3 3 3 3 3 3 3 
						3 3 3 3 3 3 3 3 3 3 3 3 3 3 3 3 3 3 3 3 3 3 3 3 3 3 3 3 3 3 3 3 3 3 3 3 3 3 3 3 3 3 3 3 3 3 3 3 3 3 3 3 3 3 3 3 3 3 3 3 3 3 3 3 
						3 3 3 3 3 3 3 3 3 3 3 3 3 3 3 3 3 3 3 3 3 3 3 3 3 3 3 3 3 3 3 3 3 3 3 3 3 3 3 3 3 3 3 3 3 3 3 3 3 3 3 3 3 3 3 3 3 3 3 3 3 3 3 3 
						3 3 3 3 3 3 3 3 3 3 3 3 3 3 3 3 3 3 3 3 3 3 3 3 3 3 3 3 3 3 3 3 3 3 3 3 3 3 3 3 3 3 3 3 3 3 3 3 3 3 3 3 3 3 3 3 3 3 3 3 3 3 3 3 
						3 3 3 3 3 3 3 3 3 3 3 3 3 3 3 3 3 3 3 3 3 3 3 3 3 3 3 3 3 3 3 3 3 3 3 3 3 3 3 3 3 3 3 3 3 3 3 3 3 3 3 3 3 3 3 3 3 3 3 3 3 3 3 3 
						3 3 3 3 3 3 3 3 3 3 3 3 3 3 3 3 3 3 3 3 3 3 3 3 3 3 3 3 3 3 3 3 3 3 3 3 3 3 3 3 3 3 3 3 3 3 3 3 3 3 3 3 3 3 3 3 3 3 3 3 3 3 3 3 
						3 3 3 3 3 3 3 3 3 3 3 3 3 3 3 3 3 3 3 3 3 3 3 3 3 3 3 3 3 3 3 3 3 3 3 3 3 3 3 3 3 3 3 3 3 3 3 3 3 3 3 3 3 3 3 3 3 3 3 3 3 3 3 3 
						3 3 3 3 3 3 3 3 3 3 3 3 3 3 3 3 3 3 3 3 3 3 3 3 3 3 3 3 3 3 3 3 3 3 3 3 3 3 3 3 3 3 3 3 3 3 3 3 3 3 3 3 3 3 3 3 3 3 3 3 3 3 3 3 
						3 3 3 3 3 3 3 3 3 3 3 3 3 3 3 3 3 3 3 3 3 3 3 3 3 3 3 3 3 3 3 3 3 3 3 3 3 3 3 3 3 3 3 3 3 3 3 3 3 3 3 3 3 3 3 3 3 3 3 3 3 3 3 3 
						3 3 3 3 3 3 3 3 3 3 3 3 3 3 3 3 3 3 3 3 3 3 3 3 3 3 3 3 3 3 3 3 3 3 3 3 3 3 3 3 3 3 3 3 3 3 3 3 3 3 3 3 3 3 3 3 3 3 3 3 3 3 3 3 
						3 3 3 3 3 3 3 3 3 3 3 3 3 3 3 3 3 3 3 3 3 3 3 3 3 3 3 3 3 3 3 3 3 3 3 3 3 3 3 3 3 3 3 3 3 3 3 3 3 3 3 3 3 3 3 3 3 3 3 3 3 3 3 3 
						3 3 3 3 3 3 3 3 3 3 3 3 3 3 3 3 3 3 3 3 3 3 3 3 3 3 3 3 3 3 3 3 3 3 3 3 3 3 3 3 3 3 3 3 3 3 3 3 3 3 3 3 3 3 3 3 3 3 3 3 3 3 3 3 
						3 3 3 3 3 3 3 3 3 3 3 3 3 3 3 3 3 3 3 3 3 3 3 3 3 3 3 3 3 3 3 3 3 3 3 3 3 3 3 3 3 3 3 3 3 3 3 3 3 3 3 3 3 3 3 3 3 3 3 3 3 3 3 3 
						3 3 3 3 3 3 3 3 3 3 3 3 3 3 3 3 3 3 3 3 3 3 3 3 3 3 3 3 3 3 3 3 3 3 3 3 3 3 3 3 3 3 3 3 3 3 3 3 3 3 3 3 3 3 3 3 3 3 3 3 3 3 3 3 
						3 3 3 3 3 3 3 3 3 3 3 3 3 3 3 3 3 3 3 3 3 3 3 3 3 3 3 3 3 3 3 3 3 3 3 3 3 3 3 3 3 3 3 3 3 3 3 3 3 3 3 3 3 3 3 3 3 3 3 3 3 3 3 3 
						3 3 3 3 3 3 3 3 3 3 3 3 3 3 3 3 3 3 3 3 3 3 3 3 3 3 3 3 3 3 3 3 3 3 3 3 3 3 3 3 3 3 3 3 3 3 3 3 3 3 3 3 3 3 3 3 3 3 3 3 3 3 3 3 
						3 3 3 3 3 3 3 3 3 3 3 3 3 3 3 3 3 3 3 3 3 3 3 3 3 3 3 3 3 3 3 3 3 3 3 3 3 3 3 3 3 3 3 3 3 3 3 3 3 3 3 3 3 3 3 3 3 3 3 3 3 3 3 3 
						3 3 3 3 3 3 3 3 3 3 3 3 3 3 3 3 3 3 3 3 3 3 3 3 3 3 3 3 3 3 3 3 3 3 3 3 3 3 3 3 3 3 3 3 3 3 3 3 3 3 3 3 3 3 3 3 3 3 3 3 3 3 3 3 
						3 3 3 3 3 3 3 3 3 3 3 3 3 3 3 3 3 3 3 3 3 3 3 3 3 3 3 3 3 3 3 3 3 3 3 3 3 3 3 3 3 3 3 3 3 3 3 3 3 3 3 3 3 3 3 3 3 3 3 3 3 3 3 3 
						3 3 3 3 3 3 3 3 3 3 3 3 3 3 3 3 3 3 3 3 3 3 3 3 3 3 3 3 3 3 3 3 3 3 3 3 3 3 3 3 3 3 3 3 3 3 3 3 3 3 3 3 3 3 3 3 3 3 3 3 3 3 3 3 
						3 3 3 3 3 3 3 3 3 3 3 3 3 3 3 3 3 3 3 3 3 3 3 3 3 3 3 3 3 3 3 3 3 3 3 3 3 3 3 3 3 3 3 3 3 3 3 3 3 3 3 3 3 3 3 3 3 3 3 3 3 3 3 3 
						3 3 3 3 3 3 3 3 3 3 3 3 3 3 3 3 3 3 3 3 3 3 3 3 3 3 3 3 3 3 3 3 3 3 3 3 3 3 3 3 3 3 3 3 3 3 3 3 3 3 3 3 3 3 3 3 3 3 3 3 3 3 3 3 
						3 3 3 3 3 3 3 3 3 3 3 3 3 3 3 3 3 3 3 3 3 3 3 3 3 3 3 3 3 3 3 3 3 3 3 3 3 3 3 3 3 3 3 3 3 3 3 3 3 3 3 3 3 3 3 3 3 3 3 3 3 3 3 3 
						3 3 3 3 3 3 3 3 3 3 3 3 3 3 3 3 3 3 3 3 3 3 3 3 3 3 3 3 3 3 3 3 3 3 3 3 3 3 3 3 3 3 3 3 3 3 3 3 3 3 3 3 3 3 3 3 3 3 3 3 3 3 3 3 
						3 3 3 3 3 3 3 3 3 3 3 3 3 3 3 3 3 3 3 3 3 3 3 3 3 3 3 3 3 3 3 3 3 3 3 3 3 3 3 3 3 3 3 3 3 3 3 3 3 3 3 3 3 3 3 3 3 3 3 3 3 3 3 3 
						3 3 3 3 3 3 3 3 3 3 3 3 3 3 3 3 3 3 3 3 3 3 3 3 3 3 3 3 3 3 3 3 3 3 3 3 3 3 3 3 3 3 3 3 3 3 3 3 3 3 3 3 3 3 3 3 3 3 3 3 3 3 3 3 
						3 3 3 3 3 3 3 3 3 3 3 3 3 3 3 3 3 3 3 3 3 3 3 3 3 3 3 3 3 3 3 3 3 3 3 3 3 3 3 3 3 3 3 3 3 3 3 3 3 3 3 3 3 3 3 3 3 3 3 3 3 3 3 3 
						3 3 3 3 3 3 3 3 3 3 3 3 3 3 3 3 3 3 3 3 3 3 3 3 3 3 3 3 3 3 3 3 3 3 3 3 3 3 3 3 3 3 3 3 3 3 3 3 3 3 3 3 3 3 3 3 3 3 3 3 3 3 3 3 
						3 3 3 3 3 3 3 3 3 3 3 3 3 3 3 3 3 3 3 3 3 3 3 
					</vcount>
					<p>
						0 1 2 3 4 5 6 7 8 9 10 11 12 13 14 15 16 17 18 19 20 21 22 23 24 25 26 27 28 29 30 31 32 33 34 35 36 37 38 39 40 41 42 43 44 45 46 47 48 49 50 51 52 53 54 55 56 57 58 59 60 61 62 63 64 65 66 67 68 69 70 71 72 69 73 74 75 76 77 78 79 80 81 82 83 84 85 86 87 88 89 90 91 92 93 94 95 96 97 98 99 100 101 102 103 104 105 106 107 108 109 110 104 96 111 112 113 114 115 116 117 118 119 120 121 122 123 124 125 126 127 128 129 130 131 132 133 134 135 136 137 138 139 140 141 142 143 144 109 108 145 146 147 148 149 150 151 152 153 154 155 156 157 158 159 47 46 160 161 162 163 164 165 166 144 108 167 43 168 169 170 171 172 173 174 175 176 177 178 179 180 181 
						182 183 100 184 185 186 187 188 189 190 191 192 193 194 195 196 197 198 199 200 201 202 148 108 203 204 205 206 207 208 209 210 211 212 213 214 215 216 217 218 219 220 221 222 223 224 225 226 227 228 229 230 231 232 112 233 234 235 236 237 238 239 240 241 242 243 244 245 246 247 248 249 250 251 252 253 254 255 256 257 258 259 260 261 262 263 264 265 266 267 268 269 270 271 272 167 273 274 275 276 277 278 279 280 281 282 283 284 107 202 108 285 286 287 288 289 290 291 292 293 294 295 296 297 298 299 300 301 302 303 304 305 306 307 308 309 310 311 108 312 167 313 314 315 316 317 318 319 320 321 322 323 324 325 326 327 328 329 330 148 312 108 331 332 333 334 335 336 337 338 339 340 341 342 343 344 345 346 347 348 349 350 351 352 353 354 355 356 357 358 359 360 
						361 362 363 303 364 304 148 150 312 365 366 367 368 369 370 371 372 373 374 375 376 377 168 378 379 380 381 382 383 384 385 386 387 194 193 388 389 285 287 376 390 391 392 319 393 394 395 396 397 398 399 400 401 402 403 404 405 406 407 408 167 312 271 409 410 411 412 413 288 186 185 414 415 158 416 417 418 419 420 421 422 423 3 424 425 426 427 428 187 189 429 430 431 233 432 433 434 435 80 436 437 438 439 440 441 442 443 444 445 446 447 448 449 450 451 452 453 454 399 398 455 456 457 458 459 460 461 462 463 464 465 466 467 468 27 469 470 471 472 364 303 473 474 475 476 477 478 479 480 481 482 483 484 485 486 487 279 488 489 490 54 491 492 493 494 495 496 497 498 499 500 501 502 503 504 505 506 507 508 509 510 511 512 513 514 515 516 517 518 519 520 521 
						331 522 523 524 525 526 527 528 529 530 531 532 533 534 535 536 537 538 539 540 249 387 541 542 543 544 545 546 547 548 549 550 551 552 553 554 555 556 557 271 558 559 560 561 562 563 564 565 566 567 568 569 570 571 572 573 574 575 576 577 578 579 580 581 582 583 584 585 586 55 587 588 589 590 591 592 546 593 594 595 596 597 598 599 600 601 602 603 604 605 606 607 608 609 610 611 612 613 614 615 616 617 618 619 620 621 622 623 624 625 626 627 628 524 629 630 631 632 633 634 635 636 637 638 639 640 394 641 395 519 642 520 643 644 645 646 647 648 649 195 650 475 651 652 653 654 655 656 657 658 659 660 661 662 663 664 665 666 58 667 668 669 670 671 672 673 674 675 676 677 678 679 680 681 682 683 684 685 686 687 688 689 690 691 692 693 694 695 696 697 698 699 
						700 701 702 703 704 705 706 707 708 709 710 711 712 713 714 715 716 717 718 484 483 719 720 721 722 708 723 724 725 255 726 727 728 729 605 604 730 731 732 733 734 735 736 737 738 723 739 722 21 659 22 740 305 741 742 743 744 745 746 747 748 749 750 751 752 753 754 755 756 757 758 759 760 761 762 763 764 765 766 767 768 769 770 771 772 773 774 775 776 777 778 166 165 779 780 781 782 783 784 785 786 723 787 788 789 790 791 792 793 794 795 796 797 798 243 242 799 800 801 802 803 804 805 806 277 276 807 808 241 809 810 811 812 813 814 815 816 817 168 377 169 818 81 80 819 820 821 300 302 822 823 824 825 826 827 828 829 830 831 832 833 834 835 836 837 723 708 785 838 839 840 841 361 842 843 844 845 846 847 848 849 850 851 852 114 853 854 855 856 857 858 859 
						34 860 861 862 680 863 864 865 866 867 868 869 870 871 872 836 835 873 874 875 876 877 878 879 880 881 882 883 884 885 217 886 887 888 883 889 890 891 149 892 893 894 133 895 134 284 896 897 891 898 149 899 900 901 902 903 904 905 906 907 908 333 909 103 910 911 912 913 914 915 916 917 918 919 920 34 861 891 921 922 923 924 846 848 925 926 927 928 929 930 665 58 57 931 932 933 934 935 936 937 938 939 940 941 942 943 944 945 946 947 948 949 950 951 577 576 952 953 954 698 955 956 957 958 959 960 961 962 963 964 965 966 967 756 968 969 970 971 212 972 213 891 861 898 973 974 975 976 977 978 979 980 981 210 209 982 53 983 51 984 985 986 987 988 989 990 991 992 993 994 995 67 996 68 997 998 999 1000 398 397 1001 1002 1003 1004 1005 294 1006 1007 1008 1009 1010 1011 
						1012 1013 1014 1015 1016 1017 1018 1019 1020 1021 1022 1023 1024 1025 1026 1027 1028 1029 1030 1031 1032 1033 1034 1035 1036 485 1037 452 1038 1039 1040 927 803 1041 1042 1043 1044 1045 1046 1047 1048 1049 1050 1051 1052 1053 1054 1055 1056 1057 1058 1059 1060 1061 1062 1063 1064 582 1065 1066 1067 1068 1069 1070 1071 45 1072 1073 1074 1075 370 1076 1077 1078 1079 1080 1081 1082 1083 1084 1085 1086 1087 859 861 1088 898 1089 1090 1091 581 1092 582 1093 1094 1095 1096 1097 1098 1099 1100 1101 784 205 204 1102 1103 1104 1105 1106 1107 1108 1109 1110 1111 1072 1074 1112 1113 1114 1115 1116 1117 38 1118 1119 1120 1121 1122 1123 1124 1125 1126 1127 1128 1129 1130 1131 1132 1006 1133 898 1134 149 1135 1136 1137 1138 1139 1140 1141 1142 1143 454 1144 399 1145 1146 768 898 1088 1134 1147 1148 1149 1150 1032 1054 1151 433 1152 1153 1154 1155 324 1156 1157 264 263 1158 1159 1160 1161 1162 1163 1164 1134 1165 149 411 1166 670 
						1167 1168 1169 1170 387 542 1171 1172 1173 1174 1175 1176 1177 899 901 1178 1179 1180 1181 1182 1183 1184 1185 1186 1187 1188 1189 324 1190 1156 305 304 741 314 1191 315 954 953 1192 1193 1194 1195 1196 257 256 1197 1198 1199 1200 1201 1202 1203 536 1204 1205 1206 1207 1208 1209 1210 1211 1212 1213 1214 1215 90 1216 1217 1218 558 1219 1220 1221 338 1222 1223 1224 1225 1226 1227 1228 1229 1230 1231 557 1232 1233 1234 1235 1236 1237 34 1238 1239 1240 7 1165 1241 1219 1165 1134 1241 1242 1243 1244 1245 1246 614 1247 1248 1249 1250 1251 1252 1253 1254 1255 1256 1257 1258 1259 1260 1261 1262 1263 1264 382 1265 1266 1026 1267 1024 1268 1269 1270 1245 1271 1272 1273 1274 1275 1276 1277 1278 1279 1280 1281 1282 1283 1284 1285 1286 1287 1288 1289 1290 1291 905 1292 1150 1293 1032 1294 744 1295 1296 1297 1298 1258 1257 1299 1078 1300 1301 1302 1303 1304 1044 1305 1306 327 1307 325 1308 1309 1310 125 1311 123 1312 1110 1313 
						1314 760 1315 378 1316 377 1317 1318 1319 1320 188 1321 965 1322 1323 1324 1325 1326 858 1324 1086 181 1327 379 1328 1329 1330 1331 1111 1332 1333 677 1334 1335 1336 1337 457 1338 1339 821 1340 1341 411 410 1342 1219 1241 1343 1344 1345 1346 747 1347 1348 1349 214 1350 1351 1352 1353 1354 1355 1356 1357 1358 1359 314 1360 1361 1362 1363 1364 1365 1366 1367 1368 1369 1370 1371 1372 947 1373 439 1374 1375 284 897 1376 1377 1378 1234 1236 1379 468 1380 1381 1095 1094 1382 1383 155 1384 142 200 143 1385 1386 1387 1388 1389 1390 1391 1392 1393 1394 1395 1396 1397 1398 1399 61 1400 328 1401 1402 1403 579 1404 1405 1406 1407 860 1408 1409 1410 1411 1412 1413 1414 1415 1416 1417 1418 1419 1420 1421 1422 1423 1424 1425 1426 1427 1428 1429 1430 1431 1432 1433 1434 1382 1435 1436 1437 1438 78 352 354 1439 128 532 531 1440 1441 418 1442 1443 1444 1445 1446 1447 1448 1449 1450 1451 617 1452 1453 244 246 1441 1454 418 
						1455 1456 427 1457 1458 1459 1460 1444 1461 1462 1463 1464 1465 1466 1467 1468 1469 1470 1471 1472 1473 1474 1149 727 1475 1476 1477 1478 1479 1480 1481 1482 1483 1484 1485 1486 969 1487 970 1488 1489 1490 1393 1440 417 1491 331 333 1492 759 1493 1494 1495 1496 1497 1498 1499 1500 1501 1502 1503 1504 1505 1506 544 1507 1508 1509 1510 1511 1512 1513 417 1440 418 1514 1515 1516 1517 1518 1519 1427 1520 1521 1320 1522 1523 1524 1525 1229 1526 1527 289 1528 1529 1530 774 773 1531 1409 1294 1410 1532 1533 1534 1535 1536 1537 990 1422 991 1538 1539 269 1225 1540 1541 1542 1543 1544 1545 146 1546 1547 1548 1549 1550 1551 692 1074 1332 1111 1260 1552 1553 1554 1555 710 1556 875 1072 1557 1558 1559 1560 1561 1562 1563 1564 1565 1566 1567 64 1568 1569 1570 1571 1572 1573 1574 1575 1576 1577 1578 1579 635 1580 1581 1411 1413 1582 194 1583 195 711 1557 709 1584 1585 1586 640 1587 1205 1588 1589 1590 1591 1592 1593 756 1594 968 
						1060 1059 1595 1392 1440 1393 1596 1597 1140 1146 766 768 1598 1599 1600 1601 1602 1603 1604 1605 1606 1504 1607 1608 1609 1440 1392 1610 1611 1612 1613 1117 1116 788 787 1614 1393 417 1615 389 287 1235 684 1616 1617 1618 1619 1620 272 559 1621 1622 1623 1449 1624 962 1625 1626 714 1627 1628 1629 1630 1631 1112 321 930 929 267 1632 549 1633 1634 1635 1636 1637 1638 575 1639 1640 1641 1642 1643 1644 1645 1646 1046 86 1647 1648 1649 1650 1651 483 1652 718 1653 1654 1655 1656 1657 1344 1658 1441 1440 1659 1660 1661 1106 1662 1663 1664 1665 1666 1667 1668 1669 1670 954 458 1117 1671 1672 1673 1674 1675 1676 1677 1678 73 69 71 1679 1680 1681 1682 1683 1684 1685 1686 1687 1688 1585 1584 1454 1441 1465 1689 1690 1533 1691 1692 1693 1694 78 1695 1696 1697 1698 1441 1699 1465 1700 1701 1702 1703 1704 1705 1706 1707 259 1708 840 839 1699 1466 1465 1010 1559 1709 1710 1711 1712 1713 1242 1714 1715 1716 638 621 1717 1718 
						1543 1719 1720 1273 1275 905 1721 1722 1723 1724 936 1725 441 1374 439 1726 1727 1728 1497 1478 1729 289 331 1491 1730 1731 213 1732 1733 1734 1249 1706 259 1735 1736 955 1737 1738 1739 550 1740 551 1741 1526 1742 1743 1744 1745 1398 1746 1747 1748 1749 1750 1751 1752 1753 1754 1755 664 948 1756 1757 1758 159 1759 1760 1761 1699 1762 1763 1764 779 1765 780 1355 1374 1766 1767 1768 1769 1770 1771 1772 1773 1774 1775 1776 1731 1777 1509 1778 1779 1659 1780 1563 1781 65 1782 1783 219 1784 618 620 1785 1786 1787 1788 1789 1543 1790 1791 1792 1793 1794 1795 1796 799 1797 474 1798 1799 161 1800 1801 1271 1802 1803 1804 1805 1806 1807 1808 1809 1810 287 286 1811 1812 1813 1814 1815 1699 1441 1760 1699 1815 1816 1817 1639 1818 1819 1820 1821 621 1718 1060 1822 1823 1824 1825 1826 1827 1828 1829 1830 1831 1832 1833 1834 1835 1836 1837 1258 1433 1432 1838 1839 1723 1840 1600 1841 1598 1842 1843 1844 1845 1846 1847 1848 282 284 
						1849 1850 1851 1852 1853 1854 1855 1856 1857 1858 1859 1860 966 1861 1862 1863 1864 1865 489 488 1866 1867 1868 1869 1870 1871 1872 1873 1874 1875 1876 1877 1878 1879 1880 1881 1882 1883 1884 1885 1886 1887 1888 1889 1890 971 1891 1892 696 415 1893 1894 1895 1896 986 985 1897 830 1573 831 1898 1899 1786 104 106 1900 1901 1902 1903 942 1904 940 1905 1906 1274 1907 1874 1908 1909 945 1910 1911 1912 1913 1470 1469 1914 1915 1916 1917 1918 440 1919 1920 1832 1921 1922 1923 1924 1925 384 1926 1927 1928 1929 27 29 1930 1931 1932 1933 1616 1934 1617 1935 1936 1937 1938 1939 1940 1941 1942 1943 1944 1945 1946 1947 1391 1948 1610 1949 1611 1950 1951 1952 1953 1633 1954 1955 1956 441 1957 1958 1552 1959 1752 1751 1960 1894 983 1961 463 1962 1963 1964 1965 1966 1967 1625 1856 1855 1968 1969 792 1970 1971 1972 1973 1974 1102 1975 1873 1875 1945 1400 820 819 1976 1977 1978 1314 1979 1980 1981 1982 1983 1984 1985 1767 1021 1986 1987 
						1988 1721 1427 1989 1990 1991 1992 1993 1994 1995 838 840 1290 1996 1664 1997 1998 1999 548 2000 2001 2002 1584 2003 2004 2005 2006 1961 2007 2008 1251 2009 1252 1946 1945 1875 2010 2011 2012 2013 2014 2015 2016 2017 2018 2019 1939 2020 1868 1419 1068 2021 2022 2023 2024 2025 1678 382 1266 606 2026 2027 2028 2029 2030 2031 1875 2032 1946 503 2033 2034 2035 2036 630 2037 2038 2039 2040 1755 2041 803 843 1040 2042 2043 2044 2045 512 2046 1617 2047 2048 2049 2050 2051 2052 1946 2032 2053 320 2054 2055 2056 1577 2057 1238 2058 145 2059 2060 2061 2062 1331 2063 2064 2065 2066 2018 2067 1316 2068 2069 2070 2071 1888 2072 2073 2074 178 2075 2076 2077 2078 2079 1016 2080 1017 1616 2081 1934 1 2082 2083 2084 924 2085 2086 2087 2088 2089 2090 2035 2091 918 2092 2093 585 584 2094 2095 604 583 2096 2097 2098 412 2099 1657 2100 1876 2101 760 2102 2103 2104 2105 428 2106 2107 1476 2108 2109 1556 1077 876 2110 2111 2112 1141 2113 1142 
						2114 1975 2115 2116 2117 2118 813 2119 2120 2121 2122 2123 2124 671 801 1567 65 64 2125 2126 2127 1459 1458 2128 2129 2130 2043 1714 1242 2131 2132 2133 2134 2135 2136 1806 2051 2050 2137 2138 2139 2140 2141 2142 1926 2143 2144 2145 1859 1872 2146 2147 2148 2149 1667 1669 2150 2151 1589 1588 2152 151 2153 2154 1776 2155 1041 2156 2157 2158 2159 2160 911 596 2161 2162 2163 2164 1046 1646 2165 2052 2166 2167 2168 347 1092 2086 2169 1780 2170 2171 2172 2173 2174 231 2175 933 932 2176 2177 2178 2179 2180 2181 784 2182 782 2183 2184 2185 2186 2187 679 2188 2134 2189 1505 1608 2190 2191 2192 2193 2141 2194 372 2195 2196 2197 2198 2199 2200 2201 2202 2203 2204 2205 2206 1142 2207 185 2208 801 2209 2210 2211 2212 2213 2214 2215 1416 1415 2216 978 2217 2218 2219 2220 2221 2222 2223 2224 2225 2167 2202 796 2226 2227 2228 2229 2230 1563 2062 2061 2231 2232 2233 2234 264 1498 2235 1137 2236 2237 2238 2239 2240 2241 2242 2243 352 2244 
						2245 1512 1511 2246 2247 2248 2249 2250 1647 2225 2201 2251 1442 2252 2253 2254 2255 2256 2257 2258 2259 2260 1910 2261 2202 2201 2225 2262 2263 2264 2265 2266 443 591 2267 2268 2269 476 478 2270 2271 2272 2273 2154 2274 2275 2276 2277 1474 727 726 2278 2279 2280 2202 2166 2281 2282 2283 2284 2281 2203 2202 631 2285 2286 2287 2288 2289 2235 2290 2291 2292 2293 2294 2295 2296 2020 425 87 2297 209 211 2298 2299 2300 2301 2302 2303 2304 2305 2306 2307 2308 2299 2301 2309 2310 2311 406 408 2312 2313 2314 2315 1588 1408 2151 2316 2317 2318 2319 2320 2321 2322 2323 1062 2324 2325 2326 2167 2166 2202 143 2327 2328 2329 2318 2330 2196 2331 2197 2266 2332 443 2333 2293 2292 1593 191 2334 2335 2336 2337 899 2338 900 2339 2340 2341 776 2166 2052 2342 2343 2313 2313 2344 2345 2133 2346 2134 2347 2348 68 1748 2349 1749 2251 2201 2350 2351 924 2084 2352 2059 1750 2353 1395 1394 2354 2355 2356 2357 1964 1963 2358 1478 2359 2156 1041 2360 
						2361 632 119 2359 2362 2358 1356 2363 2364 2365 2366 1336 730 732 2367 1615 2368 2369 2370 2371 2372 2373 2374 2375 1122 2376 1120 2377 2378 2379 2380 2381 2382 2383 2384 2385 2386 2012 2011 2387 2388 2350 285 2389 2390 942 941 2391 2392 1924 2393 2394 2395 2396 1272 1246 1245 2397 2398 2399 2400 2401 2402 2403 2404 2405 2406 2137 2407 2338 899 47 2408 2409 2410 2411 2412 2413 2414 2415 2416 615 617 2417 2418 2397 2399 2419 2420 2421 2422 24 26 2423 2424 2316 114 116 853 2425 1250 2426 2427 2428 2429 2430 2431 2432 486 2433 2434 2435 2112 2436 2437 2438 2439 557 556 1232 1112 1631 2440 1322 965 2441 1432 1434 2442 1315 1979 1314 2443 2444 989 399 2445 2446 1965 1985 1984 2447 2448 2449 1340 2450 2451 2452 2453 2454 2455 1036 2456 1952 2457 2458 121 2131 2459 2460 2461 2462 1620 1619 215 2463 2464 2465 2466 627 2467 1363 2468 2469 2470 2471 235 192 191 2472 2473 2474 2475 2476 265 2477 2478 2479 2480 1578 2481 2482 
						925 927 2078 2483 303 2484 2485 1539 2486 2487 1614 1576 2274 2488 2489 2006 2005 2490 2387 2350 2491 2436 2492 2322 1922 2493 1573 2494 2495 1185 2486 2496 2497 1646 2498 2499 2500 1865 2501 586 585 2349 2502 2503 2504 2505 2506 1483 2507 2496 1538 2508 2509 2510 2511 2460 2512 2513 2514 2515 2516 1275 1274 2517 2518 2519 2520 2521 2522 1223 2523 743 2524 2525 1667 2387 2491 2420 2526 1479 1478 2527 1359 2528 23 190 21 1362 2468 1363 2529 527 2530 509 2531 2532 2533 2534 2535 2536 2537 1401 505 1850 1849 2538 2539 1357 2540 2275 2541 2542 634 2543 2329 2347 2318 2544 2545 2546 1890 2547 2548 2388 2387 2450 2549 2550 2551 2450 2387 2451 2552 231 2553 823 1127 824 1754 2554 2555 2556 2557 316 2558 2559 2560 2561 1999 2562 2563 2564 2565 2387 2420 2451 2566 2377 2567 2568 2203 2569 2570 2566 2571 2572 2573 2574 540 247 249 1268 1270 1957 2108 1475 2575 2576 1346 2577 2067 2018 2017 2578 2579 2580 2132 2134 2581 1389 725 724 
						242 1797 799 2531 2582 328 1535 2583 997 2533 2535 2584 1602 2585 2586 2587 1529 1528 1466 2569 2281 2588 2589 2590 1087 1972 2591 2592 1769 2593 2594 1157 2595 2113 2596 2063 2597 2598 2197 2520 1438 2599 1582 2600 1787 2601 2602 2603 2604 2605 164 2606 2103 1479 1466 2607 2569 2423 2608 2424 2485 2486 2609 2561 686 2610 2611 541 2612 1398 1747 2613 846 924 2351 2614 2615 2616 1133 1006 654 1699 2607 1466 726 728 2617 1791 1191 1792 2618 15 17 2619 643 2620 135 2621 136 2622 2623 2624 2625 2626 1364 64 2627 2628 849 2629 2630 2631 2632 794 292 470 469 2323 2633 690 2634 1371 2598 375 618 1785 2635 1917 685 2281 2569 2203 2636 1534 2637 2638 839 838 2607 2568 2569 1582 407 2600 1588 1590 702 1048 1047 2639 1808 2640 2641 1910 2642 2261 2643 2055 2644 2645 2646 2647 1699 1761 2607 1981 2648 1933 2649 2650 2651 2652 862 863 2653 2654 2655 2656 2657 2658 1760 2659 1761 2660 590 589 2661 1612 2662 2663 2244 2664 
						2665 2095 203 488 2666 1866 2667 2668 2508 2669 1861 966 2670 1652 483 2671 2672 2673 2674 2675 2676 382 384 1925 2677 2678 2679 1119 1118 508 2680 2681 2682 2683 275 2480 1761 2568 2607 2018 2550 2016 624 626 2684 2685 2686 2017 2659 2420 1761 1872 1871 2670 1270 2687 2688 1363 2469 2689 2690 496 2691 2420 2491 1761 2692 2693 2694 2695 877 879 2696 2697 2698 642 2699 539 2700 2701 2702 1156 2703 420 2704 1892 2025 1321 187 2705 2706 2193 2707 1803 2708 2709 2542 632 634 558 1220 559 2710 1595 2711 2712 1105 2503 2713 1082 1081 2099 262 2098 2714 1988 648 2715 2564 2716 1428 1521 2717 678 697 699 2718 2719 2720 2721 2713 2722 2723 1176 1175 391 390 2601 1458 1983 2128 2724 2725 2726 1512 2027 2727 2707 2728 2729 2730 434 2731 1530 1504 1503 8 2038 6 2732 2733 2734 2735 2099 908 2568 2350 2203 1753 2736 2737 2738 363 413 799 474 473 1775 2739 2740 2741 1503 2742 2743 2744 2745 2746 2747 1300 1336 2366 1361 
						2203 2350 2201 2748 2749 2750 2216 2751 2752 2753 2418 2754 1645 2498 1646 2755 658 2756 672 2124 2757 1107 1106 1663 1821 2758 2759 1824 2760 1124 1390 2761 2762 1761 2491 2568 2568 2491 2350 1981 2763 1982 2764 2476 2765 2766 549 551 865 1945 1944 2767 2768 2769 470 2661 2770 2771 2772 2773 2774 2775 2776 1944 2777 865 2778 2779 2780 2384 2383 2781 2782 2268 2783 2784 2785 2786 2787 2788 14 2351 2219 846 1917 1916 2789 218 220 2453 2790 324 2594 2791 2418 2753 2792 2793 367 317 2794 318 2795 2796 2797 1736 2518 955 1694 2798 2799 2800 2801 2802 133 132 2803 2804 390 2805 2806 1398 2613 2807 2808 2809 2700 2702 2810 2811 2637 2812 2813 716 2814 1601 2815 2816 2817 2818 1461 1516 74 2819 2820 2821 602 2822 318 687 431 2823 963 2368 419 2824 528 2529 2825 2383 2826 2781 2827 736 738 2828 2319 2829 213 2830 1730 2831 2832 2080 2035 630 629 2751 2406 2752 2833 2028 2834 2835 2836 2837 964 2838 2070 2839 2840 2841 
						2842 2843 2844 2845 2846 2847 2396 2848 2849 423 1406 4 2276 2093 584 2850 2851 2852 2853 273 2854 2855 2856 2857 2858 2859 2714 2860 2515 2861 1980 2862 2863 1290 2864 1996 431 430 2823 2865 743 2722 2247 854 2866 2867 2061 1472 2868 2869 2870 2871 1755 2040 2872 899 1177 2216 2004 1416 2873 1308 2874 1368 2875 2876 1734 2877 1732 61 2878 62 2879 2880 2881 522 2882 2883 1201 1514 1904 2235 2884 1135 802 2885 2868 2251 2886 2777 542 2887 1825 2888 2889 2890 2891 2170 2795 2892 2893 2894 2895 2896 2897 2898 551 782 560 562 1737 2899 2411 2900 2901 2902 2903 2904 1942 1941 2905 511 510 2490 2906 2006 2225 2251 2777 2907 2908 2909 1349 2910 212 1645 2771 2498 865 2777 2911 2912 1542 1883 1215 2913 2914 2911 2777 2886 748 2915 749 2916 1306 210 2917 963 962 2918 2919 367 2920 2921 1642 654 2922 543 2923 2924 2925 2052 1944 1946 2926 2531 509 2927 2928 2929 2930 467 2931 2932 2933 2738 1108 2934 2935 1944 2167 2777 
						2936 2937 2938 2446 2939 2940 2941 381 1423 2942 688 2943 2944 2177 2945 2946 2719 2947 1387 2948 1385 2949 2950 2951 1250 1252 2952 1957 2953 1958 2954 2632 896 2955 2956 2957 1944 2052 2167 494 493 2958 2959 2439 2438 2960 2961 2855 2962 430 2963 2496 2507 2497 2964 1283 1282 2965 2478 2966 2967 2968 2969 1896 2970 2971 1677 641 2972 2167 2225 2777 707 785 708 2973 2974 2975 2976 2932 2977 2196 2683 2479 2978 2979 2980 179 181 2981 2982 2983 2967 2984 1210 2985 1358 1357 2539 274 2853 2551 2609 2986 2987 1054 2988 2989 2886 2990 2991 2251 2990 2886 2992 2993 2994 1793 1792 2995 2600 406 2996 2997 2998 2999 3000 3001 3002 304 777 3003 1180 3004 3005 3006 3007 3008 3009 3010 3011 2835 2030 2029 3012 3013 2045 798 797 3014 887 3015 197 3016 24 3017 3018 603 3019 913 3020 3021 1997 1999 2610 5 1237 1238 345 344 3022 3023 2184 3024 3025 3026 3027 3028 3029 3030 962 961 1625 3031 3032 3033 1758 157 159 1233 3034 3035 
						3004 3036 3005 2251 2388 2990 803 926 804 1985 3009 3037 3038 3039 3040 3041 3042 3043 2434 3044 486 2942 3045 3046 719 1560 720 3047 3048 3049 1814 3050 3051 795 3052 3053 1799 162 161 2183 3054 3055 2478 2480 3056 2950 3057 2951 3058 3059 3060 2392 2393 3061 316 502 501 3062 3063 3064 373 3065 924 3066 808 3067 3068 437 3069 3070 3071 754 3072 981 3073 2931 3074 1162 3074 1930 1132 2128 2701 3075 855 1942 856 2440 1113 1112 2388 2251 2350 3076 3077 3078 1901 295 1902 3079 3080 3081 149 1165 3082 3083 2292 2294 3084 1660 1565 3085 3086 3087 3088 3089 1661 3090 3091 1819 776 3092 777 367 2793 3093 2441 2836 3094 3027 3095 3096 2388 2450 2990 1124 2760 1125 316 2822 502 3097 2725 3098 3063 3099 3064 788 3100 3101 2067 440 1918 2192 1973 3102 1717 623 3103 3104 3105 236 1012 3106 3107 3108 1868 3109 1838 3110 1433 692 3111 3112 3113 1456 1455 102 3114 103 3115 3116 41 2996 2312 3117 3118 3119 2282 3104 236 3120 
						3121 3122 3123 3124 3125 1130 3104 3120 3126 1225 3127 2623 564 3128 3129 3130 1445 3131 3132 3133 3014 3134 3135 3109 3136 3137 2982 2394 2717 2395 1551 3111 692 3138 3081 3139 3140 3141 3142 1727 3143 3144 2733 3145 3146 3147 3148 537 539 1545 3149 3150 3151 3152 3088 3153 3154 3155 2931 1164 892 894 3156 3157 3158 3159 3160 2916 210 2017 3161 2067 2935 452 3162 3 423 4 3060 3163 163 3164 2048 2047 3165 3166 3167 3120 3168 3126 3169 2270 2272 460 3170 3171 1884 3172 3173 3174 2620 3175 3176 469 3033 2015 1978 3177 2507 3178 3179 1589 3180 3181 163 3182 161 3183 1984 1767 2963 3184 3185 3186 3187 3188 3189 3190 3191 543 545 1127 1214 3192 2913 367 3093 365 2509 3193 2510 124 285 389 3077 3194 3195 936 3196 1725 3197 3198 2717 3199 3089 3200 749 3201 3202 3203 3204 3205 2564 3206 2565 2363 3207 3208 3209 2723 1432 3210 3211 3212 2406 2407 3213 3214 2558 2560 3215 2738 413 1132 1133 3216 3217 3218 3219 1958 1069 3220 
						3221 2377 76 3222 869 3223 3224 3225 3226 3049 949 951 3227 3228 3229 2286 3079 3138 1488 1490 3230 3231 3232 3233 304 3003 741 1948 3234 1947 3235 200 3236 3237 3238 2340 3239 3007 144 3240 3241 1024 3242 1114 2455 1885 1887 3243 2392 3061 2965 2317 306 2318 1701 327 326 86 3244 3001 1539 3245 269 826 3246 3247 3248 3249 3250 496 3098 3251 3252 3253 388 3254 3255 880 3256 3257 556 3258 2593 1769 3259 3260 2425 1012 3261 3262 3263 3264 607 3265 1160 3266 997 3267 1535 3268 1343 1241 1581 3269 636 3270 3271 3272 3090 3273 3091 2856 2855 3274 311 310 3246 750 3202 3275 3276 2861 2515 1348 973 747 3277 3278 3279 1221 1222 3280 3281 401 3282 76 2377 3283 2304 2303 2686 3268 3284 3285 3286 2016 2550 3287 3288 658 3289 1126 1128 1675 3290 1362 1921 1832 168 3291 3292 3293 3294 166 3295 632 2361 633 2616 3296 2094 1838 3297 3110 2856 3298 2857 1573 1572 1922 3299 1244 3300 3301 3302 3303 2215 1959 3304 3305 1320 1321 
						3306 1928 3307 619 3308 3309 1571 2783 3310 3311 3312 3313 3314 3247 3315 1803 1802 3316 3317 3318 3118 3319 3320 709 3321 3322 3323 3324 1215 3325 294 296 2857 3326 2391 1192 3327 3328 3329 3330 2688 3331 2618 17 3332 2752 3333 3334 2520 2522 79 1790 26 1789 2597 2634 2598 2361 119 118 3335 1370 2637 3336 3337 1990 3338 3339 2400 3340 3341 1907 3342 3343 3344 2412 3345 3346 3347 3348 3349 3350 3351 3352 3353 1840 2679 3354 807 3355 2521 3356 3357 3358 1013 3359 3360 3296 3361 3362 2897 3363 3364 299 3365 3366 2373 3367 3368 1376 3369 3139 3081 3080 1224 1223 2865 3370 3371 2471 2471 3371 3270 3372 1874 1907 97 3373 3083 3374 3068 3375 3376 3377 569 1531 773 3378 64 2628 1566 3379 580 3380 753 752 1575 3381 3344 3382 1655 1654 3383 1431 3384 3385 731 1390 2762 3386 3387 3388 1299 1257 3389 2439 2502 2437 3390 154 3391 3392 3393 3394 1447 3395 3396 2344 2343 3397 2551 3128 2549 2974 101 2975 1460 799 473 773 3398 3378 
						924 848 373 583 582 3399 3400 2908 2907 3401 697 3402 1614 787 3403 310 3404 3405 1640 3347 3406 3407 3153 1661 1016 1937 3408 562 1738 1737 3301 3409 3410 3411 3412 669 2041 3413 3414 2834 2488 2274 31 3415 3344 1682 1684 3416 3417 1489 3418 3077 3419 3194 1673 3420 3421 3422 3423 3424 3191 3425 3426 1140 1597 1138 2293 2700 2810 3427 3428 3429 3430 3431 3432 3433 2275 2277 3304 1751 3434 3435 3436 3437 3438 54 490 1213 554 553 1536 1287 3439 2867 1472 1471 3369 3440 3368 779 2793 3441 1458 1457 342 3442 3443 3444 2023 3445 737 1653 3446 1654 3447 1811 1236 3091 403 2921 815 3448 3449 3450 1898 3451 3452 963 2917 2806 2613 3453 3454 3455 3456 3457 3458 2370 3459 3460 3461 3462 3463 3464 3465 2062 3466 1660 3407 1661 3467 3468 1018 3469 3470 812 2767 1397 3471 3472 2466 3473 3474 309 311 3475 3476 3477 3478 3479 1051 3480 400 402 3481 3482 3483 2633 3484 688 1672 2243 2663 3485 394 396 3486 2504 1949 35 202 107 
						3487 3488 2266 567 649 568 275 3489 3490 2584 3491 2533 1404 2904 1405 3492 2120 3493 3494 3495 3496 3497 3369 1378 1393 2369 3498 2498 2773 2499 1080 3499 3500 1580 635 3501 3369 3497 3440 3391 154 694 1393 1948 1391 2714 647 2858 1489 1488 3502 3503 3504 3505 2961 2960 3506 1224 2865 3507 3508 3509 1058 816 3449 3510 1809 1808 3511 3512 3513 2257 3514 3515 1676 3 5 2057 2532 328 1400 3516 3517 1050 3518 1906 3519 3520 2698 3521 2149 3522 2549 3523 3524 3525 1995 3526 3527 3272 1377 3270 337 339 2547 3528 557 2127 465 3427 466 3529 3530 3531 916 3532 3533 3534 3535 3536 2759 2758 3537 2949 3538 3539 752 3540 1576 3541 1375 3542 1396 1395 3543 3544 3545 2524 3546 2927 2929 3547 3548 1622 3168 3120 3549 3249 3550 3250 3551 3552 3553 921 929 3554 3555 3556 3557 3558 3237 3559 3117 2312 3560 98 1035 99 2753 2754 3561 3372 3562 1874 3043 3563 3564 1068 1067 3134 1689 3565 515 3566 2231 995 3175 2467 3567 2006 1414 1416 
						2972 1678 1677 3568 3274 2470 1291 2554 3276 3569 3570 3571 601 600 3572 499 498 3573 3368 3574 3168 749 3575 3201 3576 513 3565 1985 1964 3009 3577 3578 3579 634 3580 3581 3562 3092 2032 1369 1368 2876 3582 2952 3583 3574 3584 3168 3585 2770 3287 2200 2199 3586 2149 2148 3522 2852 1532 2850 1714 3587 3588 3589 1414 2006 2069 1570 1743 2651 3297 3197 677 3402 678 3237 2512 3238 3590 3591 3380 3592 2580 2579 3593 1772 3594 2786 2785 1909 1274 1273 1905 2603 2157 1969 3595 2295 3596 1904 942 1038 3597 2835 2029 1546 145 2060 2169 1826 3466 3598 1919 1373 2735 908 909 3549 1376 3168 3547 1420 990 3599 3364 3365 1376 3368 3168 1851 3600 1849 434 82 3269 3601 3602 3603 3604 3605 3606 246 3264 3263 3607 797 796 2128 1983 2701 3608 1807 1806 3609 3317 3118 1322 1697 1353 2543 3610 3611 1630 3612 3613 3168 3584 3126 3614 2463 3615 3616 2040 3617 3476 3618 3619 3620 3621 3622 2463 3623 3624 3625 2010 3307 2369 3626 3498 1238 33 3627 
						836 873 3628 3629 3630 3631 3632 2545 3633 3634 3635 3636 3414 3413 3637 3638 842 2933 3639 3640 3641 415 3642 158 350 349 1500 3643 3644 3645 3646 157 1758 1492 757 759 1229 3647 1230 2699 540 539 3648 3459 3461 1731 3649 213 3650 1624 3651 3652 3333 3653 2788 700 3181 3654 3655 2808 2410 3656 3419 3247 3246 3657 3658 3659 616 1874 1873 1908 3050 3660 3661 1923 1572 3662 1605 1604 3663 3664 3530 3665 3574 3666 3584 2475 2096 421 3667 3668 2327 3574 3669 3666 3670 1540 2623 1505 3671 2742 3486 2502 2504 1843 3672 3673 2193 2706 3674 2380 3675 2381 2459 122 121 3584 3666 3676 130 977 2237 3171 2267 590 3677 1096 1098 1629 1594 756 3678 3679 2858 1941 2280 3680 3681 3682 3683 976 2237 977 3422 575 1638 1994 1094 1093 1848 2085 282 3684 3685 3686 3687 3688 3689 1087 1086 1326 2008 1208 461 347 3690 1092 1516 1515 74 3014 3691 3692 3312 3693 618 2590 3309 3694 3695 459 458 3133 3696 3697 3554 929 928 1796 1410 3698 
						1661 3699 1659 3700 3701 1146 2383 3702 2826 3355 241 2818 3703 1333 2895 2089 3704 3705 3440 3574 3368 354 3706 1439 1254 2043 3707 147 2059 145 1199 75 3708 3709 3710 925 3051 2557 3711 616 3659 3404 3287 2770 3288 2528 3712 892 3713 3714 3715 3716 3717 3718 2566 2567 2571 2559 3377 1603 3719 3720 3721 2123 3722 2500 1684 3723 2581 2644 1577 3724 3725 1134 1088 2025 3514 1678 3021 3726 3727 1617 3728 682 3729 3730 3731 3732 836 3733 967 3070 754 3734 3458 3457 1064 3735 3736 2332 3737 3738 634 3739 3740 950 3741 3115 3605 36 3606 963 2518 1736 1389 724 1196 1988 1427 1426 3742 3574 3440 2815 3743 2816 228 3744 247 1215 3745 3325 1139 3746 893 2240 3747 3748 269 3245 270 3293 3292 435 3275 3202 1141 3541 1848 1375 3399 1066 1212 2244 1439 3749 3299 1242 1244 3750 3751 3752 1032 1293 3753 2957 3754 2422 2121 3755 2122 2613 3756 3453 892 3712 3757 3758 2269 3759 390 2804 3760 2953 1957 3761 3762 335 3763 3764 3765 3056 
						1220 1219 313 1377 3272 1378 1728 3766 3767 3768 578 580 1748 1750 2059 3574 3742 3669 3769 3441 2792 2909 3770 3771 3772 366 365 3773 3774 3775 3776 3117 3560 3777 3778 3779 3780 2295 3781 2833 3782 3779 3783 3784 2999 3785 781 2088 1528 1530 2510 3273 837 404 3786 1513 2934 3072 3073 2597 3787 2976 2977 381 380 3788 3789 3790 1168 3791 3792 3793 2596 3201 3794 3795 3796 3797 2135 3371 3798 3799 2587 3193 3238 3800 3801 3370 3798 3371 3802 3803 3804 3805 2811 3806 3807 160 1797 2902 3808 2903 805 2758 1821 1821 2759 621 1776 2273 3809 3810 3811 3192 3812 3622 3621 3813 3814 3815 933 2175 3816 3561 2754 3817 1195 3818 3819 1082 2713 2721 3820 3821 3822 603 2616 2094 3823 2972 394 330 2878 61 3824 3825 3826 3827 1965 1984 3576 3429 513 1709 2744 2743 3787 2977 1497 2138 3224 3828 152 3829 3610 2682 3674 3830 3831 3832 3833 969 971 3524 3834 3835 3836 3837 3838 3839 3840 87 425 29 28 3841 240 239 3842 1686 1556 1072 
						2351 2084 2220 3843 2964 278 1026 3844 1267 3845 3846 2493 1644 1643 3248 1618 3821 2114 2686 3847 3544 2263 3485 3848 1192 2391 3849 732 3850 1317 3570 3851 3571 3010 1350 3852 3323 3853 3321 2948 1387 3310 2891 2795 1216 2554 1291 1292 3854 3855 3856 3857 3858 3859 1655 3383 2255 279 489 3860 3861 1871 1870 591 2268 3862 3205 995 3863 2664 2244 3749 3864 3865 3866 3867 3868 1734 372 2194 3869 2862 3870 37 3871 3872 3873 1609 1391 3874 2003 1967 1966 833 3300 3875 3876 2619 2668 668 3877 3411 731 2762 3850 1386 3528 2127 2050 3878 3879 2206 3880 3881 115 2530 468 3882 3883 3884 3885 3886 2889 3172 1543 1720 25 3887 3888 3758 3889 476 1845 2891 2133 2111 1911 2112 3890 2224 2539 3511 2641 2452 3428 531 530 1187 2039 682 1527 3891 331 825 3810 3892 3893 3894 3895 3758 476 2269 1886 3896 1887 1423 381 1424 3347 3349 3450 1005 1075 1076 1984 3897 3827 3898 1253 1255 3802 3899 3900 3901 3902 3903 3904 859 1087 3905 3906 3907 
						3908 3909 3910 3911 3912 1730 3071 1962 3913 3914 293 3176 3915 2687 3916 2734 2733 3917 792 791 2540 1636 3918 1634 504 141 505 3919 3920 3921 2446 2940 2262 2096 583 1784 3922 2658 2937 1613 1671 1117 245 244 3772 2102 3923 3924 2700 3075 2701 794 1181 1183 3925 2833 3779 3926 350 1502 3927 2880 2879 1343 313 1219 471 3585 3031 308 3928 3929 3930 1561 3931 727 1149 1148 3374 438 3068 1525 3647 1229 2885 3932 2868 1592 1591 3240 1273 905 1291 3933 3403 2606 2164 3934 2162 3286 2549 3522 3935 3936 465 2637 2723 2636 3932 3937 2869 3938 3939 3940 1392 1391 1609 3898 1716 3941 449 227 450 3527 3526 716 2627 3942 3943 3944 3945 2751 651 3730 3729 707 3357 3356 3477 2461 3475 3937 2987 2986 3946 2691 1302 2970 3947 3948 2524 1667 2150 956 955 2518 728 1200 1202 1255 1716 3898 1681 2108 2575 3949 2764 3950 3618 3889 3619 3951 2925 2924 1261 2222 3890 3952 3953 2881 3112 3954 1365 3955 600 602 3956 3233 3957 2537 1402 1401 
						2224 3958 3959 1843 3673 1844 2612 3960 3961 3833 3962 2525 3963 3964 3965 3349 3966 1898 3967 1801 3968 3711 2557 2556 3822 3821 1620 3969 3814 2725 3970 3583 1252 2429 3971 3753 3556 985 3972 3973 585 2093 3412 3160 669 887 886 3015 497 3974 1303 1681 1279 2108 3975 3454 3456 3599 336 3364 3976 3597 2029 3977 3886 3885 3526 1995 840 513 3429 3428 3978 3979 3980 3981 3982 3262 71 70 3206 1315 2101 3983 3984 572 3985 951 950 3115 2831 3986 3629 3987 3512 3988 735 3989 1436 982 3990 3991 2510 1530 1503 3590 3992 3067 1065 3993 3994 2904 1941 3680 3436 2060 3995 183 3996 3947 3997 454 1429 831 1573 2493 167 3998 144 3020 2630 3999 4000 815 4001 1470 2618 3332 4002 4003 4004 924 4005 2085 2198 1586 4006 136 2621 2692 1210 2646 2985 1482 4007 2505 4008 4009 3874 4010 4011 4012 2126 4003 4002 351 4013 199 4008 3874 369 4014 4015 4016 1599 4017 4018 3590 579 1405 4019 1771 1770 2052 2032 776 3055 3054 4020 2638 4021 839 
						3779 3778 4022 4023 4024 4025 2344 4026 3348 3288 2770 2662 4027 4028 1300 4009 4029 3874 1618 889 1619 3648 410 4030 1010 2831 3408 4022 3778 4031 3521 3935 464 2706 2707 3830 1609 3874 4029 1093 1095 4032 266 2212 4033 2129 3250 4034 2238 4035 2239 1007 1230 3217 4036 4037 4038 2382 2381 4039 713 4040 2091 4041 1551 1550 4042 2771 1645 916 2385 4043 525 4044 4045 645 644 3473 8 1635 1634 4046 4047 4048 1252 3583 2952 2896 2583 2897 4049 2674 2676 3849 2391 3256 2933 361 2738 117 4050 2075 4051 4052 877 2462 4053 2460 2436 1911 1913 2767 3471 1286 1496 1495 4054 368 370 1075 636 82 637 2539 2224 1358 4009 4055 4029 3783 4056 4057 4058 4059 4060 198 3237 4061 954 3849 458 3883 3336 4062 1980 3870 2862 2955 2957 4063 2658 4064 2937 4065 4066 3495 4067 4068 4069 100 99 3518 4070 4071 567 1068 3134 3109 3539 3538 4041 3744 3626 4072 681 1589 4073 4074 3753 4075 1010 1709 3986 2081 4076 4077 4078 844 4079 4080 1005 4081 
						557 3035 2127 2357 3010 3009 3069 437 4082 3057 2950 4083 2656 4084 2657 88 1647 86 2315 51 2342 875 1556 876 3652 1049 4085 3722 1863 1865 2161 3108 3109 4051 4086 4087 3959 3958 4088 2592 2593 2430 824 1506 4089 4090 3171 590 1478 1480 1729 3367 3925 3366 1251 2425 3260 3274 3568 2856 4091 2186 4092 4093 4094 4095 1970 792 2540 29 1231 4096 2611 4097 541 3793 4098 3791 4099 4100 3956 4101 2740 4102 1 229 2082 4103 1259 4104 4105 265 267 3149 1545 4106 4107 125 4108 3698 4109 1421 1073 1072 875 2364 3208 4110 772 3954 4111 2570 3283 2566 2111 4112 4113 1947 3874 1391 369 3874 1947 3929 3928 4114 2021 4115 2650 1563 1660 1659 3076 2408 3077 4116 4117 4118 4119 3052 874 3970 2009 4120 1861 1352 4121 1896 4122 2970 604 2779 2778 624 2684 2439 1226 2233 1227 3780 3781 4123 4124 4125 2709 4126 4127 3773 4128 4056 2077 2901 2903 4129 487 3044 3643 3538 402 3281 949 4130 950 4131 4132 4133 2722 742 4134 794 1183 795 
						2664 4135 2620 4136 4137 4138 3475 2461 4139 3290 4140 1362 788 3101 789 4141 2352 1750 2308 4142 2299 2078 3620 3709 318 685 687 2673 482 4143 4144 4145 4146 4147 1627 4148 3454 4149 3455 1635 1240 2308 683 4150 684 734 3989 735 244 3553 3552 4151 1254 1253 4152 2158 2160 4153 4154 625 4155 4156 4157 4136 4158 4159 1038 942 1039 2215 2214 1959 2276 584 2277 1925 1926 2142 3312 741 3693 4160 3546 4161 3173 2608 2423 4162 2650 2371 3896 4163 4164 966 2838 964 3502 1488 4165 621 623 1717 2731 434 3269 4166 4167 1724 132 2608 4168 1711 3612 4169 4170 3608 4171 4172 946 4173 428 189 2106 1028 1835 4174 3992 2279 901 1644 2044 1583 3875 3300 4175 4176 473 475 3738 1706 1249 209 4177 4178 2999 3784 2285 4179 2495 4180 4181 4182 4183 3829 3611 3610 20 611 4184 1928 4185 4186 68 2348 66 3418 4187 4188 4118 4189 4190 1430 4191 4192 4060 1021 1987 2911 4193 866 3475 4194 3476 3997 4195 1144 4196 4197 4198 4089 4199 825 
						1353 1323 1322 1317 4200 561 3313 3312 618 948 4201 4202 4203 4204 4205 4206 4139 216 2120 3750 3752 709 1557 1559 541 2887 542 3942 4207 2379 2997 3812 2998 4208 4209 3937 1180 1179 4210 4211 291 3914 3094 4109 4212 4213 4214 2824 120 122 385 0 4081 1 4215 4216 4217 4218 3254 880 4219 4220 662 4159 4158 4221 2876 3664 1369 3789 1065 582 4 1406 860 750 749 3202 888 2115 883 3265 430 429 272 1621 52 2291 4222 1035 3407 1660 3084 4223 4224 4225 3035 2125 2127 160 4147 4226 4227 4228 2464 3121 4229 4230 1934 4077 1680 1983 1982 587 4231 1717 3103 1236 1235 3447 193 4232 4071 4233 436 438 4234 2486 2497 1562 882 4235 2558 570 2559 4236 4237 2745 1331 4238 1111 3124 4239 3125 1799 4240 4241 4242 1128 4243 3412 2916 3160 4244 4245 2724 2669 966 965 4246 4247 4248 4249 1559 1009 4250 4251 4252 3576 466 3429 1948 1393 3498 4253 4254 2434 3910 3909 4255 4221 4256 4257 4258 931 2153 1383 1701 155 790 2156 2360 
						4058 4060 4259 3277 3279 2457 4260 4261 1261 1852 1854 4262 4263 4264 3700 1180 3964 1178 741 3003 3693 4265 343 3021 1313 4266 1312 2600 2996 1788 4267 3389 851 1928 3306 4268 4256 4269 4257 2798 1131 3487 3926 4270 4271 222 2578 4272 3916 2687 1269 2941 1423 2390 411 670 672 4273 1264 1263 4274 4030 4207 3621 2077 2998 1420 3350 1421 2652 2187 2848 4275 4276 4277 1524 4278 1525 297 3630 298 1285 4279 1286 4280 4281 4282 3232 4283 4284 890 149 148 757 1492 4285 2610 1999 2561 4286 1324 1417 4281 4287 4282 801 671 802 4288 4289 341 1929 1928 4268 2323 2322 2633 4290 4291 1490 2782 1571 830 3746 1139 1138 4292 1337 1360 1996 4293 1665 3446 2231 3566 4158 4282 4256 4294 827 826 3388 2955 3641 465 127 3427 1845 1847 2170 1297 3204 1298 3367 2373 2375 650 3898 1604 2525 1668 1667 4295 3827 4296 4297 3587 121 4298 553 552 4299 220 553 3667 4248 3668 3624 1177 2279 3678 4300 3679 1052 4301 4302 3965 647 646 4303 4304 2915 
						4305 4306 4023 1671 4307 352 4308 4306 517 2993 2190 2828 975 4309 493 4256 4221 4158 2137 2050 2407 1810 1809 4310 664 1755 2871 4311 769 105 3885 4193 2911 4136 4280 4158 1914 357 4312 600 4313 3572 3793 3792 4314 2796 4315 2797 3655 3778 3777 2825 4316 528 4280 4282 4158 407 406 2600 920 3227 3229 1139 2193 1140 171 170 1988 2593 3258 4317 1281 3155 2109 4318 2180 2179 4319 4049 4320 2976 2933 2932 800 1601 2209 4256 4282 4269 3792 4321 4322 312 558 271 4323 3533 4324 3922 2937 2936 493 4325 2958 3274 2855 2961 4168 4326 4327 4328 2987 3932 2055 91 2056 4329 4253 1029 4255 3909 2034 331 523 332 1924 979 3072 3925 3779 3366 4330 4331 170 3382 3344 1384 2949 3539 4332 1637 737 3445 3489 2067 1918 241 243 2818 4333 1937 4068 2629 3999 2630 605 729 3019 4334 4175 4335 3144 719 3766 1744 1339 3166 1189 4014 3872 4336 1524 3841 4337 1770 1616 4338 4339 3912 3395 4340 4341 4342 4343 2768 2532 4344 509 1065 1168 3993 
						3543 1395 176 4345 1093 4346 364 4347 775 925 3710 4348 2227 4349 1475 2781 1834 2384 3923 2102 760 1759 3793 4314 881 2259 4350 1831 4308 516 2588 4351 3042 4352 3059 4353 4354 4191 1000 1421 4109 1422 1429 454 1430 2813 4355 717 4356 4357 2925 3981 2925 3982 4358 4057 4359 3588 3587 4360 3903 4361 3901 171 4362 172 98 1895 2995 567 4071 4232 3670 4251 3872 4363 4137 4159 358 3953 359 4308 517 516 3932 2987 3937 1483 2194 4364 42 44 4365 3167 1058 1828 789 4366 4367 2668 3193 2509 720 4368 721 963 3452 2518 2606 2526 3933 3517 1051 1050 4369 2617 453 3928 4370 2427 4321 3792 4371 4278 1524 4372 4373 2830 972 4245 3969 2724 1622 1420 3547 2087 3785 2088 2615 4374 4375 4376 4377 4378 387 4379 541 4380 3494 3496 2422 3017 24 4067 4381 4333 2424 2608 132 4363 4382 4137 2786 4383 2784 2687 4384 2688 1830 1832 3856 1519 528 4316 4106 1545 3435 3401 4385 697 3141 4183 4182 4386 3527 715 4387 2002 2003 2248 3857 4388 
						975 493 492 3422 1001 3423 4178 4177 4389 3201 2596 2113 2620 2663 2664 3334 4085 2005 4244 2724 4390 4391 1109 4392 4393 4394 407 2821 3331 4217 2892 4395 2893 2291 2290 4222 1644 3248 2042 1774 2739 1775 4396 4185 1927 2883 1302 1304 4397 2345 4398 2657 3775 4064 821 820 60 4254 4399 4400 3637 4401 3070 2878 2890 3886 4299 553 4283 4174 4402 4329 1271 4403 1272 4404 1692 1691 1745 3212 2284 4405 1346 878 4406 729 3635 1880 3568 237 4407 4408 4409 4159 4137 4136 91 90 3324 1307 327 3343 3734 952 4410 4411 4412 518 2259 2258 4350 3178 2507 4413 3759 2269 2306 2257 3486 2258 1192 3849 954 1078 4027 1300 1552 1958 1553 4198 2640 4160 4315 4414 1952 633 4415 3739 1051 4416 4301 991 3597 3976 4417 181 379 1315 4418 1979 4419 4420 4421 3414 4422 968 905 1275 2007 4159 4221 4008 3883 351 3336 4423 3947 3996 4424 4425 3690 4426 767 2790 1937 1016 4068 4427 2883 4428 4233 438 4429 4159 4008 4363 4430 2678 4431 3332 17 1395 
						4403 3895 1272 3217 3219 2922 4221 4009 4008 514 937 939 44 43 169 4432 1115 4433 4434 1994 1093 3763 1655 4435 4436 4437 4438 4439 118 117 2153 4440 4441 1182 1073 3052 880 2259 881 3726 343 753 342 341 4442 3593 4443 1616 374 3313 375 1603 2209 1601 4444 1317 561 105 769 771 1892 3514 2025 994 993 2242 2168 581 2097 3560 4227 4445 151 153 3158 1851 3345 2412 839 4021 4446 4008 369 4363 2245 1511 1312 4447 2484 3433 4027 4448 4028 3940 4449 3938 4295 1624 3650 3046 4450 4132 4180 3147 1203 369 368 4363 348 4451 346 4452 4140 3290 401 4453 2204 4454 3364 336 589 3384 1431 3588 2590 4455 3405 2245 4266 4456 2597 2197 2273 1776 2154 3230 4457 4458 213 3649 3852 162 3060 163 14 13 4459 4460 632 2542 1650 4461 4462 2773 3478 1051 1847 4463 2171 652 4126 4084 1547 4464 1548 408 3853 4465 3125 4466 2892 3531 4467 2629 55 588 3725 3069 4082 4468 1780 2062 1563 4469 4470 4471 4472 3406 4473 4218 1562 1561 
						4221 4257 4009 4474 4475 3294 4476 4477 4478 3537 2602 2601 3914 4479 4480 1202 1904 1038 979 981 3072 4481 4482 4483 909 333 4484 4485 4486 4055 2314 52 2315 1928 1927 4185 2884 4487 4438 2538 4075 4260 2595 1157 4273 3387 2956 3388 4488 3456 3455 3613 4489 1628 4490 4486 4485 245 3154 3264 3018 4491 603 206 208 2824 39 301 4492 1706 4493 1707 3493 2120 746 2457 3279 4494 4495 944 4496 4306 4411 517 55 3725 56 3447 287 1811 1712 4497 2143 4338 9 4339 4292 3285 1337 368 1075 4382 737 2021 2023 47 160 3807 4490 4498 4486 4482 1995 4483 4499 4500 4501 4398 3347 1639 1738 2437 3513 373 848 4502 2820 4503 4504 2545 4481 4483 4411 4306 4505 2410 4506 3656 4507 4508 4509 773 4510 3398 4490 2748 4498 4511 2598 4512 3495 4513 3496 2637 1370 1176 724 257 1196 2949 3775 3774 2022 1448 2023 3127 1225 1224 3989 3616 3720 526 4432 524 3801 4514 2864 4515 2665 203 4516 422 219 1569 455 457 3523 1374 441 3536 949 3048 
						2853 2854 3129 2765 2906 3950 3005 3036 3678 3651 4517 3650 3089 365 3200 1609 4029 4518 3981 3262 3261 352 4307 353 3595 1502 1501 3212 3165 3210 4055 4518 4029 4519 2656 2658 209 2298 4177 3193 1528 2510 4051 4087 4052 3154 3153 3264 4461 1856 4520 3614 2180 4521 1351 4522 3871 2028 2488 2834 3420 4259 3421 594 3930 595 3594 4523 2825 4524 4436 4525 1253 3898 650 4129 2903 4526 2933 842 361 4106 4527 4528 822 4529 300 1846 4463 1847 1941 3615 2278 4530 157 3646 4531 1501 1500 3663 4532 4533 1515 75 74 4304 629 3575 4534 1318 3850 938 4535 4536 1129 3124 1130 3800 3687 3801 2365 4487 2366 4537 3511 2454 2465 4538 4539 4540 4541 809 4542 4543 730 2238 2237 976 2647 2646 2516 2006 1416 2004 4544 4545 3315 4013 351 4271 4546 1641 4547 885 884 4194 1649 2674 4049 3164 2575 4349 28 4336 3841 403 4548 2921 2487 3100 788 4549 1833 4550 4296 3897 4551 1512 2245 3405 3459 65 1781 3724 4552 2715 1609 4518 1658 133 1455 895 
						1440 1609 1658 3268 4292 1343 1243 1242 1713 792 2156 790 4392 3326 1192 4553 4554 4555 3795 4556 4557 2017 3544 3161 569 3377 570 4558 4559 4560 4561 855 854 4263 3700 3345 669 3160 210 4562 4563 2516 1402 4564 1403 4565 637 82 2796 2172 4315 945 1909 2785 1151 4277 4276 1504 1608 1505 3567 2467 627 4566 2431 4567 4568 4569 4524 1282 1284 3672 3688 4570 1903 2146 483 482 2586 4571 980 4111 3954 3112 2797 4315 1951 3595 2296 2295 4572 191 3047 4274 2627 64 3322 4345 4573 1110 3401 1313 1801 1800 3968 591 590 2267 4574 646 4331 2731 1581 3251 4575 3854 952 1256 4576 4574 2724 3969 2725 2688 3330 1270 4577 4578 4579 350 3926 4271 1053 1055 2139 1535 3267 4580 3848 4342 4581 4582 1264 4583 4286 1417 1867 4584 84 83 1296 1298 4525 1533 1690 4585 4586 4587 269 883 238 884 1195 3819 4588 3621 3620 2077 2957 2422 26 401 400 4453 4486 4518 4055 2162 3934 3927 3047 3049 4572 2187 863 679 4115 2372 2650 4589 2745 4237 
						4537 3232 3231 4590 4591 3622 3739 4415 4592 3943 2628 2627 3080 2405 3139 3661 4593 3050 4433 3174 3567 1482 1473 4007 1658 4518 1815 607 3264 3153 3135 3134 4594 4518 4595 1815 1815 4595 1760 4596 4597 4598 4599 4600 3482 4486 4595 4518 4597 4596 4601 934 3451 1786 4594 2975 3135 2556 316 501 4602 4603 153 2309 4604 3645 3228 4598 1870 558 3082 1219 1037 485 487 1728 1727 3144 4605 4606 3717 3981 2923 2925 1760 4595 4607 2990 2450 60 3689 3688 4608 4609 2624 2623 2166 4610 2281 122 386 385 4607 4595 4486 2712 4611 4612 2733 2083 3145 3667 4246 4248 4494 3055 4066 4455 1713 1714 1728 3767 4613 1441 1658 1815 4186 3307 1928 4449 1873 3938 4306 4614 4615 4616 4451 4617 1918 3490 3489 1734 1733 2852 1690 515 4585 4498 4607 4486 3968 4618 362 187 428 4477 1302 495 1303 1178 3974 1179 2054 319 392 829 831 3846 4619 3231 4100 3325 4152 2160 101 2974 102 4620 4501 4621 4622 4623 1450 4257 4269 4485 1334 4354 2896 2478 3056 2966 
						693 3112 4624 2405 3327 3139 516 518 2068 2239 1047 1049 147 146 4625 9 11 4626 1080 4627 4628 2998 2077 4056 4183 1682 3416 4629 2695 4630 2893 3737 2894 4052 1656 4405 3093 2793 3785 1331 1472 2061 2192 2728 2707 3249 4548 4631 538 3159 2219 4632 2174 2173 2063 355 4633 855 4634 1943 4635 2311 4636 4637 197 196 3859 1404 4638 4639 3146 519 4640 4124 811 2317 2424 134 4641 4642 2010 698 954 1670 524 3567 627 3145 2083 2082 2141 4364 2194 4643 4530 1813 4644 4507 4509 4250 1239 7 3051 1812 1814 3078 978 2218 1652 2205 718 3023 4272 2184 2009 4389 2536 2586 980 2560 831 2493 3846 4184 611 118 4645 1666 4646 4044 947 1372 1160 4647 3266 2480 275 3490 1809 4537 4619 1396 4190 50 1611 1107 1663 3959 4088 858 2604 4528 4527 4538 3804 712 4461 3571 3851 4269 4648 4485 910 3063 911 2571 2567 4649 4490 4485 4648 4601 1940 4597 1005 4080 4650 3050 4593 3051 4005 3869 283 2100 4054 1877 4651 3846 3845 3398 1845 2133 
						4269 4652 4648 4016 4015 4121 4079 4653 4654 2245 1312 4266 2030 2070 1888 4099 3957 3150 3836 841 842 3346 2413 2412 4655 4656 4340 3956 3231 3233 2813 4657 353 1448 3445 2023 1405 3992 3590 4658 88 87 4599 4628 4659 4660 4170 3137 130 129 977 998 2583 2896 4631 3550 3249 4661 2353 1394 4662 1691 4663 1382 4664 4665 4392 1192 953 1102 4666 1103 561 2959 562 683 2039 4667 4100 3231 3956 1166 1342 3461 668 3411 669 4668 624 2439 4669 3541 3542 4670 3891 1741 4671 3636 4672 4673 4674 3253 4675 961 2823 1820 1819 4676 2687 1270 1269 1380 529 4677 4678 846 2219 4679 614 4680 2252 4176 2656 4681 1674 3320 3771 4682 3400 13 4683 4459 4451 4684 4617 4626 4685 2354 4686 1136 2645 3812 3621 2998 2632 1181 794 1013 1012 4641 4687 4688 4689 4652 3865 4648 2371 3110 4162 3011 3010 4690 4652 3866 3865 309 3404 310 4123 3781 4691 4500 4499 4692 3194 2962 2963 3901 4693 3902 2133 3378 3398 743 2523 744 4357 4451 4616 4504 3330 3331 
						2931 1280 2930 4694 3866 4652 569 2757 3376 3870 4695 37 3951 1764 4425 662 734 4219 4696 4697 2103 2563 2565 4698 4409 825 3892 4699 4700 2448 3866 4694 4701 2877 3868 3609 419 418 4702 2492 4703 2633 4704 597 599 1436 3720 3719 4705 2448 4700 4706 4707 2171 2837 4708 2835 805 804 2758 1860 1859 2672 2508 4709 4710 852 2825 2529 695 4067 3642 4568 723 4569 3118 2282 2697 599 3541 4669 3982 2925 4357 251 2776 4711 672 409 411 1850 4264 1851 3964 1180 3005 4712 845 4359 2088 781 1123 4282 4694 4269 4671 4672 2841 4713 3023 3024 3729 2671 651 1790 1543 1542 4714 4715 798 2622 1239 4252 4593 316 2557 4459 4659 2787 1222 4715 3280 4716 4717 4718 4652 4269 4694 4128 4712 4056 3302 4719 1592 3147 537 1203 3855 1830 3856 4720 57 841 1613 4721 1671 376 1785 390 2585 1602 2816 2652 863 2187 4722 1045 2046 796 4723 4724 4622 4559 4558 3865 2749 2748 4725 4705 4141 4415 1925 4592 4726 4727 4728 4729 4730 4731 1595 1059 4732 
						3865 2748 4648 1932 4733 4734 3416 547 546 2816 3743 1115 30 3415 31 1463 4038 4735 2428 426 2429 4736 595 3930 2543 3611 2542 4443 3594 4076 1039 942 2391 2660 4090 590 1334 2896 1333 4737 680 1839 689 2942 3046 388 193 3252 892 3156 2528 1862 4738 4739 84 2416 85 2313 2315 2342 4740 4465 3900 4741 4742 1862 2721 4134 4743 4744 1146 1145 839 4745 174 1053 2139 4746 4747 1262 4197 2748 4490 4648 4334 3875 4175 1413 4220 4748 2878 330 2890 4565 2073 3017 2065 3139 355 3917 2733 3146 4749 4750 384 4751 4545 4544 2378 3943 2379 643 4752 644 4019 4753 1771 4324 392 4754 4755 4386 3178 3015 3558 197 1622 3351 3350 876 1077 1079 405 404 4631 3761 1270 3330 1580 3974 497 555 3695 556 4756 1067 4503 4757 4758 1857 4759 4172 4760 3673 3672 10 819 4761 1897 4666 4762 1103 4150 4763 4337 2984 2599 462 4482 4764 2638 935 445 3196 4765 490 4766 1644 2042 2044 4009 4257 4055 4134 1408 1588 3912 1886 1885 96 3373 97 
						1298 4524 4525 4767 4768 3733 1894 1896 4769 4215 4770 1278 1885 3243 2155 1647 4771 2302 4772 3430 1167 1514 1516 940 964 2070 4708 4773 3981 4774 4055 4257 4485 1541 3871 4522 1574 2526 1478 1308 1310 4775 4010 4579 4011 3108 2161 4736 1593 2334 1591 2341 1290 1289 2754 2399 3704 3652 3653 2237 463 4776 4777 1045 4778 1046 4643 4779 4530 59 362 361 4780 4781 3634 4782 4783 292 4721 4307 1671 1614 3403 3933 3403 2104 2103 1432 2442 3209 23 22 4784 2855 296 2960 2716 2563 511 4654 805 1821 279 281 488 3856 1832 1920 2092 3229 1860 3034 2570 2571 3569 4785 480 4786 4554 1457 2939 765 4787 928 659 21 281 4788 2666 2959 4668 2439 4789 2357 1963 797 4790 3014 3047 4791 3048 676 4191 4354 4780 1379 4792 4196 4747 4197 4793 4794 4572 1412 4795 1413 3669 4796 3666 3666 4796 4797 904 573 3984 829 4798 830 2221 538 2219 4799 428 4800 4801 4797 4796 4673 3253 3252 4802 4803 4804 1646 2499 1153 4805 4806 3129 4230 4229 1184 
						134 2424 132 4807 696 4808 4809 3283 4810 3285 3284 4811 2155 1777 1885 3550 3393 3392 3877 4188 3013 448 1005 1076 4796 3669 4812 2327 3668 4813 2818 243 1461 2995 1895 1793 4814 242 241 4131 3949 2639 4815 3754 2957 2989 2988 3002 4252 4251 3670 4816 4817 4818 4000 3448 815 4542 1388 4543 2105 111 113 4819 40 4820 3514 1676 1678 4821 4082 1206 1243 1713 4822 3461 1342 410 4478 4107 4823 2416 4766 85 4079 4654 4231 4824 2592 2430 2406 3213 3653 4739 4825 4826 539 249 146 1349 212 214 429 1161 1160 190 192 921 4827 3504 3640 4828 1688 2309 2679 3180 3353 4176 4084 2656 4746 4829 4830 2112 1911 2436 4796 4831 4801 3779 4022 4832 3531 3530 3664 512 4722 2046 3762 4833 4834 1438 2520 78 4359 3441 4358 724 255 257 4797 4835 4836 3852 3649 4837 4838 3441 3769 13 4827 4683 3145 2082 540 2409 3242 4506 4839 4440 2153 230 232 4468 4261 1259 1261 4836 4835 4840 4841 4086 3496 1901 1903 4570 1396 3543 4116 548 4842 2000 
						2384 4043 2385 3328 3551 3553 995 2231 2233 4843 4113 4112 1685 1687 3466 2206 280 279 4844 721 4368 4149 3454 281 2058 4845 4846 1938 4601 2020 3635 729 4847 4028 4448 2271 2820 4504 2821 867 3809 4848 2950 4332 4083 4810 3283 2570 1883 1542 1544 2773 1051 3517 4801 4835 4797 2371 1434 1433 4835 4849 4840 367 2919 3769 4850 4849 4835 3237 2340 2339 4306 4305 4505 922 192 2472 4851 3771 3770 2474 4852 2096 3949 3950 2639 4335 4093 4095 2840 4671 2841 4537 2454 3232 4853 3638 2976 4854 3748 1931 4801 4850 4835 2014 1976 1978 3607 1476 4790 2864 4514 4855 3913 4777 4856 524 628 525 500 499 4857 4312 357 4858 2140 2139 1055 393 321 2409 386 4859 4379 1158 1836 4860 1779 1379 4780 2288 2638 4764 4861 4862 4831 2814 1708 4657 2511 2461 2460 3645 2376 2310 2940 2263 2262 3282 3881 772 4863 4687 3945 3002 2147 2989 4862 4850 4831 1480 4853 3787 2799 3487 4864 966 4742 2838 4259 1987 1554 4247 4732 4489 3915 3226 3225 384 4750 2141 
						2346 2189 2134 4865 2290 4563 1521 1428 1427 3690 3790 1092 103 3114 910 4801 4831 4850 4793 3049 41 1414 3589 4819 2701 587 2702 3048 949 3049 1457 4866 4867 322 324 2790 2113 2063 1142 3443 4868 762 3601 3603 4869 760 762 3923 2331 2479 2478 3855 2653 1830 762 4868 4870 4814 3807 242 4871 4651 2966 3923 762 4870 4474 3294 3295 4872 1205 3707 4834 335 3762 2875 3022 344 532 4873 4874 3536 3535 949 886 4139 2461 1428 3529 4362 3408 2831 2080 4794 4793 4875 3505 3036 4876 2819 74 4809 1413 4393 407 4244 3130 4245 1366 1683 4730 4613 1726 1728 2500 3722 1865 4488 1652 2670 2506 2954 3869 4877 1311 4800 2741 2508 2510 326 4249 1936 649 567 4232 3877 3012 3411 857 3959 858 4878 4879 4880 4689 4881 4882 1157 1156 4583 3547 4883 3582 4884 4885 4886 3066 2338 4814 4713 3024 4414 4371 3791 2254 934 1786 935 1842 4887 4373 4050 3188 2075 2581 2134 2188 4888 4752 4216 957 4889 494 3774 4890 3538 1403 4891 4499 4892 4893 1621 
						4894 4658 3840 4895 72 4896 4840 4897 4898 4207 4899 4900 4555 4786 2033 1279 1281 2108 206 4702 207 955 957 1735 2144 4264 4813 4839 3157 3148 3659 4901 3404 4898 4897 4879 4005 283 282 190 921 3554 1626 1071 714 2460 4902 2512 2675 2625 4903 3179 717 4355 648 4331 646 1361 4904 1191 2390 2389 2941 4840 4880 4897 3720 4717 3721 1044 2165 1305 2717 1521 2395 4905 1471 4906 4658 2708 2249 1473 1482 1471 4897 4880 4879 4369 2375 2617 2430 2432 2720 4038 4561 854 27 3074 467 3030 3029 30 4907 4908 1198 1606 650 1604 4766 491 1406 4434 1093 4345 1319 4153 624 291 4350 292 1418 4088 3958 4012 2487 4909 4428 4576 4484 2063 2207 1142 3864 4910 3443 4911 1077 1556 1900 2333 3373 3746 66 2348 4102 4203 4205 4844 4368 4912 3866 4701 4910 2187 2186 4091 3919 4913 3003 4914 2817 1443 4915 256 252 3335 2637 2811 3137 4171 2982 3457 2827 3734 463 2008 461 4916 4383 4917 4898 4879 4701 521 4106 4528 120 385 623 1899 4918 1787 
						4701 4879 4910 464 3576 1732 2975 4594 2973 3079 2285 3784 3785 2793 781 4714 3692 4919 4189 4118 4920 3280 3418 4188 4921 1526 289 1230 3647 4922 2885 4328 3932 3864 3866 4910 4923 4069 1015 3210 3936 3211 2896 4354 998 2686 3544 2017 4114 3928 2538 3898 4532 1604 3723 1531 3378 3028 4140 3029 3963 3965 4576 4924 4925 2898 182 2513 3996 3103 1170 3086 2791 2753 4926 2954 2506 2505 1696 1223 1541 4720 4927 4928 4910 4879 4868 4584 2414 84 1787 2600 1788 4929 2912 4600 548 547 4842 2064 3138 2065 4930 4931 4856 2666 4932 1866 3977 3885 2911 2984 3356 2599 4868 4878 4870 3943 4933 4934 2973 4469 2974 3046 4132 225 1585 4006 1586 2456 1688 2002 2306 4935 2307 4624 1365 1367 1739 1738 3513 2073 3016 3017 3380 3591 3379 4878 4868 4879 2898 782 2182 7 1240 8 4936 1740 481 4937 4938 3599 1214 2913 1215 4825 3164 4826 4939 226 4131 4940 4185 4396 2199 2574 3586 502 4555 503 4941 519 4942 2353 1470 3332 3609 2696 2877 2459 4859 122 
						832 4943 833 4739 4738 4825 2101 2102 1327 4910 4868 3443 3425 3190 4944 242 3807 1797 1339 4945 3508 3895 3894 4244 4778 4042 1645 2436 1913 2492 694 4381 695 1003 4917 4946 4784 661 4947 2390 4374 286 892 3757 893 1417 1419 1867 4948 4251 4250 1720 1719 4949 1814 1813 3660 2605 4950 4951 4949 4952 4326 4683 4599 4459 3960 834 4027 511 2563 512 3178 715 717 3657 4953 4751 3788 4954 4955 1583 2044 1254 4956 2319 2321 3144 3931 719 1995 4482 838 4954 4957 4955 4575 3855 3854 2092 3731 4148 408 4394 3853 2527 3156 2330 340 4288 341 1311 179 123 1369 3665 1174 4682 3771 4851 4958 4896 1484 3495 4020 4959 4960 3966 3349 1878 1799 4241 4961 958 960 3238 3801 2340 380 4957 4954 2140 136 2138 3390 155 154 3879 917 4323 3690 347 4424 1144 454 3997 1940 4962 3975 1005 4650 294 3923 4963 3924 4579 4964 4965 4332 2950 2949 638 758 3927 4966 3701 4967 1764 4968 1762 3923 4870 4963 4072 4969 3744 3850 2762 4534 4634 2181 1943 
						1434 3458 2442 3080 4970 4838 4512 946 4172 1482 1481 1471 4615 4023 4306 4519 2252 2656 4971 4414 4315 933 2152 931 3540 2487 1576 3445 1448 1450 2815 1116 3743 4556 4942 4528 2938 2951 3057 2232 4938 4937 3344 3415 3342 956 2116 957 4957 4963 4972 4844 4912 3918 1113 2440 2433 4973 90 89 4674 2921 2920 1174 1838 1175 2184 4272 1989 3119 2069 2283 2034 3039 3038 1854 887 4637 1323 1353 2669 4208 3937 2986 2837 964 4708 2229 1524 4336 742 1408 4134 855 1943 1942 486 3044 487 669 210 982 4974 4975 4031 2175 932 3393 4976 4977 3115 1949 1610 4782 4067 4978 3642 3306 4979 4617 3079 3081 3138 4844 1636 2802 1673 3320 1674 3416 1684 2581 1708 839 174 1048 2639 4980 3914 3176 4479 3924 4963 380 4707 3023 4713 1992 1994 3321 313 1343 314 4187 510 3013 1413 4748 4393 847 846 4678 3919 3921 4913 334 336 1653 2070 2030 4708 3639 3641 2955 3214 979 3662 4539 4538 4981 4944 4982 3425 4204 4983 4205 4984 1916 1915 4963 4957 380 
						1635 2800 1636 4085 3333 3652 3022 3805 3806 2965 3061 2478 4390 2726 2690 4900 4899 409 277 3843 278 2640 4197 1262 3318 3119 3118 2678 2677 1722 2027 4901 3659 121 120 4297 1151 1152 4001 4985 748 4986 1203 537 536 2268 2782 3862 2459 4943 4859 4972 4870 4878 4987 4988 4989 1907 3341 3372 3253 2920 388 537 3159 538 4990 4480 4479 4991 2709 2708 1779 1234 1379 1829 128 127 4992 3036 3505 4849 4972 4880 1030 426 425 363 1742 4921 4880 4972 4878 4380 3496 4086 67 3483 1882 907 906 4401 1572 1923 1922 4993 3391 4994 4957 4972 4849 2143 4264 2144 2836 2441 2837 4822 2588 4995 2435 2322 4996 2288 2287 4021 1387 1386 4997 2481 4998 4999 3103 623 5000 4723 5001 5002 1279 116 1280 1954 2626 2625 3859 2904 1404 725 1389 1388 5003 674 2337 480 479 3570 4341 3293 435 5004 4353 3059 3313 618 375 4880 4840 4849 3444 761 1980 3935 465 464 351 350 4271 3476 4194 3618 1736 429 431 3772 3552 366 2254 3791 4098 1670 458 460 
						4261 1293 4104 4850 4862 4957 4932 2579 222 4849 4850 4957 2402 5005 2400 315 1191 1791 2435 2436 2322 4520 5006 3571 1520 862 1521 2318 306 308 4684 348 4225 1578 2159 2481 3573 3187 5007 4955 4957 4862 46 1626 4147 2368 4072 2369 3774 3480 4890 2302 4771 2303 4870 4972 4963 5008 1399 2806 337 5002 338 2729 4609 3830 5001 798 4715 594 3254 4218 4187 2905 510 3505 4431 4992 3783 4970 3784 2266 3488 3737 4723 798 5001 328 2532 2531 3064 3099 3255 2666 3592 4932 3699 1780 1659 2207 414 185 182 3519 2513 279 3860 5009 4891 4496 943 3436 3995 4950 2871 734 664 3105 5010 5011 2480 3764 3056 4667 3686 4150 3104 5010 3105 1346 1345 2577 620 3588 4360 4494 4066 4065 3829 2533 3611 2222 1553 2223 2502 2684 2712 2733 2 2083 4277 1151 4001 4566 1452 5012 1988 1426 171 4767 3733 3628 841 57 59 5011 4281 4280 1922 1924 2392 1318 4154 4153 2783 1571 2782 1886 4339 4626 2430 4567 2431 4370 895 2428 2795 2797 1216 471 470 3585 
						2779 2665 4936 3353 4737 1839 1329 4667 2039 5011 5010 4281 5013 4281 5010 221 4932 222 4715 4714 4919 1919 439 1373 292 4783 470 1021 4925 1022 4984 5014 5015 3469 812 3492 1265 610 5016 4098 2255 2254 1934 1680 1679 2258 3486 1949 4058 2766 4059 3105 5011 4138 4340 4656 3293 85 1406 423 3339 2401 2400 4081 448 1 4339 1886 3912 1017 5017 5018 2612 4379 832 3105 4138 1881 4591 3710 3709 3840 4658 87 4375 1425 5019 4703 5020 5021 1008 3217 2922 3466 1687 3465 3623 2872 1177 4138 1879 1881 4463 1866 4706 2960 296 295 4447 586 208 1513 3786 1511 3025 4145 1200 3987 5022 1739 3193 2587 1528 1116 2870 1613 1789 25 5023 2214 4817 1959 3112 3111 4111 1305 1155 211 3292 5024 5025 1866 221 4706 2989 1055 1054 1959 4816 5026 2049 4882 5027 4359 845 1765 1875 3562 2032 4637 887 197 1244 1243 5028 1454 1465 5029 3784 3080 3079 3105 1881 236 4702 2824 419 2704 3524 971 3729 3731 2672 399 2262 999 3080 2403 2405 4091 4092 2849 
						1705 4664 1703 3879 3878 917 3756 5030 1548 736 2021 737 3945 2137 2751 2937 2951 2938 4073 1795 679 1744 1570 1569 4169 1248 1247 4618 5031 5032 1758 4314 5033 5011 4136 4138 2228 2230 4677 3240 1591 4851 689 3046 225 4431 4300 4992 3235 5034 3667 1970 3313 374 659 928 5035 5036 5037 2398 1149 2015 3177 5011 4280 4136 5038 1411 4918 2513 2860 3996 1060 2710 1822 5039 2544 2546 3667 2327 3235 4920 498 500 2586 2585 4571 2150 1669 1956 1131 3488 3487 1037 1688 2456 2762 2761 4534 106 771 2293 2356 4163 2354 4563 4562 4865 1568 3716 3718 1773 1775 1089 3636 4520 4672 1005 448 4081 2326 3600 2411 5040 4420 109 1059 4489 4732 3778 4974 4031 3204 4524 1298 545 544 1506 2712 4612 1105 2155 3243 5041 420 422 4516 3398 5042 1845 1094 1435 1382 2340 3801 2864 4687 4689 3945 3104 3126 5010 24 3016 3887 1707 4493 3462 3126 5013 5010 863 680 679 4634 2179 2181 3129 3128 2853 2540 2276 2275 5002 4724 4723 338 5001 1222 1319 1318 4153 
						4206 885 3475 4600 4683 4929 9 4626 4339 4568 739 723 2386 2011 4239 4866 3075 770 3255 3988 880 2743 3630 3629 25 5043 5023 3676 5013 3126 4003 5044 409 2835 4708 2030 346 4356 4424 4734 4733 1296 4591 3620 3622 1925 1265 382 3181 2679 2788 3705 2090 2089 4133 5045 2944 2493 1922 2392 3939 3978 5046 267 266 4033 1715 3941 1716 2465 5047 4538 2472 4794 4875 4838 2403 3080 468 1381 27 1062 2323 4035 2546 3527 5039 3476 3759 5048 4389 4177 2537 3391 694 4807 3139 3327 356 4426 2790 2594 3533 3532 4324 76 75 1199 3183 4824 3897 4937 1227 2232 2676 4320 4049 3272 4170 4660 3522 5049 2016 2590 5050 3340 421 1784 422 4472 4167 4166 3676 4836 5013 2380 125 3675 4751 4266 1313 1206 437 5051 106 2293 2333 5006 4847 4785 2609 4328 5052 830 1571 1573 3585 3287 1171 4666 5053 5054 2142 2141 371 4583 420 4516 2846 2756 3288 1357 1359 2527 666 665 4928 2014 1978 2015 1511 3786 1312 2043 2130 4872 5055 2365 1335 4899 4030 410 
						2317 134 895 3606 36 38 300 4048 301 3507 5056 1224 1755 3413 2041 4712 843 845 4928 816 3510 1303 3974 1178 2089 4304 4303 4133 4132 5045 427 1456 5057 1047 4035 224 2114 888 1618 180 2107 3983 1367 1366 4730 1395 17 176 973 5058 2118 4709 3955 4710 4547 1462 5059 2469 3028 3030 265 2210 266 957 2116 4889 4495 1154 3516 4192 5060 1431 596 3062 594 1400 61 820 2966 3056 4871 2866 3857 2248 616 3404 309 5061 2648 1981 1014 3261 1012 437 436 5051 4886 2435 4996 569 571 4997 962 1624 2917 4281 5062 4287 1121 5063 1843 4956 5064 3114 4206 3475 4139 3882 2580 5065 5066 1518 5067 4581 4342 2767 5068 3806 2811 687 2561 4553 1491 333 908 458 3849 3695 5062 4898 4287 5069 919 918 1735 957 5070 5060 589 1431 5018 4098 3793 3819 3818 5071 3220 1069 1068 4863 4046 4687 1458 2648 5061 2260 4614 5072 2665 4515 4936 5062 4281 5013 3677 253 255 1078 3961 4027 347 346 4424 3389 1257 4331 1497 3215 2234 4460 5073 4768 
						3193 2668 3799 3822 1620 5074 2003 1966 4387 3985 1691 4662 1134 3268 1241 5013 4836 5062 4836 4840 5062 1031 2988 1054 2629 4467 3999 5075 2211 2210 2109 3155 3132 4991 4894 4124 5076 4594 4756 4166 1724 4036 4473 4167 4472 121 3587 2131 2640 1262 2641 4736 3143 5077 5044 4900 409 5078 835 837 4121 1862 1861 1955 2150 1956 4840 4898 5062 650 1606 568 1919 440 439 4747 2595 4273 4229 5079 1184 424 3 2058 4651 5080 3846 4725 2360 4705 1365 774 1366 1452 4566 4567 4864 4856 2799 3676 3126 3584 4010 4012 4909 1706 4940 4493 598 2085 1848 4552 1099 2715 3992 900 3067 3571 4461 4520 544 3219 1507 2345 3348 3347 4202 93 1756 818 5081 2074 2504 2503 1611 1630 3613 1628 1877 4054 5082 3659 2488 2028 3295 166 778 3735 978 3078 1318 4711 4154 1841 4769 1598 709 3320 1673 927 1040 2079 447 4521 2180 334 1653 1655 1275 1209 1208 5083 3414 968 3617 3414 5083 1380 2230 1381 2620 643 3175 116 115 1280 4776 5084 1437 1967 2003 5085 
						988 987 142 4259 4060 1987 5086 4360 2805 2786 5072 4383 3467 1018 1147 4776 1437 1694 3769 2403 4838 4797 3676 3666 191 1593 3047 1106 3985 4662 1953 4462 1632 5087 5088 3263 3196 445 447 3519 2514 2513 4173 948 1757 1783 1784 583 4035 2323 690 471 3031 3033 1079 1078 1301 507 3604 3606 4056 3783 2998 2815 800 802 5089 3360 5090 5056 4609 3127 4774 3981 3261 4836 3676 4797 477 3798 3370 4262 1854 4637 4772 1167 5091 2929 2928 1810 243 799 1461 4763 3686 4019 1327 3924 379 3454 4788 281 4322 4321 1917 2464 5047 2465 3558 2512 3237 1611 1663 1612 1398 5092 1746 2669 1353 1352 5093 847 4678 1103 5094 239 1050 1052 5095 2034 2033 5096 4216 4215 4888 3728 1617 2048 5097 3940 5098 832 3960 2612 4315 1952 1951 4694 4287 4701 1444 2252 1442 4282 4287 4694 4484 4576 1256 2582 329 328 172 4362 5099 135 564 3129 3715 3714 4700 3501 635 3387 3164 4349 4826 2322 2492 2633 4389 2537 2536 3223 5100 3258 2611 3961 4911 2078 927 2079 
						3008 3007 3239 3581 3610 2543 2437 2502 3486 4238 3465 1687 4928 57 4720 3488 2894 3737 377 3119 3318 1558 2744 1709 1520 1427 1723 4135 2619 2620 4287 4898 4701 4571 3073 981 4217 602 2821 725 5101 5102 5103 1050 5095 4386 715 3178 4934 2628 3943 5104 2716 511 2626 1633 2766 141 143 2328 3581 5093 3610 5105 5106 3310 4128 2079 4712 1537 5107 4361 3714 2352 4141 3161 1955 440 4304 2035 629 1015 5018 4923 853 1279 1681 1172 657 1517 5108 691 4507 5109 506 2325 5110 2071 2070 1596 3499 1597 5111 3599 5112 270 3245 3460 4092 2022 2849 3761 1957 1270 676 5113 5114 397 999 998 3562 3372 3920 4471 2829 4956 2384 1834 1833 3110 3297 4162 4833 3762 4435 5115 2161 3135 432 5116 433 5067 5117 4157 4046 4529 4687 2703 2475 421 4013 4270 3236 2010 3625 2011 4502 847 3580 5112 3365 5118 2827 577 3734 4135 2668 2619 3480 484 400 1656 4841 1496 3108 5077 1869 4635 5119 4373 1162 3216 1163 5120 4699 2447 4464 3453 1548 5121 1853 1852 
						5122 5123 5124 3837 3839 5125 1675 1674 3290 5126 2116 956 2029 2031 2426 1584 1586 5085 1069 2953 4503 3599 3365 5112 5127 794 793 1731 1776 4837 1685 3466 1825 380 379 3924 2567 2379 4207 3974 1580 4210 5048 2306 2305 4157 3905 4155 4554 4553 340 5128 5129 4975 1559 4249 3319 4857 5130 5131 5096 5132 769 587 1982 3284 5126 2517 4551 2009 2536 4120 5133 5118 3365 3598 1354 3490 3646 1758 5033 3 2057 2058 2772 3478 2773 3115 4977 3116 3365 299 5133 1888 1890 3259 995 2233 3863 4247 1710 2145 873 5007 3628 1665 4293 3797 3870 1980 1979 3839 3832 3831 2249 1647 88 3879 131 2407 396 395 870 609 5088 5016 5134 5135 5136 619 4913 3308 5034 2711 4246 4335 4175 4093 4574 4576 646 4137 4382 1879 5028 4995 5137 4446 5138 4745 1679 1681 2575 2227 1477 3607 3120 235 3549 3965 3005 647 1415 4492 4047 2626 2766 4058 4462 1953 1651 4043 1833 4549 1652 4149 2205 4640 5139 4124 5140 4326 4168 343 345 753 4721 5141 4307 3801 3689 4514 
						2719 745 2947 8 1634 1330 1242 2459 2131 4395 5142 4940 4875 4793 40 1608 5143 5144 2690 3097 496 3143 3930 3931 1150 4104 1293 4612 3984 3985 422 1784 219 77 5145 1129 5146 5147 5145 4791 3536 3048 4367 4205 111 4882 3702 5027 3657 4544 3315 77 5146 5145 3580 3740 5148 3938 1945 864 2623 1540 1225 3097 3098 496 3340 4351 2588 2710 4270 3926 35 34 890 1791 1793 4893 2757 2124 2208 464 466 3576 4369 2934 5149 4332 5108 4507 836 3732 837 4324 3532 2054 884 240 3618 5150 2558 3662 3798 5151 2135 5152 5145 5147 3975 4788 3454 3343 1701 1383 2945 2764 3949 3205 5153 3203 1782 5154 5155 14 4459 2787 4845 4419 5156 5140 2608 3173 4665 3780 4123 2794 1917 2635 207 2483 2484 880 882 1562 1840 1723 1722 603 2094 604 5147 5146 5157 3544 2524 3161 3988 3512 2259 506 1849 2326 4858 3329 3328 1689 515 1690 142 987 3337 1653 4938 3446 4737 681 680 3424 1003 4946 3830 4609 5056 3543 176 2076 5158 278 1120 1306 1305 211 
						4602 5093 4678 2966 3845 2965 4393 4748 4394 5159 2149 565 895 4370 306 4226 4147 3730 2985 5160 5161 763 765 4195 190 2334 191 2001 2000 3683 777 3092 3919 77 79 5162 3555 5163 3556 77 5162 5146 497 3251 1581 1948 449 3234 2857 296 2855 4147 1626 1627 3090 5078 3273 4930 2265 442 1465 1467 5029 2442 3458 5164 746 2120 1347 2522 5162 79 4931 442 755 3773 482 3480 3955 4217 4216 1868 1068 3109 4815 2957 2956 2270 4028 2271 3363 2897 1535 1742 5032 5031 4815 637 3754 1420 1422 990 4887 1844 4338 1850 2328 4813 3707 1205 1587 676 4354 1334 2162 3927 2879 5165 1308 2873 2715 1099 2564 69 5166 70 4006 2574 2199 874 1073 875 4400 5167 4376 611 2361 118 67 3481 3483 844 843 4653 5147 5135 5134 1376 3549 1377 825 4199 3811 2658 2657 4064 2456 1036 1037 5147 5134 5152 2847 1662 2845 4633 1469 414 1089 4965 1773 2418 4951 2397 356 3327 357 2041 3617 2040 1236 3018 5168 1980 2863 3444 4276 433 1151 3393 3550 2175 
						1814 3660 3050 4171 3431 2982 80 3292 818 2695 4629 877 3221 4933 2378 4901 1512 3405 2005 2004 3334 693 4624 691 4127 651 4143 1709 2743 3986 2544 5169 2545 5170 5171 534 2330 2318 308 241 808 4814 3170 459 555 5157 5172 5135 1266 607 606 3477 3476 5048 3952 2844 359 5157 5135 5147 4431 3505 12 718 2205 4453 3979 4193 2889 5173 5174 253 2528 3156 2527 743 2865 1223 2236 1137 4686 27 1381 28 442 1630 755 639 1587 640 3484 5021 5020 767 261 260 386 122 4859 496 3251 497 3316 3837 5175 3240 1024 3302 1688 4604 2309 3347 3450 3406 510 2045 3013 237 236 1880 255 254 257 4795 2861 4220 4636 1121 5119 3537 3760 2759 4823 4108 5176 827 311 828 2640 1808 2928 5177 2865 2722 3186 4460 4768 4253 5178 4254 4473 3451 4167 2893 4395 1706 126 531 3428 4367 111 2105 2384 1833 4043 655 543 1127 5179 2947 5126 4540 809 1456 780 1765 844 3861 4488 1871 4536 5180 2739 3902 4464 5181 3258 1768 3223 4235 720 1560 
						5182 1446 1445 2995 1035 98 1043 925 4348 1712 1247 4967 4564 5183 4495 3594 852 4076 5172 5184 5135 5162 5172 5157 586 4213 208 5085 2198 3651 5162 5157 5146 2710 2711 4270 3209 5164 5185 1954 1633 2626 5186 2193 3674 2114 552 554 1664 1996 1665 2074 2073 4565 5162 5187 5172 5029 1467 472 3362 3315 3703 3157 3159 537 3377 2559 570 2218 3076 3078 5172 5187 5188 2645 5160 2646 4202 4201 2466 3653 130 2237 203 5089 204 4513 5189 1495 5172 5188 5184 2207 4633 414 3677 5102 1096 3233 3820 3822 3232 4284 3233 3594 2825 852 137 565 564 1936 4249 1009 2449 3710 4591 11 5190 5191 4295 3650 5192 1855 1857 4758 1789 5023 1719 3015 2511 3558 588 3284 3268 3199 1661 3089 4646 1665 3797 1565 1564 4749 3705 4590 2090 5193 2349 4625 105 771 106 3316 5175 2250 4395 4940 1706 1883 3483 5194 2981 181 4417 4251 4948 3872 3752 1348 1347 5195 4591 4590 5196 2840 2839 1536 3439 5107 4988 4987 5197 2405 2404 3327 3476 3619 3759 5198 5199 5200 
						452 451 1038 4216 4752 3876 3604 507 4344 1497 2234 1498 3682 3681 5201 2589 2588 4822 965 964 2837 817 816 4928 2483 472 303 3433 5202 2275 1218 1217 5203 1569 457 1339 4706 221 4707 5204 530 937 4613 1324 4286 3810 825 3811 3289 1128 4242 5079 4441 1185 2702 55 54 5199 5205 5200 5206 5205 5199 3491 3611 2533 2393 4456 3061 3648 63 3459 5017 4833 5018 5207 1204 5208 364 775 304 2617 728 451 1801 5209 1271 1718 1717 4231 2019 4531 5065 5210 5211 2851 3872 4948 1189 5212 5213 5187 3569 5006 4785 3844 3303 1267 3405 3404 4901 357 3329 4858 4433 1115 5214 1388 1390 4543 4383 5072 2654 4811 3284 1982 523 2883 4427 1627 2092 4148 3226 3915 3916 4889 492 494 2243 2244 2663 2329 3156 894 4563 2647 2516 4247 3613 1710 1452 617 5012 793 795 5215 2566 3283 2377 588 587 3284 3024 2184 2183 24 3887 25 3376 2208 3377 216 889 4206 4735 4038 5216 4846 4845 5217 4017 3948 5038 2832 3629 3631 5218 5168 3018 759 5219 5220 
						935 3196 936 3098 2731 3251 3146 3145 2699 5221 3384 4798 2615 5222 2616 4891 4692 4499 4096 1006 1930 547 5223 4842 6 2038 2037 3282 2204 3881 5224 5225 4375 5096 2033 5132 4456 2197 2331 2728 5226 2729 1607 1504 5138 4006 2572 2574 2522 706 5212 3148 3157 537 3986 2743 3629 5212 706 5227 3966 1899 1898 1583 1254 4151 582 1066 3399 4007 1473 1181 4612 3985 1106 4975 3826 5128 5212 5187 5162 4140 2468 1362 5228 3544 3847 1869 5077 1867 2522 5212 5162 1064 4886 4996 4096 1231 1006 3375 3121 3123 3419 2962 3194 2499 2773 3516 4645 4646 5229 141 2328 505 5026 4380 1752 5103 945 944 2448 4705 5230 622 4297 120 2802 2801 721 4676 1819 5231 937 4535 938 1461 799 1460 2474 2096 2475 271 559 272 3542 1375 897 2962 4675 2823 4250 4252 1239 5232 3561 5233 3336 199 201 2631 5127 897 4443 4076 2081 1772 4523 3594 2780 2779 4936 1162 3074 3216 1066 1065 3994 2560 980 3214 2452 2454 3511 5234 5212 5227 3907 5235 4155 2847 2846 2662 
						1819 3091 5231 2741 2510 1503 3315 3362 3314 4491 2616 603 1345 1876 1878 1734 3868 2877 5236 2970 3948 1410 2151 1408 5237 4335 4095 901 2279 1177 2974 5238 102 704 5239 163 2685 2304 2686 1517 1519 4316 5212 5234 5213 4805 2854 2195 5240 3905 4157 864 3978 3939 1463 4036 4038 1201 4144 1514 3042 4351 3043 3882 351 3883 1114 1036 2455 1242 3299 2459 3805 3022 3335 2033 4786 5132 1255 639 1716 3376 2757 2208 3322 3321 4345 1916 1997 2789 2320 561 560 5241 5234 5227 4466 3625 5142 2136 3842 5094 5242 5243 5244 3482 2912 5194 4326 4952 4327 4759 4806 4805 4002 2757 569 1074 1073 1182 1746 5245 3470 2361 610 4415 3738 1248 2332 4110 3426 3425 4479 3176 4753 3817 2754 3704 3157 4839 3158 2739 3755 2121 4501 1401 4499 1663 1662 2847 4038 4037 4561 2676 4903 2689 117 119 4460 263 262 1837 1612 1663 2847 3927 758 757 3153 608 607 2392 3845 2493 3357 706 2522 1434 2371 2370 2042 3248 3250 1 450 229 1862 4739 4741 4077 853 1680 
						4359 1765 779 690 689 225 4695 188 1320 3471 1397 1399 5242 5246 5243 1407 861 860 4935 3506 1901 2208 2124 801 5227 706 708 2524 2150 1955 3224 2694 3225 2682 3500 1596 5247 2704 2025 237 3568 2470 4813 3668 2144 4663 1662 4662 3784 4970 3080 3617 3720 3616 1862 4742 966 3582 5248 3548 3235 3236 5034 2713 5177 2722 3920 3092 3562 3907 4155 3905 5187 5213 5249 4783 2661 470 1343 4292 1360 3578 5250 5251 5187 5249 5188 676 5114 4191 1998 5015 2241 4605 3716 4412 3022 3806 751 2408 392 393 1729 3787 1497 690 224 4035 4094 5137 3041 383 3084 4749 5002 3818 4724 4430 4431 12 3701 4966 766 2449 2448 3710 4791 3047 1593 164 166 5252 3688 2732 2734 2698 3211 3521 3360 203 2095 528 1519 529 2892 4466 5142 3229 1870 1858 5253 4449 3940 1082 2721 4627 1130 2892 1131 3973 4141 1750 519 521 4942 4457 4409 3892 3240 3770 3241 4636 1122 1121 3221 1199 5197 973 975 5058 4763 1770 4337 3016 4961 960 1634 3918 1330 4620 4558 4560 
						2393 3072 4456 4425 5254 3690 4283 553 4298 1970 2540 2541 3634 4781 3635 4354 1000 998 5040 3007 5255 5088 5087 5016 1148 3025 1200 2830 4887 3911 2367 732 4444 2649 2396 2021 2641 5256 2452 3734 577 952 4145 3027 4146 5198 5249 5213 5257 1234 1779 1306 1045 1044 223 4272 3023 4729 4731 3141 2383 2385 915 2533 3829 2534 5258 5259 4437 5260 3354 3355 4502 5148 371 5213 5234 5198 1686 1685 4911 3336 351 199 4142 3102 1973 1599 5236 4017 5199 5198 5234 4818 4065 3494 1794 3350 3352 5068 4578 4577 5241 5199 5234 2963 430 3184 308 307 3928 3183 3897 1984 5261 2902 2901 663 2554 1754 1444 1460 2252 5042 1846 1845 992 2426 1250 3701 4497 4967 4675 5262 1966 1702 1935 1700 2168 1092 581 4524 4569 4436 3657 310 4953 3114 5064 910 3529 1428 3198 2360 1041 4348 5135 5263 5136 4764 1097 1096 368 4382 4363 4938 2232 3446 4170 1807 3608 461 1208 1210 5264 923 5265 495 497 1303 1622 3548 1623 289 1527 331 1935 1937 4333 2153 4632 4258 
						4974 3778 3655 3133 3697 3691 4845 3627 4419 4229 2553 5079 3503 3505 4876 3699 3199 2087 0 4080 4081 1470 2353 1468 2170 2796 2795 5266 4907 1197 783 782 551 171 1426 4362 841 59 361 3207 2024 3208 2828 2367 4444 5263 5135 5267 5135 5184 5267 3212 1745 3165 5067 1518 656 3598 1918 1919 4467 3664 2876 1307 4452 4681 4628 3482 5268 5269 1027 1631 4090 460 3171 4655 3395 5270 4016 3872 4014 2778 4847 729 571 3310 1387 4376 4378 3644 790 2360 4725 5134 5136 5271 3020 5272 4265 2097 4852 2168 2562 4289 4288 194 1644 1583 3096 5266 4146 3973 2093 4725 2003 1584 5085 1858 1870 1872 65 1567 5273 325 3320 3319 2253 4519 3922 5237 4334 4335 659 661 22 1329 2038 1330 5274 2544 5039 980 4571 981 2079 4128 2077 2517 956 2518 3156 2329 2330 2014 5275 1976 3679 1722 2859 2960 1901 3506 1378 3369 1376 5266 1197 3708 4561 4634 855 1160 1159 4647 3527 4483 1995 5263 5267 5276 3269 82 636 717 3179 3178 622 120 623 5152 3124 5145 
						2819 4809 4810 1564 2867 4905 4019 4479 4753 2597 3073 2634 200 3235 2327 4200 4668 2959 5125 5228 3847 4074 3928 2427 4503 1067 1069 1559 1558 1709 4749 1564 4905 800 2815 1601 2305 2307 4570 1183 1182 3052 2903 2401 3339 4885 3736 3195 3340 5050 3341 4834 2832 3631 2693 4173 1757 4150 683 4667 2989 5159 2140 1745 3166 3165 1813 5033 3660 4787 3823 5277 5072 4308 2655 4983 233 112 408 4740 2312 3106 4616 3107 4885 3185 4886 327 1701 3343 5145 3124 1129 1710 3612 1711 3515 3514 1892 377 1316 3119 3150 3957 3151 412 288 290 3763 335 334 5278 1884 3173 3765 1354 4982 596 911 3062 2425 2031 3259 341 4289 4854 1294 1295 1698 4622 5248 4559 2982 3431 2983 4505 5279 4605 2284 3212 2697 1061 1594 1059 524 4433 3567 5184 5280 5267 4021 2638 2288 1654 3446 3566 5188 5280 5184 5254 5091 5281 5108 692 691 647 3005 2858 761 760 1314 1020 3026 1018 4580 1285 1287 5282 3707 1587 4361 826 3314 4855 5283 4293 2256 5014 4984 5073 3611 3491 
						1700 1935 4333 501 503 5284 3348 4960 3349 740 741 5202 1122 4636 2310 1865 1864 432 4952 5285 4327 2402 5286 5005 3770 5287 1025 2860 2861 4795 5288 1322 4212 5245 5289 3470 1364 5290 1362 1341 984 986 3413 1754 2555 3151 5074 5121 4679 4680 522 3277 5291 3278 513 5204 514 3737 2332 2266 3213 130 3653 2613 1747 3756 3565 513 515 5292 265 2476 3181 3180 2679 2931 467 3074 2386 3124 5152 4991 2708 4658 5293 3294 4475 4063 5294 2955 3620 4591 3709 285 124 2389 5223 2188 2189 3522 2148 2302 1188 5295 4015 18 1453 19 1831 378 1832 3141 4731 4183 4504 4503 3761 1333 4545 3402 4864 3487 2266 3068 5296 3121 3230 4458 1488 4437 1136 1135 716 3526 2814 2129 4034 2130 4410 1920 1921 3516 1050 5103 991 2836 3597 913 4860 3020 2986 4234 4208 4680 614 3946 4503 2953 3761 2928 1808 1810 3643 3645 4604 3954 772 774 5297 1517 4316 3579 3578 3967 3955 4709 600 1849 3600 2326 1856 4461 1857 3582 3548 3547 4611 904 3984 4505 4605 4411 
						1972 5298 1973 765 5299 4787 5069 4032 919 5300 3363 1537 1839 1840 3353 801 800 2209 5301 2595 4747 5280 5302 5303 2602 804 1042 3804 713 712 1513 5149 2934 4939 4131 2639 2550 2018 2066 5304 2485 5052 5280 5305 5302 1042 2157 2603 405 4548 403 2735 909 1258 4188 4187 3013 4533 5306 2978 3088 365 3089 1004 2857 3298 2274 2154 5307 5131 5130 1818 2034 5096 3039 1144 2939 2445 4007 1181 2632 557 3528 555 4893 1793 1960 3685 4019 3686 714 713 2091 1867 5077 4286 5099 4362 3531 3418 3502 2905 96 1900 3373 4441 2494 1185 888 2114 2115 1096 5102 5308 2900 162 1799 4037 1725 4318 1243 4822 4995 844 4653 4079 5309 4058 4259 3603 3824 4974 3583 3970 4560 1983 1458 5061 3901 4361 5107 3057 2936 2938 2012 2386 5152 5152 5271 2012 2736 4086 4051 2159 4998 2481 2534 3829 152 5134 5271 5152 5244 5243 3578 2342 51 1841 4781 5218 4406 1907 3043 4351 110 4311 104 2880 3927 757 623 385 5000 3723 3378 2581 5310 1639 1641 5202 2541 2275 
						2230 4336 28 5311 4621 5312 4511 4512 4172 5299 765 764 4175 5028 4093 3806 4577 4909 5049 2302 2304 2599 2521 2520 551 2898 4059 707 3356 5161 2924 2923 5313 407 4394 408 2591 1972 1971 2999 2998 3783 113 234 5314 4440 4839 2494 5097 5253 3940 5315 5007 873 1423 4374 2390 3195 3185 4885 3678 4992 4300 3858 2904 3859 2311 2310 4636 5316 1412 1411 3936 1828 1827 1771 5317 5318 1323 2669 965 1101 73 71 4949 4326 1720 2553 4632 5079 5319 532 4874 2054 392 4324 180 3983 181 3687 3800 4902 1411 1582 4918 1071 712 714 4744 3700 1146 5154 268 5155 4914 2818 2817 2684 626 4611 4333 4381 156 1226 4568 5153 1146 3701 766 827 3474 311 2983 3431 4772 3888 5261 2901 3304 5201 2215 559 4892 1621 53 1960 983 2804 2805 622 2072 3016 2073 3397 1841 1600 3099 5022 3987 4003 409 4004 5258 4569 723 1680 853 1681 4794 191 4572 133 2803 3113 1599 2971 5236 5267 5320 5276 5276 5320 5321 3202 3201 2113 2485 5304 3460 1974 1066 3994 
						5322 3152 5121 2636 5210 1532 4163 3602 3601 19 5088 609 983 1894 4769 1281 2931 3155 3756 3469 5030 5068 2811 2812 4039 1508 1510 767 260 322 4470 4469 3572 3809 2273 4848 4805 3129 2854 4807 694 696 3671 2190 2993 2285 3079 2286 5321 5320 5303 1933 4442 1931 4497 1712 4967 4113 1912 1911 3303 3409 3301 5323 5324 5325 3767 3766 2801 1726 4613 4286 362 5032 363 4196 4198 4160 4858 15 2618 5326 5303 5302 3377 2209 1603 5303 5326 5327 4896 72 73 2415 4765 2416 3624 2278 3615 2579 2578 222 5254 5281 3690 4665 4664 1705 4697 3834 3638 919 4691 920 163 3163 704 2429 3753 2427 613 3946 614 3413 1292 907 2103 2105 4696 2675 1954 2625 195 4151 650 203 3360 5089 400 718 4453 1987 1986 1554 5328 3083 2415 3094 4212 2441 115 468 467 2942 2943 3045 2939 5277 2940 4852 2097 2096 417 419 1615 344 343 4265 2553 2174 4632 5280 5320 5267 5320 5280 5303 354 353 4657 811 810 4640 5329 2771 4042 4093 5028 5137 3112 693 692 
						2356 5330 3602 1827 1829 127 3835 4927 4720 3721 4664 1382 4563 4686 2647 4730 4508 1367 3442 3864 3443 1204 2221 5208 4015 4825 4738 2516 2646 1209 5331 4212 4109 1902 4650 5332 3991 667 669 4523 5297 4316 4004 672 2757 4746 3226 3916 4762 4666 5054 1596 1140 5186 935 5333 445 1795 2151 1410 1903 5332 5334 1615 2369 1393 3688 5334 2732 4935 1901 2307 4117 2075 3188 2328 1850 505 3759 2306 5048 4224 4684 4225 90 1215 3324 4168 5335 132 5336 1013 3358 2220 2084 5337 5 4 1237 1988 2714 1721 3177 1147 1149 3201 3575 5338 5229 5339 5340 3839 3831 5125 2110 3184 3266 874 5123 4119 844 1765 845 2918 3552 3551 5129 5128 2014 1755 1754 3413 1000 1430 398 94 4384 5341 4213 2349 4214 2546 2545 4483 1131 2892 2894 1359 3959 857 563 3128 564 1102 1104 2115 5342 3085 3087 4241 4240 1345 3293 4656 3291 4756 4594 1067 418 1454 4702 3310 571 5105 745 747 2118 1207 759 5343 4423 1412 5316 678 699 5113 1004 1075 1005 2827 3457 2372 
						3222 3223 3037 1560 3931 1561 1173 1172 5297 540 2082 229 2993 2829 2994 5136 5263 5344 234 4276 5314 5195 2447 4591 5345 2336 2335 3088 3772 365 1128 1127 4408 4488 3455 1652 1833 1835 4550 4700 4141 4705 2670 1871 4488 5188 5249 5280 346 4451 4357 2982 2967 2969 3234 370 1947 4549 5269 2053 5028 1243 4995 4550 5269 4549 3220 1068 1419 3367 5149 3925 2731 5346 2730 4168 4327 5335 1099 1101 71 5347 4349 2227 5344 5271 5136 2786 1909 5348 3826 3825 5349 2269 3506 4935 1447 3396 3131 5288 5331 1698 3680 2280 3992 1878 1877 2899 878 4052 4405 2798 1695 1131 1108 3786 2934 1332 1182 1181 587 55 2702 2561 4288 4553 1035 4222 99 3358 5271 5344 5208 2221 597 1452 4317 1451 2351 2220 2219 4692 4916 1002 4439 4184 118 4011 1089 1091 4438 4437 1135 1723 1839 1520 39 3116 301 2543 634 3581 251 2774 2776 3734 4410 5350 1485 1101 1100 585 3973 1749 4894 4991 4658 963 1736 431 3137 3136 4660 565 137 2140 2895 2897 3362 3772 3154 245 
						586 2349 4213 1083 4142 1084 1617 1934 2047 5231 2921 4674 667 2548 2547 3317 169 3318 1666 1665 4646 4863 3945 3944 1184 5079 1185 3896 4164 1887 3373 2292 3083 3034 2571 4649 4877 179 1311 3358 5344 5336 2065 3138 3139 2296 4531 2020 1248 3738 1249 385 387 5000 1307 4681 325 1351 3871 3873 3370 3274 477 2676 2675 4903 2240 3748 4854 2873 2874 1558 4380 4086 2736 5204 937 514 2080 2832 4834 796 2227 3607 3424 3855 4575 3684 3686 1329 2638 838 4482 5351 770 3075 56 3725 1088 857 3712 2528 2787 700 2788 630 2997 631 2884 2291 1034 5240 5352 3905 3467 1977 3468 2502 2712 2503 2354 3896 1886 2034 3909 5284 1907 4351 3340 2265 443 442 421 2096 1784 5083 968 1594 2375 726 2617 1496 2100 1657 5353 3565 1689 3672 1284 10 3417 4290 1489 5249 5354 5280 1490 4407 3230 169 377 3318 767 766 261 3675 124 389 472 1467 364 5355 3941 1715 3861 4597 3456 829 5080 5356 795 1183 3052 114 2529 115 1708 2814 840 4939 224 226 
						2755 673 675 4815 2956 3387 4960 5357 3966 1971 2191 2591 2605 2604 4527 5263 5358 5344 1794 1421 3350 5359 4353 5301 3012 2916 3412 416 157 4530 4620 4621 4558 3025 3027 4145 3355 2818 4914 3265 429 1160 144 5040 109 5342 3087 1124 3697 5360 3289 4649 4900 5361 1589 2151 4073 702 1590 3181 533 5362 5170 4406 3019 729 88 4658 2249 1521 2652 2395 3067 900 3066 5200 5363 5354 3618 5364 3889 4545 1313 3401 1156 1190 2703 3044 5365 3643 413 363 4921 1562 4218 880 1718 4654 1821 3720 3617 4717 1278 1277 4888 5366 2753 3561 3372 3341 5367 4892 1220 313 1648 1647 2302 4892 315 4893 5200 5354 5198 3836 4720 841 5249 5198 5354 3867 1734 2851 3121 2552 4229 3991 3990 1251 4034 3394 230 1542 5294 1790 4685 2355 2354 4308 5072 4614 184 1143 185 4869 4974 3655 2485 3460 3245 5368 3940 3939 679 681 4073 1207 5343 1205 1909 1910 2260 2955 3388 2956 5315 873 5078 4799 4800 4478 1669 1487 969 477 5151 3798 5354 5363 5305 5369 5370 1014 
						2662 2846 3288 620 5086 1785 526 2585 4432 3397 1600 4026 2206 3881 2204 890 34 891 300 4529 4046 1673 710 709 4313 2741 2992 1212 554 1213 3019 4406 5218 5369 5371 5370 3796 4557 5293 2222 1261 1260 631 2997 2285 3928 4074 2538 2517 2519 4551 4747 1263 1262 2997 2999 2285 5354 5305 5280 809 5057 1456 2108 1281 2109 2624 4609 2729 4754 2408 3076 5336 5344 5369 4684 4451 348 3840 427 5057 4827 3640 4683 5057 4894 3840 5372 4398 1817 1797 160 4226 1202 1201 1904 3685 4479 4019 1340 60 2450 4355 5141 3179 938 1773 4965 1479 4697 4853 3703 2895 3362 5207 5208 5373 2644 2055 1577 4023 2261 5374 285 2390 286 4201 948 947 983 4769 1841 1294 5331 1410 123 179 2981 5210 2851 2850 5072 2655 2654 1359 857 2528 4828 2309 2311 226 225 4132 5348 2260 5072 2118 2117 745 50 49 1394 326 325 4249 1248 4169 2332 5268 3481 1597 2320 4444 561 4405 1344 1346 3064 3255 3254 3161 2524 1955 2898 2182 4924 3695 3256 556 3195 3078 3077 
						816 815 3449 5336 1014 1013 4566 5012 4294 2016 2685 2017 5120 2447 5195 4450 5045 4132 3438 2702 54 4153 625 624 1547 2718 2432 3393 931 2173 4189 50 4190 2932 3215 2977 2293 2810 3438 4491 2614 2616 5216 854 2247 2104 789 4367 3191 1429 3385 4858 3328 5375 5205 5111 5200 2159 5376 4998 4142 1973 5298 2346 1216 1218 2250 5175 1647 1515 4144 3708 167 2314 3998 5226 1085 2622 1841 51 983 4921 1742 1526 5369 1014 5336 869 2417 5100 2440 1029 2433 3803 3323 3322 5228 3831 3545 5377 323 322 1910 5095 2642 1421 1794 3698 1409 1408 742 480 4785 481 5361 4900 5044 3746 1138 66 4131 4133 2945 479 550 549 916 3533 4323 1485 2482 1486 4293 4941 3797 610 1265 4415 2414 2416 84 3577 3510 5244 3222 3037 3011 909 4484 1256 4064 2949 2951 3100 1091 3101 3029 4140 4452 478 2961 3506 4069 1016 1015 5180 5378 3755 5295 1188 3728 1544 3172 1884 1099 71 3206 5379 3041 5171 2636 1532 1534 5023 5043 4949 2431 4464 1547 1169 1168 3790 
						1788 2996 3117 1165 1219 3082 4905 2867 1471 3434 3682 3304 3433 2484 740 3857 856 3858 539 146 1545 4201 947 4044 2840 4780 4671 5380 2715 2716 415 696 3642 5363 5200 5112 1316 516 2068 4590 3622 2036 5358 5276 5369 5200 5111 5112 713 4346 4040 3300 1244 4175 4918 1582 1787 4469 5238 2974 2801 2301 3767 583 3399 1783 2590 3340 2588 1274 4562 2516 2066 3489 275 2115 1104 238 4683 3640 3639 4418 1315 2106 1914 4633 355 1596 3500 3499 2634 3073 1372 3558 2511 2512 4529 4688 4687 269 268 4586 5364 5151 3889 2978 2163 2979 2362 1499 5381 2349 5193 4214 1793 1895 1894 5116 1152 433 3130 3131 5382 5288 1697 1322 3918 4912 3684 446 3776 447 5383 5384 4125 2755 675 5240 2300 1325 4613 2705 4477 4476 4710 2667 2508 3390 3391 4993 5385 5371 5369 177 4184 4439 2940 5277 2263 1519 4677 529 3416 546 4183 5209 4403 1271 5276 5385 5369 2616 5222 3296 1877 5082 2899 1083 5226 3102 1608 5144 4542 2053 5269 1631 1881 1880 236 4465 3323 3900 
						2755 2756 673 2378 2377 3221 5277 394 3485 2064 2286 3138 4030 4274 63 919 4032 4691 3482 3481 5268 1170 5000 387 1000 397 998 3239 144 3998 2739 5180 3755 5321 5385 5276 3555 2863 5163 3385 5221 3189 4182 4181 3142 2103 4697 1479 4594 3134 1067 3386 3641 3504 4632 4441 5079 4045 4044 1372 25 3888 5043 1923 3662 979 4718 4717 3617 3452 2519 2518 76 1199 3221 5386 778 2791 432 1864 5116 3177 3467 1147 3214 3662 2558 1464 1463 4735 1368 3335 3022 1631 1027 2440 5358 5369 5344 4826 5347 1194 4172 2621 4760 4611 3984 4612 1546 146 145 103 911 5115 188 4695 4418 4742 4741 4588 5110 3819 2071 2316 2424 2317 1661 3199 3699 3086 1170 3087 5217 4845 5156 3889 5151 476 3715 5037 5387 2271 5388 3875 1419 1418 3220 320 1631 321 796 798 4723 4683 3639 4929 311 3246 828 5276 5358 5263 4492 4048 4047 4047 4863 3944 3814 3813 5346 2788 4430 14 5201 5203 2213 2725 3814 3098 5128 5275 2014 696 695 3642 3205 3204 3747 4344 819 1897 
						4058 5309 2626 5251 5250 5389 4755 3178 4413 3916 1269 4829 5331 5288 4212 3464 3463 2473 5138 4446 1607 1097 4764 5390 827 4294 5012 4633 2207 2063 4770 4384 94 3206 70 5329 5302 5305 5326 2036 3622 3812 38 37 1523 2241 5015 2242 1226 1228 739 150 558 312 4745 839 4446 2400 5005 3338 3797 3796 4646 4552 1485 1100 3131 3815 5382 5305 5391 5326 5391 5305 5118 5118 5305 5363 1939 5065 2580 5277 3485 2263 4746 3828 3226 3626 228 227 3213 2407 131 3660 5392 3661 3757 2591 2191 4748 4219 4394 572 574 4404 5112 5118 5363 520 642 3149 4131 2945 3949 4111 3282 772 2804 622 621 4572 3049 4793 4403 5393 3895 3358 2012 5271 245 3264 246 4211 5394 5395 5185 4365 5211 3359 2012 3358 5034 4246 3667 3903 5181 4294 647 2714 648 4891 943 2784 194 1642 1644 3580 5148 4502 4208 4721 4209 344 2876 2875 248 146 249 833 4943 3299 2433 486 1113 3014 3692 4714 1766 3207 2363 5179 4824 2946 1032 3971 1030 833 3299 3300 2764 5292 2476 
						3936 1827 127 910 5022 3063 3294 5293 4557 1233 1232 4810 2229 4336 2230 4400 4376 5365 3727 5381 3021 3037 3009 3011 889 885 4206 853 4077 4076 2031 2425 2426 1710 3613 3612 2567 4207 4649 2432 2718 2720 2085 598 597 1371 947 946 3523 3525 1374 5053 1167 5396 2831 3629 2832 2458 2214 1950 201 3337 3336 911 3063 3062 3716 4605 3717 2120 3752 1347 3560 2312 3899 3483 1883 1882 1756 93 92 4830 4103 4104 1569 3718 455 4107 1311 125 4649 5361 2125 3430 5396 1167 2256 3383 5014 4959 2443 5109 4046 4863 4047 2190 4542 730 2807 4164 3654 1318 4534 4711 3199 3200 2087 5222 5225 3296 2535 2534 933 4056 4712 4057 4318 2179 4561 1473 1472 1332 1168 1167 5053 3638 2933 2976 4698 5329 4042 3017 3754 4565 1762 5397 5398 2723 1175 1432 2324 2326 4054 3188 5399 498 4458 4973 89 426 2428 427 5400 2923 4773 5159 2989 2147 5401 5397 1762 1256 4574 1257 4231 4078 4079 5402 1678 2972 3383 3566 5014 165 2418 2791 2657 4126 3775 462 1438 5084 
						2798 3487 2799 2125 5361 5044 4344 1897 3604 3886 62 2878 5403 2968 5398 5397 5403 5398 3002 3001 2147 4516 219 218 2268 3170 2948 291 293 3914 3570 479 3851 1134 3725 3268 3307 4642 3306 4348 5230 2360 1186 2495 4179 3968 58 3579 1349 1350 2357 4534 4915 4711 4776 1694 2799 3216 1133 653 2381 1235 4039 2130 230 4821 362 58 3968 4693 3439 5008 4627 701 4659 3338 5005 810 3893 5182 3894 2868 1116 2815 32 31 3381 868 3658 615 2069 1743 2283 1002 4916 1003 3035 3034 2125 3032 1173 5318 499 3573 5130 3984 573 572 759 5220 1493 52 51 2315 4436 4569 5258 575 3422 576 5102 5101 2289 5360 3216 653 1305 1153 1155 1959 5026 1752 3670 2623 4252 3348 4026 4960 2024 1678 5402 91 3324 2056 1941 2278 2280 3344 3343 1383 5404 4240 1798 4904 2884 1034 4571 2585 4045 1158 4860 913 5405 5386 2791 2427 3753 4074 4930 4856 4864 4455 2589 1713 1425 1424 5019 2763 5055 1335 1800 1271 1245 561 4200 2959 3656 5406 3419 220 219 1211 
						3239 5407 3008 2996 406 2312 522 2883 523 4956 2321 5064 925 2078 3709 2171 4707 5408 4361 3314 5300 4927 817 4928 4452 3290 4681 3904 1087 3757 4919 4290 4715 2288 5308 2289 1188 4015 4014 2272 4334 5237 338 1221 339 5071 337 1889 358 2879 3953 2506 2194 1483 2623 3127 4609 4178 4389 2009 1857 4461 1650 963 2823 961 2413 3346 5409 1540 3871 1541 4587 5410 1538 1371 2634 1372 743 742 2722 4428 3963 4576 5411 3218 3217 3000 2297 3001 2741 2742 2992 986 1897 4761 5412 1088 861 3572 4313 4470 1419 1868 1867 3435 1546 3436 2820 5076 4756 4777 4776 2799 2827 738 577 2470 3274 3370 5413 5414 5415 3858 1942 2904 1707 3462 5377 7 6 4250 5202 741 3311 4681 3320 325 3314 3362 5300 4112 2111 4647 2906 5264 5416 758 5343 759 5415 5417 5418 4680 2882 522 2973 3572 4469 1300 4028 2746 4775 2744 2874 4734 1296 5419 5418 5417 5420 4783 1610 1612 1494 4513 1495 882 881 291 4974 3824 4975 3439 3471 5008 4641 3359 1013 373 372 3065 
						2641 3511 1808 5306 2164 2163 1276 3472 1277 262 2735 1837 5231 4674 5421 2462 5048 4053 2318 2347 2316 3510 3449 5242 4032 1095 4123 1569 1339 1744 4787 5277 2939 23 4784 4682 4210 3501 5422 1494 1496 4841 5082 2326 2411 577 738 575 3890 2222 2224 3706 4657 1708 2703 1190 2473 4995 2588 3042 3327 2404 3328 1783 3399 1211 663 1754 664 101 3135 2975 4661 1394 49 2903 3339 4526 2482 2481 1486 1797 4226 474 2071 1889 1888 5018 4833 4098 2071 5071 1889 2703 421 420 2458 4065 4818 1817 4398 1639 1679 2575 3164 4852 4225 2168 2051 4689 4882 3181 1590 1589 1281 1280 2931 5300 3362 3363 5053 5396 5054 1506 1507 5423 3384 5221 3385 1312 3786 1110 1722 1721 2859 5150 1572 5106 2985 5161 3356 4509 4508 4729 5314 3834 5424 1724 934 936 5353 1689 1533 1939 3592 4962 4842 5203 3681 3677 5173 253 5175 3837 5125 1903 1902 5332 3019 603 605 1913 1912 5425 3603 5426 3824 5272 3999 4467 3303 3844 3409 4500 1002 1001 4400 5365 3044 1701 156 155 
						4786 1457 4867 4777 1962 463 616 309 617 3654 4869 3655 5351 3075 2700 3564 3563 5097 3304 1959 1751 5221 4798 829 5427 5403 5428 160 46 4147 3834 4275 3835 1265 5087 1266 4191 1430 1000 2149 563 565 678 5113 676 3223 1768 3037 195 649 4232 4177 2298 1402 2838 5110 2070 3942 4274 4207 5252 2604 164 4358 3441 4838 4702 206 2824 2580 3882 3884 1734 2852 2851 3897 5179 4551 691 1367 4508 1490 4243 4407 339 1221 668 446 3117 3776 5412 56 1088 3366 2374 2373 4965 1089 4011 2680 3507 2681 1204 536 2221 1649 1651 2674 3262 4616 3106 1193 4826 1194 5071 3818 5002 4555 2822 4553 4550 1027 5269 2767 4342 2768 113 112 234 4250 6 4948 3337 1991 1990 5424 3834 4697 1983 5061 1981 1315 3983 2107 198 3559 3237 2455 4387 3242 3754 637 4565 1577 2160 1578 4887 4338 3911 5408 4713 4414 4952 4526 3339 4067 4069 4978 3548 5248 4622 5424 4697 4696 1776 3809 4837 3186 4768 4767 5031 614 4679 804 926 1042 3492 814 2120 4611 626 904 
						4006 2199 2198 1021 4060 4925 222 4272 223 5284 503 2034 2760 1826 2169 1966 1625 961 3690 5281 1169 2431 5181 4464 3623 2465 4539 944 3516 5103 1133 654 653 4647 2111 3266 5397 5429 5403 2712 2684 4611 5298 1326 1325 3209 5185 5210 1081 2682 2681 4332 1550 5108 3780 1705 3596 4493 4396 3462 4273 4583 1264 3921 3308 4913 4448 5388 2271 3841 1229 1231 451 728 1202 5314 4275 3834 1009 1559 1010 560 1737 5430 3898 3941 4532 5238 3114 102 4312 4858 2618 3287 658 1172 4982 2364 3425 1382 1436 3719 1960 1793 1894 4969 248 3744 2947 5179 2946 2176 2764 2945 5403 5429 5428 3694 5050 2590 1746 5431 5245 5008 2806 4693 3854 3856 4410 4452 3342 3029 5429 5432 5428 1544 1543 3172 4042 4778 4698 3385 3189 3191 5432 5433 5428 3555 3557 3442 1114 485 1036 3505 4827 13 3225 4384 3915 2948 3170 1385 2454 4283 3232 772 3881 4510 3826 5349 5128 2639 3950 4980 4346 4032 5069 3661 5392 2794 1769 1768 3258 1653 336 4938 5082 2411 2899 21 3554 928 
						5388 833 3875 1725 3196 4318 4540 1456 3113 2055 89 91 3523 1956 3524 483 2146 2670 4934 5434 2628 4539 4981 1070 1335 4811 2763 4959 5189 4513 691 4624 1367 5435 5436 5432 1145 3058 3346 4293 5283 4941 3498 449 1948 220 1211 553 3186 4767 5437 1285 3267 5438 1632 4462 3851 3389 4330 172 3297 3665 3197 1117 1672 5214 5432 5436 5433 519 3146 642 3639 2912 4929 3028 2468 4140 1254 5282 1255 2357 3586 1349 4547 4472 4166 1069 1958 2953 2907 2909 3771 3378 2132 2581 107 4420 4419 379 381 4417 526 4045 2585 5413 5427 5414 27 1930 3074 491 54 1407 2742 3671 2992 2596 2064 2063 534 3564 535 5428 5414 5427 3068 3121 3375 3526 840 2814 3846 5080 829 4169 444 443 2030 1888 2031 3564 5097 535 5414 5439 5415 2771 2773 2498 3352 3351 2186 5002 5001 338 1025 5440 1026 3623 2463 2465 3876 4710 4216 5414 5441 5439 2088 1125 2086 777 3919 3003 5428 5441 5414 3014 4714 798 5119 1842 4373 5331 4109 3698 2494 4839 3148 123 2389 124 
						2883 1304 4428 2727 1513 1512 4626 2354 1886 5220 436 4233 3881 3880 4510 5281 1167 1169 1364 1363 2625 2092 918 920 4959 5109 5189 5428 5433 5441 3073 4571 4045 1074 1182 1332 5393 5442 3895 4461 3851 4462 4901 2027 1512 4597 3975 3456 5130 5443 1818 2164 5355 1715 70 4802 2771 1426 1428 4362 2581 2188 547 5356 5221 829 703 5239 704 2842 2979 2843 633 3739 634 3413 907 3637 4390 2724 2726 4124 5139 4125 5125 3831 5228 4122 100 183 656 2755 5117 2971 2970 5236 52 1621 53 2606 3403 2103 1301 1300 2747 2573 972 212 551 1740 783 4748 4220 4219 2398 5444 3705 5307 5041 2809 20 4184 177 5439 5445 5415 3444 3443 762 4964 939 4965 1738 2438 2437 1087 1326 1972 2660 699 4090 1807 3271 1805 1986 1309 5165 4692 4891 2784 390 1785 5086 5281 5091 1167 2820 4756 4503 1710 1712 2143 3346 4744 1145 857 859 3904 4332 3539 1550 3114 4471 4956 1451 4317 3258 3873 4121 1352 4620 1401 4501 1288 1666 4645 3696 1163 5360 1998 1997 4984 
						678 3402 697 1994 4434 3321 3779 4832 3366 999 5438 3267 1299 4267 1836 3889 3758 3619 199 4013 200 5334 5332 0 5070 494 1161 1986 1021 1023 1414 4820 4492 2783 2268 2948 4555 2033 503 1730 2830 3911 5446 5190 11 4515 1740 4936 3643 4604 487 297 299 3364 5149 3367 4369 1950 1952 2458 45 1626 46 832 834 3960 3513 2437 3486 3411 3012 3412 306 4370 307 5447 5448 2750 3317 3609 3868 4191 5060 4192 3331 2821 4504 1205 5343 640 5449 3713 5387 5265 923 922 5436 5450 5433 1671 352 2243 1715 3934 2164 1696 4522 1697 2761 256 4915 2344 3397 4026 3777 3779 3782 3098 3814 5346 679 1795 3352 5339 4646 3796 2492 5425 4703 4165 89 2643 324 323 1190 4869 3603 4974 3675 389 2381 3657 3315 3247 4223 5451 4224 460 459 3170 162 5409 3060 4149 281 280 2536 4620 4120 5376 2159 2158 3957 3822 3151 508 507 1119 2567 2377 2379 5181 3903 3902 582 1092 3789 2218 2217 4754 3700 4497 3701 612 4244 4390 5452 5441 5433 1286 4581 2767 
						5450 5452 5433 3707 2043 4872 16 20 177 5300 1537 4361 4579 4965 4011 3769 2919 2403 5055 4734 2365 278 2964 5063 4207 4030 4899 321 5453 2409 3499 4628 5268 4948 2037 1189 675 5352 5240 5436 5454 5450 3817 3704 4303 1136 5259 2645 906 1961 1962 3507 5177 2713 5158 806 276 4239 4466 3125 207 4447 208 2319 4444 2320 1172 658 657 2651 2394 2649 3733 4768 3491 783 205 784 4314 4322 5033 3223 869 5100 5328 2415 2414 3947 4423 3948 4621 1001 5312 1578 2160 2159 3532 2053 2054 3473 2466 2467 2838 4742 5110 2978 5306 2163 3400 4947 2908 2668 2667 3876 1695 77 1129 4806 135 3129 3342 4452 1307 4023 4025 4305 2071 3819 5071 4036 1725 4037 3188 3187 5399 1350 214 3852 2920 1642 194 3437 3436 4950 1159 4112 4647 2798 1694 1695 5430 2321 560 882 291 4211 306 2317 895 2341 2864 1290 1575 2362 3726 1011 1010 3408 1174 1176 1370 869 868 2417 1403 4564 4891 2303 3847 2686 4641 4979 4642 2787 4659 700 4438 5419 4525 3994 4666 1102 
						4108 125 2380 5065 1939 2019 3637 907 4401 3481 67 1597 1191 1033 1792 4356 4425 4424 5455 5456 5457 4244 3894 3130 23 2334 190 3497 5458 3742 2642 4302 5374 1062 1064 4996 3560 3899 4227 3140 4729 3141 4291 4242 4243 3272 4660 1378 5456 5459 5457 1194 2227 2226 811 4124 4894 3979 3978 866 5417 5458 3497 1902 295 4650 3380 579 3590 5068 4585 4578 899 5460 47 3740 5461 5148 4771 5175 5125 286 2614 1811 827 5012 3474 4432 2585 2816 3463 1929 2473 1669 1668 1487 1051 4301 1052 5238 4469 4471 5459 5456 5462 5113 2660 5114 1621 4893 53 2217 129 131 613 2690 2691 4242 3692 3691 3860 4463 1846 3739 4592 5461 1766 5247 3207 4126 3773 3775 5185 5211 5210 3278 3055 3279 1304 1178 3963 2891 1845 2170 5215 795 3053 2935 4369 453 2363 1355 1766 5417 5445 5458 3591 3067 808 727 1200 728 4875 4819 5416 343 3726 3021 1527 1741 3891 3422 1638 5312 2347 68 5463 5107 4693 3901 5464 1893 416 6 2037 4948 3749 173 3799 4110 764 763 
						1169 3790 3690 5055 1932 4734 1090 2740 4101 5415 5445 5417 2047 1679 3164 3243 1887 2807 5453 1114 3242 4017 5038 5465 4210 5422 4876 2196 2854 2683 345 751 753 1853 1620 215 2869 3937 4209 5104 2643 3724 1712 1711 1247 2485 3245 1539 2633 4703 5021 1230 4922 5411 992 2952 4883 3280 3417 3418 3980 5046 3978 3031 3585 1171 5466 5401 4968 5180 5467 5378 3503 5422 3504 4638 5468 3859 3431 3430 4772 315 1791 4893 4951 4950 5449 5282 639 1255 2746 2270 3169 4320 2689 5469 4663 2845 1662 5064 2321 5430 2281 4347 1466 3260 667 3991 5470 5471 5472 905 2007 906 2028 2027 3659 4408 823 4409 3171 3170 2267 4414 5291 3277 175 4745 1529 2906 3589 2006 570 2558 5150 4014 1189 1188 4407 4409 3230 3900 3323 3803 378 516 1316 2473 5451 2474 2887 1685 1825 5447 2750 2749 3841 1524 1229 1220 4892 559 3198 3197 3530 4087 4086 4841 2261 2642 5374 1780 2169 2062 4437 5259 1136 2244 352 1439 4585 515 4578 2255 3383 2256 1950 2214 2213 5445 5473 5458 
						3018 3019 5218 3059 4352 3060 923 265 4105 3496 1494 4841 1410 5331 3698 5104 3724 5380 5472 5471 5466 4983 432 233 4509 4729 3140 1235 5474 1508 826 3903 4294 5323 5475 532 3272 3271 4170 1648 3244 86 4117 2076 2075 4715 4290 3417 4455 2590 2589 4854 2241 2240 5423 5476 4089 5296 2552 3121 2858 3005 3678 3202 2113 1141 4994 3391 4807 4785 2778 2780 3482 5194 3483 787 789 2104 3534 3536 3410 752 751 4909 1549 3493 2718 3951 4425 4356 5477 5466 5471 2338 47 3807 5352 3906 3905 3749 3799 4135 367 366 2918 3224 3226 3828 3071 3913 754 4952 5478 5285 2673 1859 2146 2226 796 4724 3971 426 1030 4716 3721 4717 2985 2646 5160 2912 3482 4600 4709 2508 2741 5479 2341 1289 1260 1268 1552 2141 372 371 2653 2655 1830 4511 4805 2195 5038 5316 1411 2641 1262 5256 4629 4051 877 2587 175 1529 4270 2711 5034 3671 2993 2992 2763 1981 1933 2303 5125 3847 1407 5412 861 1264 5256 1262 4289 2241 4854 2957 26 1790 2193 2192 2707 2735 1258 1837 
						3423 1003 3424 3146 2699 642 453 2617 451 4053 2305 4902 5477 5471 5480 1401 1403 4499 5278 996 1882 2314 167 272 685 1917 2789 2116 2118 4889 4472 5481 3406 425 427 3840 736 2827 4115 1123 781 5342 3359 4641 2012 2736 4051 4629 1031 3000 2988 5482 5397 5401 1694 1437 78 546 2001 593 4438 1135 2884 2321 2320 560 663 2861 3276 2130 4821 4872 2061 2867 1564 2354 4163 3896 4982 1356 2364 388 2920 194 2429 426 3971 3921 3920 5367 4759 4511 4172 5458 4812 3742 1027 1029 2440 4391 953 698 3407 608 3153 1237 860 34 437 3068 438 3344 1383 1384 1414 4492 1415 2452 5256 2453 5278 3173 2423 4219 734 733 1638 1637 4623 153 4603 3158 4547 5481 4472 2147 2149 5159 1359 1358 3959 4749 384 383 1364 5309 5290 4618 5032 362 1240 1084 2308 1777 3912 1885 1287 1286 3471 4374 2615 286 3695 3849 3256 3887 960 3888 5458 5483 4812 3732 2584 2535 1582 1413 407 4889 5058 492 5098 3940 5368 5463 2423 2316 2247 2866 2248 2555 2554 1292 
						4414 3024 5291 2081 1616 4443 635 4815 3387 2696 2698 3520 2398 3705 2399 659 5035 660 227 449 3498 1874 3562 1875 2274 5307 2834 5130 3573 5007 2007 1275 1208 3692 4242 4291 3724 1579 4552 2803 4540 3113 3049 3115 41 1051 3479 4416 260 5377 322 3614 4445 2464 3730 475 474 214 213 3852 3521 3211 3935 2169 3466 2062 3747 3204 1297 4420 107 109 5132 770 769 5397 5482 5429 4255 2034 3038 4243 1128 4408 1696 2523 1223 3950 2764 2765 5192 1963 1965 2312 4740 3899 3961 3960 4027 2281 4610 4347 552 2114 3821 4904 1034 1033 1563 2061 1564 4688 4881 4689 2745 4589 3630 2915 4304 3575 444 4169 3612 4154 4711 2776 618 4913 619 3563 5253 5097 2536 1401 4620 2194 2506 3869 3892 3192 1214 2504 1611 1949 5483 5484 4812 3180 1589 681 2737 4629 4630 5446 11 10 3036 4992 3678 2146 1872 2670 1090 1775 2740 5104 5380 2716 1675 5290 3420 5482 5485 5435 3644 806 5158 644 4752 1277 1079 5486 5124 1777 2155 1776 1203 1204 5207 5487 4587 4586 
						3027 3026 1020 1921 168 43 3207 5247 2025 2721 701 4627 2042 2129 2043 4110 763 3426 20 19 609 475 3730 651 5068 2812 4585 5084 463 462 3991 669 982 5164 42 5185 5191 4685 11 4765 3438 490 3983 2101 1327 3208 5488 764 4893 1960 53 4048 300 4046 2163 2162 358 990 4883 3547 626 902 904 5036 2398 2397 498 5399 3573 5330 5489 3602 997 999 3267 2809 2808 3777 105 104 4311 1386 1385 3528 5401 5466 5477 867 869 4690 5490 5491 5492 1317 3850 1318 2691 496 495 3527 716 715 1553 1958 3220 4921 289 288 5401 5477 5482 4031 4975 5129 5312 1001 3422 3345 3700 4744 5483 5491 5490 1246 4244 612 2163 360 2979 2927 2640 2928 5292 2210 265 85 4766 1406 614 1246 612 5332 4080 0 310 3405 4953 4101 4102 4366 3998 2314 5493 547 2188 5223 5477 5480 5485 468 2530 527 3215 413 412 4555 4554 4786 5473 5491 5483 3747 2240 993 588 3268 3725 5465 5038 4918 4871 3056 3765 3797 4942 3795 4064 3775 2949 5458 5473 5483 
						3871 3670 3872 5482 5477 5485 557 1233 3035 4614 2261 4615 931 2152 2153 4877 180 179 5416 5264 5265 30 3029 3415 1221 4188 3877 745 2719 746 739 4568 1226 4227 3899 4228 4753 3033 5317 810 5005 4640 2773 3517 3516 4135 3799 2668 5494 4843 4112 54 5412 1407 2296 1501 4531 1288 1664 1666 98 100 1895 5341 4384 3225 5356 5080 3190 3351 1449 4092 3598 1373 1354 4926 2753 5366 4848 2489 3658 1683 3723 1684 4792 1379 5168 2844 2843 359 140 139 5495 3379 3591 807 2905 5496 5104 4296 2519 4295 4864 2265 4930 3325 3745 4152 915 2385 916 3491 4768 5073 2473 2475 2703 5473 5492 5491 1198 5197 1199 4167 934 1724 2892 5142 4395 3043 3564 534 5485 5480 5497 2117 5126 2947 1635 2308 2800 3110 2371 1433 5110 4588 3819 3851 479 1632 5498 5174 5173 1081 1080 3500 3498 3626 227 731 3850 732 3770 2909 5287 1811 4491 3018 4421 4420 5255 3706 174 173 905 907 1292 5499 5500 5501 5310 1641 4546 20 609 611 1535 4580 1536 3197 2717 2394 
						1425 4374 1423 3708 4146 5266 2969 3136 2982 1431 1430 4192 4026 1600 4018 939 938 4965 579 3380 580 3836 842 3638 3031 1171 3032 216 886 217 4624 3112 1365 4394 733 3853 626 625 902 4742 4588 5110 1211 3399 1212 4741 4739 1193 1414 4819 4820 4422 967 968 1211 1213 553 1377 3549 5502 4155 5235 5503 1195 2226 3818 2410 3419 3077 4781 4792 5218 2682 3830 2680 5090 5504 5505 3128 2551 2853 5459 5506 5470 5505 5507 5508 4702 2483 207 4398 2345 3347 570 5150 571 2045 2046 3012 5040 5255 4420 5357 5465 1899 5506 5471 5470 1148 1147 3026 1028 4329 1029 5394 4990 4368 576 3422 3424 1085 1084 1240 996 5463 68 3529 3198 3530 4871 4944 5080 754 756 967 2121 2123 4203 4435 2255 4098 1880 2856 3568 2306 2269 4935 3065 4005 924 5506 5480 5471 2313 2345 4397 1445 1447 3131 376 375 1785 4909 2487 3540 1164 3696 3155 36 5163 2862 2854 273 2683 4543 731 730 4837 3809 867 2200 3586 4789 872 4343 4342 4228 5047 2464 1624 4295 2917 
						176 178 2076 2746 4028 2270 159 158 4978 1999 2241 4289 4907 5266 3095 4890 3480 402 3611 5073 2542 2739 2121 2740 921 923 4105 2374 1474 2375 5004 3058 1145 4855 5509 5283 4062 1989 4272 2598 2195 2197 5510 5507 5504 4202 1756 948 4649 4207 4900 4260 1261 3890 2594 324 1157 4866 1457 1459 3684 1329 1328 3239 5372 5407 3588 4455 1714 5511 2746 3169 3610 5093 4602 1624 1625 1967 654 543 655 2846 2845 5512 4298 552 3821 2680 5056 3507 5505 5504 5507 5094 1806 2136 1358 2224 3959 2091 4040 918 3590 3067 3591 5186 2682 1596 2050 3879 2407 2580 3592 1939 4203 2501 4204 3373 2333 2292 2229 4372 1524 2561 2562 4288 333 4427 4484 1374 1355 1373 2853 274 273 564 135 137 2678 4300 4431 2363 3208 2364 5206 5241 722 3451 1898 1786 1945 865 864 2674 1953 2675 1818 5443 1819 3577 3579 666 4235 1560 1562 5065 349 3882 293 469 3176 1228 5206 722 3345 1851 4263 5452 5513 5514 4866 770 4867 2731 3269 1581 5514 5513 5492 5462 5515 5516 
						4385 1110 1109 1595 4732 2711 4844 3918 1636 3625 4466 4239 2860 1412 4423 3710 5230 4348 1739 3513 3512 4383 2654 2653 2900 5409 162 4121 4015 4738 5042 4510 3880 5206 1228 1227 4232 193 195 462 461 2984 4632 2153 4441 198 197 3559 5095 1910 945 2872 1070 5460 3641 3640 3504 3197 2394 2651 1917 4321 1915 2406 2751 2137 2126 5044 4003 3469 1747 3470 2916 1045 1306 4283 3820 4284 99 4222 3518 3884 4062 2578 3990 4178 2009 4570 2307 1901 480 3570 3569 2104 4367 2105 832 4859 4943 1555 1554 1986 3789 1168 1065 2637 1534 2812 3740 3739 5461 4230 1184 3122 2495 2494 3147 5445 5439 5473 2067 3161 440 2477 923 5264 2711 4732 4246 4442 1933 2648 3721 1382 3719 1696 1541 4522 938 1774 1773 4959 4513 3495 4625 2349 1748 233 4276 234 4001 817 4927 1071 1070 4981 2300 2299 1325 1883 5194 2912 4346 1093 4032 1304 1303 1178 1420 1622 3350 3010 3852 4690 5452 5439 5441 4690 3222 3011 1164 1163 3696 1826 1825 3466 355 357 1914 3756 1548 3453 
						2525 3962 1668 3781 4601 4596 5439 5452 5514 5459 5462 5506 2896 2895 1333 1574 1576 3933 5512 2337 673 5456 5515 5462 2573 2572 4635 246 5088 19 5291 3024 2183 662 4220 663 5517 2136 2135 834 5388 4448 2541 3311 3313 4214 4969 4072 4367 4366 4205 4760 4806 4759 721 3766 719 3452 2917 4295 2216 3334 2004 248 247 3744 1859 1858 1872 4829 1268 4103 2577 4240 5404 5439 5514 5473 81 2074 4565 3151 3822 5074 2707 2729 3830 576 3424 4575 5518 5467 5180 5519 42 5164 4430 2788 2679 4559 3583 4560 858 1417 1324 5295 3164 4825 5514 5492 5473 4254 3044 2434 2717 3198 1428 5462 5516 5506 763 4195 3426 2293 3438 2294 2327 4813 2328 4341 4340 3293 3179 5141 4208 1578 2482 1579 5001 4715 1222 4001 4927 4277 3711 2556 3908 270 5155 268 390 5086 2805 2304 2685 5049 3457 2370 2372 2404 2403 2919 2483 5029 472 1044 1046 2165 3207 2025 2024 878 1346 2576 5047 3802 4538 4682 4851 23 2769 5092 1397 4123 1095 4665 1890 2548 3259 2786 5348 5072 
						5520 5516 5521 2730 435 434 1850 4813 4264 945 5103 5095 5333 446 445 4435 1655 2255 5295 2048 3164 2485 2609 5052 4638 1404 579 4088 1418 1417 3635 4781 4406 5437 4767 3628 882 4211 4235 3774 3773 3480 3004 4210 4876 3744 228 3626 3692 4290 4919 5521 5497 5520 2479 2683 2480 4203 2123 2500 1070 45 5460 3760 2804 2759 5520 5497 5480 4238 1331 3465 4258 4632 2173 1458 4442 2648 129 978 977 355 3139 356 3816 837 2535 518 4412 3716 4442 4854 1931 5449 4950 3713 5450 5513 5452 1035 1034 2291 1223 1225 1541 2764 2176 5292 5163 3605 3556 4855 4293 1996 1566 5522 1567 4548 3249 3248 1309 1308 5165 1695 78 77 5430 5022 910 3989 3720 1436 1915 4371 2254 4426 2594 4353 4557 2604 5252 5513 5450 5523 5319 4874 4535 5021 3484 2633 1037 487 4604 5507 5513 5523 4762 5054 5524 5084 4776 463 754 4931 755 720 5394 4368 1966 5262 4387 2295 4601 3781 4165 4458 89 2941 2389 2981 1905 3276 2515 4396 4493 4940 1112 1114 5453 4151 1253 650 
						5270 3395 1447 4903 2625 1363 5158 1120 2376 1132 1930 1006 3471 1399 5008 1758 1759 4314 1763 1762 5398 5487 5410 4587 4764 4481 5390 2235 2236 2290 834 833 5388 259 1707 260 1116 1115 3743 2503 1107 1611 5508 5507 5523 4204 2501 4983 2332 4169 443 3992 2280 2279 3492 812 814 5506 5520 5480 1768 1985 3037 50 4189 48 3074 1132 3216 720 4235 5395 5120 5195 5444 235 2471 5502 3957 3233 3822 187 4477 2705 1216 2797 1217 4018 5465 5357 347 2168 348 3644 4378 806 2723 2637 1176 5027 915 3878 988 142 141 4002 4004 2757 4991 4124 2709 2578 4062 4272 1131 2894 3488 236 235 3120 5506 5516 5520 1693 2336 5345 993 3205 3747 2909 2908 5525 5043 2901 4949 2952 992 1250 4847 2778 4785 1670 4090 699 2930 115 467 2140 5159 565 5244 3578 3577 4243 4408 4407 4097 1685 2887 4050 117 4460 3281 3282 4111 4507 691 4508 5167 4377 4376 4279 4581 1286 2192 3102 2728 867 4848 868 3660 5033 4322 5359 4196 3163 1315 760 2101 5273 1782 65 
						3480 482 484 1190 323 2473 4712 4359 4057 1927 1929 3463 4418 4695 3870 3660 4322 5392 568 649 650 2126 4997 1386 2841 4672 1968 4866 2128 3075 1854 217 887 1968 4672 1856 2671 2673 4143 2391 941 3256 4730 1683 1682 4564 4496 4891 3343 3342 1307 3688 2734 4608 1924 3072 2393 5516 5501 5521 866 865 2911 2673 2146 482 1998 4984 5015 3099 3987 3255 1936 1011 1937 3054 1991 2444 165 164 4951 4653 843 803 520 4106 521 5205 1227 4937 489 1866 4463 4990 3685 3684 115 2930 1280 5283 4639 4941 3389 172 851 5526 5510 5492 1155 1154 4495 3729 2672 2671 3680 3992 1405 5060 4191 5114 3606 38 1119 594 3062 3064 2708 3316 2250 1769 2592 3183 2598 4511 2195 4418 2106 189 2408 393 2409 4535 5518 5180 3659 2489 2488 5526 5492 5513 5515 5501 5516 1899 5465 4918 5469 2689 2469 2754 2418 2399 239 5094 3842 4523 1772 5318 1977 3467 1978 3598 3490 1918 1997 2610 686 926 925 1043 3459 63 65 1337 4811 1335 3511 4537 1809 2915 3575 749 
						5333 1788 3117 3103 5000 1170 4655 4340 3395 4555 502 2822 3575 629 5338 2793 779 781 4674 2920 3253 4631 4548 405 3792 3791 4371 2426 992 2029 5155 270 1782 4240 1799 1798 3665 3297 1838 1388 4542 5144 562 2438 1738 4104 1150 4830 4590 5444 5195 3234 449 448 3797 4941 4942 3754 3017 2422 4524 3204 3203 3298 1880 1879 3545 2525 2524 2893 1706 3737 2693 2621 4172 1714 2131 3587 332 4427 333 4907 1198 1197 836 3628 3733 1210 2984 461 4160 4161 705 5492 5527 5490 4390 2690 613 5206 1227 5205 5265 922 2472 3674 2706 3830 5492 5510 5527 2972 641 394 5128 5349 5275 5241 5206 5199 2789 1997 685 226 4132 4131 4043 3532 916 4538 712 1071 3274 2961 477 4194 884 3618 5398 2968 2967 2809 3777 3782 2372 4115 2827 5311 4623 4622 2209 3377 2208 5014 994 5015 4388 3857 3859 1317 1319 4200 4993 1384 3390 5528 4774 3261 4382 1004 3298 578 4638 579 1127 823 4408 3600 1851 2412 5410 5487 5529 4226 3730 474 3163 4352 5359 1477 1476 3607 
						191 4794 2472 3520 464 1732 2047 1934 1679 3630 2743 2745 1904 1514 940 4764 5308 2288 786 2645 5259 5272 4467 2876 655 1127 1126 2979 360 2843 1043 1042 926 4383 2653 4917 5530 5531 4774 897 896 2631 1324 1326 1086 4327 5285 5335 1357 2527 4114 402 401 3281 3990 2009 1251 2470 3370 2471 4525 4436 4438 2411 2413 2900 4615 2261 4023 1727 4286 5077 5507 5526 5513 3450 3451 4473 3321 3853 1992 3993 5053 4666 1770 1772 3593 2190 2367 2828 4083 4507 4644 1325 2299 5298 3130 5382 3969 4710 3955 4216 4966 1249 259 5510 5526 5507 529 1380 527 2100 1877 1876 4682 4784 3400 5222 4375 5225 4527 3437 2605 5192 1965 3827 301 5532 302 3014 3133 3691 2530 115 2529 4305 5279 4505 4828 4006 1585 5427 5413 2969 4031 5129 4022 3895 4244 1272 4952 3339 5478 2336 5003 2337 5264 2906 2765 2732 2 2733 2376 3644 5158 2812 1534 1533 4978 4069 4923 856 1942 3858 2152 152 151 1735 5070 1736 5203 1217 2213 4349 2575 1475 1009 1011 1936 5123 1079 5124 
						230 3394 231 5075 2210 2176 708 722 5227 739 1228 722 3165 3167 3210 5347 2227 1194 1017 2080 5017 475 652 4176 4685 5191 2355 604 2095 2779 702 701 2721 2808 2807 3654 4099 3956 3957 2 1 2083 5227 722 5241 5486 1301 5533 1037 4604 1688 2375 1474 726 3730 4148 3731 906 1962 3071 3909 501 5284 5360 1126 3289 2797 1951 1950 240 3842 5364 4228 3899 3802 2011 3625 4239 3433 740 5202 2563 4698 4722 5420 1378 4660 5205 4937 5111 611 610 2361 4260 4075 4261 3162 3326 4392 5126 2117 2116 274 2066 275 3174 2663 2620 671 2885 802 5049 2685 2016 478 477 2961 1654 3566 3383 734 2871 3989 318 2794 2635 1052 4302 2642 4937 3599 5111 4523 1173 5297 3271 1807 4170 1685 4097 4911 2668 2509 2508 5472 4773 4774 1716 639 638 3504 5422 3386 4745 5138 1529 5449 5387 5036 535 5097 5098 4874 4873 5518 3064 3254 594 4618 1800 5534 4022 2013 4832 2935 453 452 3260 2548 667 2697 3212 2698 5420 3136 5418 4857 499 5130 2355 5330 2356 
						292 469 293 1398 1397 5092 1239 2622 1085 2308 1084 4142 4511 4759 4805 5410 2507 1538 5535 4755 5529 4635 4636 5119 5531 5470 5472 5339 5293 4475 2652 2848 2395 1586 2198 5085 847 5093 3580 3136 5420 4660 714 2091 1627 1101 1485 1484 4254 4400 3044 1086 859 858 702 3181 700 5311 5312 1638 992 991 3976 2675 1953 1954 3945 2051 2137 3602 5489 3603 4063 2957 1790 848 847 4502 3596 2295 3780 5536 4236 5537 2372 2371 2650 1155 4495 5183 4782 1610 4783 5538 5362 533 2601 2603 391 2484 303 740 518 1568 2068 4677 1519 5066 2365 5419 4487 4094 3041 5539 374 376 391 984 3972 985 4646 5339 5229 4114 2538 1357 5186 3674 2682 5531 5472 4774 130 3213 131 818 3292 5025 3776 3560 4445 5406 2962 3419 943 2785 2784 2905 3502 5496 1091 1090 4101 4283 4298 3820 4338 3912 3911 1766 3525 5247 3648 4030 63 2771 4802 2772 2015 1149 1474 737 1637 738 4116 2076 4117 3337 201 142 3677 1098 5173 1565 4749 3084 5193 4625 4969 1847 2171 2170 
						4324 4754 2217 4544 3657 4751 4094 4093 5137 4156 5067 4157 998 997 2583 5113 699 2660 4066 4020 3495 5540 5541 5542 4535 5180 4536 3756 1747 3469 2283 1743 1745 528 527 2529 4773 5466 5400 326 1936 1935 2704 971 1892 1109 1108 3162 1575 1574 2358 4410 3856 1920 5466 4773 5472 2228 4155 4372 506 2326 2325 4773 2923 3981 4076 852 853 774 3723 1683 2806 1399 1398 126 128 531 2934 4369 2935 4254 5178 4399 412 290 2099 5509 3917 5283 592 4183 546 5393 5251 5389 912 914 1499 4450 3046 3045 1314 1980 761 4522 1351 1353 5488 5402 3823 3196 447 4318 2171 5408 4971 2603 1969 391 4577 4010 4909 5327 5326 5543 4496 944 943 3634 4671 4780 4930 442 4931 5544 5091 1763 2228 4372 2229 3734 5350 3458 4284 3820 3233 1969 2157 792 5158 276 278 86 3001 2297 3184 3265 3266 5542 5327 5540 2760 1824 1826 4564 4495 4496 3420 5309 4259 549 1632 479 3136 2969 5418 5095 1052 2642 2639 1047 4939 315 4892 313 2266 2265 4864 3518 3519 182 
						2694 5341 3225 4982 1354 1356 3578 5251 5209 1112 5453 321 1883 1544 1884 4619 4537 3231 1777 1730 3912 4234 2609 2486 2145 4248 4247 2882 3946 1302 4888 4215 1278 1547 2432 2431 4577 4579 4010 872 871 4343 5418 5413 5415 1702 1701 326 3816 2535 933 5543 5540 5327 4425 1764 5254 4318 447 2180 4357 4616 3982 359 3953 3952 2263 3848 4279 2645 2647 4686 5543 5545 5540 4698 4778 4722 4258 2173 931 4599 4683 4600 428 2107 180 4328 1166 5052 899 2872 5460 4453 2205 2204 2801 2800 2301 3384 591 3862 3176 3033 4753 3190 5080 4944 2512 3800 3238 2969 5413 5418 2595 4353 2594 3904 3757 3712 5034 3236 4270 1001 1003 3423 2347 2329 2348 4492 4820 39 630 3812 2997 2822 687 4553 2501 1865 432 4172 4173 2693 4092 2186 3351 3658 2489 3659 3691 3289 4242 4423 3996 2860 3966 5357 1899 2983 4772 5544 4560 3970 4120 2693 1757 2694 2443 989 5109 4989 5434 4934 4928 3510 3577 2904 3680 1405 176 17 177 3094 2836 991 3833 2525 3545 2105 113 5424 
						1838 1432 1175 3589 5416 4819 4087 4841 1656 4716 1822 1703 2800 2802 1636 1473 1332 1181 2740 2121 4203 2404 2919 3551 711 2873 1557 1108 2935 3162 723 786 5258 5546 18 20 5512 673 2756 5285 4541 4540 4966 261 766 1462 4036 1463 2026 2028 2833 2305 4570 3687 141 989 988 4101 4366 3101 4162 3297 2651 3410 3536 4791 151 4839 2153 2552 2553 4229 1551 4111 3111 1019 1018 3468 4145 4144 1201 1235 287 3447 5455 5541 5456 1831 516 378 4710 3876 2667 3389 4331 4330 4012 4011 3100 1464 5059 1462 2189 1218 5223 1360 314 1343 2097 581 583 4819 4875 40 5192 4517 4789 4872 4821 1206 2517 5126 956 1040 843 4712 310 3657 3246 3247 3314 826 409 4899 410 575 738 1637 1344 1876 1345 4373 2573 4635 1062 4996 2322 3582 3583 5248 5540 5547 5541 3119 2283 2282 2669 1352 1861 2735 262 2099 2534 152 2152 2542 5073 4460 3815 3396 3813 2346 2133 2891 3166 3508 3167 2445 2939 2446 2730 3813 3396 3096 3095 5266 4036 1724 1725 4592 1925 5461 
						803 805 4653 5541 5547 5456 87 86 2297 2114 1974 1975 2960 295 1901 2680 3830 5056 4467 3531 3664 607 5087 3263 5322 5121 1852 584 586 2277 2889 2888 5548 670 1166 4328 823 825 4409 2495 3147 4180 5547 5549 5515 2346 2891 1216 1703 3721 4716 5456 5547 5515 851 2629 849 2234 3215 412 2881 2880 4285 3989 2040 3616 4911 1556 1686 1551 3281 4111 3974 4210 1179 4580 1287 1536 4268 3306 4224 2874 1308 4775 5524 3432 5550 911 2161 5115 615 3658 616 4719 3410 4791 1015 1017 5018 386 4379 387 5551 5547 5540 4925 4924 1022 2593 4567 2430 1198 4908 4988 3151 5121 3152 792 2157 2156 3673 10 9 2002 1688 1584 256 258 252 5438 2264 1285 4290 1490 1489 3552 2918 366 542 1825 1824 2171 4971 2172 1930 29 4096 3040 5552 4311 3929 4114 2527 5540 5545 5536 4601 1938 1940 5301 4747 4196 3268 3285 4292 4370 2428 2427 2183 2185 3054 2068 1570 2069 2870 4209 1613 4137 1879 4138 3618 240 5364 5536 5551 5540 219 1783 1211 2165 1646 1153 
						3978 864 866 5130 5007 5315 1932 5055 1933 151 3158 4839 4940 5142 4185 1597 67 66 4603 2219 3159 2671 4143 651 5553 1798 3182 4127 4143 3773 3386 3388 3641 481 550 479 2130 4034 230 5143 2289 5144 5140 4168 2608 4762 5094 1103 2766 1633 549 2583 1535 2897 1098 5498 5173 4818 3494 4380 5424 113 5314 5109 2325 5189 5127 2631 794 1618 888 889 129 2217 978 2660 5060 5114 18 5375 1453 3227 3781 4596 3615 2463 3624 2282 2284 2697 541 4097 2887 1221 3280 4188 4654 4653 805 4926 5366 5554 4001 815 817 1478 1497 2359 2358 1574 1478 3430 5524 5054 3888 960 959 4373 4887 2830 4487 5419 4438 5256 4582 218 4810 3034 1233 4766 490 491 5555 1203 5207 2343 2342 3397 2824 4214 2368 597 2221 5337 1161 494 2958 1614 2487 788 4725 4141 3973 1217 1950 2213 5054 5396 3430 4237 5536 5545 4217 3955 602 5294 4063 1790 1252 2009 3970 3051 4593 2557 1060 1595 2710 850 4267 851 1916 4984 1997 2967 2983 5544 3424 4946 3855 3339 3338 5478 
						1607 4446 2287 3427 126 3428 1896 2971 4769 2941 4417 381 3609 3118 2696 2532 1400 819 186 139 138 1268 1957 1552 2242 5015 994 645 3175 643 2223 1418 3958 2205 280 2206 3182 4727 4726 2453 220 4299 5078 837 3273 4693 2806 3453 761 3444 762 4739 4826 1193 4084 4126 2657 2300 4613 3767 742 744 1409 3230 4409 4457 4885 4884 3736 4530 5464 416 3430 3432 5524 3715 4700 4699 4757 1650 1649 5203 5201 3681 4299 4283 2454 3472 644 1277 3539 4041 1550 5416 5265 4875 1971 2192 2191 1608 4542 2190 3338 810 4541 189 188 4418 5381 1499 914 2643 2644 3724 3894 1445 3130 5550 1806 5094 284 2954 896 2523 1696 1295 4978 4923 159 5226 2622 2624 1952 4414 3277 5161 5160 786 4142 5298 2299 3831 3833 3545 3848 3485 4342 4541 810 809 3060 4352 3163 3635 5006 3636 1045 4722 4778 2655 4308 1831 1931 3748 4733 2889 4193 3885 1964 2357 3009 4374 1425 4375 2223 3220 1418 5371 5530 5370 4514 3689 4608 4904 4487 2884 1451 5100 2417 1337 1336 1360 
						4530 4779 5464 2775 5556 902 4582 4516 218 2095 2094 3296 2080 1016 3408 1777 1731 1730 1028 4174 4329 4896 73 1484 1168 5053 3993 688 3484 2943 3295 778 5386 5528 1014 5370 5340 5339 4475 747 746 1347 59 58 362 2144 3668 2145 2086 2760 2169 523 4427 332 1319 624 4668 5317 3032 5318 5246 5250 5243 4670 4679 3891 2900 2413 5409 1265 5016 5087 3929 2527 2330 4987 4989 4934 1853 215 1854 5256 1264 4582 4822 1713 2589 772 4510 773 3926 1502 2710 2000 3681 3683 4726 5553 3182 697 4385 698 396 870 3485 3033 469 471 232 2552 5296 2792 3441 2793 5530 5528 5370 4034 3392 3394 2111 4113 1911 868 615 2417 3555 3444 2863 606 3084 383 3036 3004 4876 814 813 2120 4533 4532 5355 1381 2230 28 2992 4470 4313 1834 5557 1835 1965 1964 1985 3262 3106 1012 1451 2417 617 4709 2741 4313 4481 2545 3632 4320 2676 2689 3582 4883 2952 3132 3155 3696 3652 2237 2239 154 4381 694 818 5025 5081 5355 4532 3941 4527 3435 3437 1266 5087 607 
						5390 5558 1097 3892 1214 4973 3131 3396 3815 989 2444 987 943 945 2785 2205 4149 280 1135 1137 2235 1438 1437 5084 775 4610 776 1171 1173 3032 2178 2177 5559 1254 3707 5282 4144 1515 1514 5517 3842 2136 1893 4808 696 2801 3766 721 4811 1337 3285 3427 127 126 5550 3608 1806 2226 1195 1194 4702 5029 2483 2649 2394 2396 1007 3217 1008 5525 5287 2909 4545 3401 3402 38 1523 1118 3069 5296 3068 1720 4326 5140 1842 1844 4887 238 240 884 5559 2177 2944 2843 360 359 2538 4074 4075 3446 2232 2231 870 872 3485 5104 511 2905 643 2619 3876 5081 2072 2074 2499 3516 1154 135 4760 2621 146 248 4969 4939 1047 224 1555 1986 5165 5560 2112 2435 2816 1115 4432 4675 1966 961 5427 2968 5403 3336 1990 4062 3458 5350 5519 5138 1504 1530 3175 3567 3174 1039 2391 3326 2196 2479 2331 5338 2286 3794 1193 4588 4741 3092 3920 3919 2955 5294 3639 2058 1238 4845 2883 2882 1302 5051 5219 1207 1180 4210 3004 49 5495 4661 4677 2230 1380 3601 4869 3654 
						101 103 5115 1607 2287 2289 3561 3817 5233 1509 1779 5196 1597 66 1138 1217 2797 1950 1729 1480 3787 2836 2835 3597 1576 1614 3933 539 3149 642 2993 2828 2829 935 1786 1788 5528 5530 4774 4050 4460 3186 3270 3371 1805 3108 1869 1868 4966 259 261 5560 2110 2112 5493 2313 4397 3546 4160 2927 1147 1018 3026 5398 5544 1763 1125 2088 1123 1053 4746 4830 3118 2697 2696 131 4323 2217 698 1670 699 736 4115 2021 3735 976 978 4495 3516 944 3861 3456 4488 2079 1040 4712 4902 2305 3687 4480 5394 4211 5371 5561 5530 2899 2900 1878 3964 3963 1178 3589 2906 5416 4733 1297 1296 5530 5561 5562 5427 2969 2968 3686 4763 4150 4583 4516 4582 2170 2172 2796 2218 4754 3076 2381 389 1235 3439 4693 5107 903 5563 573 211 1155 2298 3167 1828 3210 5387 3713 3715 5150 3662 1572 5005 5139 4640 4578 4964 4579 246 3263 5088 136 2140 137 3020 4860 850 824 4089 825 3203 5153 4568 3200 3785 2087 2138 3828 2139 4477 4799 4478 1502 3595 3596 1491 908 290 
						3860 489 4463 2559 1603 2560 3880 2206 5009 4419 3627 107 1282 3672 1843 3328 3553 5375 1906 4562 1274 4755 5039 4386 850 4860 4267 3787 4853 2976 4785 2780 481 3988 2259 880 1704 2710 1502 2490 3950 2906 5186 1140 2193 5278 1882 1884 3954 774 1365 3065 372 3869 3992 901 900 4871 3765 4944 572 4404 1691 2869 4209 2870 1941 2181 3615 1293 4261 4075 2819 941 940 4087 1656 4052 1272 4244 1246 1844 9 4338 5123 876 1079 5395 4235 4211 4603 3159 3158 3406 3450 4473 4798 2782 830 1230 5411 3217 881 4350 291 1475 2108 1476 637 4815 635 428 180 4877 466 3427 3429 1795 1410 1796 3305 1522 1320 3967 3578 5209 5377 3464 323 5371 5564 5561 215 217 1854 3588 3309 2590 1592 4719 1593 5522 1566 5434 2037 2039 1187 530 532 5319 2396 2022 2021 5384 1804 4125 1956 1669 969 4798 3862 2782 5371 5385 5564 4085 1049 1048 2195 2854 2196 3619 3758 3759 896 2632 2631 3804 3322 4573 4392 1109 3162 3432 4171 3608 5321 5564 5385 397 399 999 
						3531 4362 3529 5070 957 494 100 3518 182 2759 2804 621 3682 5201 3304 3614 3615 2181 1115 1117 5214 5348 1909 2260 3806 5068 4577 3431 4171 3432 3102 5226 2728 3239 5493 5372 4105 929 921 3494 4065 3495 4347 364 1467 5315 5078 3090 5407 5372 1817 513 3428 5204 4175 1244 5028 4243 1490 4291 4328 2609 2987 2139 3828 4746 3764 2480 3490 520 3149 4106 2848 4091 2849 4238 1687 1686 33 35 3627 3191 3997 1429 3069 232 5296 307 4370 3928 5564 5455 5561 3308 3921 3694 369 1947 370 1893 415 416 5151 5517 2135 2849 2022 2396 5142 4186 4185 3924 1327 2102 44 3317 3868 5251 5393 5209 1575 752 1576 3345 4744 3346 164 2605 4951 3085 3103 3086 3020 3999 5272 3470 5565 812 5139 5383 4125 3623 4539 1070 2521 3357 2522 2178 5559 5075 1159 4325 4112 3603 5489 5426 3977 2886 2991 3244 2148 2147 3163 4196 704 5037 5120 5444 5561 5455 5457 4627 4659 4628 3061 2331 2478 732 1317 4444 5324 5323 1829 2833 3925 2026 2573 212 2910 298 4589 5566 
						5350 4410 1921 992 3976 2029 3749 4135 2664 4214 4072 2368 3022 751 345 159 4923 1759 1495 2324 4054 2852 5353 1532 2348 2329 894 2302 2148 1648 1205 4872 1206 497 1581 1580 554 1974 2114 3276 2554 663 4225 348 2168 3002 2988 3000 2068 1568 1570 599 1848 3541 598 1848 599 2995 1792 1035 1719 1543 1789 2864 4855 1996 4663 1691 1693 4228 3802 5047 1378 5420 3497 3493 1549 3492 16 15 5546 5543 5566 5545 5417 3497 5420 2959 2438 562 4222 2290 3518 4350 4782 292 1702 326 1935 1350 3010 2357 135 4806 4760 5562 5531 5530 5382 3814 3969 3015 2461 2511 5231 3091 2921 1469 4633 1914 3174 5214 2663 3016 960 3887 2761 4915 4534 2397 4951 5036 2206 279 5009 4304 2089 2035 1466 4347 1467 837 4631 404 5161 785 707 1335 2365 1336 74 76 4809 4750 4364 2141 5063 1121 1120 4731 4730 1682 5353 1733 3565 2709 4125 1803 4119 5123 5122 1992 733 1993 2261 4614 2260 4729 4508 4730 3006 5255 3007 4985 2915 748 3186 5437 3187 3040 4311 5567 
						5562 5470 5531 5201 2213 2215 4608 2734 5509 2105 5424 4696 959 5261 3888 3409 3534 3410 1619 216 215 4401 906 3071 4241 1345 1878 3137 4170 4171 3637 4422 3414 3143 1727 5077 1258 1299 1836 1546 2060 3436 4676 5231 5421 752 4909 3540 5392 1917 2794 656 1518 657 174 4745 175 36 3605 5163 156 1701 1700 2812 1533 4585 2562 1999 4289 4341 435 2730 440 1955 441 625 2775 902 4734 5419 2365 2572 2311 4635 2269 478 3506 1641 5481 4547 4677 4156 2228 4463 4706 2171 5063 2964 1282 4938 336 3599 1656 1344 4405 2263 4279 2264 3650 4517 5192 5149 1513 2727 4699 2448 2447 1873 1945 3938 2125 5044 2126 1029 4253 2433 353 4307 5141 3742 3440 3497 1502 350 1500 3931 3144 3143 2298 5183 1402 2547 668 667 2092 1860 3731 5562 5459 5470 5566 5133 298 1139 893 2191 3964 3005 3965 5133 5566 5391 1193 1195 4588 3195 3736 3078 14 4430 12 5391 5543 5326 4436 5258 4437 2 5334 0 1548 5030 1549 576 4575 952 2958 4325 1159 2433 4253 2434 
						4642 4979 3306 435 3292 80 5391 5566 5543 4347 4610 775 812 5565 813 5474 1235 1234 3834 3836 3638 1728 3144 3766 3805 3335 2811 40 4793 41 1215 2914 3745 2719 2946 2720 3311 741 3312 4621 4501 4500 3946 613 2691 2672 1859 2673 1389 1196 1390 5278 5463 996 4830 4829 4103 1769 3183 1767 4709 4313 600 2408 2410 3077 904 903 573 3101 4366 789 1857 1650 4757 4829 1269 1268 3132 3696 3133 4980 2490 2005 5409 3058 3060 4763 4019 1770 2718 3493 2719 5561 5459 5562 4941 4639 519 42 4365 5185 4804 2772 4802 5561 5457 5459 3462 1927 3463 54 56 5412 4681 3290 1674 2415 2294 4765 5568 5569 5570 4022 5129 2013 2820 602 601 2346 1218 2189 1449 1623 1450 2379 3943 3942 4107 4478 4800 551 4059 2766 1778 5257 1779 5006 3569 3571 1333 3402 677 4663 1693 5345 2677 1840 1722 2383 915 5027 515 4964 4578 512 2563 4722 2147 3001 3244 2345 2344 3348 2874 2744 1558 81 818 2074 1557 2873 1558 2057 5 1238 4971 5408 4414 510 512 2045 
						3915 4384 2687 2301 2800 2308 1484 2481 4958 4120 4620 4560 3256 941 3257 5356 3189 5221 2679 2678 4430 2062 3465 1331 914 913 3021 4847 5006 3635 2774 5556 2775 1206 4082 437 1006 1008 654 2877 2696 3520 4970 4358 4838 5571 5572 5569 1238 34 33 2875 1368 3022 5570 5569 5573 4628 3499 1080 5071 5002 337 187 1321 188 5313 5400 4968 5196 4780 2840 3914 4480 4211 1064 976 3735 4481 3632 5390 3902 3453 4464 2049 2051 4882 3583 4559 5248 3472 1276 93 5569 5572 5573 3714 4141 4700 4384 4770 2688 3872 4016 3873 4553 4288 340 3757 2191 893 3195 2963 3185 1715 638 3934 4418 3870 1979 1450 1623 3548 3286 2550 2549 4732 4247 4246 1237 4 860 2540 791 2276 4725 2093 790 3458 1434 2370 515 514 4964 4904 1361 2366 687 686 2561 3041 3043 534 5106 1571 3310 2765 2477 5264 2409 5453 3242 3187 5437 5007 5502 2471 3270 2462 2461 3477 1568 3718 1569 2120 2119 3750 4118 498 4920 5108 1550 692 5342 1124 1123 3016 2072 4961 5496 4165 2643 
						5041 2807 2809 3298 2856 1880 1566 2628 5434 2564 1099 3206 5030 3469 3492 4457 4973 4458 371 373 4502 906 2007 1961 1424 381 3788 5337 2084 2085 3939 3938 864 774 1531 3723 304 775 777 208 4213 2824 5429 5482 5435 5067 4156 5066 1742 5031 4670 2721 2722 4134 4718 5083 1823 1851 4264 4263 4129 4526 4952 5063 1282 1843 2947 745 2117 3939 5046 5368 3385 1429 1431 554 1212 1974 771 770 5351 3012 2046 2916 1476 3132 4790 5429 5435 5432 4460 119 632 1675 3420 1673 4180 1203 5555 4943 2459 3299 2289 5143 1607 1600 1599 4018 2985 3356 2984 5534 1800 1245 173 175 2587 1505 2742 1503 2180 3614 2181 5544 4772 5091 2489 2273 2274 3586 2910 1349 2221 2220 5337 3522 2016 3286 4478 4823 4476 4602 4678 4603 4770 1276 1278 1770 3593 1616 1752 2736 1753 2889 5548 3979 3537 390 3760 1331 1332 1472 850 849 2630 3119 1316 2069 2919 2918 3551 45 1071 1626 2819 4810 1232 4563 2236 4686 1103 239 1104 232 231 2552 3677 255 725 3948 5316 5038 
						1736 5070 1161 4037 4318 4561 776 2032 3092 938 4536 1774 2165 1153 1305 2611 4911 4097 4561 2179 4634 759 1207 5219 3132 3014 4790 3088 3154 3772 3172 1720 5140 4946 2653 3855 4761 1341 986 1994 1435 1094 1081 3500 2682 4693 3453 3902 705 4196 4160 290 289 1491 3752 3751 1348 3147 2494 3148 1798 161 3182 5574 5575 5435 3356 2521 2599 4279 3848 4581 316 318 2822 2744 4236 2745 4795 4220 1413 2941 2981 4417 4639 3917 3146 4379 4859 832 5133 5391 5118 555 3528 3170 16 5546 20 780 844 4078 2944 2945 4133 3878 915 917 1972 1326 5298 5345 2335 5512 5313 4968 2924 2550 2066 274 298 5133 299 3426 4195 3997 1087 2591 3757 2277 586 4447 5219 436 5220 781 780 5342 4382 3298 1879 4274 3942 2627 893 3746 894 2151 1795 4073 2808 3655 3777 1166 5304 5052 2253 2252 4519 1455 427 2428 756 755 1629 1929 4268 5451 1077 3961 1078 1461 1444 2817 1975 1102 2115 5435 5575 5436 3614 2464 2463 128 1829 5323 4353 2595 5301 1356 1355 2363 
						2931 1162 1164 1236 5168 1379 4510 5042 3398 1608 1607 5143 4530 3646 1813 4933 3943 2378 3656 3242 4387 3731 1860 2672 1723 1427 1721 1348 3751 974 4895 4958 4999 4691 4032 4123 2086 1780 3699 4441 4440 2494 4147 4148 3730 1816 1639 5310 4319 1649 4049 1890 1889 2547 4983 112 4205 3794 2286 2064 3087 1824 1124 2273 2489 4848 1870 4598 3861 1839 680 862 3257 941 2819 707 706 3357 4628 4599 3482 4692 2784 4916 5209 5393 4403 5566 4237 5545 401 2204 3282 3886 2890 2889 2720 2946 4824 3239 3998 5493 3860 1846 5009 1774 4536 2739 3776 4445 4521 3845 2392 2965 1212 1066 1974 5497 5574 5485 4234 2497 3179 1336 1361 1360 4433 5214 3174 5057 811 4894 477 476 5151 3623 1070 2872 1451 3258 5100 5566 4589 4237 5297 1172 1517 1267 3303 3302 1940 1939 4962 237 2470 235 3212 3211 2698 2805 4297 622 1161 2958 1159 4525 5419 1296 4809 76 3283 5576 1809 4619 4823 4107 4108 11 4685 4626 1759 4923 5018 1656 1496 1657 4300 2678 3679 4245 3130 3969 
						1372 3073 4045 3301 3410 4719 1802 3838 3837 263 1836 1158 2898 4925 4060 3990 209 4178 139 1468 4661 2376 1122 2310 2264 4279 1285 5129 2014 2013 4089 5476 4199 3206 5329 2565 4497 3700 4264 1764 3951 2924 4330 170 172 3823 394 5277 3863 1226 5153 604 2778 729 1526 1741 1527 341 4854 4442 2758 2602 3537 4164 3601 3654 353 4355 2813 5574 5570 5575 1953 1632 1633 4275 4277 3835 1888 3259 2031 4865 3518 2290 4379 2612 541 2765 2476 2477 5466 4968 5400 5197 4933 3221 653 1126 5360 4068 1016 4069 4427 4428 4484 4574 4331 1257 768 767 4426 5050 5367 3341 3815 3814 5382 2431 4566 5181 4439 2075 178 4942 521 4528 2512 4902 3800 3794 2064 2596 1328 3918 3684 3925 2727 2026 1240 1239 1085 3694 5367 5050 1072 1111 4238 1952 3277 2457 4607 2659 1760 4236 5536 4237 1828 5324 1829 4973 1214 90 201 200 142 5043 3888 2901 1288 1290 1664 3093 3200 365 4415 1265 1925 3085 4078 4231 596 595 4736 730 2367 2190 3696 5360 3697 195 1583 4151 
						4573 4346 713 3985 572 1691 190 3554 21 627 4201 628 2212 2211 5577 1276 4770 94 266 2210 2212 5178 4253 4329 1163 3216 5360 1139 2191 2193 1905 1273 1291 1083 1085 5226 1933 5055 2763 4613 1325 1324 2556 501 3909 2866 856 3857 1497 2977 3215 2254 2256 4984 5568 5570 5574 1657 1876 1344 3979 5548 3980 1121 1842 5119 2162 2879 358 3191 3190 3425 42 5519 5350 60 62 2991 1545 1546 3435 4557 3796 3795 2271 3875 4334 5401 1762 4968 1732 3576 1733 1031 1054 1032 3703 3315 4545 4845 1238 3627 5503 4278 4372 4085 1048 4980 5105 571 5150 5308 4764 1096 3049 951 3115 1628 1594 1629 4583 1156 420 1484 1486 2481 3532 4549 2053 1113 485 1114 447 3776 4521 5323 5325 5475 3065 3869 4005 1263 4747 4273 5485 5574 5435 1670 460 4090 985 3604 1897 1522 1118 1523 5512 2845 5345 3581 3580 5093 3200 3093 3785 883 885 889 5406 4675 2962 308 3929 2330 927 926 803 2258 4782 4350 3894 5182 1445 4217 3331 4215 1748 147 4625 5005 5286 5383 
						4381 4067 695 4402 5178 4329 5426 3825 3824 2198 2200 4517 2049 5027 3878 4697 3638 4853 1157 4583 4273 542 1824 3087 5534 1245 5031 3535 4130 949 506 505 1849 4865 1906 3518 1650 4462 1651 704 4196 705 13 12 3505 1661 3153 3088 3262 3982 4616 3319 4249 325 3324 3325 2056 646 4576 3965 1782 5273 5154 1362 5290 1675 4387 5262 3656 2264 5438 2262 2802 721 4844 4874 5518 4535 4369 3367 2375 5537 5578 5579 4146 3027 3096 3765 4982 4944 4970 4057 4358 4778 1645 1046 3184 2110 3185 1256 1258 909 1097 5498 1098 5333 3117 446 4754 392 2408 4165 1488 4458 1882 996 67 4195 765 2939 4236 5578 5537 8 1330 2038 4004 409 672 5575 5580 5454 4285 2880 757 2037 1187 1189 1719 5023 4949 3205 3863 5153 2224 2223 3958 5575 5573 5580 4737 3353 3180 3007 5040 144 544 2922 3219 1439 3706 173 740 303 305 5580 5450 5454 3243 2807 5041 1310 5579 5578 4548 1643 1642 4775 1310 5578 4342 3485 872 703 4727 5239 5450 5580 5508 5056 3127 1224 
						78 2520 79 807 241 3355 1640 5481 1641 44 3868 3867 1012 3107 4641 3786 1108 1110 5202 3311 2541 5101 1388 5144 4810 2570 3034 5004 768 4426 1579 2482 1485 620 619 3309 5223 5203 4842 2472 4875 5265 2970 183 3947 4012 3100 2487 3644 2376 3645 4775 4236 2744 5196 1779 4780 5581 4311 110 921 192 922 674 5352 675 378 168 1832 4546 4547 5059 653 655 1126 597 5337 2085 4266 4751 4953 5350 1921 43 5493 2314 2313 3507 2865 5177 8 1240 1635 5214 1672 2663 4719 4791 1593 252 251 4711 3686 4667 1329 2056 3325 2160 3464 5377 3462 4832 2013 2374 1354 1373 1355 5575 5454 5436 4981 4538 1071 987 1991 3337 4023 5374 4024 3761 3330 4504 5582 1023 5583 1150 1053 4830 2716 2564 2563 4227 2464 4445 4183 4731 1682 1498 264 912 1309 1023 5582 727 1148 1200 758 640 5343 3908 2556 3909 2784 4383 4916 4344 2532 819 2294 3438 4765 4176 2252 473 1439 173 3749 4964 514 939 1915 2254 4984 3505 3504 4827 4061 3237 2339 273 275 2683 
						4274 64 63 1519 1518 5066 5575 5570 5573 224 690 225 62 3886 3977 662 664 734 2966 4651 3845 1236 1811 3018 2868 3932 2869 2747 2746 5511 1083 3102 4142 82 81 4565 4411 4605 4412 2257 3513 3486 853 116 1279 719 3931 1560 4322 1917 5392 4916 4917 1003 5539 3041 5379 4265 5272 344 3687 3689 3801 5233 3817 4303 4429 438 3374 5076 2973 4594 5390 3632 5558 4690 3852 4837 1328 1330 3918 1059 1628 4489 2484 4447 207 441 1956 3523 2858 3679 2859 1499 1498 912 4825 4015 5295 2813 2814 4657 3428 530 5204 3034 4649 2125 3670 3871 1540 4489 3613 4247 689 688 2942 533 5170 534 890 148 202 205 4515 203 2661 2662 2770 390 3537 2601 3727 2362 5381 2374 2015 1474 5583 5500 5499 484 718 400 5583 5499 5582 399 2446 2262 3502 4165 5496 1058 5324 1828 5500 5584 5585 2235 2291 2884 4195 2939 1144 5314 4276 4275 2767 2769 1397 3090 1819 5443 3782 2833 2834 4602 153 3610 4621 5311 4558 2863 2862 5163 1231 1230 1007 4468 232 3069 
						2547 339 668 3346 3058 5409 5569 5568 5584 4769 2971 1598 3525 2704 5247 498 4118 4117 5219 5051 436 2719 3493 746 5291 2183 3278 5579 5582 5499 4598 4597 3861 2877 3520 1732 791 2093 2276 5582 5579 1309 1435 1994 1993 4053 4902 2460 1896 1895 4122 638 640 758 4468 4082 4821 3804 4573 713 4912 4990 3684 2794 317 3661 1150 1054 1053 1158 913 912 4454 297 3364 2335 2337 5512 3334 2216 2752 3039 5552 3040 2362 2359 1499 1630 444 3612 1022 5586 5583 3257 1232 556 4924 5586 1022 1771 4753 5317 5338 631 2286 2866 854 856 1341 4761 821 5500 5521 5501 5521 5500 5585 233 433 4276 4368 4990 4912 5331 1294 1698 1062 2238 1063 508 2926 509 3395 4341 3396 4321 4371 1915 720 5395 5394 94 93 1276 1309 5579 1310 837 3732 2535 2623 2622 4252 1127 545 824 3651 1624 1967 2577 1345 4240 589 5060 2660 1320 1523 4695 2060 3714 3995 3415 3029 3342 5365 4376 3644 1923 979 1924 2643 89 2055 976 1063 2238 3052 1073 874 2077 3620 2078 
						652 4127 4126 5583 5586 5500 874 876 5123 5400 5313 2923 374 391 1969 4915 252 4711 2172 4971 4315 2526 2606 1479 1475 1477 2227 1196 2761 1390 5443 5315 3090 3736 4884 1064 3877 3013 3012 1763 5091 5254 2605 3437 4950 1536 5107 1537 3763 334 1655 1989 1991 2185 3990 982 209 4106 3435 4527 5500 5586 5584 767 322 2790 330 329 2890 2921 4548 1642 2467 3175 645 1860 3229 1858 2708 2250 2249 2149 2549 563 2519 4296 4551 4125 1804 1803 2173 231 3394 5586 5587 5584 1499 2359 1497 5306 5355 2164 2289 5308 5102 917 916 4323 2185 1991 3054 2107 2106 1315 953 4391 4392 110 96 95 2313 2343 2344 1438 462 2599 3921 5367 3694 5547 5551 5549 530 5319 937 4522 1353 1697 413 4921 288 2278 3624 2279 711 710 1555 3432 3608 5550 5552 769 4311 384 2141 1926 3107 4979 4641 1982 2763 4811 3052 4119 3053 2212 5577 4033 5137 4995 3042 5549 5499 5515 1555 5165 2873 5463 2316 2347 4435 3762 3763 3706 1708 174 419 2368 1615 1998 2241 1999 
						1900 106 2333 5365 3644 3643 5005 5383 5139 2882 4680 3946 3142 3141 4182 80 82 434 44 169 3317 5074 1620 1853 5197 1198 4988 5551 5537 5549 2026 2727 2027 3712 857 3904 5488 5299 764 5193 4969 4214 2740 4203 4102 3501 3387 3386 5478 3338 4541 4690 869 3222 1348 974 973 1905 1291 3276 5537 5579 5549 5041 5307 2154 5083 1061 1823 1704 1502 3596 5022 1737 1739 3936 127 465 1741 1742 4670 3552 3772 244 3733 3491 2584 3210 1828 3936 4238 1686 1072 3693 4913 618 3173 3172 5140 5430 1737 5022 2283 1745 2284 1892 1891 3515 3624 3623 1177 5536 5537 5551 1226 3863 2233 4187 3418 2905 666 3579 58 2174 2553 231 1592 3240 3302 4020 2443 4959 2287 4446 4021 791 790 2093 4234 3179 4208 4663 5345 2845 3645 2310 2309 3853 733 1992 5078 873 835 648 1988 170 2537 4177 1402 4366 4102 4205 4623 5311 1638 4100 5576 4619 3816 4631 837 1260 1553 2222 4659 701 700 1813 3646 5033 4816 4818 4380 5529 4413 5410 1144 2445 399 3550 3392 3250 
						5262 5406 3656 5058 975 492 5515 5499 5501 991 4109 3094 2990 60 2991 1284 5446 10 5422 3503 4876 4223 4852 2474 5499 5549 5579 2691 495 1302 2182 5571 5587 1116 2868 2870 3950 2490 4980 2425 1251 1250 3316 1802 3837 1733 3576 3565 2290 2236 4563 1978 3467 3177 4492 301 4048 4396 1927 3462 1506 5423 4089 3084 608 3407 1895 100 4122 3563 1908 5253 3614 4521 4445 349 351 3882 1651 1953 2674 5493 4397 5372 596 4736 2161 153 152 3610 5569 5584 5587 1693 1692 2336 4917 2653 4946 1460 473 2252 1247 1711 4169 5036 5387 5037 4039 1235 1508 3445 4623 1637 2295 2020 4601 3459 1781 3460 5380 3724 2715 1757 1756 92 5502 3270 1377 5569 5587 5571 47 5460 45 2945 2177 2176 3661 317 4593 92 5341 2694 3421 4259 1554 4236 4775 5578 4545 1333 3703 4422 3070 967 3916 4829 4746 2819 1232 3257 1382 4665 1095 361 363 2738 1058 3509 1056 935 1788 5333 264 2098 262 5335 2803 132 4800 428 4877 517 4411 518 2443 3054 2444 4924 2182 5587 
						3393 932 931 1370 3335 1368 163 5239 3182 5552 5096 769 5132 4786 4867 5208 597 4704 5126 4551 5179 5014 3566 994 2503 1105 1107 2565 5329 4698 3331 2688 4770 335 4454 336 1129 1131 1695 5408 4707 4713 877 4052 878 2912 3639 5294 3799 173 2587 5318 1772 1771 4890 402 3538 4978 158 3642 1014 5528 3261 4605 5279 4606 1218 5203 5223 314 1361 1191 2053 1631 320 3717 455 3718 3083 2294 2415 5455 5321 5588 5339 3796 5293 3255 3987 3988 2115 238 883 5564 5321 5455 5366 3561 5232 1705 1704 3596 5586 4924 5587 4432 4433 524 2145 1710 2143 83 85 423 1247 4966 4967 2903 3808 2401 2729 5226 2624 147 1748 2059 5588 5542 5455 5197 4987 4933 3421 710 1673 3501 3386 5422 2545 5169 3633 5318 1173 4523 5307 3782 2834 357 3327 3329 4163 3601 4164 3059 3058 5004 272 52 2314 2948 3310 2783 5588 5327 5542 2358 2362 1575 2629 851 5099 5303 5588 5321 2820 601 5076 3702 2383 5027 2362 3727 3726 97 3083 5328 4399 5167 4400 150 149 3082 
						1803 3316 2708 2439 2684 2502 1782 270 1781 3085 4231 3103 2551 2550 274 5117 5067 656 4543 1390 731 2095 2665 2779 1961 2008 463 3400 2907 3771 1042 1041 2157 1510 1509 5196 410 3648 3461 1008 2922 654 383 382 606 3604 985 3605 5541 5455 5542 4356 346 4357 634 3740 3580 2020 4531 2019 2239 4035 1047 3774 3538 2949 4990 4479 3685 5568 5574 5497 5521 5585 5497 5497 5585 5568 2039 683 682 1812 4643 1813 5303 5327 5588 4122 183 2970 4816 4380 5026 2411 3600 2412 1501 2296 3595 3895 5442 3893 1187 3728 1188 4679 522 3891 4718 3617 5083 4075 3753 1293 2259 3512 2257 4781 4780 4792 2829 2319 4956 4538 3802 3804 4999 4958 2481 4784 4947 3400 2876 344 5272 3496 4513 1494 1042 2603 2602 2690 2726 3097 1092 3790 3789 3194 2963 3195 5584 5568 5585 4154 2776 625 5332 4650 4080 186 1468 139 613 612 4390 5572 5589 5573 661 4784 22 1020 3095 3027 4044 525 628 5572 5590 5589 3360 3361 5090 1152 4000 4001 1630 442 444 1171 3287 1172 
						1476 2109 3132 1561 3930 594 1538 2496 1539 563 2549 3128 4094 5539 5591 2837 2441 965 5590 5508 5589 2228 4156 4155 3326 452 1039 5509 2734 3917 3944 2216 1415 3627 35 107 4983 2501 432 1993 733 735 5359 5301 4196 1706 3738 3737 2937 4064 2951 5592 5089 5590 3944 2751 2216 3543 2076 4116 784 204 5592 1174 1370 1369 784 5592 5571 4587 1538 269 2297 3000 1030 2516 1209 1275 1640 3406 5481 4928 3577 666 3241 3770 1025 1517 657 1518 70 2771 5329 246 19 1453 5592 5590 5572 2223 1553 3220 5571 5592 5572 4851 1591 23 4895 4896 4958 2242 993 2240 5567 4311 5581 5496 2643 5104 3679 2678 1722 1662 1106 4662 2143 4497 4264 5517 5151 5364 4277 4927 3835 5590 5089 5505 1221 3877 668 610 609 5016 4040 4346 5069 5282 1587 639 493 4309 4325 3185 5560 4886 4026 4018 4960 5089 5090 5505 1647 5175 4771 2044 2043 1254 4789 4517 2200 1652 3455 4149 1058 1057 5324 1186 1185 2495 5590 5505 5508 658 2755 656 3728 1187 682 3087 1170 542 
						2054 320 319 3625 3307 4186 4952 4949 4129 3636 4671 3634 1371 946 4512 1878 2900 1799 1449 1448 4092 2081 4077 1934 62 3977 2991 2486 1539 2496 204 5089 5592 2846 5512 2756 4337 1616 684 663 4220 2861 786 5160 2645 5589 5508 5580 4506 3242 3656 5086 620 4360 4053 5048 2305 3892 3810 3192 4422 3637 3070 1061 5083 1594 5121 5074 1853 2176 2210 5292 2666 488 281 908 2099 290 5461 1925 2142 5450 5508 5523 4331 648 170 1581 636 635 2519 3452 4295 1648 2148 3244 4201 4044 628 5573 5589 5580 1130 3125 2892 2075 4439 117 2816 1602 1601 3765 3764 1354 1795 1794 3352 1471 1481 4906 2547 1889 337 2497 2507 3179 4470 2994 4471 5253 1908 4449 4333 4068 4067 5440 1025 5287 2994 2829 4471 4968 1764 2924 1455 133 3113 1417 858 4088 3755 5378 2122 3397 2342 1841 4557 5252 3294 2182 784 5571 4107 4800 1311 26 25 1789 4006 4828 2572 3538 3281 4041 710 3421 1554 1794 1796 3698 3913 4931 754 4314 3792 4322 5148 5461 2142 2410 2409 4506 
						1468 2353 4661 1452 4567 4317 452 3326 3162 747 973 2118 2360 5230 4705 4903 1363 2689 4733 3747 1297 5593 5594 5595 4121 4738 1862 2848 2187 4091 5596 4861 5593 5596 5597 4861 1822 2710 1704 3267 1285 4580 4027 834 4448 411 1342 1166 1366 774 1683 36 2862 37 5102 3677 725 1747 1746 3470 44 5211 4365 3617 2041 3414 5256 218 2453 3788 5596 5598 4548 3248 1643 4691 3781 3227 4737 3180 681 5019 5598 5596 3477 5048 2462 482 3773 4143 4556 2604 4557 2234 2098 264 3464 2473 323 39 41 3116 5338 3794 3201 1781 270 3460 4814 2338 3807 1740 550 481 3525 3524 2704 4833 5017 4834 430 3265 3184 4716 4718 1823 5532 301 4977 3393 2173 3394 4960 4018 5357 2046 1045 2916 1622 1449 3351 3930 3143 4736 4789 3586 2357 5596 5593 5595 1396 50 1394 1848 284 1375 755 1630 1629 2056 2160 1577 363 5032 1742 5596 5595 5019 1153 2499 1154 3967 5209 1801 571 1387 4997 4533 5355 5306 850 2630 3020 989 141 504 1412 2860 4795 5599 4861 4796 
						3913 1962 4777 101 5115 3135 5484 5593 5599 5593 4861 5599 200 2327 143 1830 2655 1831 3824 3826 4975 3544 5228 3545 3806 4909 751 625 2776 2775 258 250 252 1483 1482 2505 3307 2010 4642 4905 4750 4749 4631 2175 3550 4597 1940 3975 4812 5599 4796 5372 4397 4398 2890 329 5600 4470 2992 2994 3188 4050 3186 5216 2247 2246 70 5166 4803 4906 4364 4750 75 1515 3708 414 1469 1468 1535 1537 3363 216 4139 886 5394 4480 4990 5484 5599 4812 3671 1505 2190 128 5323 532 5475 4873 532 2095 3296 3360 4796 4861 4831 1963 5192 4789 5490 5594 5593 3880 1846 5042 5483 5490 5484 1479 4853 1480 4205 112 111 5101 725 1388 1200 4145 1201 228 247 229 2825 4523 4316 5484 5490 5593 5304 3461 3460 4755 5535 5039 2886 3977 2911 5527 5594 5490 2755 5240 5117 808 807 3591 2090 4590 2036 3519 1906 2514 5350 43 42 2852 1733 5353 4456 2331 3061 2038 1329 2039 976 1064 1063 1495 5189 2324 3527 4386 5039 3724 1577 1579 2226 4724 3818 940 1516 2819 
						1887 4164 2807 1369 3664 3665 2805 4360 4297 4298 3821 3820 946 948 4173 4727 703 4728 2217 4323 4324 5601 5421 4674 993 995 3205 3021 3020 4265 1351 3873 1352 1839 862 1520 2581 547 3416 4552 1579 1485 658 3288 2756 601 3572 2973 1908 1873 4449 594 4218 1561 4861 5597 4862 1763 5254 1764 5597 4955 4862 2435 4886 5560 3091 3273 403 2126 4002 4997 1967 5085 3651 4454 3631 297 5602 5224 5603 4500 4692 1002 93 4202 3472 5092 5431 1746 1565 1660 1563 1594 1628 1059 1113 486 485 158 157 416 5299 3823 4787 4788 3592 2666 2398 5037 5444 1450 4623 3445 1105 4612 1106 1931 4733 1932 4820 40 39 150 3082 558 5603 5527 5510 5603 5510 5602 2574 2573 2910 1574 3933 2526 645 3473 2467 1899 1787 1786 3948 4423 5316 3821 1618 1620 5527 5603 5594 4057 4970 3783 2828 4444 2319 1143 1142 185 5603 5604 5594 4570 3688 3687 979 3214 980 1704 1703 1822 868 4848 3658 1571 5106 1572 1580 3501 4210 213 972 2830 3636 5006 4520 2507 5410 4413 
						1500 349 4531 3039 5096 5552 2662 1612 2847 408 4465 4740 3259 2548 3260 4824 5179 3897 3361 5504 5090 5504 3361 5602 4360 3587 4297 920 4691 3227 1206 5051 1207 3802 3900 3803 3994 3993 4666 4920 500 5605 5233 4303 2915 3361 3296 5225 1835 1028 4550 4855 4514 4608 5602 5225 5224 3361 5225 5602 711 1555 2873 1294 1409 744 5602 5510 5504 2301 2300 3767 5558 5498 1097 4531 349 5065 3379 807 3354 2736 4629 2737 4066 3055 4020 4317 4567 2593 5595 5604 5019 808 3066 4814 676 1334 677 3033 3032 5317 952 3854 4410 5603 5224 5604 4962 3592 4788 5224 5019 5604 3334 3333 4085 606 608 3084 1856 4672 4520 1549 5030 3492 1603 1602 2586 3873 4016 4121 1120 278 5063 124 3675 125 2234 412 2098 1443 2817 1444 2293 5351 2700 429 1736 1161 5535 5274 5039 3951 4356 2925 4792 5168 5218 4223 4225 4852 2898 4060 4059 1075 1004 4382 1199 3708 1197 5495 139 4661 4375 5019 5224 331 3891 522 5268 1597 3499 5037 3715 5120 3935 3211 3936 2681 2713 1081 
						184 186 138 5594 5604 5595 5524 5550 4762 4385 3401 1110 4690 4837 867 297 3631 3630 2514 1906 1905 4684 4224 4617 2118 5058 4889 3028 2469 2468 786 785 5161 1430 454 398 4761 819 821 1340 821 60 3420 5290 5309 4867 770 5132 2092 920 3229 5137 3042 3041 3987 1739 3512 852 2529 114 3472 4202 2466 5596 3788 5597 545 1506 824 3115 3741 4976 2416 4765 4766 1032 3753 3971 4078 3085 5342 1136 4686 1137 3197 3665 3530 4224 5451 4268 2652 1521 862 4664 3721 1703 5342 780 4078 2850 1532 5210 4771 5125 2303 702 2721 4743 1811 2614 4491 5294 1542 2912 4954 3788 380 2799 4856 4777 186 414 1468 2181 1941 1943 4932 3592 2579 3072 2597 4456 2214 2458 4817 3726 753 1575 5243 5250 3578 2239 1049 3652 5597 3788 4955 717 716 2813 2297 1030 425 3903 826 4361 4953 3405 4266 3250 3392 4034 779 3441 4359 4364 1481 1483 518 3716 1568 31 3344 3381 5150 5106 5105 4550 1028 1027 2063 2065 355 3209 5210 2636 1091 4101 3101 3733 2584 3732 
						1743 1570 1744 4190 1396 4116 4483 3527 2546 3520 3521 464 5230 3710 2448 999 2262 5438 1913 5425 2492 3266 2111 2110 178 177 4439 5598 1424 3788 690 2633 688 5601 4674 4673 2555 1292 3413 1838 1174 3665 3559 197 3558 1462 4547 4166 4215 3331 4770 4310 1809 5576 5557 4174 1835 5285 5478 4541 1424 5598 5019 5075 2176 2178 3425 2364 4110 3396 4341 2730 4618 5534 5031 3996 183 182 1166 3461 5304 1971 1973 2192 4387 2455 2002 294 4650 295 2803 5285 4540 3553 244 1453 679 3352 2186 1022 5583 1023 491 1407 1406 3306 4617 4224 3713 4950 3995 644 3472 3473 2572 4828 2311 886 2461 3015 573 5563 574 4790 797 3607 2353 3332 1395 989 506 5109 4812 3669 3742 2453 4299 2454 1907 1908 3563 4934 4933 4987 3170 3528 1385 1155 5183 2298 4394 4219 733 3605 985 3556 3470 5289 5565 3770 3240 4851 5335 5285 2803 3378 2133 2132 5353 1533 1532 2986 2609 4234 2337 674 673 264 1158 912 83 423 424 1364 2626 5309 4842 3681 2000 5130 5315 5443 
						5258 786 5259 4997 4002 569 1 448 450 778 165 2791 1974 3994 1102 2060 2059 3714 2447 2449 4591 1914 4312 1470 1726 4286 1727 1031 1030 3000 5295 3728 2048 2592 4824 3183 3270 1805 3271 2810 2702 3438 4481 4764 4482 670 4328 2885 2477 265 923 1639 3347 1640 3884 3883 4062 200 4013 3236 319 321 393 2005 4085 4980 1191 4904 1033 2841 1968 5606 3869 2954 283 3490 1354 3764 3983 1327 181 3715 4699 5120 2369 4072 3626 284 283 2954 2681 3507 2713 5252 166 3294 1447 1446 5270 3549 235 5502 933 2534 2152 3548 4622 1450 15 5375 5546 3510 5242 5244 4457 3892 4973 70 4803 4802 4118 4190 4116 4951 5449 5036 684 1617 682 885 4194 3475 4020 3054 2443 2326 5082 4054 2154 2155 5041 3371 2135 1805 4556 4528 2604 3227 4596 4598 3508 1058 3167 1104 239 238 3705 5444 4590 3704 2089 4303 1077 4911 3961 2024 5402 5488 2693 2692 2621 1082 4627 1080 342 4442 1458 3651 2198 4517 3301 4719 3302 4573 4345 4346 1338 4945 1339 3182 5239 4727 
						617 309 3474 1341 5607 984 1422 4109 991 5307 2809 3782 1993 1436 1435 685 1997 686 4391 698 4385 4041 3281 1551 1744 3166 1745 5004 4426 4353 5009 1846 3880 4866 1459 2128 3842 5517 5364 354 4657 3706 828 3246 826 2399 3705 3704 1295 744 2523 4826 4349 5347 548 2001 546 5117 5240 4157 2444 1991 987 5356 3190 3189 629 631 5338 4007 2632 2505 1939 1938 2020 2161 3109 3135 1006 1231 1007 3522 2302 5049 1983 587 2701 4160 2640 2927 2871 2040 3989 4515 205 783 4644 4509 5608 4616 4979 3107 1209 2646 1210 73 1101 1484 2135 1806 1805 1464 4735 5609 4519 2658 3922 3227 4598 3228 5017 2080 4834 4161 703 705 4155 5503 4372 3899 4740 3900 2650 4162 2651 5533 1301 2747 4617 4979 4616 3555 3442 3444 2340 2864 2341 286 2615 2614 221 1866 4932 5486 1079 1301 3302 1024 1267 3876 4752 643 1823 1061 1060 5610 5607 5448 4817 4816 1959 4200 1319 4668 4271 4270 4013 37 4695 1523 4401 3071 3070 5405 2791 4926 5142 3625 4186 227 229 450 
						1470 4312 2618 1295 1696 1698 4018 4017 5465 3714 2059 2352 3913 4856 4931 2183 3055 3278 3349 1898 3450 1109 4391 4385 4043 4549 3532 61 328 330 4471 3114 5238 3859 5468 4388 2012 4641 2010 4906 1481 4364 3867 5211 44 3995 3714 3713 4325 5494 4112 3586 2574 2910 4040 5069 918 620 3309 3588 4865 4562 1906 1627 2091 2092 5076 601 2973 470 2770 3585 2090 2036 2035 1076 370 3234 1384 155 3390 5189 2325 2324 638 3927 3934 1700 4333 156 2466 4201 627 23 1591 2334 4468 4821 230 3836 3835 4720 1287 3471 3439 3241 1025 1024 4817 2458 4818 2580 3884 2578 3630 4589 298 5031 1245 614 5447 2749 5611 5611 2749 5612 94 5341 92 4465 3853 3323 1604 4532 3663 4105 267 929 5448 5447 5610 1688 4828 1585 2726 2725 3097 4788 3975 4962 2022 4092 1448 3003 4913 3693 2395 2848 2396 1148 3026 3025 2780 4936 481 5610 5447 5611 4670 5031 4679 1937 1011 3408 2823 430 2962 1619 889 216 3228 1870 3229 2720 4824 2430 5404 1798 5553 2560 1603 2586 
						5399 3187 3573 5451 4223 2474 2573 4373 972 2122 3722 2123 1062 4035 2238 1749 2349 585 5437 3628 5007 4515 783 1740 4743 1588 702 2366 4487 4904 4834 3631 335 4832 2374 3366 4631 3816 2175 5283 3917 4639 1380 468 527 2232 1227 2233 4942 4556 3795 3063 5022 3099 2066 2067 3489 1986 1023 1309 5181 4566 4294 5612 3864 3442 3389 4267 1299 4110 3208 764 3557 3556 5611 1339 3508 3166 809 811 5057 3433 2277 4447 5018 3793 1759 15 4858 5375 4614 4306 4308 670 2885 671 771 5351 2293 5319 4535 937 3557 5611 5612 851 172 5099 1455 2428 895 3803 3322 3804 29 3841 1231 5612 3442 3557 4098 4833 4435 2267 3170 2268 1089 1775 1090 1672 1671 2243 1956 969 3524 4993 3382 1384 2258 1949 4782 4715 3417 3280 3692 4291 4290 4355 353 5141 672 671 2124 5612 2749 3864 5402 2972 3823 3813 2730 5346 4593 317 316 5430 910 5064 4295 5192 3827 900 2338 3066 2356 3602 4163 3673 9 1844 4783 1612 2661 4176 652 4084 5278 2423 5463 2271 4334 2272 
						3735 3078 3736 3864 2749 3865 802 2868 2815 5406 5262 4675 4621 4500 1001 202 35 890 3953 2879 2881 340 342 1457 2752 2406 3333 428 4799 4477 335 3631 4454 5233 2915 4985 3945 4689 2051 1750 1749 3973 4231 4654 1718 3925 5149 2727 4512 2598 1371 2458 4494 4065 2679 1840 2677 3972 984 5611 223 3023 4707 457 456 1338 221 223 4707 2085 4005 282 3968 1800 4618 4017 5236 3948 2404 3551 3328 4459 4599 4659 4261 4104 1259 3879 4323 131 2021 2650 2649 2087 2086 3699 4036 1462 4166 3108 4736 5077 4603 4678 2219 3556 3972 5611 4743 4134 1588 3208 2024 5488 2792 367 3769 3260 3991 1251 4949 2901 4129 2615 4375 5222 3292 3291 5024 3116 4977 301 1196 256 2761 3185 2110 5560 1837 1836 263 2932 2738 3215 2086 1125 2760 2714 2859 1721 4209 4721 1613 630 2036 3812 3746 2348 894 4622 4558 5311 866 4193 3979 2758 804 2602 5607 5610 984 1259 1268 1260 3426 3997 3191 3124 2386 4239 5610 5611 984 2458 2457 4494 1903 5334 3688 3867 2851 5211 
						1374 3525 1766 509 4344 507 2538 4260 3890 4755 4413 5529 2718 1547 1549 4552 1100 1099 2008 2007 1208 5608 4509 3140 2659 4607 2421 1792 1033 1035 1752 4380 2736 360 2163 358 995 994 3566 3279 3055 4494 3321 4434 4345 3451 934 4167 2442 5164 3209 2611 2612 3961 2636 2723 3209 2659 2421 2420 459 3695 555 5546 5375 18 3579 3967 3968 4905 4906 4750 5216 4038 854 2138 2692 3224 4183 592 4181 1259 4103 1268 2138 136 2692 4608 5509 4855 4860 1836 4267 3668 4248 2145 1970 374 1969 57 4928 665 787 2104 3403 5094 4762 5550 4702 1454 5029 2635 685 318 4011 1091 3100 750 4986 748 2750 5448 4498 3372 5367 3920 5183 4564 1402 1598 2971 1599 3273 404 403 104 1900 96 4348 1041 1043 2515 2514 1905 3553 1453 5375 4150 4337 684 5448 5607 2421 3234 448 1076 3021 5381 914 990 992 4883 3145 540 2699 17 16 177 2127 2126 1386 1489 3502 3418 2505 2632 2954 4208 5141 4721 3694 3309 3308 3606 1119 507 2831 1010 3986 4443 3593 3594 
						1415 4047 3944 451 1202 1038 4677 5066 4156 3122 3121 4230 5448 2421 4498 3747 4733 3748 3649 1731 4837 4607 4498 2421 989 504 506 2013 2015 2374 2692 2694 3224 4352 4353 5359 820 61 60 3458 5519 5164 2750 4498 2748 4203 2500 2501 165 4951 2418 3708 4144 4146 210 1306 211 4524 3203 4568 4296 3827 3897 4871 5080 4651 1247 1249 4966 4554 340 1457 5468 4638 578 2050 2049 3878 2420 2419 2451 4625 146 4969 4665 1705 3780 1559 3319 709 4884 4886 1064 1989 4062 1990 4198 4197 2640 4212 1322 2441 2732 5334 2 1989 2185 2184 154 156 4381 2981 2389 123 4751 1313 4545 5488 3823 5299 2142 371 5148 1496 4054 2100 1993 735 1436 1529 5138 1530 2473 1929 5451 5398 2967 5544 1121 1843 1842 2042 3250 2129 4507 4083 4332 3691 3697 3289 1707 5377 260 540 229 247 589 591 3384 5607 2419 2421 543 2922 544 5099 3531 2629 1823 1822 4716 2361 4415 633 3474 5012 617 1304 3963 4428 652 651 4127 525 4045 526 3333 2406 3653 3098 5346 2731 
						2989 2140 1055 4117 3188 498 3384 3862 4798 1341 2451 2419 536 538 2221 776 4610 2166 2513 2515 2860 2541 3313 1970 2451 1341 1340 1145 768 5004 1277 4752 4888 92 2694 1757 5469 2469 3030 1767 1985 1768 5101 5144 2289 2539 2538 3890 3043 1907 3563 294 2857 1004 2890 5600 2888 2419 5607 1341 5288 1698 1697 2455 2456 2002 5171 3041 534 
					</p>
				</polylist>
			</mesh>
		</geometry>
	</library_geometries>
	<library_visual_scenes>
		<visual_scene id="RootNode" name="RootNode">
			<node id="CINEMA_4D_Editor" name="CINEMA_4D_Editor">
				<matrix>-0.946651 -0.113713 0.301532 66.092224 -0.119264 0.992863 0.000000 55.300896 -0.299379 -0.035962 -0.953456 12.076238 0.000000 0.000000 0.000000 1.000000</matrix>
			</node>
			<node id="VelociraptorClawSTLSTEGE" name="VelociraptorClawSTLSTEGE">
				<matrix>0.931565 0.046840 0.360546 1.603065 -0.058650 0.998039 0.021878 35.384834 -0.358814 -0.041526 0.932485 1.365391 0.000000 0.000000 0.000000 1.000000</matrix>
				<instance_geometry url="#meshId0">
					<bind_material>
						<technique_common>
							<instance_material symbol="defaultMaterial" target="#DefaultMaterial_1001" />
						</technique_common>
					</bind_material>
				</instance_geometry>
			</node>
		</visual_scene>
	</library_visual_scenes>
	<scene>
		<instance_visual_scene url="#RootNode" />
	</scene>
</COLLADA>
